{
    "A": 51.55039,
    "B": 5.45756,
    "C": 5.43264,
    "Cv": "14.922",
    "G": -633.77252,
    "H": -633.740746,
    "P": 1.0,
    "S": 0.00010657051819567759,
    "T": 298.15,
    "U": -633.74169,
    "U0": -633.746238,
    "alpha": 39.29266666666666,
    "alpha_xx": 69.127,
    "alpha_xy": 0.003,
    "alpha_xz": 49.958,
    "alpha_yy": -0.224,
    "alpha_yz": 0.001,
    "alpha_zz": 48.975,
    "bo": [
        0,
        1,
        1,
        1,
        1,
        0,
        0,
        1,
        0,
        0,
        0,
        0,
        1,
        1,
        1,
        0,
        0,
        0,
        0,
        0,
        0,
        1,
        0,
        0,
        0,
        0,
        0,
        0,
        1,
        0,
        0,
        0,
        0,
        0,
        0,
        0,
        1,
        0,
        0,
        0,
        0,
        0,
        0,
        1,
        0,
        0,
        0,
        0,
        0
    ],
    "coords": [
        -0.831903,
        -0.030913,
        -0.015189,
        1.33105,
        0.338427,
        -0.628609,
        -0.984063,
        -0.637954,
        1.331448,
        -1.543139,
        1.271884,
        -0.039048,
        -1.445242,
        -0.934264,
        -1.020876,
        1.779828,
        -0.95178,
        -0.233558,
        1.693468,
        0.9446,
        0.605831
    ],
    "e ne": -1686.581759078,
    "e_disp": -0.0021168907000088666,
    "e_k": 631.8207964543,
    "e_nn": 89.7158433255,
    "eigs": [
        -77.08255723987888,
        -66.13824763176545,
        -6.547579765548602,
        -5.283639810806927,
        -4.709639831360338,
        -4.708699831393997,
        -4.70580983149748,
        -3.642409869575001,
        -3.6415798696047212,
        -3.641489869607944,
        -0.6459799768691771,
        -0.5256099811793061,
        -0.39663998579737825,
        -0.36374998697508154,
        -0.3482399875304533,
        -0.32578998833432804,
        -0.26742999042404414,
        0.006409999770474977,
        0.014269999489029314,
        0.015889999431021432,
        0.038289998628937096,
        0.04276999846852025,
        0.07418999734345375,
        0.1514599945766209,
        0.16880999395536359,
        0.17445999375305216,
        0.18739999328970525,
        0.19141999314575975,
        0.20483999266522526,
        0.237729991487522,
        0.24806999111727418,
        0.2674699904226118,
        0.32231998845857945,
        0.3296899881946794,
        0.3357099879791192,
        0.3516299874090664,
        0.3704599867348143,
        0.394219985884032,
        0.4422199841652799,
        0.44412998409688786,
        0.5257699811735769,
        0.5274299811141367,
        0.540619980641838,
        0.5767999793463285,
        0.6216999777385792,
        0.6571399764695672,
        0.7067899746917331,
        0.7496099731584629,
        0.792399971626267,
        0.8112999709495082,
        0.846909969674409,
        0.8500699695612578,
        0.8659299689933536,
        0.8989299678117114,
        0.9579299656990785,
        0.9700999652633033,
        0.9905699645303271,
        1.0038599640544477,
        1.072379961600929,
        1.0726899615898287,
        1.098949960649528,
        1.1226199598019684,
        1.1664499582325327,
        1.2168599564274851,
        1.2246299561492622,
        1.2767799542819096,
        1.3028399533487702,
        1.3240599525889387,
        1.3358799521656959,
        1.3464999517854221,
        1.3568299514155322,
        1.4023699497848663,
        1.4336799486637386,
        1.4457899482301118,
        1.5123099458482077,
        1.5298099452215792,
        1.5584199441971314,
        1.5649199439643837,
        1.609859942355202,
        1.6295599416497974,
        1.714719938600445,
        1.7380699377643434,
        1.7523899372515823,
        1.8625199333081206,
        1.8651099332153798,
        2.068279925940403,
        2.1493199230385764,
        2.308759917329455,
        2.30914991731549,
        2.380289914768156,
        2.4769899113055867,
        2.6463599052408986,
        2.6666299045150836,
        2.825979898809184,
        2.864029897446715,
        2.9857498930882462,
        3.14152988751018,
        3.1804898861151254,
        3.203409885294422,
        3.2080998851264857,
        3.2365698841070505,
        3.2987498818805503,
        3.345869880193309,
        3.3564298798151833,
        3.378319879031361,
        3.401809878190246,
        3.498229874737703,
        3.5276698736835352,
        3.5423898731564507,
        3.5522698728026745,
        3.5787698718537797,
        3.6016198710355822,
        3.6301098700154313,
        3.6486998693497728,
        3.6794098682501293,
        3.7032798673954086,
        3.7135398670280253,
        3.747969865795179,
        3.8581398618502845,
        3.8656098615828043,
        3.8996498603639216,
        3.928269859339116,
        3.955949858347969,
        4.002349856686509,
        4.027799855775212,
        4.035939855483741,
        4.0696798542756,
        4.142309851674915,
        4.16792985075753,
        4.181709850264104,
        4.203479849484579,
        4.239979848177612,
        4.266989847210455,
        4.628639834260732,
        4.634739834042307,
        4.7273198307272635,
        5.335799808939217,
        5.566149800690997
    ],
    "et": [
        -633.788213315
    ],
    "fc": [
        0.0174,
        1.1155,
        0.1358,
        0.1465,
        0.366,
        0.3976,
        0.5346,
        0.553,
        0.5618,
        0.7385,
        2.9722,
        3.0377,
        3.0722,
        3.4421,
        3.4876
    ],
    "gap": 0.2738399901945191,
    "homo": -0.26742999042404414,
    "id": "AZ7_98173",
    "ir": [
        0.7952,
        4.4652,
        20.1736,
        12.3768,
        22.7927,
        2.9437,
        276.0179,
        48.9675,
        40.194,
        14.8933,
        83.952,
        89.9457,
        95.317,
        36.7727,
        50.8621
    ],
    "lumo": 0.006409999770474977,
    "ma": [
        27.97693,
        30.97376,
        1.00783,
        1.00783,
        1.00783,
        1.00783,
        1.00783
    ],
    "mr": [
        1.0253,
        9.8796,
        1.0439,
        1.0496,
        1.1638,
        1.1061,
        1.0928,
        1.0371,
        1.0325,
        1.0387,
        1.0274,
        1.0421,
        1.0513,
        1.0352,
        1.0412
    ],
    "mu": 0.6259895286664147,
    "mu_x": -0.2172,
    "mu_xx=": -0.8478,
    "mu_xxx=": 0.887,
    "mu_xxy=": -0.0035,
    "mu_xxz=": 2.6955,
    "mu_xy=": -0.0049,
    "mu_xyy=": 2.82,
    "mu_xyz=": 0.0041,
    "mu_xz=": 1.4269,
    "mu_xzz=": 0.9417,
    "mu_y": -0.0008,
    "mu_yy=": 1.2261,
    "mu_yyy=": -0.0127,
    "mu_yyz=": 1.0822,
    "mu_yz=": 0.0027,
    "mu_yzz=": 0.0103,
    "mu_z": 0.5871,
    "mu_zz=": -0.3783,
    "mu_zzz=": -0.0373,
    "na": 7,
    "ne": 34,
    "ne_down": 17,
    "ne_up": 17,
    "ni": 2,
    "oemga": [
        169.6605,
        437.7677,
        469.8926,
        486.6644,
        730.6145,
        781.0695,
        911.2284,
        951.3654,
        961.0489,
        1098.4701,
        2215.8679,
        2224.2552,
        2227.1147,
        2375.6129,
        2384.3603
    ],
    "oemga0": 2384.3603,
    "qa": [
        0.157179,
        -0.115718,
        -0.031184,
        -0.031009,
        -0.03105,
        0.025931,
        0.025852
    ],
    "r2": 277.655,