{
    "A": 157.39301,
    "B": 13.08546,
    "C": 13.08546,
    "Cv": "7.760",
    "G": -500.0535,
    "H": -500.025856,
    "P": 1.0,
    "S": 9.271843032033986e-05,
    "T": 298.15,
    "U": -500.0268,
    "U0": -500.029829,
    "alpha": 17.321,
    "alpha_xx": 20.629,
    "alpha_xy": -0.205,
    "alpha_xz": 21.324,
    "alpha_yy": -0.805,
    "alpha_yz": 2.948,
    "alpha_zz": 32.139,
    "bo": [
        0,
        1,
        1,
        1,
        1,
        1,
        0,
        0,
        0,
        0,
        1,
        0,
        0,
        0,
        0,
        1,
        0,
        0,
        0,
        0,
        1,
        0,
        0,
        0,
        0
    ],
    "coords": [
        1.138822,
        1.1e-05,
        -4e-06,
        -0.662583,
        -3.2e-05,
        -5e-06,
        1.478356,
        0.021399,
        -1.030318,
        1.478389,
        -0.902952,
        0.496634,
        1.478351,
        0.881605,
        0.533665
    ],
    "e ne": -1288.300339665,
    "e_disp": -0.0010348086999982797,
    "e_k": 498.6115857667,
    "e_nn": 50.9897682237,
    "eigs": [
        -101.5438363639856,
        -10.229239633718167,
        -9.449559661636428,
        -7.212789741729205,
        -7.203539742060423,
        -7.203539742060423,
        -0.8467999696783479,
        -0.6790199756861027,
        -0.4514499838347782,
        -0.4514499838347782,
        -0.410169985312905,
        -0.29714998935985015,
        -0.29714998935985015,
        0.012469999553482521,
        0.05310999809827238,
        0.0970399965252561,
        0.0970399965252561,
        0.2236499919916893,
        0.24554999120750862,
        0.24555999120715055,
        0.31077998887179614,
        0.3642999869553875,
        0.36432998695431323,
        0.39185998596853727,
        0.39186998596817924,
        0.4409499842107552,
        0.4593899835504679,
        0.4593999835501098,
        0.48857998250525175,
        0.48858998250489377,
        0.5140999815914485,
        0.662339976283369,
        0.7539599730027009,
        0.7539699730023429,
        0.8508199695344024,
        0.923659966926196,
        0.9584399656808168,
        0.9584499656804588,
        1.0302599631091338,
        1.0722799616045096,
        1.0722899616041517,
        1.1249099597199697,
        1.2864699539349365,
        1.2864699539349365,
        1.3202499527253646,
        1.3202499527253646,
        1.5061099460702134,
        1.9001199319617648,
        1.9001199319617648,
        1.9217199311883262,
        1.9620299297449326,
        1.9620299297449326,
        1.9849699289235123,
        1.9849799289231542,
        2.0963099249367234,
        2.0990399248389693,
        2.158099922724188,
        2.204589921059505,
        2.204599921059147,
        2.235269919960936,
        2.235319919959146,
        2.2487799194771787,
        2.3503999158384374,
        2.3524299157657484,
        2.3524399157653906,
        2.654549904947636,
        2.698179903385362,
        2.698179903385362,
        2.784689900287669,
        2.9154398956058603,
        2.915449895605502,
        3.030909891471187,
        3.030909891471187,
        3.0866398894756446,
        3.0866398894756446,
        3.266839883023162,
        3.301299881789242,
        3.3825698788791794,
        3.3825798788788215,
        3.4613198760593518,
        3.594429871293037,
        3.5944398712926793,
        3.7713198649590773,
        3.77724986474674,
        3.77724986474674,
        3.8308198628285415,
        3.9692798578706574,
        3.9692798578706574,
        4.031979855625537,
        4.083059853796499,
        4.083059853796499,
        4.202139849532561,
        4.441479840962433,
        4.723789830853664,
        4.723789830853664,
        4.907899824261175,
        4.999319820987669,
        4.9993298209873105,
        5.056119818953812,
        5.180289814507616,
        5.180299814507257,
        5.2065298135680305,
        5.246199812147554,
        5.758829793791638,
        5.758829793791638,
        12.47995955312588
    ],
    "et": [
        -500.067373055
    ],
    "fc": [
        2.1871,
        0.7165,
        0.7168,
        1.2547,
        1.3652,
        1.3656,
        5.6869,
        6.5381,
        6.5382
    ],
    "gap": 0.3096199889133327,
    "homo": -0.29714998935985015,
    "id": "AZ7_48606",
    "ir": [
        26.6635,
        2.7111,
        2.711,
        12.6346,
        5.9184,
        5.9196,
        23.2508,
        5.7866,
        5.7832
    ],
    "lumo": 0.012469999553482521,
    "ma": [
        12.0,
        34.96885,
        1.00783,
        1.00783,
        1.00783
    ],
    "mr": [
        7.4046,
        1.165,
        1.165,
        1.1277,
        1.0573,
        1.0573,
        1.0261,
        1.1092,
        1.1092
    ],
    "mu": 1.9729696145658198,
    "mu_x": -0.1329,
    "mu_xx=": -0.5733,
    "mu_xxx=": 0.3567,
    "mu_xxy=": 0.7496,
    "mu_xxz=": 0.6296,
    "mu_xy=": -0.0289,
    "mu_xyy=": -0.5004,
    "mu_xyz=": 0.2284,
    "mu_xz=": -0.1136,
    "mu_xzz=": 0.1764,
    "mu_y": 0.4862,
    "mu_yy=": -0.4754,
    "mu_yyy=": -0.0329,
    "mu_yyz=": 0.6048,
    "mu_yz=": 0.4154,
    "mu_yzz=": -0.8363,
    "mu_z": 1.9075,
    "mu_zz=": 1.0487,
    "mu_zzz=": -1.704,
    "na": 5,
    "ne": 26,
    "ne_down": 13,
    "ne_up": 13,
    "ni": 2,
    "oemga": [
        708.0478,
        1021.6553,
        1021.9115,
        1374.177,
        1480.3833,
        1480.6128,
        3067.0705,
        3163.018,
        3163.0315
    ],
    "oemga0": 3163.0315,
    "qa": [
        -0.200357,
        -0.169036,
        0.12313,
        0.123125,
        0.123138
    ],
    "r2": 132.3792,
    "rn": [
        -0.04,
        0.15,
        0.6,
        0.02,
        -0.06,
        -0.24,
        0.03,
        0.12,
        0.41,
        -0.04,
        0.05,
        0.42,
        -0.07,
        0.14,
        0.4,
        -0.08,
        -0.08,
        0.01,
        0.02,
        0.02,
        0.0,
        0.12,
        -0.01,
        -0.67,
        0.11,
        0.23,
        0.62,
        0.18,
        0.19,
        -0.02,
        -0.08,
        0.08,
        -0.02,
        0.02,
        -0.01,
        0.0,
        0.15,
        -0.29,
        -0.3,
        0.23,
        -0.21,
        -0.33,
        0.04,
        0.1,
        0.76,
        -0.01,
        0.03,
        0.1,
        0.0,
        0.0,
        0.01,
        0.22,
        -0.08,
        -0.53,
        -0.01,
        -0.31,
        -0.48,
        -0.1,
        -0.01,
        -0.57,
        0.03,
        -0.06,
        0.02,
        0.0,
        0.0,
        0.0,
        -0.17,
        0.66,
        -0.25,
        -0.49,
        -0.05,
        -0.26,
        0.24,
        0.15,
        0.28,
        0.06,
        0.03,
        0.0,
        0.0,
        0.0,
        0.0,
        0.2,
        -0.17,
        -0.26,
        -0.53,
        0.26,
        0.11,
        -0.46,
        -0.5,
        0.2,
        0.0,
        -0.01,
        -0.04,
        0.0,
        0.0,
        0.0,
        0.52,
        0.2,
        0.16,
        -0.14,
        -0.48,
        0.28,
        -0.41,
        0.41,
        0.04,
        0.09,
        0.02,
        0.0,
        0.0,
        0.0,
        0.0,
        -0.73,
        -0.28,
        -0.23,
        -0.07,
        -0.3,
        0.18,
        -0.31,
        0.33,
        0.03,
        -0.02,
        0.09,
        -0.02,
        0.0,
        0.0,
        0.0,
        -0.06,
        0.0,
        -0.02,
        -0.19,
        -0.61,
        0.36,
        0.48,
        -0.47,
        -0.05
    ],
    "smi": "CCl",
    "symbols": [
        "C",
        "Cl",
        "H",
        "H",
        "H"
    ],
    "zpe": 0.037544,
    "zs": [
        6,
        17,
        1,
        1,
        1
    ]
}