{
    "A": 145.93739,
    "B": 6.78066,
    "C": 6.7795,
    "Cv": "9.673",
    "G": -797.534604,
    "H": -797.505282,
    "P": 1.0,
    "S": 9.834646989763274e-05,
    "T": 298.15,
    "U": -797.506226,
    "U0": -797.509685,
    "alpha": 27.50866666666667,
    "alpha_xx": 51.35,
    "alpha_xy": -0.002,
    "alpha_xz": 29.784,
    "alpha_yy": 1.411,
    "alpha_yz": 0.0,
    "alpha_zz": 29.765,
    "bo": [
        0,
        1,
        1,
        0,
        1,
        0,
        0,
        0,
        1,
        0,
        0,
        1,
        0,
        0,
        1,
        0
    ],
    "coords": [
        1.087941,
        -0.207016,
        0.386973,
        0.925079,
        -0.565008,
        -0.904481,
        3.173794,
        -0.145004,
        0.422716,
        3.336586,
        1.152328,
        0.086592
    ],
    "e ne": -2063.53797393,
    "e_disp": -0.0008039515999911373,
    "e_k": 795.2818666268,
    "e_nn": 84.024191085,
    "eigs": [
        -88.91806681608078,
        -88.91806681608078,
        -7.9681197146828495,
        -7.9680597146849985,
        -5.933379787541468,
        -5.933169787548987,
        -5.929179787691859,
        -5.929139787693291,
        -5.92263978792604,
        -5.92263978792604,
        -0.8014799713011362,
        -0.6719499759392605,
        -0.45228998380470004,
        -0.4069299854289208,
        -0.3565699872321782,
        -0.26590999047847125,
        -0.2651499905056849,
        -0.04805999827909943,
        0.005349999808430751,
        0.018699999330402818,
        0.16828999397398342,
        0.20361999270891024,
        0.2157599922742092,
        0.23514999157990493,
        0.2653999904967331,
        0.26623999046665486,
        0.2786399900226439,
        0.3006799892334502,
        0.30203998918475217,
        0.30807998896847594,
        0.3716899866907713,
        0.3855399861948397,
        0.4398599842497852,
        0.44411998409724596,
        0.5732499794734447,
        0.5749499794125722,
        0.5862999790061589,
        0.6666299761297555,
        0.682659975555764,
        0.8245299704757773,
        0.8309199702469684,
        0.8539599694219674,
        0.8903799681178641,
        0.9175499671449787,
        1.1868199575031375,
        1.2065999567948684,
        1.4220899490787455,
        1.4324799487067073,
        1.4603599477083988,
        1.4787699470491855,
        1.527149945316827,
        1.5379199449311818,
        1.5383399449161428,
        1.5683699438408485,
        1.5800399434229768,
        1.594609942901264,
        1.597869942784532,
        1.6257499417862236,
        1.6711499401605703,
        1.6878999395607974,
        1.785289936073521,
        1.8057299353416192,
        1.8154299349942882,
        1.856179933535139,
        1.8627499332998847,
        1.8820499326088032,
        1.9412099304904413,
        1.941659930474328,
        1.9846599289346125,
        1.9890399287777762,
        2.197699921306218,
        2.2713399186693652,
        2.2808299183295535,
        2.4037899139266834,
        2.416989913454027,
        2.611979906471954,
        2.6123799064576314,
        3.156899886959821,
        3.266499883035337,
        3.3014398817842285,
        3.3031598817226397,
        3.344749880233413,
        3.5919098713832716,
        3.5959198712396843,
        3.6283198700795265,
        3.6289198700580423,
        3.7864498644173126,
        3.9262998594096565,
        3.974449857685533,
        3.9825798573944193,
        4.006159856550083,
        4.0318298556309085,
        4.266729847219765,
        4.322949845206677,
        5.342109808713272,
        5.463799804355877
    ],
    "et": [
        -797.527796877
    ],
    "fc": [
        0.1114,
        3.9309,
        0.4798,
        0.4966,
        4.2222,
        4.2302
    ],
    "gap": 0.21708999222658545,
    "homo": -0.2651499905056849,
    "id": "AZ7_98201",
    "ir": [
        13.2706,
        0.0399,
        0.0332,
        5.04,
        2.2072,
        5.503
    ],
    "lumo": -0.04805999827909943,
    "ma": [
        31.97207,
        1.00783,
        31.97207,
        1.00783
    ],
    "mr": [
        1.0522,
        27.0041,
        1.0354,
        1.068,
        1.0394,
        1.0394
    ],
    "mu": 1.1978012063777528,
    "mu_x": 0.0,
    "mu_xx=": 0.914,
    "mu_xxx=": 0.0001,
    "mu_xxy=": 3.3557,
    "mu_xxz=": 0.0047,
    "mu_xy=": -0.0027,
    "mu_xyy=": -0.0096,
    "mu_xyz=": 3.4685,
    "mu_xz=": 1.9847,
    "mu_xzz=": 0.0095,
    "mu_y": 1.1978,
    "mu_yy=": -0.4337,
    "mu_yyy=": 1.608,
    "mu_yyz=": -0.0005,
    "mu_yz=": 0.0,
    "mu_yzz=": 0.9884,
    "mu_z": 0.0017,
    "mu_zz=": -0.4803,
    "mu_zzz=": 0.0041,
    "na": 4,
    "ne": 34,
    "ne_down": 17,
    "ne_up": 17,
    "ni": 2,
    "oemga": [
        423.9591,
        497.0602,
        886.8335,
        888.3978,
        2625.7621,
        2628.264
    ],
    "oemga0": 2628.264,
    "qa": [
        -0.106981,
        0.106978,
        -0.106976,
        0.106979
    ],
    "r2": 207.2551,
    "rn": [
        -0.01,
        -0.02,
        0.02,
        0.0,
        0.5,
        -0.5,
        0.01,
        -0.02,
        -0.02,
        0.0,
        0.5,
        0.5,
        0.65,
        -0.01,
        -0.03,
        0.1,
        0.22,
        -0.15,
        -0.65,
        -0.01,
        0.03,
        -0.1,
        0.22,
        0.15,
        0.0,
        0.0,
        0.02,
        0.7,
        -0.08,
        -0.06,
        0.0,
        0.0,
        -0.02,
        -0.7,
        -0.08,
        0.06,
        -0.02,
        0.02,
        0.0,
        0.69,
        -0.05,
        -0.1,
        -0.02,
        -0.02,
        0.0,
        0.7,
        0.05,
        -0.1,
        0.0,
        0.02,
        0.02,
        -0.12,
        -0.49,
        -0.49,
        0.0,
        0.02,
        -0.02,
        0.12,
        -0.5,
        0.49,
        0.0,
        -0.02,
        -0.02,
        0.12,
        0.5,
        0.5,
        0.0,
        0.02,
        -0.02,
        0.12,
        -0.49,
        0.49
    ],
    "smi": "SS",
    "symbols": [
        "S",
        "H",
        "S",
        "H"
    ],
    "zpe": 0.018112,
    "zs": [
        16,
        1,
        16,
        1
    ]
}