{
    "A": 68.58519,
    "B": 12.5724,
    "C": 12.1566,
    "Cv": "13.388",
    "G": -347.207336,
    "H": -347.177405,
    "P": 1.0,
    "S": 0.00010038906590634377,
    "T": 298.15,
    "U": -347.178349,
    "U0": -347.182567,
    "alpha": 23.544999999999998,
    "alpha_xx": 37.531,
    "alpha_xy": 0.0,
    "alpha_xz": 35.011,
    "alpha_yy": -0.58,
    "alpha_yz": 0.0,
    "alpha_zz": 33.684,
    "bo": [
        0,
        1,
        0,
        0,
        0,
        1,
        1,
        1,
        0,
        1,
        1,
        1,
        0,
        0,
        0,
        1,
        0,
        0,
        0,
        0,
        0,
        0,
        1,
        0,
        0,
        0,
        0,
        0,
        0,
        1,
        0,
        0,
        0,
        0,
        0,
        1,
        0,
        0,
        0,
        0,
        0,
        0,
        1,
        0,
        0,
        0,
        0,
        0,
        0
    ],
    "coords": [
        0.958142,
        -0.097661,
        -0.147033,
        0.36741,
        0.65236,
        -1.593047,
        0.767177,
        0.008715,
        -2.879411,
        -1.115728,
        0.642139,
        -1.53633,
        0.874547,
        2.047014,
        -1.620769,
        0.591211,
        -0.995774,
        0.128063,
        1.94124,
        -0.042992,
        0.070826
    ],
    "e ne": -952.9435147189,
    "e_disp": -0.0018224323000026743,
    "e_k": 345.9753830005,
    "e_nn": 64.586158882,
    "eigs": [
        -66.13048763204331,
        -14.292699488216488,
        -5.274629811129551,
        -3.6333798698983415,
        -3.6330198699112324,
        -3.6325698699273454,
        -0.8456699697188103,
        -0.5361899808004645,
        -0.48847998250883257,
        -0.3983999857343573,
        -0.34665998758702893,
        -0.3380199878964043,
        -0.25833999074953284,
        0.011329999594302883,
        0.06158999779462617,
        0.07678999725035467,
        0.08044999711929982,
        0.08520999694885688,
        0.09508999659508041,
        0.19726999293628683,
        0.20336999271786205,
        0.21345999235656607,
        0.2358899915534075,
        0.25690999080073734,
        0.2826699898783403,
        0.30629998903221295,
        0.3328299880822444,
        0.3645199869475099,
        0.3963499858077624,
        0.4385499842966928,
        0.49190998238601336,
        0.4980599821657982,
        0.529439981042164,
        0.6066899782760472,
        0.6173399778946992,
        0.6471999768254921,
        0.6643399762117544,
        0.6831499755382184,
        0.7106899745520844,
        0.7428999733987302,
        0.8410999698824497,
        0.8775599685769142,
        0.8921499680544851,
        0.8934499680079355,
        0.9592699656510967,
        0.9919499644809131,
        0.998639964241362,
        1.016489963602201,
        1.0201099634725785,
        1.066079961826515,
        1.137529959268081,
        1.1561199586024227,
        1.2428399554972105,
        1.2517599551778091,
        1.25902995491749,
        1.3246599525674543,
        1.3531999515455129,
        1.3656399511000696,
        1.382909950481677,
        1.4002999498589876,
        1.4487999481223315,
        1.5587999441835245,
        1.5677899438616167,
        1.573979943639969,
        1.612579942257806,
        1.667389940295206,
        1.7491499373675983,
        1.7618099369142772,
        1.7754699364251492,
        2.317989916998953,
        2.3367799163261336,
        2.435269912799469,
        2.4609499118799367,
        2.531029909370558,
        2.712979902855414,
        2.81053989936205,
        2.905439895963934,
        3.0258998916505817,
        3.1001398889922456,
        3.155599887006371,
        3.174919886314573,
        3.1890998858068245,
        3.2169098848110225,
        3.2592098832963723,
        3.278839882593475,
        3.3127698813785313,
        3.349589880060105,
        3.3899798786138473,
        3.45414987631609,
        3.457069876211533,
        3.493969874890242,
        3.528429873656322,
        3.541259873196913,
        3.572949872062179,
        3.608109870803193,
        3.6373098697576185,
        3.660989868909701,
        3.6949698676929676,
        3.7361998662166314,
        3.750129865717835,
        3.846669862260995,
        3.8792498610943915,
        3.892419860622809,
        3.903749860217112,
        3.913169859879807,
        3.9739098577048693,
        3.998889856810402,
        4.012259856331658,
        4.111119852791744,
        4.16278985094158,
        4.167509850772569,
        4.170279850673382,
        4.204999849430152,
        4.237009848283959,
        4.245719847972078,
        4.257189847561367,
        4.388399842863087,
        4.411619842031641,
        4.61149983487447,
        4.64232983377053,
        4.650509833477626,
        4.77971982885096,
        4.790649828459586,
        5.0445698193673865,
        5.273409811173236,
        5.531179801943178,
        5.621399798712641,
        5.663269797213388,
        5.718789795225365,
        5.73230979474125,
        5.946329787077763,
        6.020579784419069,
        6.798199756574568,
        11.91676957329221
    ],
    "et": [
        -347.232793562
    ],
    "fc": [
        0.0191,
        0.1236,
        0.2482,
        0.3558,
        1.7593,
        0.6463,
        0.557,
        0.6004,
        0.6448,
        1.6447,
        2.8988,
        3.0734,
        2.9957,
        7.8377,
        8.5814
    ],
    "gap": 0.2696699903438357,
    "homo": -0.25833999074953284,
    "id": "AZ7_97903",
    "ir": [
        11.6981,
        178.5625,
        27.213,
        56.621,
        38.79,
        58.9479,
        91.1223,
        55.1728,
        206.8385,
        33.5779,
        186.2634,
        146.27,
        74.233,
        16.7441,
        19.7846
    ],
    "lumo": 0.011329999594302883,
    "ma": [
        14.00307,
        27.97693,
        1.00783,
        1.00783,
        1.00783,
        1.00783,
        1.00783
    ],
    "mr": [
        1.0181,
        1.2155,
        1.0446,
        1.205,
        4.2638,
        1.2762,
        1.0838,
        1.0387,
        1.0976,
        1.1052,
        1.0442,
        1.0514,
        1.0246,
        1.0493,
        1.0947
    ],
    "mu": 1.3231953181597946,
    "mu_x": 1.1084,
    "mu_xx=": 1.3323,
    "mu_xxx=": 11.0859,
    "mu_xxy=": -0.0001,
    "mu_xxz=": 2.0835,
    "mu_xy=": -0.0001,
    "mu_xyy=": 6.5663,
    "mu_xyz=": 0.0,
    "mu_xz=": 1.8662,
    "mu_xzz=": 2.2873,
    "mu_y": 0.0,
    "mu_yy=": 0.9287,
    "mu_yyy=": -0.0001,
    "mu_yyz=": 1.6667,
    "mu_yz=": 0.0,
    "mu_yzz=": 0.0002,
    "mu_z": 0.7227,
    "mu_zz=": -2.2609,
    "mu_zzz=": -1.0212,
    "na": 7,
    "ne": 26,
    "ne_down": 13,
    "ne_up": 13,
    "ni": 2,
    "oemga": [
        178.3842,
        415.4807,
        634.9866,
        707.9753,
        836.8326,
        927.0916,
        933.9924,
        990.4745,
        998.5606,
        1589.2475,
        2170.7275,
        2227.3876,
        2227.6352,
        3560.5995,
        3647.6154
    ],
    "oemga0": 3647.6154,
    "qa": [
        -0.359811,
        0.267068,
        -0.082349,
        -0.050655,
        -0.050657,
        0.138201,
        0.138203
    ],
    "r2": 157.1494,