{
    "A": 156.72597,
    "B": 9.40825,
    "C": 9.40824,
    "Cv": "8.169",
    "G": -2613.977914,
    "H": -2613.948954,
    "P": 1.0,
    "S": 9.713231594867467e-05,
    "T": 298.15,
    "U": -2613.949898,
    "U0": -2613.953005,
    "alpha": 22.357,
    "alpha_xx": 41.846,
    "alpha_xy": 0.001,
    "alpha_xz": 25.224,
    "alpha_yy": 0.0,
    "alpha_yz": 0.0,
    "alpha_zz": 25.225,
    "bo": [
        0,
        1,
        1,
        1,
        1,
        1,
        0,
        0,
        0,
        0,
        1,
        0,
        0,
        0,
        0,
        1,
        0,
        0,
        0,
        0,
        1,
        0,
        0,
        0,
        0
    ],
    "coords": [
        1.530213,
        -1.9e-05,
        3.1e-05,
        -0.430446,
        2.5e-05,
        -4e-05,
        1.858684,
        0.918401,
        -0.472227,
        1.858698,
        -0.868227,
        -0.559196,
        1.858683,
        -0.050204,
        1.031537
    ],
    "e ne": -6421.710798092,
    "e_disp": -0.0012018250999972224,
    "e_k": 2610.244906787,
    "e_nn": 88.4808583112,
    "eigs": [
        -482.85035271041454,
        -62.498617762090916,
        -56.31479798351703,
        -56.311107983649165,
        -56.311107983649165,
        -10.22625963382487,
        -8.68724968893272,
        -6.516309766668298,
        -6.504529767090108,
        -6.504529767090108,
        -2.631509905772637,
        -2.6281599058925913,
        -2.6281599058925913,
        -2.618739906229897,
        -2.618739906229897,
        -0.8040399712094696,
        -0.6743899758518906,
        -0.44765998397048795,
        -0.447649983970846,
        -0.3849299862166821,
        -0.2791599900040241,
        -0.2791599900040241,
        -0.013529999515526744,
        0.049509998227178796,
        0.0959499965642861,
        0.0959499965642861,
        0.22561999192114884,
        0.23729999150291917,
        0.23730999150256107,
        0.24404999126121965,
        0.27711999007707105,
        0.27714999007599683,
        0.34644998759454837,
        0.34648998759311617,
        0.3903799860215322,
        0.41681998507478624,
        0.41683998507407005,
        0.44981998389314415,
        0.44982998389278606,
        0.45681998364249277,
        0.5931499787608785,
        0.7119299745076832,
        0.7119399745073253,
        0.7594499728061186,
        0.847859969640392,
        0.942599966248005,
        0.942599966248005,
        0.9992899642180872,
        1.026859963230879,
        1.026869963230521,
        1.1081599603197425,
        1.229429955977387,
        1.229429955977387,
        1.282529954076017,
        1.282529954076017,
        1.4850899468228833,
        1.496159946426496,
        1.5218699455058895,
        1.5510399444613894,
        1.5510499444610317,
        1.5597099441509399,
        1.6374399413676357,
        1.6374599413669195,
        1.7306899380286016,
        1.7307299380271692,
        1.7790999362951685,
        1.78927993593065,
        1.7892899359302918,
        1.8949899321454562,
        1.8950099321447404,
        2.0432399268370185,
        2.1912999215353848,
        2.1913199215346686,
        2.288169918066728,
        2.637789905547767,
        2.647799905189336,
        2.647799905189336,
        2.7495199015470133,
        2.7856099002547268,
        2.8627898974911163,
        2.8627998974907585,
        2.9551498941839514,
        2.9551498941839514,
        3.046919890897912,
        3.0469298908975535,
        3.1918498857083546,
        3.260639883245168,
        3.378519879024199,
        3.3785398790234833,
        3.4501498764593195,
        3.4899898750327556,
        3.4899998750323973,
        3.6998898675167955,
        3.79172986422825,
        3.7917398642278917,
        3.867499861515128,
        3.932609859183712,
        3.9326198591833545,
        4.021789855990415,
        4.03795985541141,
        4.037969855411051,
        4.196879849720908,
        4.4850898394008745,
        4.714549831184525,
        4.714569831183808,
        4.903039824435199,
        4.992069821247272,
        4.9920798212469135,
        5.171939814806607,
        5.171969814805532,
        5.213569813315947,
        5.246479812137528,
        5.756009793892616,
        5.7560297938919,
        12.448079554267416
    ],
    "et": [
        -2613.98996539
    ],
    "fc": [
        1.2086,
        0.6159,
        0.6164,
        1.1734,
        1.3582,
        1.3587,
        5.7234,
        6.6242,
        6.6258
    ],
    "gap": 0.26562999048849734,
    "homo": -0.2791599900040241,
    "id": "AZ7_14125",
    "ir": [
        12.1749,
        4.6541,
        4.6533,
        21.179,
        5.7313,
        5.7202,
        16.6243,
        2.2914,
        2.3127
    ],
    "lumo": -0.013529999515526744,
    "ma": [
        12.0,
        78.91834,
        1.00783,
        1.00783,
        1.00783
    ],
    "mr": [
        5.9373,
        1.1375,
        1.1375,
        1.1321,
        1.0615,
        1.0615,
        1.0251,
        1.1098,
        1.1098
    ],
    "mu": 1.9329000025867868,
    "mu_x": -1.9329,
    "mu_xx=": 2.4604,
    "mu_xxx=": 11.0003,
    "mu_xxy=": 0.0001,
    "mu_xxz=": 0.0002,
    "mu_xy=": 0.0001,
    "mu_xyy=": 2.3382,
    "mu_xyz=": 0.0,
    "mu_xz=": 0.0,
    "mu_xzz=": 2.3384,
    "mu_y": 0.0001,
    "mu_yy=": -1.2301,
    "mu_yyy=": 0.808,
    "mu_yyz=": -0.119,
    "mu_yz=": 0.0,
    "mu_yzz=": -0.8075,
    "mu_z": 0.0,
    "mu_zz=": -1.2303,
    "mu_zzz=": 0.119,
    "na": 5,
    "ne": 44,
    "ne_down": 22,
    "ne_up": 22,
    "ni": 2,
    "oemga": [
        587.798,
        958.6211,
        959.0479,
        1326.3239,
        1473.6306,
        1473.9638,
        3078.3763,
        3182.8692,
        3183.2046
    ],
    "oemga0": 3183.2046,
    "qa": [
        -0.255417,
        -0.125963,
        0.127126,
        0.127127,
        0.127126
    ],
    "r2": 176.9254,
    "rn": [
        0.6,
        0.0,
        0.0,
        -0.11,
        0.0,
        0.0,
        0.45,
        0.02,
        0.04,
        0.45,
        -0.04,
        0.0,
        0.45,
        0.02,
        -0.04,
        0.0,
        -0.07,
        0.08,
        0.0,
        0.01,
        -0.01,
        0.17,
        0.19,
        -0.15,
        0.56,
        0.09,
        -0.17,
        -0.73,
        0.12,
        -0.08,
        0.0,
        0.08,
        0.07,
        0.0,
        -0.01,
        -0.01,
        0.74,
        -0.11,
        -0.08,
        -0.52,
        -0.1,
        -0.18,
        -0.22,
        -0.19,
        -0.14,
        0.11,
        0.0,
        0.0,
        0.0,
        0.0,
        0.0,
        -0.54,
        0.1,
        0.15,
        -0.54,
        -0.18,
        0.01,
        -0.54,
        0.08,
        -0.16,
        0.0,
        0.07,
        0.02,
        0.0,
        0.0,
        0.0,
        -0.24,
        -0.31,
        0.33,
        0.27,
        0.11,
        -0.3,
        -0.03,
        -0.65,
        -0.35,
        0.0,
        -0.02,
        0.07,
        0.0,
        0.0,
        0.0,
        -0.18,
        0.55,
        -0.26,
        -0.12,
        -0.09,
        -0.68,
        0.29,
        -0.14,
        0.08,
        0.04,
        0.0,
        0.0,
        0.0,
        0.0,
        0.0,
        -0.16,
        -0.3,
        -0.47,
        -0.16,
        0.55,
        -0.03,
        -0.16,
        -0.25,
        0.49,
        0.0,
        0.03,
        0.09,
        0.0,
        0.0,
        0.0,
        -0.22,
        -0.41,
        -0.63,
        0.06,
        -0.21,
        0.03,
        0.16,
        0.26,
        -0.48,
        0.0,
        0.09,
        -0.03,
        0.0,
        0.0,
        0.0,
        -0.06,
        -0.09,
        -0.17,
        0.22,
        -0.75,
        0.03,
        -0.17,
        -0.24,
        0.5
    ],
    "smi": "CBr",
    "symbols": [
        "C",
        "Br",
        "H",
        "H",
        "H"
    ],
    "zpe": 0.036961,