{
    "A": 229.65593,
    "B": 15.60611,
    "C": 14.61309,
    "Cv": "7.694",
    "G": -486.229324,
    "H": -486.202721,
    "P": 1.0,
    "S": 8.922689921188262e-05,
    "T": 298.15,
    "U": -486.203665,
    "U0": -486.206684,
    "alpha": 18.361,
    "alpha_xx": 19.57,
    "alpha_xy": 0.0,
    "alpha_xz": 23.777,
    "alpha_yy": 0.0,
    "alpha_yz": 0.0,
    "alpha_zz": 35.513,
    "bo": [
        0,
        1,
        1,
        1,
        1,
        0,
        0,
        0,
        1,
        0,
        0,
        0,
        1,
        0,
        0,
        0
    ],
    "coords": [
        0.974821,
        -0.036,
        0.0818,
        0.417506,
        -0.831843,
        -0.595243,
        0.417506,
        0.759843,
        0.758843,
        2.720667,
        -0.036,
        0.0818
    ],
    "e ne": -1228.858732474,
    "e_disp": -0.001012858300001085,
    "e_k": 484.8415209945,
    "e_nn": 37.59990928,
    "eigs": [
        -101.56618636318532,
        -9.473289660786723,
        -7.233159740999809,
        -7.230429741097563,
        -7.227279741210357,
        -6.8056297563085195,
        -0.8475399696518504,
        -0.5224399812928154,
        -0.40844998537449356,
        -0.40126998563159033,
        -0.35846998716414424,
        -0.3067599890157416,
        -0.07243999740611659,
        0.06595999763814812,
        0.1003799964056596,
        0.144489994826198,
        0.16469999410253178,
        0.16952999392958232,
        0.17144999386083223,
        0.18520999336812333,
        0.290759989588659,
        0.2927099895188347,
        0.31752998863009657,
        0.34927998749321365,
        0.39082998600541885,
        0.3939099858951322,
        0.43764998432891933,
        0.4998399821020612,
        0.5009999820605247,
        0.6180899778678437,
        0.6332299773257205,
        0.6358399772322634,
        0.6807899756227237,
        0.7371999736028318,
        0.7450299733224603,
        0.9132499672989504,
        0.946419966111221,
        1.001209964149337,
        1.0196899634876175,
        1.1806899577226364,
        1.2703699545114346,
        1.2772499542650801,
        1.3282299524396222,
        1.4053599496778022,
        1.457179947822266,
        1.5918999429983018,
        1.626109941773333,
        1.687829939563304,
        1.7436399375648965,
        1.7861999360409364,
        1.8364699342409017,
        1.8801199326779114,
        1.9202099312423955,
        1.9370599306390417,
        1.9412199304900832,
        1.9437599303991326,
        1.9617899297535262,
        2.0338899271718174,
        2.036829927066544,
        2.086449925289784,
        2.1304899237128287,
        2.21831992056787,
        2.247399919526593,
        2.2714899186639945,
        2.31459991712034,
        2.326489916694591,
        2.33966991622265,
        2.473349911435925,
        2.603319906782046,
        2.6267499059430803,
        2.9242698952896817,
        3.047469890878218,
        3.0764098898419534,
        3.287519882282667,
        3.3632198795720516,
        3.5608598724950893,
        3.58556987161029,
        3.6769798683371415,
        3.8719398613561435,
        3.8924598606213765,
        3.925949859422189,
        4.100929853156622,
        4.237069848281811,
        4.318809845354919,
        4.343129844484086,
        4.413409841967545,
        4.545279837245632,
        4.624829834397159,
        4.7963298282562,
        5.216029813227861,
        5.2374098124623,
        8.52577969471453
    ],
    "et": [
        -486.227782347
    ],
    "fc": [
        2.0988,
        0.5356,
        0.7668,
        1.0127,
        4.214,
        4.9878
    ],
    "gap": 0.234319991609625,
    "homo": -0.3067599890157416,
    "id": "AZ7_03799",
    "ir": [
        80.5589,
        9.4188,
        34.953,
        80.2026,
        94.057,
        97.8693
    ],
    "lumo": -0.07243999740611659,
    "ma": [
        11.00931,
        1.00783,
        1.00783,
        34.96885
    ],
    "mr": [
        5.3853,
        1.1941,
        1.2968,
        1.141,
        1.0433,
        1.1375
    ],
    "mu": 0.5907,
    "mu_x": 0.0,
    "mu_xx=": 0.7151,
    "mu_xxx=": 0.0,
    "mu_xxy=": 0.0,
    "mu_xxz=": 1.7952,
    "mu_xy=": 0.0,
    "mu_xyy=": 0.0,
    "mu_xyz=": 0.0,
    "mu_xz=": 0.0,
    "mu_xzz=": 0.0,
    "mu_y": 0.0,
    "mu_yy=": -0.9247,
    "mu_yyy=": 0.0,
    "mu_yyz=": 3.1729,
    "mu_yz=": 0.0,
    "mu_yzz=": 0.0,
    "mu_z": -0.5907,
    "mu_zz=": 0.2097,
    "mu_zzz=": 11.4951,
    "na": 4,
    "ne": 24,
    "ne_down": 12,
    "ne_up": 12,
    "ni": 2,
    "oemga": [
        813.3069,
        872.4962,
        1001.7883,
        1227.3493,
        2618.2359,
        2728.0659
    ],
    "oemga0": 2728.0659,
    "qa": [
        0.018314,
        0.035745,
        0.035745,
        -0.089803
    ],
    "r2": 117.662,
    "rn": [
        0.0,
        0.0,
        0.54,
        0.0,
        0.01,
        0.58,
        0.0,
        -0.01,
        0.58,
        0.0,
        0.0,
        -0.2,
        0.0,
        0.13,
        0.0,
        0.0,
        -0.22,
        -0.66,
        0.0,
        -0.22,
        0.66,
        0.0,
        -0.03,
        0.0,
        0.17,
        0.0,
        0.0,
        -0.7,
        0.0,
        0.0,
        -0.7,
        0.0,
        0.0,
        -0.01,
        0.0,
        0.0,
        0.0,
        0.0,
        -0.12,
        0.0,
        0.37,
        0.6,
        0.0,
        -0.37,
        0.6,
        0.0,
        0.0,
        0.0,
        0.0,
        0.0,
        0.06,
        0.0,
        0.63,
        -0.32,
        0.0,
        -0.63,
        -0.32,
        0.0,
        0.0,
        0.0,
        0.0,
        0.11,
        0.0,
        0.0,
        -0.62,
        0.33,
        0.0,
        -0.62,
        -0.33,
        0.0,
        0.0,
        0.0
    ],
    "smi": "BCl",
    "symbols": [
        "B",
        "H",
        "H",
        "Cl"
    ],
    "zpe": 0.021099,
    "zs": [
        5,
        1,
        1,
        17
    ]
}