{
    "A": 146.55183,
    "B": 14.03425,
    "C": 13.76225,
    "Cv": "9.532",
    "G": -454.679452,
    "H": -454.651352,
    "P": 1.0,
    "S": 9.424786181469646e-05,
    "T": 298.15,
    "U": -454.652296,
    "U0": -454.655677,
    "alpha": 18.573666666666668,
    "alpha_xx": 33.84,
    "alpha_xy": 1.69,
    "alpha_xz": 25.224,
    "alpha_yy": -0.001,
    "alpha_yz": -0.001,
    "alpha_zz": 21.882,
    "bo": [
        0,
        1,
        1,
        1,
        0,
        1,
        0,
        0,
        0,
        1,
        1,
        0,
        0,
        0,
        0,
        1,
        0,
        0,
        0,
        0,
        0,
        1,
        0,
        0,
        0
    ],
    "coords": [
        1.205249,
        0.006182,
        -0.180454,
        0.819954,
        -0.227501,
        -1.854649,
        0.563348,
        -0.524736,
        0.393001,
        2.148858,
        -0.310747,
        -0.001806,
        0.571391,
        1.065301,
        -2.153292
    ],
    "e ne": -1193.570874481,
    "e_disp": -0.0006155772999960618,
    "e_k": 453.2477049032,
    "e_nn": 57.4689061031,
    "eigs": [
        -88.90238681664223,
        -14.330779486852945,
        -7.952119715255766,
        -5.917689788103286,
        -5.9131497882658515,
        -5.906479788504686,
        -0.8952799679424082,
        -0.6891499753233745,
        -0.5009899820608827,
        -0.441799984180319,
        -0.39287998593201384,
        -0.264719990521082,
        -0.2458399911971245,
        -0.003699999867512857,
        0.03606999870842939,
        0.06737999758730169,
        0.09564999657502832,
        0.22017999211594075,
        0.2817099899127154,
        0.2925499895245638,
        0.2988799892979034,
        0.3114499888478052,
        0.33487998800883934,
        0.35993998711150743,
        0.384679986225634,
        0.43173998454054074,
        0.473009983062772,
        0.49319998233982193,
        0.5281899810869233,
        0.541169980622144,
        0.5787399792768624,
        0.7208999741864914,
        0.7422799734209307,
        0.7844299719116514,
        0.8547399693940377,
        0.8627299691079371,
        0.9011299677329353,
        0.9804099648941298,
        1.0595399620606951,
        1.2038499568933385,
        1.2082499567357863,
        1.2565699550055758,
        1.3368799521298886,
        1.4034399497465522,
        1.4702999473524736,
        1.4723299472797848,
        1.5515699444424114,
        1.5815899433674756,
        1.6241099418449474,
        1.6516599408584551,
        1.6660799403421138,
        1.6701299401970937,
        1.751359937288464,
        1.8077999352674978,
        1.8603799333847482,
        1.8655599331992665,
        1.9616199297596135,
        1.9865799288658625,
        2.0445599267897534,
        2.157809922734572,
        2.340379916197227,
        2.420459913329775,
        2.435829912779417,
        2.465599911713432,
        2.5921399071823723,
        3.0532298906719673,
        3.108249888701848,
        3.1828998860288302,
        3.20562988521493,
        3.271089882870981,
        3.2968498819485843,
        3.3257498809137522,
        3.3904598785966598,
        3.451439876413128,
        3.5349398734232156,
        3.5755598719687214,
        3.6296498700319026,
        3.646169869440366,
        3.670369868573828,
        3.7361598662180633,
        3.8964598604781475,
        3.9072198600928605,
        3.9256298594336476,
        3.9353998590838097,
        4.017559856141879,
        4.020739856028012,
        4.073019854156004,
        4.161199850998513,
        4.241799848112442,
        4.28403984659994,
        4.3021598459511114,
        4.565859836508716,
        4.630329834200218,
        4.787119828585985,
        4.809809827773516,
        5.00326982084623,
        5.3649798078943585,
        5.522099802268309,
        5.558739800956329,
        5.613229799005188,
        5.686049796397697,
        5.695659796053588,
        5.836059791026239,
        5.964319786433589,
        6.713059759623205,
        11.562349585983048
    ],
    "et": [
        -454.690817763
    ],
    "fc": [
        0.1084,
        0.8175,
        0.6405,
        0.716,
        0.8188,
        1.6645,
        4.1839,
        7.5705,
        8.3635
    ],
    "gap": 0.24213999132961164,
    "homo": -0.2458399911971245,
    "id": "AZ7_97889",
    "ir": [
        49.1703,
        73.1151,
        44.1392,
        7.8986,
        1.529,
        12.694,
        16.2469,
        4.7993,
        17.5069
    ],
    "lumo": -0.003699999867512857,
    "ma": [
        14.00307,
        31.97207,
        1.00783,
        1.00783,
        1.00783
    ],
    "mr": [
        1.0355,
        3.4595,
        1.4102,
        1.1487,
        1.0932,
        1.0721,
        1.04,
        1.0463,
        1.0981
    ],
    "mu": 1.0294005634348564,
    "mu_x": -0.9506,
    "mu_xx=": 1.3824,
    "mu_xxx=": -3.5733,
    "mu_xxy=": -2.0043,
    "mu_xxz=": 0.0012,
    "mu_xy=": 3.2847,
    "mu_xyy=": 1.0717,
    "mu_xyz=": -0.003,
    "mu_xz=": -0.0015,
    "mu_xzz=": -5.1125,
    "mu_y": -0.395,
    "mu_yy=": -0.6153,
    "mu_yyy=": 0.4596,
    "mu_yyz=": -0.0007,
    "mu_yz=": 0.0005,
    "mu_yzz=": -0.5417,
    "mu_z": 0.0004,
    "mu_zz=": -0.7671,
    "mu_zzz=": 0.0012,
    "na": 5,
    "ne": 26,
    "ne_down": 13,
    "ne_up": 13,
    "ni": 2,
    "oemga": [
        421.4921,
        633.288,
        878.0232,
        1028.5422,
        1127.45,
        1623.3108,
        2613.0767,
        3504.3191,
        3595.3632
    ],
    "oemga0": 3595.3632,
    "qa": [
        -0.345442,
        -0.06149,
        0.156794,
        0.156794,
        0.093344
    ],
    "r2": 126.668,
    "rn": [
        0.0,
        0.0,
        0.03,
        0.0,
        0.0,
        0.02,
        0.02,
        0.45,
        -0.22,
        -0.02,
        -0.45,
        -0.22,
        0.0,
        0.0,
        -0.71,
        0.34,
        -0.16,
        0.0,
        -0.14,
        0.03,
        0.0,
        -0.16,
        0.61,
        -0.12,
        -0.16,
        0.61,
        0.12,
        0.1,
        0.0,
        0.0,
        -0.1,
        -0.06,
        0.0,
        0.08,
        -0.01,
        0.0,
        -0.45,
        0.48,
        -0.09,
        -0.45,
        0.48,
        0.09,
        -0.3,
        0.1,
        0.0,
        0.07,
        0.06,
        0.0,
        -0.01,
        -0.03,
        0.0,
        0.08,
        -0.07,
        0.06,
        0.08,
        -0.07,
        -0.05,
        -0.96,
        0.2,
        0.0,
        0.0,
        0.0,
        0.07,
        0.0,
        0.0,
        -0.02,
        0.67,
        -0.16,
        -0.16,
        -0.67,
        0.16,
        -0.16,
        0.0,
        0.0,
        -0.04,
        0.06,
        0.03,
        0.0,
        0.0,
        0.01,
        0.0,
        -0.52,
        -0.27,
        0.39,
        -0.52,
        -0.27,
        -0.39,
        0.08,
        -0.02,
        0.0,
        0.0,
        0.0,
        0.0,
        0.01,
        0.03,
        0.0,
        0.0,
        0.01,
        0.0,
        0.0,
        0.01,
        0.0,
        -0.24,
        -0.97,
        0.0,
        -0.04,
        -0.04,
        0.0,
        0.0,
        0.0,
        0.0,
        0.27,
        0.27,
        0.6,
        0.27,
        0.27,
        -0.6,
        0.0,
        0.01,
        0.0,
        0.0,
        0.0,
        0.08,
        0.0,
        0.0,
        0.0,
        -0.27,
        -0.3,
        -0.58,
        0.27,
        0.3,
        -0.58,
        0.0,
        0.0,
        0.0
    ],
    "smi": "NS",
    "symbols": [
        "N",
        "S",
        "H",
        "H",
        "H"
    ],
    "zpe": 0.03514,
    "zs": [
        7,
        16,
        1,
        1,
        1
    ]
}