{
    "A": 591.09066,
    "B": 19.31464,
    "C": 18.70348,
    "Cv": "6.449",
    "G": -453.445503,
    "H": -453.419118,
    "P": 1.0,
    "S": 8.849572362887112e-05,
    "T": 298.15,
    "U": -453.420062,
    "U0": -453.422937,
    "alpha": 11.602666666666666,
    "alpha_xx": 18.842,
    "alpha_xy": -2.024,
    "alpha_xz": 33.435,
    "alpha_yy": 0.0,
    "alpha_yz": 0.0,
    "alpha_zz": 15.966,
    "bo": [
        0,
        2,
        1,
        2,
        0,
        0,
        1,
        0,
        0
    ],
    "coords": [
        0.038099,
        1.032816,
        0.0,
        0.042027,
        -0.53922,
        0.0,
        -0.933622,
        1.370193,
        0.0
    ],
    "e ne": -1166.281650511,
    "e_disp": -8.324040000218247e-05,
    "e_k": 452.021198053,
    "e_nn": 45.2510081557,
    "eigs": [
        -88.9347668154828,
        -14.382649484995618,
        -7.984399714099906,
        -5.950319786934892,
        -5.947009787053414,
        -5.9368697874165015,
        -0.9299199667020421,
        -0.6467199768426797,
        -0.4670399832765418,
        -0.3709799867161945,
        -0.37072998672514634,
        -0.2246299919565981,
        -0.1378299950646749,
        0.019959999285285572,
        0.08283999703372029,
        0.27305999022244887,
        0.2747399901622925,
        0.2972899893548371,
        0.31946998856063036,
        0.33861998787491987,
        0.33933998784913855,
        0.36246998702091493,
        0.4138699851804179,
        0.42087998492940837,
        0.49254998236309666,
        0.5024099820100363,
        0.5504499802898518,
        0.6977199750165056,
        0.7369799736107094,
        0.8074499710873666,
        0.8837599683549087,
        1.1940599572438921,
        1.2377599556791117,
        1.2837299540330487,
        1.3304799523590556,
        1.4340699486497737,
        1.487729946728352,
        1.5044299461303694,
        1.5333199450958954,
        1.5507899444703412,
        1.6361799414127527,
        1.6394099412970953,
        1.6696399402146396,
        1.7350199378735558,
        1.7575599370664583,
        1.804239935394972,
        1.8680099331115383,
        1.8966399320863745,
        1.8998599319710747,
        2.108349924505603,
        2.197569921310872,
        2.39099991438466,
        2.4661199116948125,
        2.8969698962672217,
        3.0637398902956328,
        3.175159886305979,
        3.1921598856972544,
        3.3398798804077945,
        3.3655198794896948,
        3.610769870707945,
        3.761579865307841,
        3.823759863081341,
        3.925959859421831,
        4.026979855804574,
        4.052699854883609,
        4.113719852698646,
        4.334309844799906,
        4.385839842954754,
        4.604209835135506,
        4.628079834280784,
        4.8216198273506325,
        4.822759827309812,
        5.139079815983235,
        5.509999802701579,
        5.514819802528987,
        5.589289799862415,
        5.849829790533171,
        9.591309656560739
    ],
    "et": [
        -453.43573194
    ],
    "fc": [
        10.4973,
        0.9842,
        6.9454
    ],
    "gap": 0.08679999689192322,
    "homo": -0.2246299919565981,
    "id": "AZ7_97890",
    "ir": [
        1.5088,
        34.165,
        1.6115
    ],
    "lumo": -0.1378299950646749,
    "ma": [
        14.00307,
        31.97207,
        1.00783
    ],
    "mr": [
        15.4541,
        1.0976,
        1.0767
    ],
    "mu": 1.4455393733828215,
    "mu_x": -1.4422,
    "mu_xx=": -1.0304,
    "mu_xxx=": -2.3212,
    "mu_xxy=": 2.9828,
    "mu_xxz=": 0.0,
    "mu_xy=": -2.4753,
    "mu_xyy=": -3.5497,
    "mu_xyz=": 0.0,
    "mu_xz=": 0.0,
    "mu_xzz=": -0.2315,
    "mu_y": -0.0982,
    "mu_yy=": 0.1562,
    "mu_yyy=": -1.2184,
    "mu_yyz=": 0.0,
    "mu_yz=": 0.0,
    "mu_yzz=": -0.4523,
    "mu_z": 0.0,
    "mu_zz=": 0.8742,
    "mu_zzz=": 0.0,
    "na": 3,
    "ne": 24,
    "ne_down": 12,
    "ne_up": 12,
    "ni": 2,
    "oemga": [
        1073.7224,
        1233.6502,
        3308.8521
    ],
    "oemga0": 3308.8521,
    "qa": [
        -0.25206,
        0.08388,
        0.168179
    ],
    "r2": 94.8333,
    "rn": [
        0.02,
        0.87,
        0.0,
        0.0,
        -0.38,
        0.0,
        -0.3,
        0.04,
        0.0,
        0.07,
        0.02,
        0.0,
        -0.02,
        0.02,
        0.0,
        -0.27,
        -0.96,
        0.0,
        0.07,
        -0.03,
        0.0,
        0.0,
        0.0,
        0.0,
        -0.94,
        0.32,
        0.0
    ],
    "smi": "N=S",
    "symbols": [
        "N",
        "S",
        "H"
    ],
    "zpe": 0.012795,
    "zs": [
        7,
        16,
        1
    ]
}