{
    "A": 24.61914,
    "B": 4.19706,
    "C": 3.58576,
    "Cv": "11.903",
    "G": -546.774017,
    "H": -546.742727,
    "P": 1.0,
    "S": 0.00010494717424119638,
    "T": 298.15,
    "U": -546.743671,
    "U0": -546.747456,
    "alpha": 30.36866666666667,
    "alpha_xx": 65.498,
    "alpha_xy": 0.0,
    "alpha_xz": 37.964,
    "alpha_yy": 0.0,
    "alpha_yz": 0.0,
    "alpha_zz": 25.608,
    "bo": [
        0,
        2,
        1,
        1,
        0,
        0,
        2,
        0,
        0,
        0,
        0,
        0,
        1,
        0,
        0,
        1,
        1,
        0,
        1,
        0,
        1,
        0,
        0,
        1,
        0,
        0,
        1,
        0,
        0,
        0,
        0,
        0,
        0,
        1,
        0,
        0
    ],
    "coords": [
        0.684204,
        -0.038377,
        0.047941,
        2.291472,
        -0.128646,
        -0.066577,
        -0.366266,
        0.717491,
        0.413419,
        -0.484987,
        -0.66956,
        -0.159417,
        -0.942296,
        1.46079,
        0.75132,
        -1.182126,
        -1.341698,
        -0.405798
    ],
    "e ne": -1577.023857545,
    "e_disp": -0.001912546500022927,
    "e_k": 544.8085978821,
    "e_nn": 141.6839267365,
    "eigs": [
        -88.8546968183499,
        -14.373889485309292,
        -14.373809485312156,
        -10.32377963033294,
        -7.908529716816609,
        -5.872789789711035,
        -5.868619789860351,
        -5.864429790010385,
        -1.0753299614952974,
        -0.7871899718128231,
        -0.7620499727130196,
        -0.6754899758125027,
        -0.506399981867165,
        -0.4726999830738723,
        -0.4548899837116009,
        -0.377719986474853,
        -0.25903999072446765,
        -0.23361999163469016,
        -0.22197999205148758,
        -0.024559999120571826,
        -0.003799999863932123,
        0.019189999312857222,
        0.0689199975321584,
        0.09597999656321189,
        0.1630199941626881,
        0.16694999402196525,
        0.23633999153729418,
        0.2688399903735558,
        0.2778599900505736,
        0.2994699892767771,
        0.3408299877957857,
        0.34499998764646905,
        0.35900998714480825,
        0.3726499866563962,
        0.3823699863083489,
        0.42474998479083403,
        0.4779899828844515,
        0.4789299828507926,
        0.47997998281319487,
        0.5167299814972752,
        0.5264499811492279,
        0.5425999805709395,
        0.5909699788389385,
        0.6478499768022173,
        0.6714599759568061,
        0.6720799759346057,
        0.7165899743408211,
        0.7236199740890955,
        0.8345799701159134,
        0.8691099688794862,
        0.8779699685622333,
        0.9597299656346253,
        1.0088099638772012,
        1.0232599633597854,
        1.0425899626676294,
        1.052099962327102,
        1.1022899605299317,
        1.205689956827453,
        1.3258999525230533,
        1.3614199512511767,
        1.3640399511573613,
        1.3704899509264041,
        1.4645099475597985,
        1.5017899462249007,
        1.507269946028677,
        1.5671499438845335,
        1.5708499437520465,
        1.578899943463797,
        1.6293299416580331,
        1.6843899396864814,
        1.6856899396399316,
        1.703359939007216,
        1.7048299389545793,
        1.7335499379261927,
        1.7867599360208841,
        1.8347899343010579,
        1.8838799325432758,
        1.895569932124688,
        1.9303299308800252,
        1.9404699305169386,
        1.956509929942589,
        1.9657499296117293,
        2.031029927274226,
        2.3082399173480748,
        2.4134799135797107,
        2.4897999108468944,
        2.4985199105346547,
        2.54302990894087,
        2.6623499046683388,
        2.670429904379016,
        2.781859900389004,
        2.785979900241478,
        2.8326698985696335,
        2.87152989717816,
        2.9110098957644865,
        2.971559893596353,
        2.9988898926177376,
        3.049729890797293,
        3.0957298891501557,
        3.231369884293249,
        3.245259883795885,
        3.246099883765807,
        3.3016998817749186,
        3.30642988160555,
        3.373529879202878,
        3.416939877648481,
        3.421209877495584,
        3.4831798752766034,
        3.596329871225003,
        3.6535598691757496,
        3.6888098679135406,
        3.7092698671809226,
        3.7299898664389946,
        3.8090498636080667,
        3.829009862893352,
        3.91987985963954,
        3.9205398596159067,
        4.052409854893994,
        4.0709198542312,
        4.108989852868015,
        4.1596298510547305,
        4.178289850386565,
        4.275529846904661,
        4.301799845964002,
        4.353889844098798,
        4.452189840578936,
        4.457719840380922,
        4.5072998386055945,
        4.615129834744489,
        4.6203098345590075,
        4.632559834120367,
        4.706389831476712,
        4.79684982823758,
        4.800489828107241,
        4.8285198271035625,
        5.01385982046703,
        5.200539813782517,
        5.2030198136937145,
        5.218439813141566,
        5.225189812899865,
        5.551399801219155,
        5.952829786845015,
        6.0107597847706975,
        6.092089781858486,
        6.098519781628245,
        6.130429780485633,
        6.762169757864707,
        6.836729755194912,
        7.5322597302898355,
        9.898309645567888,
        11.677039581876306,
        12.4342895547612
    ],
    "et": [
        -546.779837747
    ],
    "fc": [
        1.092,
        0.7456,
        0.3395,
        1.0533,
        1.8108,
        0.5497,
        0.4729,
        4.3156,
        2.4614,
        13.6109,
        8.8337,
        9.0982
    ],
    "gap": 0.19741999293091575,
    "homo": -0.22197999205148758,
    "id": "AZ7_14118",
    "ir": [
        0.0003,
        360.7033,
        9.6933,
        3.7682,
        3.0669,
        91.7642,
        29.6324,
        96.6761,
        57.2615,
        740.3184,
        269.3069,
        223.4149
    ],
    "lumo": -0.024559999120571826,
    "ma": [
        12.0,
        31.97207,
        14.00307,
        14.00307,
        1.00783,
        1.00783
    ],
    "mr": [
        1.2769,
        1.1822,
        3.6693,
        7.153,
        8.1085,
        2.0742,
        1.1048,
        9.1027,
        2.8962,
        8.9421,
        1.0814,
        1.0981
    ],
    "mu": 4.2329003413735125,
    "mu_x": 4.2329,
    "mu_xx=": 2.8502,
    "mu_xxx=": 22.4568,
    "mu_xxy=": -0.0001,
    "mu_xxz=": 0.0069,
    "mu_xy=": 0.0,
    "mu_xyy=": 16.401,
    "mu_xyz=": 0.0013,
    "mu_xz=": 0.0036,
    "mu_xzz=": 0.6672,
    "mu_y": 0.0,
    "mu_yy=": 1.5563,
    "mu_yyy=": 0.0001,
    "mu_yyz=": 0.0041,
    "mu_yz=": 0.0007,
    "mu_yzz=": 0.0,
    "mu_z": 0.0017,
    "mu_zz=": -4.4066,
    "mu_zzz=": 0.0009,
    "na": 6,
    "ne": 38,
    "ne_down": 19,
    "ne_up": 19,
    "ni": 4,
    "oemga": [
        -1204.7821,
        -1034.6149,
        396.2783,
        499.9316,
        615.664,
        670.7016,
        852.3493,
        897.0374,
        1201.0221,
        1607.3018,
        3723.591,
        3749.9996
    ],
    "oemga0": 3749.9996,
    "qa": [
        0.169058,
        -0.241704,
        -0.185627,
        -0.185626,
        0.22195,
        0.221949
    ],
    "r2": 335.568,