{
    "A": 17.61356,
    "B": 5.76615,
    "C": 4.90551,
    "Cv": "15.492",
    "G": -266.033664,
    "H": -266.000865,
    "P": 1.0,
    "S": 0.00011000838504112477,
    "T": 298.15,
    "U": -266.001809,
    "U0": -266.00662,
    "alpha": 19.095666666666666,
    "alpha_xx": 31.283,
    "alpha_xy": -3.239,
    "alpha_xz": 28.648,
    "alpha_yy": 1.654,
    "alpha_yz": 0.539,
    "alpha_zz": 24.35,
    "bo": [
        0,
        1,
        0,
        0,
        1,
        0,
        0,
        0,
        1,
        0,
        1,
        0,
        0,
        1,
        1,
        0,
        0,
        1,
        0,
        1,
        0,
        0,
        0,
        0,
        0,
        0,
        1,
        0,
        0,
        0,
        0,
        1,
        1,
        0,
        0,
        0,
        0,
        0,
        0,
        0,
        0,
        1,
        0,
        0,
        0,
        0,
        0,
        0,
        0,
        1,
        0,
        0,
        0,
        0,
        0,
        0,
        0,
        0,
        0,
        1,
        0,
        0,
        0,
        0
    ],
    "coords": [
        -0.792529,
        -1.018244,
        0.009092,
        -0.529399,
        0.340136,
        -0.229994,
        0.841615,
        0.616727,
        -0.371877,
        1.457238,
        0.480302,
        0.932866,
        -0.604755,
        -1.514579,
        -0.795084,
        -0.941173,
        0.887871,
        0.616333,
        -0.954632,
        0.690824,
        -1.17559,
        1.523735,
        -0.482937,
        1.014354
    ],
    "e ne": -894.7325501494,
    "e_disp": -0.003460578399995029,
    "e_k": 264.6425587578,
    "e_nn": 133.7022294611,
    "eigs": [
        -19.192709312760186,
        -19.18132931316767,
        -19.148629314338574,
        -10.276919632010873,
        -1.1323899594521307,
        -1.044699962592076,
        -0.9143199672606365,
        -0.6763399757820664,
        -0.5660599797308994,
        -0.523839981242685,
        -0.48924998248126084,
        -0.4424399841574022,
        -0.430609984581003,
        -0.35615998724685916,
        -0.33229998810122224,
        -0.3013999892076689,
        -0.29175998955285165,
        0.008829999683821222,
        0.025099999101235868,
        0.06903999752786152,
        0.07298999738642255,
        0.11114999602001459,
        0.16266999417522066,
        0.18237999346945805,
        0.3102399888911321,
        0.32320998842671095,
        0.36347998698474954,
        0.3873199861311026,
        0.39209998595994355,
        0.41902998499565197,
        0.4324799845140433,
        0.45011998388240193,
        0.4869699825629016,
        0.5325299809315193,
        0.5530799801956786,
        0.5613999798977616,
        0.6008699784844461,
        0.6313099773944707,
        0.6447899769117879,
        0.6663799761387074,
        0.6779199757254907,
        0.7212099741753911,
        0.759949972788215,
        0.8237899705022746,
        0.8381899699866491,
        0.8868099682456962,
        0.9391699663708242,
        0.9860199646932505,
        1.0333299629992057,
        1.0551499622178895,
        1.0693399617097832,
        1.0917499609073409,
        1.132889959434227,
        1.1855299575493288,
        1.2823699540817464,
        1.2897099538189205,
        1.3072899531894278,
        1.3199799527350324,
        1.4123799494264346,
        1.4413999483873057,
        1.4546099479142909,
        1.534209945064027,
        1.6370499413816004,
        1.6727399401036367,
        1.7677799367005076,
        1.8062299353237157,
        1.86692993315021,
        1.9106999315829232,
        1.9335599307643672,
        1.9798999291050554,
        2.0201199276648842,
        2.0422699268717515,
        2.08834992522175,
        2.1499799230149432,
        2.1726599222028335,
        2.234429919991014,
        2.3507699158251887,
        2.388749914465226,
        2.5064799102496282,
        2.5251299095818216,
        2.6083699066012187,
        2.7009899032847433,
        2.8154798991851617,
        2.8987698962027686,
        2.923149895329786,
        2.9483998944256506,
        2.9655498938115543,
        2.9845698931304994,
        3.0185498919137657,
        3.0762098898491153,
        3.10114988895608,
        3.164959886671214,
        3.224769884529577,
        3.2594198832888526,
        3.274099882763201,
        3.3434698802792457,
        3.358949879724949,
        3.3729398792240035,
        3.4079998779685985,
        3.4545098763031996,
        3.4730898756378994,
        3.4923798749471757,
        3.5794398718297895,
        3.6254398701826522,
        3.672479868498275,
        3.7047998673409817,
        3.7403498660680303,
        3.7627598652655885,
        3.7646598651975545,
        3.824989863037298,
        3.883019860959398,
        3.927619859362391,
        3.961769858139571,
        3.976239857621439,
        4.009709856422967,
        4.074479854103726,
        4.079449853925762,
        4.126639852236015,
        4.14939985142104,
        4.194169849817945,
        4.227309848631291,
        4.3050898458461955,
        4.379629843177116,
        4.469999839941208,
        4.598979835322778,
        4.649389833517731,
        4.693399831941849,
        4.755579829715349,
        4.811269827721239,
        4.829969827051642,
        4.866369825748254,
        4.952879822650562,
        5.0284698199438855,
        5.049459819192289,
        5.109479817043132,
        5.172729814778318,
        5.210979813408689,
        5.262289811571414,
        5.2930298104706965,
        5.447609804935599,
        5.484879803601059,
        5.524469802183447,
        5.613179799006978,
        5.75623979388438,
        5.805509792120152,
        5.897899788811913,
        6.034509783920273,
        6.062049782934139,
        6.107849781294163,
        6.162189779348392,
        6.250619776181949,
        6.347819772701476,
        6.359669772277159,
        6.441879769333439,
        6.528769766222139,
        6.551179765419696,
        6.587069764134571,
        6.6300697625948555,
        6.673299761046905,
        6.694799760277047,
        6.722669759279096,
        6.741889758590879,
        6.820089755790746,
        6.854049754574729,
        6.913579752443117,
        6.9757097502184084,
        7.069259746868632,
        7.147689744060262,
        7.1927097424482165,
        7.373979735957421,
        7.386299735516274,
        7.621709727086869,
        9.925919644579245,
        10.946509608034638,
        11.695649581209931,
        12.510959552015853
    ],
    "et": [
        -266.067009072
    ],
    "fc": [
        0.048,
        0.0647,
        0.1293,
        0.2222,
        1.0104,
        2.9884,
        5.1528,
        1.5329,
        1.4615,
        1.1736,
        1.3565,
        1.2783,
        1.3783,
        1.4168,
        5.7007,
        6.2712,
        8.7375,
        9.0577
    ],
    "gap": 0.30058998923667285,
    "homo": -0.29175998955285165,
    "id": "AZ7_87752",
    "ir": [
        21.6906,
        84.5058,
        62.7957,
        80.7189,
        21.4332,
        28.0609,
        43.9353,
        157.7592,
        32.3612,
        23.8942,
        3.6369,
        61.8383,
        34.2927,
        4.7716,
        39.6707,
        21.1757,
        26.5114,
        34.4539
    ],
    "lumo": 0.008829999683821222,
    "ma": [
        15.99491,
        12.0,
        15.99491,
        15.99491,
        1.00783,
        1.00783,
        1.00783,
        1.00783
    ],
    "mr": [
        2.9585,
        1.2308,
        1.4668,
        2.0033,
        4.4137,
        6.5343,
        8.4733,
        2.4294,
        2.1507,
        1.219,
        1.2204,
        1.1219,
        1.164,
        1.0885,
        1.0611,
        1.1052,
        1.0682,
        1.066
    ],
    "mu": 2.067843794874265,
    "mu_x": -1.7994,
    "mu_xx=": -2.5225,
    "mu_xxx=": -3.1688,
    "mu_xxy=": -0.6782,