{
    "A": 30.79196,
    "B": 1.64509,
    "C": 1.61068,
    "Cv": "18.461",
    "G": -911.987207,
    "H": -911.950658,
    "P": 1.0,
    "S": 0.00012258594667126065,
    "T": 298.15,
    "U": -911.951602,
    "U0": -911.95747,
    "alpha": 42.86933333333334,
    "alpha_xx": 80.419,
    "alpha_xy": 2.851,
    "alpha_xz": 41.456,
    "alpha_yy": 1.318,
    "alpha_yz": -0.859,
    "alpha_zz": 46.871,
    "bo": [
        0,
        1,
        0,
        1,
        1,
        1,
        0,
        0,
        1,
        0,
        1,
        0,
        0,
        0,
        0,
        0,
        0,
        1,
        0,
        0,
        0,
        0,
        1,
        0,
        1,
        0,
        0,
        0,
        0,
        0,
        0,
        1,
        1,
        0,
        0,
        0,
        0,
        0,
        0,
        0,
        1,
        0,
        0,
        0,
        0,
        0,
        0,
        0,
        0,
        0,
        1,
        0,
        0,
        0,
        0,
        0,
        0,
        0,
        0,
        1,
        0,
        0,
        0,
        0
    ],
    "coords": [
        -0.409079,
        0.310849,
        -0.234204,
        0.407879,
        -0.865632,
        -0.233764,
        1.974514,
        -0.606271,
        -0.790144,
        -2.116584,
        -0.137456,
        0.164016,
        -0.433577,
        0.766009,
        -1.224981,
        -0.028709,
        1.035794,
        0.48633,
        2.520645,
        -0.135979,
        0.358094,
        -1.91509,
        -0.367314,
        1.474653
    ],
    "e ne": -2582.146056125,
    "e_disp": -0.004171127200010005,
    "e_k": 909.1099065062,
    "e_nn": 208.987434984,
    "eigs": [
        -88.93338681553222,
        -88.89653681685172,
        -19.17250931348349,
        -10.26532963242588,
        -7.9810797142187875,
        -7.949119715363189,
        -5.947909787021188,
        -5.941909787236032,
        -5.934589787498142,
        -5.913549788251528,
        -5.910039788377212,
        -5.9042797885834615,
        -1.0549999622232604,
        -0.7945999715474908,
        -0.7147699744059904,
        -0.6395099771008506,
        -0.5137099816054135,
        -0.49334998233445077,
        -0.4507999838580529,
        -0.40444998551772293,
        -0.3815099863391433,
        -0.3378399879028496,
        -0.300429989242402,
        -0.2609699906553595,
        -0.2527099909511281,
        -0.033999998782550576,
        0.00036999998675128564,
        0.02309999917285054,
        0.040609998545864084,
        0.08222999705556275,
        0.08928999680276296,
        0.12277999560357528,
        0.19293999309133258,
        0.21010999247652062,
        0.24249999131672104,
        0.2575699907771045,
        0.2670999904358606,
        0.27103999029477965,
        0.2909499895818556,
        0.2978799893337107,
        0.31524998871173726,
        0.3234399884184752,
        0.3286299882326351,
        0.3450899876432464,
        0.3639199869689943,
        0.38005998639106386,
        0.40472998550769684,
        0.42052998494194105,
        0.4422799841631314,
        0.4479099839615361,
        0.4555199836890423,
        0.5020899820214947,
        0.5409099806314539,
        0.550979980270874,
        0.6317299773794316,
        0.6668299761225941,
        0.6798299756570988,
        0.7115099745227224,
        0.7541999729941072,
        0.7638699726478503,
        0.7769999721776999,
        0.8341999701295204,
        0.8450499697410107,
        0.8603799691920843,
        0.877299968586224,
        0.905389967580396,
        0.9666499653868387,
        0.987599964636675,
        1.0216899634160028,
        1.0462799625355006,
        1.1012099605686037,
        1.1429699590732891,
        1.1510799587828917,
        1.190429957373873,
        1.2259299561027126,
        1.237849955675889,
        1.2796799541780681,
        1.412529949421064,
        1.4422599483565117,
        1.4515599480235035,
        1.4877699467269196,
        1.5256999453687474,
        1.533649945084079,
        1.5413699448076463,
        1.5521199444227174,
        1.5796899434355094,
        1.5914899430129827,
        1.6143299421951434,
        1.6283499416931244,
        1.6495599409336508,
        1.661669940500024,
        1.6923099394028873,
        1.7324699379648647,
        1.7791499362933783,
        1.7943399357494647,
        1.8061699353258638,
        1.8489799337929518,
        1.8634299332755357,
        1.8708099330112777,
        1.9122999315256315,
        1.9466199302967235,
        1.9523899300901153,
        1.9685499295114688,
        2.002959928279338,
        2.042759926854206,
        2.0665799260012756,
        2.117509924177608,
        2.1430999232612984,
        2.1934999214566084,
        2.2438299196544254,
        2.281499918305563,
        2.32082991689726,
        2.3655399152963144,
        2.3925999143273677,
        2.442789912530198,
        2.558229908396599,
        2.574029907830843,
        2.6335999056978,
        2.733799902109905,
        2.8219398989538464,
        2.90541989596465,
        2.957609894095865,
        2.9738698935136374,
        3.0168498919746383,
        3.038689891192606,
        3.0961598891347584,
        3.1151298884554937,
        3.229549884358418,
        3.2671898830106296,
        3.274939882733123,
        3.297519881924593,
        3.3351398805775214,
        3.3743998791717256,
        3.4085198779499795,
        3.4161498776767694,
        3.451169876422796,
        3.485949875177417,
        3.5524998727944386,
        3.6152898705460963,
        3.622329870294012,
        3.631939869949904,
        3.6612098689018238,
        3.7217398667344055,
        3.760239865355823,
        3.800039863930691,
        3.814369863417572,
        3.9488398586025593,
        3.9670298579512235,
        3.978699857533352,
        4.008059856482049,
        4.015389856219581,
        4.028399855753728,
        4.081289853859878,
        4.105919852977943,
        4.198009849680445,
        4.224409848735132,
        4.291389846336756,
        4.345359844404235,
        4.443439840892251,
        4.593689835512198,
        4.681339832373685,
        4.705499831508581,
        4.8222298273287905,
        4.952529822663094,
        5.041689819470512,
        5.065229818627607,
        5.1939698140177715,
        5.238769812413602,
        5.275679811091954,
        5.373879807575673,
        5.4550198046702665,
        5.61235979903634,
        5.6915097962021886,
        5.787129792778291,
        5.84452979072295,
        5.869469789829915,
        6.054529783203409,
        6.5558297652531925,
        6.64311976212757,
        6.8082397562150625,
        7.028729748319904,
        7.173459743137507,
        9.693529652900516,
        11.706429580823926
    ],
    "et": [
        -912.00744116
    ],
    "fc": [
        0.0161,
        0.0901,
        0.0373,
        0.0749,
        0.7928,
        1.9595,
        1.0022,
        0.5635,
        1.7792,
        0.8338,
        0.9453,
        0.9722,
        1.2643,
        1.3908,
        4.0987,
        4.3665,
        5.709,
        6.2502
    ],
    "gap": 0.21870999216857753,
    "homo": -0.2527099909511281,
    "id": "AZ7_88591",
    "ir": [
        0.4321,
        4.2327,
        2.8968,
        21.4121,
        0.2089,
        2.08,
        41.6524,
        17.6147,
        136.0942,
        33.2884,
        2.0026,
        7.1058,
        35.0593,
        6.2172,
        19.2487,
        1.7748,
        17.3609,
        11.9605
    ],
    "lumo": -0.033999998782550576,
    "ma": [
        12.0,
        15.99491,
        31.97207,
        31.97207,
        1.00783,
        1.00783,
        1.00783,
        1.00783
    ],