{
    "A": 14.30434,
    "B": 3.61465,
    "C": 3.25075,
    "Cv": "18.957",
    "G": -565.301724,
    "H": -565.266703,
    "P": 1.0,
    "S": 0.00011746100955904356,
    "T": 298.15,
    "U": -565.267648,
    "U0": -565.273266,
    "alpha": 31.800333333333338,
    "alpha_xx": 59.393,
    "alpha_xy": -1.926,
    "alpha_xz": 41.572,
    "alpha_yy": 0.447,
    "alpha_yz": 0.459,
    "alpha_zz": 35.561,
    "bo": [
        0,
        1,
        0,
        0,
        1,
        1,
        0,
        0,
        0,
        1,
        0,
        1,
        0,
        0,
        0,
        1,
        0,
        0,
        0,
        1,
        0,
        1,
        0,
        0,
        0,
        0,
        0,
        0,
        0,
        1,
        0,
        0,
        0,
        0,
        1,
        1,
        1,
        0,
        0,
        0,
        0,
        0,
        0,
        0,
        0,
        1,
        0,
        0,
        0,
        0,
        0,
        0,
        0,
        0,
        0,
        1,
        0,
        0,
        0,
        0,
        0,
        0,
        0,
        0,
        0,
        0,
        1,
        0,
        0,
        0,
        0,
        0,
        0,
        0,
        0,
        1,
        0,
        0,
        0,
        0,
        0
    ],
    "coords": [
        -1.414594,
        -0.688949,
        -0.183199,
        -0.606686,
        0.447492,
        0.109785,
        0.755592,
        0.702953,
        -0.894921,
        2.082397,
        0.084868,
        -0.04661,
        -1.814314,
        -1.02343,
        0.685182,
        -2.170396,
        -0.45724,
        -0.820632,
        -1.122058,
        1.310156,
        0.242811,
        2.24472,
        0.543857,
        0.840545,
        2.045339,
        -0.919706,
        0.067039
    ],
    "e ne": -1689.601144528,
    "e_disp": -0.003211252099987405,
    "e_k": 563.2406126209,
    "e_nn": 175.965097072,
    "eigs": [
        -88.91062681634719,
        -14.34782948624243,
        -14.328589486931364,
        -14.318589487289437,
        -7.956349715104302,
        -5.922469787932126,
        -5.918209788084665,
        -5.909949788380435,
        -0.9671899653675027,
        -0.8881699681969984,
        -0.7771799721712546,
        -0.6374799771735394,
        -0.5206499813569104,
        -0.5013899820465598,
        -0.4920499823810003,
        -0.4671099832740353,
        -0.3790799864261551,
        -0.28555998977485714,
        -0.25666999080933106,
        -0.2554799908519418,
        -0.22485999194836243,
        0.024859999109829625,
        0.028339998985220098,
        0.04264999847281712,
        0.09100999674117434,
        0.09462999661155179,
        0.10049999640136274,
        0.1133999959394481,
        0.189339993220239,
        0.2739199901916545,
        0.28825998967817734,
        0.3009999892219919,
        0.3173399886369,
        0.339009987860955,
        0.3620199870370282,
        0.38953998605161033,
        0.3947799858639799,
        0.405539985478693,
        0.4117199852574036,
        0.4314799845498506,
        0.46123998348422435,
        0.4717199831089634,
        0.49395998231260835,
        0.504899981920876,
        0.5308299809923919,
        0.5392899806894618,
        0.5540499801609455,
        0.5667599797058344,
        0.5738099794533925,
        0.6061699782946671,
        0.6235299776730517,
        0.6807299756248721,
        0.7069599746856458,
        0.7798899720742167,
        0.8036499712234344,
        0.8254199704439087,
        0.8633799690846623,
        0.9154699672194582,
        0.9301199666948805,
        0.9612999655784079,
        0.9903599645378468,
        0.9973599642871954,
        1.0340099629748565,
        1.0653099618540869,
        1.1933799572682415,
        1.2019799569602982,
        1.2233599561947375,
        1.2376899556816183,
        1.246449955367946,
        1.3071499531944408,
        1.3342899522226295,
        1.358909951341053,
        1.3629399511967495,
        1.4236199490239603,
        1.4453299482465831,
        1.5200099455724911,
        1.5269199453250624,
        1.5306699451907848,
        1.5647899439690385,
        1.5840499432793893,
        1.5961599428457627,
        1.6038699425696878,
        1.6435099411502851,
        1.662629940465649,
        1.6831199397319565,
        1.719589938426063,
        1.750279937327136,
        1.7809199362299992,
        1.82685993458501,
        1.8667699331559395,
        1.880879932650698,
        1.908529931660625,
        1.949709930186079,
        1.9902999287326593,
        2.1153599242545935,
        2.169459922317417,
        2.183889921800717,
        2.2561599192129207,
        2.3576999155770437,
        2.395589914220304,
        2.440399912615777,
        2.4924299107527217,
        2.5363199091811377,
        2.6044699067408676,
        2.684299903882368,
        2.9417798946626954,
        3.014929892043389,
        3.0649398902526634,
        3.0955798891555264,
        3.121999888209497,
        3.149179887236253,
        3.167259886588857,
        3.19732988551213,
        3.2154498848633017,
        3.2351098841593293,
        3.2770598826572117,
        3.2870998822977056,
        3.300699881810726,
        3.311749881415055,
        3.3892898786385537,
        3.3952298784258588,
        3.4302498771718857,
        3.455269876275986,
        3.474919875572372,
        3.495189874846557,
        3.5318298735345763,
        3.6140398705908554,
        3.6416798696011408,
        3.684389868071809,
        3.6888798679110346,
        3.692149867793944,
        3.752139865645862,
        3.7839998645050406,
        3.8022498638515563,
        3.823959863074179,
        3.8479498622151613,
        3.8891698607391834,
        3.9132098598783744,
        3.9319998592055545,
        3.983819857350019,
        3.995639856926776,
        4.014359856256463,
        4.018419856111085,
        4.031459855644157,
        4.0879998536196105,
        4.127289852212741,
        4.132799852015442,
        4.194429849808635,
        4.208999849286922,
        4.249369847841381,
        4.2568398475739,
        4.268369847161042,
        4.299689846039556,
        4.343889844456871,
        4.491719839163473,
        4.569669836372291,
        4.583529835876001,
        4.616179834706892,
        4.730719830605519,
        4.755409829721437,
        4.786099828622509,
        4.801999828053172,
        4.853979826191907,
        4.895979824687999,
        4.965059822214428,
        5.070849818426371,
        5.137869816026562,
        5.191629814101559,
        5.258509811706766,
        5.324179809355298,
        5.3502798084207255,
        5.4823398036920095,
        5.55043980125353,
        5.568479800607565,
        5.5923897997514125,
        5.604529799316711,
        5.618649798811112,
        5.666509797097372,
        5.7022997958158275,
        5.715869795329922,
        5.753109793996457,
        5.857229790268198,
        5.861359790120313,
        5.885149789268457,
        5.975189786044364,
        6.005059784974799,
        6.068679782696735,
        6.099379781597451,
        6.583689764255599,
        6.713369759612105,
        6.766469757710736,
        10.40479962743183,
        11.903329573773462,
        12.345299557947694
    ],
    "et": [
        -565.343793798
    ],
    "fc": [
        0.027,
        0.0435,
        0.2017,
        0.1557,
        0.1902,
        0.3484,
        0.5481,
        0.6219,
        1.0105,
        1.1414,
        0.7815,
        1.6581,
        1.133,
        1.3172,
        1.6564,
        1.768,
        7.3165,
        7.6682,
        7.5081,
        8.1103,
        8.3519
    ],
    "gap": 0.24971999105819204,
    "homo": -0.22485999194836243,
    "id": "AZ7_97520",