{
    "A": 7.63123,
    "B": 6.96354,
    "C": 4.56167,
    "Cv": "18.599",
    "G": -568.859143,
    "H": -568.824378,
    "P": 1.0,
    "S": 0.00011660238135164532,
    "T": 298.15,
    "U": -568.825322,
    "U0": -568.83091,
    "alpha": 22.897000000000002,
    "alpha_xx": 35.316,
    "alpha_xy": -0.096,
    "alpha_xz": 36.078,
    "alpha_yy": 0.234,
    "alpha_yz": -0.748,
    "alpha_zz": 33.141,
    "bo": [
        0,
        1,
        0,
        0,
        1,
        0,
        0,
        1,
        0,
        1,
        1,
        0,
        0,
        0,
        0,
        1,
        0,
        0,
        0,
        1,
        0,
        0,
        1,
        0,
        0,
        0,
        0,
        1,
        1,
        0,
        0,
        0,
        0,
        0,
        0,
        0,
        0,
        1,
        0,
        0,
        0,
        0,
        0,
        0,
        0,
        1,
        0,
        0,
        0
    ],
    "coords": [
        1.220462,
        0.561996,
        0.106337,
        0.846116,
        0.927894,
        1.691761,
        1.25705,
        2.507361,
        1.556787,
        -0.792471,
        0.950065,
        1.631773,
        1.26451,
        -0.387604,
        -0.045499,
        1.333146,
        2.799065,
        0.637895,
        -1.159813,
        1.448422,
        0.887846
    ],
    "e ne": -1728.467035153,
    "e_disp": -0.002555486599987944,
    "e_k": 566.6425302362,
    "e_nn": 189.4198333544,
    "eigs": [
        -77.17484723657422,
        -19.14891931432819,
        -19.143349314527637,
        -19.143299314529422,
        -6.624209762804686,
        -4.787649828567008,
        -4.787369828577034,
        -4.781149828799756,
        -1.068029961756691,
        -1.0127799637350463,
        -1.0100299638335164,
        -0.6388199771255576,
        -0.5523299802225341,
        -0.5390499806980555,
        -0.4334099844807425,
        -0.4250599847797337,
        -0.39157998597856336,
        -0.3623799870241376,
        -0.34333998770590923,
        -0.3160399886834495,
        -0.2684299903882368,
        0.014639999475780601,
        0.021499999230142272,
        0.03728999866474444,
        0.07900999717086238,
        0.09208999670250242,
        0.1659899940563403,
        0.2525099909582896,
        0.2841999898235551,
        0.2868299897293818,
        0.31799998861326717,
        0.3423199877424328,
        0.36996998675235987,
        0.40044998566095225,
        0.4113499852706523,
        0.42418998481088616,
        0.4477499839672653,
        0.5235299812537854,
        0.528219981085849,
        0.5570899800520912,
        0.5778599793083729,
        0.603059978406028,
        0.6299899774417363,
        0.6369499771925173,
        0.6581899764319695,
        0.6953999750995785,
        0.724649974052214,
        0.7547299729751293,
        0.7688999724677394,
        0.8125199709058234,
        0.8304799702627236,
        0.8655399690073183,
        0.9380099664123608,
        1.0164799636025592,
        1.0567899621591652,
        1.102499960522412,
        1.1832299576316858,
        1.2201799563086049,
        1.2428399554972105,
        1.2727799544251388,
        1.306549953215925,
        1.3120899530175525,
        1.3496699516719128,
        1.3706899509192425,
        1.3955599500287141,
        1.4027599497709013,
        1.4120599494378934,
        1.4698999473667969,
        1.5521299444223597,
        1.5621099440650024,
        1.597579942794916,
        1.663689940427693,
        1.7442599375426961,
        1.7847999360910665,
        1.8538599336182122,
        1.936349930664465,
        1.9544599300159942,
        1.9928599286409923,
        2.020069927666675,
        2.068539925931093,
        2.108359924505245,
        2.136199923508369,
        2.156959922765009,
        2.2279699202223293,
        2.2510099193973283,
        2.273479918592738,
        2.295679917797815,
        2.3149499171078074,
        2.465699911709852,
        2.507949910196992,
        2.634669905659486,
        2.6846999038680446,
        2.6897499036872183,
        3.2253598845084506,
        3.238119884051549,
        3.2395298840010605,
        3.2472498837246286,
        3.2637198831348817,
        3.2931798820799973,
        3.3516898799849097,
        3.413859877758768,
        3.4693898757703865,
        3.509449874335945,
        3.6650698687636067,
        3.7070898672589827,
        3.720099866793129,
        3.732789866338734,
        3.74532986588971,
        3.7639898652215455,
        3.7809798646131787,
        3.8297098628682873,
        3.9659498579898953,
        4.011279856366749,
        4.028469855751222,
        4.08685985366043,
        4.124259852321236,
        4.131659852056262,
        4.16496985086352,
        4.351059844200133,
        4.415829841880891,
        4.4588398403408185,
        4.494469839065002,
        4.558909836757578,
        4.770929829165706,
        4.919449823847601,
        4.970119822033243,
        5.081259818053616,
        5.15212981551595,
        5.171989814804816,
        5.221179813043454,
        5.239549812385673,
        5.299009810256568,
        5.332349809062752,
        5.412399806196374,
        5.419789805931758,
        5.489639803430615,
        5.507949802774983,
        5.54669980138745,
        5.556049801052651,
        6.3553297724325635,
        6.3753997717139095,
        6.381569771492979,
        6.423589769988354,
        6.4701397683215225,
        6.483339767848867,
        6.492479767521586,
        6.509269766920381,
        6.546539765585843,
        6.551779765398211,
        6.586319764161426,
        6.614389763156314,
        6.62484976278177,
        6.645719762034471,
        6.681719760745407,
        6.72174975931204,
        6.72979975902379,
        6.758859757983229,
        6.983729749931234,
        7.009729749000243,
        7.057529747288652,
        7.1786097429531,
        7.243629740624906,
        7.288619739013934,
        10.82661961232758,
        11.175119599848722,
        11.402089591721532
    ],
    "et": [
        -568.87362244
    ],
    "fc": [
        0.0202,
        0.0389,
        0.0837,
        0.3149,
        0.3363,
        0.2606,
        4.0022,
        4.1448,
        4.9506,
        0.6408,
        0.6516,
        0.9105,
        8.7842,
        8.8567,
        9.2265
    ],
    "gap": 0.2830699898640174,
    "homo": -0.2684299903882368,
    "id": "AZ7_98068",
    "ir": [
        80.6391,
        66.6265,
        58.2562,
        29.4978,
        64.1052,
        51.9101,
        142.5077,
        144.7795,
        249.7498,
        72.7383,
        76.8817,
        106.8582,
        24.879,
        46.3879,
        90.631
    ],
    "lumo": 0.014639999475780601,
    "ma": [
        15.99491,
        30.97376,
        15.99491,
        15.99491,
        1.00783,
        1.00783,
        1.00783
    ],
    "mr": [
        1.3475,
        1.2342,
        1.5136,
        3.5698,
        3.0124,
        2.184,
        11.5645,
        10.759,
        12.2744,
        1.1424,
        1.1045,
        1.3494,
        1.0651,
        1.0653,
        1.0663
    ],
    "mu": 2.5128629469193102,
    "mu_x": 0.4469,
    "mu_xx=": -2.7609,
    "mu_xxx=": 6.1101,
    "mu_xxy=": -0.8742,
    "mu_xxz=": 6.465,
    "mu_xy=": -0.0076,
    "mu_xyy=": -0.3477,
    "mu_xyz=": -2.4501,
    "mu_xz=": -0.7927,
    "mu_xzz=": -1.2043,
    "mu_y": 1.8077,
    "mu_yy=": 1.1218,
    "mu_yyy=": 17.1165,
    "mu_yyz=": -1.0778,
    "mu_yz=": -2.3671,
    "mu_yzz=": -2.4137,
    "mu_z": 1.6873,
    "mu_zz=": 1.6391,
    "mu_zzz=": 12.982,
    "na": 7,
    "ne": 42,
    "ne_down": 21,
    "ne_up": 21,
    "ni": 4,