{
    "A": 51.21162,
    "B": 0.43767,
    "C": 0.43396,
    "Cv": "14.982",
    "G": -2947.164184,
    "H": -2947.126886,
    "P": 1.0,
    "S": 0.0001250981049813573,
    "T": 298.15,
    "U": -2947.12783,
    "U0": -2947.132903,
    "alpha": 57.37266666666667,
    "alpha_xx": 126.166,
    "alpha_xy": -1.367,
    "alpha_xz": 56.338,
    "alpha_yy": 0.0,
    "alpha_yz": 0.0,
    "alpha_zz": 45.952,
    "bo": [
        0,
        2,
        0,
        1,
        1,
        0,
        2,
        0,
        1,
        0,
        0,
        1,
        0,
        1,
        0,
        0,
        0,
        0,
        1,
        0,
        0,
        0,
        0,
        0,
        1,
        0,
        0,
        0,
        0,
        0,
        0,
        1,
        0,
        0,
        0,
        0
    ],
    "coords": [
        -0.600889,
        -0.301063,
        0.060002,
        0.547649,
        0.332477,
        -0.068611,
        2.39178,
        -0.650651,
        0.204424,
        -2.269706,
        0.585967,
        -0.186444,
        -0.71139,
        -1.344322,
        0.307867,
        0.642556,
        1.377591,
        -0.317238
    ],
    "e ne": -7562.034270467,
    "e_k": 2758.100295214,
    "e_nn": 303.190627979,
    "eigs": [
        -482.8739527095695,
        -62.521967761254814,
        -56.33810798268237,
        -56.3345879828084,
        -56.334427982814134,
        -10.246919633085092,
        -10.237089633437078,
        -8.710589688096976,
        -6.8464597548465065,
        -6.539539765836494,
        -6.528159766243982,
        -6.527699766260453,
        -4.8484198263909954,
        -4.83535982685864,
        -4.835089826868307,
        -2.6548599049365365,
        -2.651599905053268,
        -2.6512599050654426,
        -2.6421599053912894,
        -2.6421499053916473,
        -1.9304499308757284,
        -1.9260999310314901,
        -1.9259699310361449,
        -1.9147399314382614,
        -1.9147399314382614,
        -0.8476599696475535,
        -0.7712099723850243,
        -0.6915299752381528,
        -0.5897099788840559,
        -0.47277998307100766,
        -0.4552499836987103,
        -0.3663999868801921,
        -0.35967998712081733,
        -0.30311998914608035,
        -0.30218998917938117,
        -0.27558999013185626,
        -0.2494399910682181,
        -0.05556999801018634,
        -0.031769998862400936,
        -0.0016899999394856021,
        0.06422999770009481,
        0.09124999673258058,
        0.13252999525445375,
        0.18409999340786945,
        0.2068699925925364,
        0.22851999181730756,
        0.23447999160389585,
        0.24248999131707913,
        0.24634999117886278,
        0.2585499907420133,
        0.25877999073377755,
        0.26562999048849734,
        0.27741999006632884,
        0.2838199898371619,
        0.3045599890945177,
        0.3192199885695822,
        0.3283999882408709,
        0.35048998744988685,
        0.4118599852523906,
        0.41266998522338666,
        0.4196699849727353,
        0.4381799843099415,
        0.4457599840385219,
        0.45878998357195233,
        0.4876099825399849,
        0.534899980846656,
        0.5948299787007223,
        0.613269978040435,
        0.6367399772000367,
        0.6487599767696326,
        0.6815799755944358,
        0.6981399750014664,
        0.7353699736683592,
        0.8191399706687789,
        0.8387499699665969,
        0.888619968180885,
        0.8998199677798429,
        0.9114399673637618,
        0.9224199669705971,
        0.9481699660485582,
        0.978859964949631,
        1.0146699636673704,
        1.0355299629204293,
        1.069249961713006,
        1.0966399607322432,
        1.124729959726415,
        1.1296199595513172,
        1.192089957314433,
        1.2080799567418734,
        1.287199953908797,
        1.2932399536925205,
        1.339679952029628,
        1.355079951478195,
        1.3711299509034873,
        1.3813199505386107,
        1.397889949945283,
        1.431269948750034,
        1.4739099472232093,
        1.4770699471100583,
        1.483679946873372,
        1.5281999452792292,
        1.5634299440177368,
        1.5780399434945915,
        1.5965899428303654,
        1.6196599420042903,
        1.7162199385467338,
        1.7217399383490775,
        1.7293499380765835,
        1.7361699378323776,
        1.784729936093573,
        1.842969934008154,
        1.873499932914956,
        1.9374999306232865,
        2.007109928130738,
        2.014589927862899,
        2.176519922064617,
        2.2076299209506507,
        2.2614499190235,
        2.2672499188158177,
        2.419979913346963,
        2.4389699126669817,
        2.4806399111748902,
        2.4926499107448437,
        2.5594599083525558,
        2.5821299075408035,
        2.7171399027064553,
        2.7425999017948,
        2.7988298997813534,
        2.8255798988235075,
        2.86368989745889,
        2.8789798969113956,
        2.9013998961085954,
        2.9294698951034834,
        2.9500098943680007,
        3.0262498916380496,
        3.0711698900295836,
        3.150369887193643,
        3.1668498866035377,
        3.2055798852167197,
        3.2567398833848165,
        3.284359882395818,
        3.3787498790159636,
        3.440979876787673,
        3.4545298763024834,
        3.566939872277381,
        3.5709998721320035,
        3.5877998715304398,
        3.728609866488409,
        3.8228498631139254,
        3.8885998607595926,
        3.8902098607019435,
        4.051589854923355,
        4.060439854606461,
        4.168109850751085,
        4.202049849535784,
        4.307839845747726,
        4.435019841193748,
        4.472739839843096,
        4.550679837052272,
        4.851929826265312,
        4.885639825058247,
        4.9094898242042415,
        4.992909821217195,
        5.076169818235876,
        5.195629813958332,
        5.402919806535828,
        5.793289792557718,
        9.704169652519523,
        13.11292953046091,
        58.25903791389898
    ],
    "et": [
        -2947.1649175
    ],
    "fc": [
        0.1027,
        0.1737,
        0.295,
        1.7485,
        1.2648,
        0.6031,
        0.56,
        0.8719,
        1.1144,
        12.0421,
        6.655,
        6.7409
    ],
    "gap": 0.19386999305803176,
    "homo": -0.2494399910682181,
    "id": "AZ7_48431",
    "ir": [
        0.0015,
        0.6996,
        0.3963,
        51.8228,
        12.7674,
        0.2318,
        49.7753,
        55.6562,
        0.567,
        3.7072,
        9.9723,
        1.9689
    ],
    "lumo": -0.05556999801018634,
    "ma": [
        12.0,
        12.0,
        126.9004,
        78.91834,
        1.00783,
        1.00783
    ],
    "mr": [
        7.4148,
        9.753,
        13.6222,
        7.5382,
        4.2223,
        1.7885,
        1.0817,
        1.0918,
        1.1644,
        7.8346,
        1.0894,
        1.0998
    ],
    "mu": 0.3392759938457185,
    "mu_x": -0.3336,
    "mu_xx=": -0.313,
    "mu_xxx=": -21.2434,
    "mu_xxy=": -1.1377,
    "mu_xxz=": 0.0,
    "mu_xy=": 0.4763,
    "mu_xyy=": -2.2628,
    "mu_xyz=": 0.0,
    "mu_xz=": 0.0,
    "mu_xzz=": -4.2538,
    "mu_y": -0.0618,
    "mu_yy=": 2.2767,
    "mu_yyy=": -0.1272,
    "mu_yyz=": 0.0,
    "mu_yz=": 0.0,
    "mu_yzz=": -0.1763,
    "mu_z": 0.0,
    "mu_zz=": -1.9637,
    "mu_zzz=": 0.0,
    "na": 6,
    "ne": 74,
    "ne_down": 37,
    "ne_up": 37,
    "ni": 4,
    "oemga": [
        153.3032,
        173.8755,
        191.7255,
        627.4512,
        713.0295,
        756.5409,
        937.3892,
        1164.2286,
        1274.4663,
        1615.1736,
        3220.0333,
        3225.4091
    ],
    "oemga0": 3225.4091,
    "qa": [
        -0.128415,
        -0.167343,
        0.028173,
        -0.034083,
        0.152639,
        0.149029
    ],
    "r2": 1539.2139,