{
    "A": 11.55823,
    "B": 2.73708,
    "C": 2.35805,
    "Cv": "16.621",
    "G": -928.020489,
    "H": -927.985514,
    "P": 1.0,
    "S": 0.00011730672480305649,
    "T": 298.15,
    "U": -927.986458,
    "U0": -927.99161,
    "alpha": 33.73533333333333,
    "alpha_xx": 61.062,
    "alpha_xy": 0.961,
    "alpha_xz": 45.104,
    "alpha_yy": -0.356,
    "alpha_yz": -1.778,
    "alpha_zz": 40.5,
    "bo": [
        0,
        1,
        1,
        0,
        1,
        0,
        0,
        1,
        0,
        0,
        0,
        0,
        1,
        0,
        1,
        0,
        0,
        2,
        0,
        0,
        1,
        0,
        0,
        2,
        0,
        0,
        0,
        0,
        1,
        0,
        0,
        0,
        0,
        0,
        0,
        0,
        1,
        0,
        0,
        0,
        0,
        0,
        0,
        0,
        1,
        0,
        0,
        0,
        0
    ],
    "coords": [
        0.318877,
        -0.87639,
        0.150352,
        1.679854,
        0.185561,
        0.022865,
        -1.234929,
        -0.164303,
        0.383681,
        -1.469164,
        0.972447,
        -0.545507,
        0.272027,
        -1.524921,
        -0.629624,
        1.221895,
        1.015016,
        -0.946568,
        -0.78856,
        0.39259,
        1.5648
    ],
    "e ne": -2660.469502943,
    "e_disp": -0.003989085200004183,
    "e_k": 925.0311131502,
    "e_nn": 229.3227416274,
    "eigs": [
        -89.02330681231241,
        -88.92730681574994,
        -19.109139315752603,
        -14.376599485212253,
        -8.060579711372103,
        -7.976709714375264,
        -6.024789784268321,
        -6.023149784327044,
        -6.017819784517898,
        -5.942689787208102,
        -5.937469787395017,
        -5.930919787629556,
        -1.0431199626486516,
        -0.9309599666648025,
        -0.7447299733332026,
        -0.6727399759109728,
        -0.5171499814822361,
        -0.5007999820676862,
        -0.4574299836206503,
        -0.42528998477149804,
        -0.37266998665568013,
        -0.3325799880911962,
        -0.29555998941678374,
        -0.2729099902278199,
        -0.25795999076313963,
        -0.040529998548728664,
        0.005979999785872131,
        0.02403999913919164,
        0.0402399985591128,
        0.05450999804814212,
        0.057499997941078185,
        0.2019199927697827,
        0.21774999220295257,
        0.23038999175034788,
        0.2398999914098201,
        0.2646399905239466,
        0.2884599896710158,
        0.2953499894243033,
        0.30638998902899034,
        0.31000998889936776,
        0.32651998830818857,
        0.34793998754119554,
        0.3745199865894366,
        0.3914099859846506,
        0.4301699845967583,
        0.45324998377032494,
        0.49443998229542074,
        0.5114999816845476,
        0.5269299811320405,
        0.5573599800424232,
        0.6173699778936249,
        0.6211499777582732,
        0.662879976264033,
        0.6858899754401062,
        0.7089599746140312,
        0.7342899737070312,
        0.7527099730474601,
        0.7746799722607729,
        0.7936999715797173,
        0.8408799698903273,
        0.8521699694860625,
        0.8925699680394461,
        0.9303699666859288,
        0.9705899652457577,
        1.0488899624420434,
        1.1491999588502095,
        1.1636199583338678,
        1.2303099559458766,
        1.2564899550084405,
        1.2986299534995194,
        1.3145599529291083,
        1.36096995126729,
        1.395469950031937,
        1.4203499491410503,
        1.441619948379428,
        1.4975899463752917,
        1.526289945347621,
        1.5359999449999318,
        1.5518299444331018,
        1.5708699437513303,
        1.5783699434827752,
        1.5937099429334904,
        1.6195399420085872,
        1.6421499411989833,
        1.6520599408441325,
        1.689999939485602,
        1.7042799389742733,
        1.7158099385614147,
        1.7858099360549011,
        1.8014199354959486,
        1.8370299342208494,
        1.8660199331827947,
        1.8923499322399875,
        1.945359930341841,
        1.9599899298179795,
        1.96372992968406,
        1.9802699290918067,
        2.0486099266447333,
        2.0931799250488003,
        2.1512499229694684,
        2.249039919467869,
        2.295389917808199,
        2.3091399173158482,
        2.33395991642711,
        2.362009915422714,
        2.3981399141289956,
        2.455999912057183,
        2.5343299092523943,
        2.5463499088219894,
        2.57390990783514,
        2.7119199028933694,
        2.7633099010532303,
        3.0750298898913675,
        3.171049886453147,
        3.21263988496392,
        3.276699882670102,
        3.2805798825311694,
        3.2925198821036306,
        3.3490298800801575,
        3.427749877261404,
        3.5039998745310945,
        3.5754098719740925,
        3.5966498712135446,
        3.623639870247105,
        3.63466986985215,
        3.684839868055696,
        3.7152698669660786,
        3.7770598647535434,
        3.8070698636789655,
        3.8555698619423096,
        3.8609098617510984,
        3.904929860174859,
        3.9524998584715045,
        3.996309856902785,
        4.0041898566206235,
        4.029339855720069,
        4.074019854120197,
        4.161499850987771,
        4.2059098493975675,
        4.218229848956422,
        4.329439844974287,
        4.416179841868359,
        4.491929839155953,
        4.553909836936615,
        4.58735983573886,
        4.714619831182017,
        4.816439827536114,
        4.886179825038911,
        5.047819819251012,
        5.110359817011622,
        5.161009815197981,
        5.16256981514212,
        5.234579812563635,
        5.308919809901718,
        5.431729805504219,
        5.447029804956366,
        5.50725980279969,
        5.561269800865737,
        5.573609800423875,
        5.599189799507922,
        5.696229796033178,
        5.907419788471027,
        6.052879783262492,
        6.301469774361146,
        6.343139772869055,
        6.687679760531995,
        6.6974597601818004,
        6.966179750559651,
        9.043799676165614,
        9.975279642811797
    ],
    "et": [
        -928.030964503
    ],
    "fc": [
        0.071,
        0.083,
        0.1028,
        0.6154,
        0.708,
        0.9433,
        0.7016,
        0.7079,
        0.7083,
        0.7938,
        7.4949,
        1.1537,
        3.4769,
        4.0967,
        7.7539
    ],
    "gap": 0.21742999221441098,
    "homo": -0.25795999076313963,
    "id": "AZ7_98046",
    "ir": [
        12.1657,
        14.7914,
        22.3349,
        10.761,
        66.6067,
        52.8358,
        36.2549,
        28.9385,
        5.1965,
        10.0833,
        109.1788,
        3.5111,
        64.8323,
        6.1858,
        26.4652
    ],
    "lumo": -0.040529998548728664,
    "ma": [
        14.00307,
        31.97207,
        31.97207,
        15.99491,
        1.00783,
        1.00783,
        1.00783
    ],
    "mr": [
        7.0467,
        2.4434,
        1.4892,
        5.4548,
        3.9409,
        2.8129,
        1.9807,
        1.2168,
        1.1943,
        1.1211,
        9.8586,
        1.0828,
        1.0393,
        1.0389,
        1.0756
    ],
    "mu": 1.8098138937470891,
    "mu_x": 0.68,
    "mu_xx=": -2.6294,
    "mu_xxx=": -5.2958,
    "mu_xxy=": -1.7307,
    "mu_xxz=": 3.8921,
    "mu_xy=": 4.8404,
    "mu_xyy=": 4.9909,
    "mu_xyz=": -0.2686,
    "mu_xz=": -2.3339,
    "mu_xzz=": -4.5844,
    "mu_y": -1.6692,
    "mu_yy=": -0.7798,
    "mu_yyy=": 2.4356,
    "mu_yyz=": -1.9036,
    "mu_yz=": 1.0208,
    "mu_yzz=": -3.4713,
    "mu_z": -0.1637,
    "mu_zz=": 3.4092,
    "mu_zzz=": -3.3883,
    "na": 7,
    "ne": 50,
    "ne_down": 25,
    "ne_up": 25,
    "ni": 4,