{
    "A": 0.0,
    "B": 0.2923863,
    "C": 0.2923863,
    "Cv": "14.753",
    "G": -667.544506,
    "H": -667.508326,
    "P": 1.0,
    "S": 0.00012134831460655648,
    "T": 298.15,
    "U": -667.50927,
    "U0": -667.514521,
    "alpha": 65.62166666666667,
    "alpha_xx": 53.249,
    "alpha_xy": 0.0,
    "alpha_xz": 53.249,
    "alpha_yy": 0.0,
    "alpha_yz": 0.0,
    "alpha_zz": 143.616,
    "bo": [
        0,
        3,
        0,
        1,
        3,
        0,
        1,
        0,
        0,
        1,
        0,
        0,
        1,
        0,
        0,
        0
    ],
    "coords": [
        0.60259,
        0.092098,
        0.004083,
        -0.60259,
        0.153621,
        -0.004089,
        -2.599611,
        0.25551,
        -0.01762,
        2.599612,
        -0.009787,
        0.017626
    ],
    "e ne": -1841.649109905,
    "e_k": 296.9289667394,
    "e_nn": 208.2151737149,
    "eigs": [
        -10.21358963427855,
        -10.211219634363415,
        -6.86744975409491,
        -6.86744975409491,
        -4.8706898255935664,
        -4.8706898255935664,
        -4.8555498261356895,
        -4.8555498261356895,
        -4.8555498261356895,
        -4.8555498261356895,
        -1.952979930068989,
        -1.952979930068989,
        -1.9474199302680775,
        -1.9474199302680775,
        -1.9474199302680775,
        -1.9474199302680775,
        -1.9345199307299923,
        -1.9345199307299923,
        -1.9345099307303504,
        -1.9345099307303504,
        -0.795399971518845,
        -0.749849973149869,
        -0.6988599749756852,
        -0.47871998285831213,
        -0.4308399845727674,
        -0.3541099873202642,
        -0.3541099873202642,
        -0.3025699891657743,
        -0.3025699891657743,
        -0.24858999109865434,
        -0.24858999109865434,
        -0.06091999781861709,
        -0.023319999164972925,
        0.01454999947900326,
        0.01454999947900326,
        0.09209999670214436,
        0.11773999578404426,
        0.1919399931271399,
        0.19313999308417112,
        0.23505999158312757,
        0.2351299915806211,
        0.2375699914932512,
        0.2376499914903866,
        0.24344999128270406,
        0.24344999128270406,
        0.2692799903578006,
        0.2692799903578006,
        0.28128998992775445,
        0.28128998992775445,
        0.33504998800275204,
        0.33504998800275204,
        0.4090899853515769,
        0.4090899853515769,
        0.4326699845072399,
        0.460189983521822,
        0.5206499813569104,
        0.522889981276702,
        0.5796199792453519,
        0.5796199792453519,
        0.6019799784446999,
        0.6019799784446999,
        0.6832699755339217,
        0.7435099733768876,
        0.7435099733768876,
        0.7630499726772123,
        0.7630499726772123,
        0.857959969278738,
        0.8842199683384374,
        0.8885999681816011,
        0.8885999681816011,
        0.9033799676523687,
        0.9033799676523687,
        0.9033899676520106,
        0.9033899676520106,
        0.9250699668757075,
        0.9250899668749916,
        1.0655299618462093,
        1.0869899610777838,
        1.0870099610770678,
        1.0893299609939946,
        1.1712199580617317,
        1.3216899526738022,
        1.321699952673444,
        1.3276499524603904,
        1.3276499524603904,
        1.3280599524457095,
        1.3280699524453514,
        1.3438099518817437,
        1.3781099506535521,
        1.3781099506535521,
        1.4127799494121118,
        1.4127799494121118,
        1.4154899493150739,
        1.4932599465303373,
        1.6720799401272697,
        1.6720799401272697,
        1.8363199342462728,
        1.9771499292035255,
        1.9771499292035255,
        2.0905399251433314,
        2.3984999141161043,
        2.3984999141161043,
        2.4437799124947484,
        2.490099910836153,
        2.490099910836153,
        2.506529910247838,
        2.506529910247838,
        2.5157599099173362,
        2.5157599099173362,
        2.5512099086479663,
        2.623889906045489,
        2.623889906045489,
        2.9103498957881198,
        2.9103498957881198,
        2.91247989571185,
        2.91247989571185,
        2.9565398941341785,
        2.9565398941341785,
        3.0641398902813095,
        3.0641398902813095,
        3.086399889484238,
        3.197559885503895,
        3.197559885503895,
        3.4440098766791762,
        3.529009873635553,
        3.529009873635553,
        3.590329871439847,
        3.590329871439847,
        4.161579850984906,
        4.397109842551204,
        4.72988983063524,
        4.72988983063524,
        4.941309823064851,
        5.204169813652537,
        5.297139810323528,
        15.60732944114309,
        58.23388791479954,
        58.24717791432365
    ],
    "et": [
        -667.523633984
    ],
    "fc": [
        0.0912,
        0.0912,
        3.0736,
        0.7168,
        0.7168,
        4.0373,
        34.8006
    ],
    "gap": 0.18766999328003725,
    "homo": -0.24858999109865434,
    "id": "AZ7_48529",
    "ir": [
        4.5338,
        4.5338,
        0.0,
        0.0,
        0.0,
        0.8929,
        0.0
    ],
    "lumo": -0.06091999781861709,
    "ma": [
        12.0,
        12.0,
        126.9004,
        126.9004
    ],
    "mr": [
        13.0183,
        13.0183,
        126.0661,
        12.0552,
        12.0552,
        13.0183,
        12.0075
    ],
    "mu": 0.0,
    "mu_x": 0.0,
    "mu_xx=": -4.6127,
    "mu_xxx=": 0.0,
    "mu_xxy=": 0.0,
    "mu_xxz=": 0.0,
    "mu_xy=": 0.0,
    "mu_xyy=": 0.0,
    "mu_xyz=": 0.0,
    "mu_xz=": 0.0,
    "mu_xzz=": 0.0,
    "mu_y": 0.0,
    "mu_yy=": -4.6127,
    "mu_yyy=": 0.0,
    "mu_yyz=": 0.0,
    "mu_yz=": 0.0,
    "mu_yzz=": 0.0,
    "mu_z": 0.0,
    "mu_zz=": 9.2254,
    "mu_zzz=": 0.0,
    "na": 4,
    "ne": 62,
    "ne_down": 31,
    "ne_up": 31,
    "ni": 4,
    "oemga": [
        109.0447,
        109.0447,
        203.4212,
        317.676,
        317.676,
        725.5045,
        2217.8972
    ],
    "oemga0": 2217.8972,
    "qa": [
        -0.141576,
        -0.141576,
        0.141576,
        0.141576
    ],
    "r2": 1361.8204,
    "rn": [
        0.68,
        -0.19,
        0.0,
        0.68,
        -0.19,
        0.0,
        -0.06,
        0.02,
        0.0,
        -0.06,
        0.02,
        0.0,
        0.19,
        0.68,
        0.0,
        0.19,
        0.68,
        0.0,
        -0.02,
        -0.06,
        0.0,
        -0.02,
        -0.06,
        0.0,
        0.0,
        0.0,
        -0.06,
        0.0,
        0.0,
        0.06,
        0.0,
        0.0,
        0.7,
        0.0,
        0.0,
        -0.7,
        0.67,
        -0.22,
        0.0,
        -0.67,
        0.22,
        0.0,
        0.01,
        0.0,
        0.0,
        -0.01,
        0.0,
        0.0,
        0.22,
        0.67,
        0.0,
        -0.22,
        -0.67,
        0.0,
        0.0,
        0.01,
        0.0,
        0.0,
        -0.01,
        0.0,
        0.0,
        0.0,
        0.7,
        0.0,
        0.0,
        0.7,
        0.0,
        0.0,
        -0.07,
        0.0,
        0.0,
        -0.07,
        0.0,
        0.0,
        0.71,
        0.0,
        0.0,
        -0.71,
        0.0,
        0.0,
        0.01,
        0.0,
        0.0,
        -0.01
    ],
    "smi": "C(#CI)I",
    "symbols": [
        "C",
        "C",
        "I",
        "I"
    ],
    "zpe": 0.009113,
    "zs": [
        6,
        6,
        53,
        53
    ]
}