{
    "A": 19.85107,
    "B": 7.32514,
    "C": 6.36689,
    "Cv": "13.347",
    "G": -228.953068,
    "H": -228.922094,
    "P": 1.0,
    "S": 0.00010388730504784408,
    "T": 298.15,
    "U": -228.923038,
    "U0": -228.927079,
    "alpha": 20.939333333333334,
    "alpha_xx": 35.323,
    "alpha_xy": 3.903,
    "alpha_xz": 27.961,
    "alpha_yy": 0.313,
    "alpha_yz": 1.581,
    "alpha_zz": 27.182,
    "bo": [
        0,
        1,
        0,
        0,
        1,
        0,
        0,
        0,
        1,
        0,
        1,
        1,
        0,
        1,
        0,
        0,
        0,
        1,
        0,
        1,
        0,
        0,
        1,
        1,
        0,
        1,
        1,
        0,
        0,
        0,
        0,
        0,
        1,
        0,
        0,
        0,
        0,
        0,
        0,
        0,
        0,
        1,
        0,
        0,
        0,
        0,
        0,
        0,
        0,
        0,
        1,
        0,
        0,
        0,
        0,
        0,
        0,
        0,
        1,
        0,
        0,
        0,
        0,
        0
    ],
    "coords": [
        1.26843,
        -0.74489,
        -0.328059,
        0.387323,
        0.192672,
        0.174003,
        -1.033144,
        -0.108189,
        0.103696,
        -0.431082,
        0.887196,
        -0.75154,
        2.069694,
        -0.29723,
        -0.620873,
        0.787533,
        0.818,
        0.968756,
        -1.331964,
        -1.020422,
        -0.400691,
        -1.716891,
        0.272863,
        0.854807
    ],
    "e ne": -788.3186156999,
    "e_disp": -0.002892444199986244,
    "e_k": 227.6955682533,
    "e_nn": 125.3193536506,
    "eigs": [
        -19.148409314346445,
        -19.140299314636845,
        -10.278759631944986,
        -10.225229633861753,
        -1.0977599606921389,
        -1.0278699631947135,
        -0.6844799754905946,
        -0.6309699774066452,
        -0.5579799800202226,
        -0.500409982081651,
        -0.45596998367292896,
        -0.4161799850977029,
        -0.3964999858023913,
        -0.320069988539146,
        -0.30614998903758406,
        -0.28151998991951876,
        0.03292999882086443,
        0.061049997813962135,
        0.0772499972338833,
        0.08873999682245699,
        0.11431999590650535,
        0.12449999554198667,
        0.2070899925846588,
        0.2160699922631089,
        0.28669998973403676,
        0.32645998831033707,
        0.32896998822046064,
        0.361639987050635,
        0.3692899867767089,
        0.3869899861429191,
        0.414939985142104,
        0.4460099840295701,
        0.4598499835339965,
        0.47314998305775896,
        0.4901899824476019,
        0.5136099816089942,
        0.5178999814553807,
        0.5695699796052157,
        0.6155299779595105,
        0.6489599767624712,
        0.6861599754304383,
        0.7182199742824551,
        0.7437399733686519,
        0.7962799714873344,
        0.8146899708281214,
        0.8564299693335232,
        0.9029099676691983,
        0.9476399660675361,
        0.9749599650892797,
        1.015949963621537,
        1.034479962958027,
        1.0586599620922055,
        1.0839799611855638,
        1.0953299607791507,
        1.1265499596612456,
        1.1911999573463015,
        1.197789957110331,
        1.2518499551745863,
        1.2884499538640382,
        1.299059953484122,
        1.3680899510123419,
        1.4148899493365583,
        1.4573599478158208,
        1.4836599468740876,
        1.5895199430835232,
        1.6337599414994068,
        1.7045099389660376,
        1.7907599358776547,
        1.8444099339565916,
        1.9066599317275847,
        1.9558399299665798,
        2.0134799279026447,
        2.0237199275359776,
        2.035999927096264,
        2.113969924304366,
        2.14590992316068,
        2.1997399212331703,
        2.2924099179149047,
        2.2982999177039996,
        2.3911299143800044,
        2.4371199127332255,
        2.476979911305945,
        2.5728799078720215,
        2.611979906471954,
        2.6914299036270615,
        2.734839902072665,
        2.7971098998429422,
        2.8091098994132544,
        2.838329898366964,
        2.907999895872267,
        2.91159989574336,
        2.960309893999185,
        2.995079892754164,
        3.0200698918593387,
        3.0459298909333605,
        3.0498498907929963,
        3.094989889176653,
        3.1125398885482345,
        3.146439887334366,
        3.1878298858522998,
        3.1991398854473188,
        3.213569884930619,
        3.2939198820535,
        3.3329298806566556,
        3.381619878913196,
        3.3822698788899217,
        3.4425098767328874,
        3.4490298764994236,
        3.5653098723357473,
        3.5875898715379595,
        3.6061798708723014,
        3.6401998696541353,
        3.7191998668253556,
        3.745889865869658,
        3.7730998648953404,
        3.801519863877696,
        3.827259862956015,
        3.843599862370923,
        3.8958998604981994,
        3.939999858919096,
        3.9671698579462102,
        4.0420598552646,
        4.049449854999984,
        4.079599853920392,
        4.1123298527484184,
        4.16086985101033,
        4.22325984877631,
        4.245249847988907,
        4.325789845104984,
        4.377839843241212,
        4.431989841302245,
        4.466989840048988,
        4.58201983593007,
        4.629389834233876,
        4.672819832678764,
        4.772879829095882,
        4.8155598275676255,
        4.873689825486144,
        4.9065598243091575,
        4.9498298227597735,
        5.005059820782136,
        5.151239815547818,
        5.179169814547719,
        5.228469812782418,
        5.308869809903507,
        5.353399808309007,
        5.402939806535112,
        5.4880498034875504,
        5.558839800952748,
        5.577549800282792,
        5.624699798594476,
        5.773039793282817,
        5.806369792089359,
        5.86943978983099,
        5.909729788388312,
        6.099439781595303,
        6.158619779476225,
        6.340789772953203,
        6.426489769884514,
        6.47463976816039,
        6.596929763781511,
        6.618079763024186,
        6.6628697614203745,
        6.682269760725712,
        6.73664975877851,
        6.872799753903341,
        6.910169752565221,
        6.965749750575049,
        7.007569749077587,
        7.163049743510261,
        7.243919740614523,
        7.403279734908265,
        10.374599628513211,
        10.86279961103207,
        12.174549564061799,
        13.137229529590792
    ],
    "et": [
        -228.988880629
    ],
    "fc": [
        0.0604,
        0.3018,
        0.9461,
        1.8169,
        1.156,
        1.1735,
        0.828,
        1.1595,
        1.1736,
        1.494,
        1.5677,
        1.245,
        1.7416,
        2.1904,
        5.9063,
        6.1356,
        6.6741,
        9.0623
    ],
    "gap": 0.3144499887403832,
    "homo": -0.28151998991951876,
    "id": "AZ7_11517",
    "ir": [
        126.6862,
        15.9738,
        16.4971,
        20.0461,
        68.9663,
        51.9883,
        0.5983,
        17.1779,
        3.2992,
        27.9596,
        168.9745,
        8.6747,
        12.2729,
        22.9216,
        25.7836,
        33.8741,
        18.7352,
        43.2566
    ],
    "lumo": 0.03292999882086443,
    "ma": [
        15.99491,
        12.0,
        12.0,
        15.99491,
        1.00783,
        1.00783,
        1.00783,
        1.00783
    ],
    "mr": [
        1.0868,
        2.7454,
        5.9449,
        4.8403,
        2.6891,
        2.1364,
        1.2107,
        1.5351,
        1.5052,
        1.837,
        1.7126,
        1.2031,
        1.3938,
        1.5896,
        1.0524,
        1.0867,
        1.1212,
        1.066
    ],
    "mu": 1.501106768354603,
    "mu_x": 0.5975,
    "mu_xx=": 1.6424,
    "mu_xxx=": 8.9985,
    "mu_xxy=": 4.3859,
    "mu_xxz=": 0.5355,
    "mu_xy=": 5.2242,