{
    "A": 20.82527,
    "B": 2.86105,
    "C": 2.74146,
    "Cv": "16.667",
    "G": -532.043978,
    "H": -532.009565,
    "P": 1.0,
    "S": 0.00011542176756694939,
    "T": 298.15,
    "U": -532.010509,
    "U0": -532.015669,
    "alpha": 35.61433333333333,
    "alpha_xx": 66.565,
    "alpha_xy": -1.294,
    "alpha_xz": 43.161,
    "alpha_yy": -2.642,
    "alpha_yz": 1.166,
    "alpha_zz": 42.92,
    "bo": [
        0,
        1,
        0,
        1,
        1,
        1,
        0,
        0,
        0,
        1,
        0,
        2,
        0,
        0,
        0,
        1,
        0,
        0,
        0,
        2,
        0,
        0,
        0,
        0,
        0,
        1,
        0,
        1,
        0,
        0,
        0,
        0,
        0,
        0,
        0,
        1,
        1,
        0,
        0,
        0,
        0,
        0,
        0,
        0,
        0,
        1,
        0,
        0,
        0,
        0,
        0,
        0,
        0,
        0,
        0,
        1,
        0,
        0,
        0,
        0,
        0,
        0,
        0,
        0,
        0,
        1,
        0,
        0,
        0,
        0,
        0,
        0,
        0,
        0,
        0,
        1,
        0,
        0,
        0,
        0,
        0
    ],
    "coords": [
        0.270394,
        -0.74697,
        -0.583006,
        -0.607081,
        0.146685,
        0.23519,
        -1.455367,
        0.904674,
        -0.320721,
        2.048026,
        -0.309945,
        -0.380208,
        0.207134,
        -1.778299,
        -0.232667,
        -0.017346,
        -0.705471,
        -1.630194,
        -0.438556,
        0.105737,
        1.31676,
        -1.963666,
        1.457207,
        0.369523,
        1.956463,
        0.926382,
        -0.904495
    ],
    "e ne": -1555.135540183,
    "e_disp": -0.004049418099981494,
    "e_k": 530.1435478616,
    "e_nn": 148.6800571216,
    "eigs": [
        -88.89233681700212,
        -14.310929487563723,
        -10.229429633711364,
        -10.214819634234509,
        -7.9443997155321995,
        -5.908949788416242,
        -5.905489788540136,
        -5.899369788759277,
        -0.9163699671872315,
        -0.7940399715675429,
        -0.6779799757233423,
        -0.5767199793491932,
        -0.5259999811653413,
        -0.4441799840950975,
        -0.4234399848377416,
        -0.4136899851868632,
        -0.3521999873886562,
        -0.31847998859607957,
        -0.27752999006239004,
        -0.24932999107215692,
        -0.024519999122004123,
        0.011049999604328937,
        0.04418999841767382,
        0.05142999815842871,
        0.07581999728508779,
        0.09328999665953362,
        0.10514999623485861,
        0.1707199938869716,
        0.1870799933011636,
        0.2337899916286029,
        0.24761999113338745,
        0.26953999034849063,
        0.29497998943755205,
        0.29670998937560533,
        0.3121199888238143,
        0.32038998852768763,
        0.3488799875075366,
        0.3600799871064944,
        0.3736699866198728,
        0.3904999860172353,
        0.4264599847296035,
        0.4472499839851689,
        0.4540799837406048,
        0.4628499834265745,
        0.48478998264096157,
        0.4949399822775171,
        0.5191699814099054,
        0.5285999810722422,
        0.5383699807224045,
        0.5861499790115299,
        0.6356699772383507,
        0.6504699767084021,
        0.6822299755711612,
        0.6973199750308284,
        0.7365499736261067,
        0.7629899726793605,
        0.793219971596905,
        0.8218699705710247,
        0.8623599691211857,
        0.8696399688605082,
        0.9042099676226487,
        0.9623899655393778,
        0.9950399643702684,
        0.9997799642005416,
        1.0344399629594594,
        1.054359962246177,
        1.0677999617649268,
        1.0891799609993658,
        1.1170799600003412,
        1.1454099589859192,
        1.194229957237805,
        1.221259956269933,
        1.2265299560812282,
        1.2883799538665444,
        1.3101399530873767,
        1.333999952233014,
        1.402429949782718,
        1.4400899484342136,
        1.4831999468905595,
        1.5033599461686833,
        1.5352699450260712,
        1.5522899444166305,
        1.5658599439307248,
        1.6178199420701755,
        1.6600999405562413,
        1.6712199401580639,
        1.685649939641364,
        1.7011199390874245,
        1.7375399377833214,
        1.7939799357623554,
        1.8455899339143387,
        1.8607599333711413,
        1.8771499327842593,
        1.9144599314482875,
        1.9433399304141716,
        1.9977599284655365,
        2.0025599282936613,
        2.0401599269473056,
        2.1164399242159218,
        2.2103299208539706,
        2.288509918054553,
        2.2893099180259076,
        2.385469914582674,
        2.39421991426936,
        2.422899913242405,
        2.44409991248329,
        2.522329909682082,
        2.564649908166716,
        2.606219906678205,
        2.7135599028346453,
        2.7468099016440513,
        2.774559900650398,
        2.811769899318007,
        2.8497198979591185,
        2.8986698962063495,
        2.920409895427898,
        2.9405898947053055,
        2.9463498944990554,
        2.997339892673239,
        3.0198098918686487,
        3.0492798908134064,
        3.0719198900027282,
        3.115189888453345,
        3.17230988640803,
        3.183939885991591,
        3.203859885278309,
        3.2483198836863143,
        3.3089298815160317,
        3.317729881200927,
        3.3486098800951964,
        3.3623498796032036,
        3.3704898793117324,
        3.3945398784505656,
        3.4282898772420682,
        3.4732498756321704,
        3.4897698750406327,
        3.5123398742324614,
        3.5255398737598043,
        3.5883998715089556,
        3.6369298697712256,
        3.63933986968493,
        3.6806098682071613,
        3.70120986746953,
        3.747659865806279,
        3.755249865534502,
        3.786639864410509,
        3.80480986375989,
        3.831159862816367,
        3.8716798613654535,
        3.8852198608806217,
        3.9346398591110234,
        3.9730198577367375,
        3.986219857264081,
        4.029169855726155,
        4.0671198543672675,
        4.089909853551219,
        4.114539852669283,
        4.145729851552453,
        4.174609850518338,
        4.206589849373219,
        4.242819848075919,
        4.246539847942715,
        4.348339844297529,
        4.373769843386948,
        4.466099840080856,
        4.541579837378118,
        4.571809836295663,
        4.588519835697323,
        4.714159831198488,
        4.752929829810238,
        4.8066898278852355,
        4.819949827410431,
        4.85648982610203,
        4.959959822397045,
        5.003079820853033,
        5.083989817955862,
        5.109419817045281,
        5.143899815810644,
        5.15954981525026,
        5.25998981165377,
        5.303159810107967,
        5.4361998053441605,
        5.443139805095656,
        5.550809801240281,
        5.641239798002223,
        5.660779797302548,
        5.747169794209153,
        5.872429789723926,
        5.913229788262987,
        6.271649775428921,
        6.5653097649137395,
        9.975219642813947,
        12.074779567634296,
        13.730759508338062
    ],
    "et": [
        -532.084282684
    ],
    "fc": [
        0.0252,
        0.0416,
        0.1496,
        0.3616,
        0.5773,
        0.4311,
        0.7355,
        1.3628,
        0.914,
        0.9081,
        0.8531,
        1.1624,
        1.1705,
        1.6938,
        1.4154,
        10.8912,
        4.3574,
        5.8314,
        5.8392,
        6.3546,
        7.5138
    ],
    "gap": 0.2248099919501528,
    "homo": -0.24932999107215692,
    "id": "AZ7_58370",