{
    "A": 20.00299,
    "B": 6.11965,
    "C": 4.8229,
    "Cv": "15.557",
    "G": -205.240299,
    "H": -205.207976,
    "P": 1.0,
    "S": 0.00010841187321814859,
    "T": 298.15,
    "U": -205.20892,
    "U0": -205.213627,
    "alpha": 23.361666666666668,
    "alpha_xx": 44.943,
    "alpha_xy": -2.162,
    "alpha_xz": 39.693,
    "alpha_yy": -0.12,
    "alpha_yz": 0.472,
    "alpha_zz": 25.262,
    "bo": [
        0,
        2,
        0,
        0,
        1,
        0,
        0,
        0,
        0,
        2,
        0,
        1,
        0,
        0,
        1,
        0,
        0,
        0,
        0,
        1,
        0,
        1,
        0,
        0,
        1,
        0,
        0,
        0,
        0,
        1,
        0,
        0,
        0,
        0,
        1,
        1,
        1,
        0,
        0,
        0,
        0,
        0,
        0,
        0,
        0,
        0,
        1,
        0,
        0,
        0,
        0,
        0,
        0,
        0,
        0,
        0,
        1,
        0,
        0,
        0,
        0,
        0,
        0,
        0,
        0,
        0,
        1,
        0,
        0,
        0,
        0,
        0,
        0,
        0,
        0,
        1,
        0,
        0,
        0,
        0,
        0
    ],
    "coords": [
        -1.779891,
        -0.515783,
        0.184067,
        -1.002712,
        0.479093,
        0.275038,
        0.381849,
        0.513836,
        0.199157,
        1.052887,
        -0.636855,
        -0.24233,
        -1.238613,
        -1.361089,
        -0.004411,
        -1.410626,
        1.470641,
        0.476283,
        0.795333,
        1.411073,
        -0.011643,
        1.337099,
        -0.556675,
        -1.212475,
        1.864674,
        -0.804142,
        0.336315
    ],
    "e ne": -724.2751349979,
    "e_disp": -0.003257927500001756,
    "e_k": 204.0825325773,
    "e_nn": 122.498613657,
    "eigs": [
        -14.361409485756166,
        -14.348879486204831,
        -14.26503948920692,
        -10.22759963377689,
        -0.9996099642066288,
        -0.8782799685511329,
        -0.7917499716495416,
        -0.5952799786846091,
        -0.5556599801032956,
        -0.5237099812473401,
        -0.49863998214503,
        -0.40658998544109526,
        -0.35687998722107794,
        -0.28537998978130247,
        -0.25838999074774244,
        -0.23847999146066648,
        0.015839999432811797,
        0.03540999873206223,
        0.04794999828303823,
        0.08671999689478783,
        0.09734999651415585,
        0.11912999573427206,
        0.18559999335415844,
        0.22535999193045875,
        0.26070999066466943,
        0.29885998929861957,
        0.33229998810122224,
        0.34858998751792075,
        0.3645899869450034,
        0.3900299860340647,
        0.3975999857630032,
        0.43009998459926474,
        0.4432899841269661,
        0.450789983858411,
        0.48285998271006975,
        0.49646998222273186,
        0.5226399812856539,
        0.5234699812559338,
        0.5424799805752364,
        0.5613899798981196,
        0.5690399796241935,
        0.5928499787716209,
        0.612999978050103,
        0.6607799763392285,
        0.7176799743017911,
        0.7309799738255535,
        0.7669299725382798,
        0.8006799713297821,
        0.8596699692175075,
        0.8812199684458594,
        0.9504599659665594,
        0.9712199652231991,
        0.9813099648619031,
        0.9986299642417201,
        1.0210099634403518,
        1.0632099619292823,
        1.0825499612367684,
        1.136999959287059,
        1.2019699569606563,
        1.2256399561130966,
        1.2430099554911234,
        1.294039953663875,
        1.3100599530902415,
        1.3473599517546277,
        1.377299950682556,
        1.398969949906611,
        1.4652999475315105,
        1.4835499468780264,
        1.5134499458073873,
        1.5231299454607723,
        1.5644699439804972,
        1.5869399431759064,
        1.609459942369525,
        1.6639199404194573,
        1.7064499388965715,
        1.7459799374811076,
        1.8123599351042166,
        1.8608499333679185,
        1.8844599325225075,
        2.029729927320776,
        2.0887599252070688,
        2.1075199245353233,
        2.2975399177312132,
        2.3278999166441023,
        2.38876991446451,
        2.4339499128467343,
        2.5468599088037287,
        2.576989907724853,
        2.628089905895098,
        2.7418199018227303,
        2.7773099005519275,
        2.8712598971878283,
        2.89415989636784,
        2.9261798952212894,
        2.9614998939565744,
        2.9764298934219706,
        2.995759892729815,
        3.0348198913311806,
        3.0597598904381456,
        3.0939698892131764,
        3.124489888120337,
        3.144309887410635,
        3.1578898869243717,
        3.208049885128276,
        3.2164498848274943,
        3.2310498843047073,
        3.242479883895429,
        3.306039881619515,
        3.348299880106297,
        3.373479879204668,
        3.399659878267232,
        3.4222898774569117,
        3.4367898769377057,
        3.4509198764317484,
        3.4732198756332444,
        3.48279987529021,
        3.4986898747212316,
        3.6068498708483103,
        3.6202698703677756,
        3.6449298694847667,
        3.6674298686791014,
        3.7042198673617497,
        3.7286698664862605,
        3.7563398654954714,
        3.7821198645723584,
        3.8152698633853452,
        3.842939862394556,
        3.8877498607900294,
        3.893119860597744,
        3.8995698603667868,
        3.937289859016134,
        3.9447198587500854,
        3.9593098582276562,
        4.030139855691424,
        4.069949854265933,
        4.098539853242201,
        4.134769851944901,
        4.201689849548674,
        4.213549849123999,
        4.244839848003588,
        4.264909847284935,
        4.32550984511501,
        4.360109843876076,
        4.42682984148701,
        4.455069840475812,
        4.551829837011093,
        4.5695298363773045,
        4.622359834485602,
        4.680679832397318,
        4.732699830534621,
        4.753229829799497,
        4.764919829380909,
        4.791669828423062,
        4.84895982637166,
        4.882409825173905,
        4.920659823804273,
        4.965679822192228,
        5.0068098207194724,
        5.0433498194110715,
        5.087609817826238,
        5.153719815459016,
        5.225409812891988,
        5.231359812678934,
        5.2577998117321885,
        5.293009810471412,
        5.400329806628569,
        5.429699805576908,
        5.4925198033274905,
        5.538749801672118,
        5.632669798309093,
        5.653269797571461,
        5.6718197969072355,
        5.695629796054663,
        5.77144979333975,
        5.811319791912112,
        5.921219787976886,
        5.938049787374248,
        6.0273497841766535,
        6.081919782222647,
        6.084359782135277,
        6.142479780054155,
        6.263729775712515,
        6.601169763629688,
        6.647059761986489,
        6.6639997613799125,
        6.786089757008194,
        10.047769640216123,
        11.951329572054712,
        12.63956954741067,
        13.937189500946353
    ],
    "et": [
        -205.289053269
    ],
    "fc": [
        0.0449,
        0.124,
        0.1239,
        0.1871,
        0.747,
        0.8375,
        0.7514,
        2.0667,
        0.7583,
        1.7,
        1.3585,
        1.201,
        1.4387,
        1.9161,
        2.1005,
        6.1745,
        6.0993,
        7.4576,
        7.4348,
        7.9403,
        8.2223
    ],
    "gap": 0.2543199908934783,
    "homo": -0.23847999146066648,
    "id": "AZ7_80828",