{
    "A": 34.88831,
    "B": 1.60029,
    "C": 1.55777,
    "Cv": "18.843",
    "G": -783.461208,
    "H": -783.423963,
    "P": 1.0,
    "S": 0.00012492034211000543,
    "T": 298.15,
    "U": -783.424907,
    "U0": -783.430834,
    "alpha": 49.95366666666666,
    "alpha_xx": 104.013,
    "alpha_xy": 0.289,
    "alpha_xz": 54.601,
    "alpha_yy": -0.168,
    "alpha_yz": -0.001,
    "alpha_zz": 46.016,
    "bo": [
        0,
        2,
        1,
        0,
        1,
        0,
        0,
        0,
        0,
        2,
        0,
        0,
        0,
        0,
        0,
        0,
        0,
        0,
        1,
        0,
        0,
        1,
        0,
        1,
        0,
        0,
        0,
        0,
        0,
        1,
        0,
        0,
        0,
        1,
        1,
        1,
        1,
        0,
        0,
        0,
        0,
        0,
        0,
        0,
        0,
        0,
        0,
        1,
        0,
        0,
        0,
        0,
        0,
        0,
        0,
        0,
        0,
        1,
        0,
        0,
        0,
        0,
        0,
        0,
        0,
        0,
        1,
        0,
        0,
        0,
        0,
        0,
        0,
        0,
        0,
        1,
        0,
        0,
        0,
        0,
        0
    ],
    "coords": [
        1.409915,
        0.413879,
        -0.2461,
        3.022824,
        0.175891,
        -0.057063,
        0.422382,
        -0.374674,
        0.239145,
        -1.319636,
        -0.130034,
        0.067161,
        1.036875,
        1.269498,
        -0.807853,
        0.776948,
        -1.168769,
        0.76149,
        -1.93068,
        0.184714,
        1.380143,
        -1.487914,
        0.999257,
        -0.872163,
        -1.930714,
        -1.369762,
        -0.46476
    ],
    "e ne": -2244.584390137,
    "e_disp": -0.004348967600009246,
    "e_k": 780.8886253922,
    "e_nn": 193.0422150597,
    "eigs": [
        -88.84612681865677,
        -66.17044763061246,
        -14.358529485859291,
        -10.26751963234746,
        -7.89980971712885,
        -5.863289790051205,
        -5.861079790130339,
        -5.855419790333008,
        -5.314909809687232,
        -3.6744498684277342,
        -3.6727598684882485,
        -3.6724498684993487,
        -0.9461099661223213,
        -0.747399973237597,
        -0.6183099778599661,
        -0.5873799789674871,
        -0.4783999828697704,
        -0.4586099835783976,
        -0.40909998535121883,
        -0.37856998644441686,
        -0.36291998700480166,
        -0.3575199871981612,
        -0.24658999117026903,
        -0.2191799921517481,
        -0.0483099982701476,
        -0.008639999690624617,
        0.026679999044660275,
        0.04082999853798647,
        0.04640999833818153,
        0.05462999804384523,
        0.07680999724963852,
        0.12441999554485125,
        0.16566999406779867,
        0.17011999390845597,
        0.19126999315113083,
        0.1946799930290278,
        0.2115599924246,
        0.23532999157345963,
        0.25804999075991697,
        0.26944999035171335,
        0.2729299902271038,
        0.31141998884887934,
        0.3181699886071799,
        0.32337998842062365,
        0.342009987753533,
        0.3656399869074057,
        0.36874998679604487,
        0.37043998673553047,
        0.391899985967105,
        0.4224799848721167,
        0.43639998437367855,
        0.4511699838448042,
        0.4717599831075312,
        0.49986998210098693,
        0.5289499810597097,
        0.532159980944768,
        0.5688799796299228,
        0.6027999784153378,
        0.6154499779623751,
        0.6296599774535528,
        0.6485999767753619,
        0.6928099751923196,
        0.6949799751146176,
        0.7271699739619795,
        0.7440199733586259,
        0.8079899710680306,
        0.8166099707593713,
        0.8392199699497673,
        0.8507099695383412,
        0.8722899687656188,
        0.8888499681726494,
        0.949279966008812,
        0.9540699658372949,
        0.9675099653560443,
        0.993599964421831,
        1.0009699641579308,
        1.0322799630368034,
        1.0664199618143406,
        1.0685599617377128,
        1.1022399605317221,
        1.1293199595620593,
        1.1701399581004037,
        1.2118299566075958,
        1.2417399555365987,
        1.264729954713388,
        1.2958899535976312,
        1.3048799532757234,
        1.3155299528943754,
        1.357569951389035,
        1.3703499509314172,
        1.3886899502747105,
        1.4592399477485032,
        1.4656899475175456,
        1.5003699462757474,
        1.5491699445283493,
        1.559539944157027,
        1.5755899435823195,
        1.5792399434516227,
        1.5907599430391222,
        1.611099942310801,
        1.65868994060673,
        1.6768599399561106,
        1.68920993951389,
        1.7009599390931538,
        1.7225499383200733,
        1.7890899359374535,
        1.8361799342512857,
        1.8930599322145645,
        1.9005399319467255,
        1.9305699308714313,
        1.93102993085496,
        1.9785399291537535,
        1.9838699289629005,
        2.1027199247071984,
        2.2190999205399407,
        2.267199918817608,
        2.2856399181573206,
        2.2979299177172483,
        2.398439914118253,
        2.465249911725965,
        2.5756799077717614,
        2.606759906658869,
        2.6809399040026807,
        2.7223499025198987,
        2.762129901095483,
        2.7658599009619214,
        2.784369900299128,
        2.8314698986126023,
        2.9189198954812507,
        2.9955798927362602,
        3.0097198922299446,
        3.0500698907851183,
        3.0521198907117135,
        3.118909888320142,
        3.158809886891429,
        3.1617598867857972,
        3.2296098843562695,
        3.234509884180814,
        3.272409882823715,
        3.287059882299138,
        3.306019881620231,
        3.3145098813162264,
        3.3473298801410296,
        3.377929879045326,
        3.388509878666484,
        3.433169877067328,
        3.4454298766283302,
        3.4863498751630937,
        3.5116498742571687,
        3.518459874013321,
        3.532769873500918,
        3.5682498722304734,
        3.580049871807947,
        3.6172798704748397,
        3.6221998702986675,
        3.642109869585744,
        3.7379098661554004,
        3.743269865963473,
        3.8043798637752873,
        3.8382798625614187,
        3.8737898612898998,
        3.896039860493187,
        3.900259860342079,
        3.9282298593405485,
        3.957859858279577,
        3.9843298573317565,
        4.013019856304444,
        4.067879854340054,
        4.083989853763198,
        4.136519851882238,
        4.162069850967361,
        4.195519849769606,
        4.223449848769506,
        4.283479846619993,
        4.316389845441574,
        4.427219841473046,
        4.496549838990523,
        4.507259838607026,
        4.614079834782087,
        4.62182983450458,
        4.710339831335274,
        4.8034098280026845,
        4.814019827622769,
        4.9171598239296,
        4.9662098221732505,
        5.055679818969567,
        5.120149816661068,
        5.162349815149999,
        5.241859812302957,
        5.420509805905977,
        5.572589800460396,
        5.6014997994252065,
        5.741489794412538,
        5.8807597894256505,
        6.000779785128054,
        6.370889771875401,
        10.14589963670235,
        12.235069561894738
    ],
    "et": [
        -783.489878136
    ],
    "fc": [
        0.0013,
        0.0297,
        0.1054,
        0.7759,
        0.3049,
        0.3422,
        0.462,
        1.332,
        0.5565,
        0.5914,
        0.6834,
        0.597,
        2.9275,
        2.6637,
        1.1655,
        2.3464,
        3.0837,
        3.049,
        3.1561,
        6.0885,
        7.7999
    ],
    "gap": 0.1708699938816005,
    "homo": -0.2191799921517481,
    "id": "AZ7_96227",