{
    "A": 17.18009,
    "B": 0.97124,
    "C": 0.93017,
    "Cv": "18.639",
    "G": -773.028165,
    "H": -772.988844,
    "P": 1.0,
    "S": 0.00013188328022798132,
    "T": 298.15,
    "U": -772.989788,
    "U0": -772.995886,
    "alpha": 54.238,
    "alpha_xx": 108.717,
    "alpha_xy": -3.428,
    "alpha_xz": 63.164,
    "alpha_yy": -0.001,
    "alpha_yz": 0.0,
    "alpha_zz": 53.998,
    "bo": [
        0,
        1,
        0,
        0,
        1,
        1,
        1,
        0,
        0,
        1,
        0,
        1,
        0,
        0,
        0,
        0,
        0,
        0,
        0,
        1,
        0,
        1,
        0,
        0,
        0,
        1,
        1,
        0,
        0,
        1,
        0,
        0,
        0,
        0,
        0,
        0,
        1,
        0,
        0,
        0,
        0,
        0,
        0,
        0,
        0,
        1,
        0,
        0,
        0,
        0,
        0,
        0,
        0,
        0,
        1,
        0,
        0,
        0,
        0,
        0,
        0,
        0,
        0,
        0,
        0,
        1,
        0,
        0,
        0,
        0,
        0,
        0,
        0,
        0,
        1,
        0,
        0,
        0,
        0,
        0,
        0
    ],
    "coords": [
        1.448037,
        0.094477,
        -0.655197,
        -0.171097,
        -0.293346,
        -1.40352,
        -1.208668,
        -0.060842,
        0.064888,
        -3.285609,
        -0.441523,
        -0.423125,
        1.690146,
        -0.60449,
        0.144238,
        2.183801,
        -0.010188,
        -1.450762,
        1.474723,
        1.117144,
        -0.281444,
        -1.173645,
        0.961419,
        0.428464,
        -0.957689,
        -0.762652,
        0.854113
    ],
    "e ne": -2229.57690316,
    "e_k": 586.3054722961,
    "e_nn": 237.6986134332,
    "eigs": [
        -88.89239681699995,
        -10.247449633066115,
        -10.205349634573603,
        -7.9431197155780335,
        -6.83126975539042,
        -5.908199788443097,
        -5.904429788578091,
        -5.897479788826952,
        -4.83338982692918,
        -4.82009982740506,
        -4.819769827416876,
        -1.9151799314225062,
        -1.9110699315696742,
        -1.9107799315800584,
        -1.899409931987188,
        -1.899409931987188,
        -0.8144099708381475,
        -0.7382299735659503,
        -0.6633999762454132,
        -0.6032499783992245,
        -0.4672699832683061,
        -0.44583998403565733,
        -0.42992998460535203,
        -0.4211399849200985,
        -0.35424998731525126,
        -0.3259099883300311,
        -0.26053999067075667,
        -0.2595899907047736,
        -0.23491999158814061,
        -0.047309998305954934,
        0.014029999497623076,
        0.03516999874065599,
        0.06076999782398819,
        0.07629999726790027,
        0.08598999692092718,
        0.11118999601858232,
        0.1132499959448192,
        0.16034999425829366,
        0.20575999263228253,
        0.21014999247508834,
        0.21900999215783534,
        0.23563999156235932,
        0.24922999107573765,
        0.2559599908347543,
        0.2593599907130093,
        0.27740999006668693,
        0.2863199897476436,
        0.3120699888256047,
        0.31626998867521383,
        0.3210599885036967,
        0.33614998796336404,
        0.36113998706853867,
        0.3664299868791178,
        0.4137899851832824,
        0.4263299847342584,
        0.4373199843407358,
        0.4380199843156707,
        0.4477599839669072,
        0.4598499835339965,
        0.4650499833477984,
        0.47793998288624184,
        0.5187799814238703,
        0.5564699800742918,
        0.5812799791859118,
        0.6546199765598016,
        0.6932599751762062,
        0.7068099746910169,
        0.7147299744074227,
        0.7270799739652021,
        0.7542499729923168,
        0.8143499708402959,
        0.8385599699734003,
        0.8477399696446891,
        0.86149996915198,
        0.9110099673791588,
        0.9295699667145746,
        0.9297099667095616,
        0.9373199664370678,
        0.9607999655963115,
        0.9838199647720267,
        0.9898199645571827,
        1.0081199639019083,
        1.0211599634349808,
        1.0296099631324087,
        1.0532999622841328,
        1.0712099616428234,
        1.0998299606180177,
        1.1392199592075667,
        1.1633399583438937,
        1.196999957138619,
        1.220939956281391,
        1.226809956071202,
        1.2395599556146586,
        1.2635399547559987,
        1.2991499534808995,
        1.3015499533949617,
        1.3225199526440818,
        1.3566899514205453,
        1.376499950711202,
        1.3869499503370153,
        1.393089950117158,
        1.4628299476199549,
        1.483349946885188,
        1.5204799455556617,
        1.5342599450622365,
        1.5486699445462528,
        1.5956099428654567,
        1.6620399404867752,
        1.6651299403761306,
        1.6732799400843008,
        1.730749938026453,
        1.7713099365741076,
        1.8759799328261537,
        1.885519932484552,
        1.9098199316144335,
        1.97545992926404,
        1.995239928555771,
        2.020999927633374,
        2.0925999250695684,
        2.1440299232279973,
        2.185279921750945,
        2.219259920534211,
        2.278349918418356,
        2.33748991630071,
        2.3853599145866125,
        2.423329913227008,
        2.45115991223049,
        2.50648991024927,
        2.516469909891913,
        2.6392799054944143,
        2.6602799047424606,
        2.703709903187348,
        2.759069901205053,
        2.7593599011946695,
        2.7902799000875067,
        2.8479898980210647,
        2.8539798978065787,
        2.902749896060256,
        2.9524398942809893,
        2.9658598938004546,
        2.977199893394399,
        3.03112989146331,
        3.0420198910733673,
        3.052629890693452,
        3.056159890567052,
        3.0878398894326753,
        3.1937298856410368,
        3.2135398849316936,
        3.2189698847372594,
        3.2922998821115077,
        3.302089881760954,
        3.3240398809749827,
        3.3725698792372527,
        3.3806998789461393,
        3.412509877807108,
        3.4273198772768008,
        3.4603398760944426,
        3.4790298754252036,
        3.4928698749296303,
        3.557899872601079,
        3.622399870291506,
        3.6543598691471035,
        3.685799868021321,
        3.739839866086293,
        3.759899865367997,
        3.8274598629488534,
        3.8356098626570234,
        3.9087298600387914,
        3.94894985859862,
        3.9554398583662307,
        3.9928898570252462,
        4.014219856261476,
        4.048749855025048,
        4.0665098543891105,
        4.103969853047768,
        4.119529852490605,
        4.134849851942037,
        4.23711984828002,
        4.3246598451454465,
        4.401609842390071,
        4.642209833774827,
        4.7022898316235215,
        4.711699831286576,
        4.75106982987684,
        4.7606898295323745,
        4.9065298243102315,
        4.910959824151605,
        4.990319821309934,
        5.027749819969666,
        5.030929819855799,
        5.098119817449905,
        5.131309816261458,
        5.1586498152824865,
        5.211649813384697,
        5.233559812600158,
        5.24441981221129,
        5.301069810182805,
        5.783599792904691,
        5.808799792002347,
        5.818359791660028,
        11.227289597980654,
        12.577099549647553,
        58.272487913417365
    ],
    "et": [
        -773.061487472
    ],
    "fc": [
        0.0045,
        0.0766,
        0.0184,
        0.1246,
        0.9104,
        1.6149,
        2.1054,
        0.4761,
        0.6496,
        0.7347,
        0.6976,
        0.9302,
        1.2392,
        1.3427,
        1.3325,
        1.362,
        5.5778,
        5.8782,
        6.3056,
        6.3419,
        6.512
    ],