{
    "A": 19.18817,
    "B": 4.24703,
    "C": 3.97161,
    "Cv": "14.673",
    "G": -567.894523,
    "H": -567.861951,
    "P": 1.0,
    "S": 0.00010924702331065865,
    "T": 298.15,
    "U": -567.862895,
    "U0": -567.867382,
    "alpha": 29.49933333333333,
    "alpha_xx": 56.857,
    "alpha_xy": -3.297,
    "alpha_xz": 35.948,
    "alpha_yy": -0.359,
    "alpha_yz": -2.321,
    "alpha_zz": 32.0,
    "bo": [
        0,
        1,
        1,
        0,
        1,
        1,
        0,
        1,
        0,
        1,
        1,
        0,
        0,
        0,
        1,
        1,
        0,
        0,
        0,
        0,
        0,
        0,
        1,
        0,
        0,
        0,
        0,
        1,
        1,
        0,
        0,
        0,
        0,
        0,
        0,
        1,
        0,
        0,
        0,
        0,
        0,
        0,
        0,
        0,
        0,
        1,
        0,
        0,
        0
    ],
    "coords": [
        -1.004097,
        -0.061852,
        0.441075,
        0.260842,
        -0.018324,
        1.112882,
        -0.332464,
        -1.282093,
        0.523922,
        1.520661,
        0.64457,
        0.090356,
        -1.877069,
        0.06768,
        1.076344,
        -1.083487,
        0.370775,
        -0.55558,
        2.515615,
        0.279243,
        0.919918
    ],
    "e ne": -1665.726375592,
    "e_disp": -0.002141892799983225,
    "e_k": 565.8206045886,
    "e_nn": 160.7087419143,
    "eigs": [
        -88.92272681591393,
        -19.174869313398982,
        -14.41332948389705,
        -10.272209632179525,
        -7.973349714495578,
        -5.938599787354554,
        -5.934299787508526,
        -5.927909787737334,
        -1.126499959663036,
        -0.8422099698427036,
        -0.7110699745384775,
        -0.6482599767875363,
        -0.5301699810160247,
        -0.490589982433279,
        -0.43146998455020874,
        -0.40906998535229305,
        -0.3829299862882968,
        -0.3328399880818863,
        -0.2740599901866415,
        -0.2612599906449754,
        -0.02989999892936065,
        0.013829999504784543,
        0.03254999883447122,
        0.05764999793570708,
        0.06420999770081096,
        0.09929999644433153,
        0.16393999412974533,
        0.20372999270497144,
        0.2631699905765834,
        0.2788299900158405,
        0.2828899898704627,
        0.2973799893516144,
        0.3407399877990083,
        0.3454399876307139,
        0.3661099868905762,
        0.371189986708675,
        0.3976499857612128,
        0.4204099849462379,
        0.4380199843156707,
        0.44949998390460244,
        0.46462998336283745,
        0.4966399822166447,
        0.5055099818990335,
        0.5632299798322341,
        0.6123699780726616,
        0.6670199761157907,
        0.6799299756535181,
        0.7022499748542984,
        0.7327699737614585,
        0.78680997182643,
        0.8299599702813434,
        0.8598199692121364,
        0.8835599683620702,
        0.9287299667446528,
        0.9531799658691635,
        0.9669199653771706,
        1.023199963361934,
        1.0494299624227075,
        1.0910099609338384,
        1.1585199585164851,
        1.2084699567279085,
        1.2173599564095814,
        1.273319954405803,
        1.2838499540287516,
        1.371619950885942,
        1.4054299496752956,
        1.4353099486053726,
        1.4824199469184889,
        1.5018299462234688,
        1.5361499449945608,
        1.5687599438268833,
        1.615999942135345,
        1.6527299408201417,
        1.689629939498851,
        1.7348499378796431,
        1.7813799362135276,
        1.7935099357791848,
        1.8287199345184082,
        1.8328199343715983,
        1.8499399337585767,
        1.8839399325411275,
        1.9270799309963988,
        1.9422299304539177,
        2.012529927936662,
        2.0420999268778393,
        2.078919925559413,
        2.1002799247945685,
        2.177169922041342,
        2.2444999196304343,
        2.292639917906669,
        2.3668899152479748,
        2.398349914121476,
        2.5040699103359243,
        2.543459908925473,
        2.69567990347488,
        2.728309902306487,
        2.8131198992696667,
        2.843969898165011,
        2.8975498962464536,
        2.9433898946050454,
        2.9613898939605137,
        2.993149892823272,
        3.01467989205234,
        3.059239890456765,
        3.11645988840787,
        3.249189883655162,
        3.2765598826751154,
        3.289119882225375,
        3.3110498814401197,
        3.3522598799644996,
        3.4037798781197055,
        3.4214398774873485,
        3.483949875249032,
        3.5179998740297918,
        3.5810998717703493,
        3.6068698708475937,
        3.6131098706241556,
        3.70831986721494,
        3.7415798660239874,
        3.785599864447749,
        3.8783398611269764,
        3.931859859210568,
        3.9435798587909057,
        3.9719798577739778,
        3.995129856945038,
        4.023109855943148,
        4.064399854464663,
        4.14342985163481,
        4.1760398504671326,
        4.2371098482803795,
        4.295569846187082,
        4.341819844530993,
        4.396089842587728,
        4.52242983806383,
        4.55450983691513,
        4.706109831486738,
        4.72521983080246,
        4.7767898289558754,
        4.786089828622867,
        4.869639825631165,
        4.930039823468401,
        4.977849821756452,
        5.0555298189749385,
        5.1189798167029625,
        5.184679814350421,
        5.2014498137499325,
        5.247349812106376,
        5.266509811420306,
        5.323899809365324,
        5.516159802481005,
        5.534569801821792,
        5.580019800194349,
        5.730779794796035,
        5.839389790907,
        5.857249790267481,
        5.896529788860969,
        6.250339776191974,
        6.357979772337674,
        6.53894976585762,
        6.543199765705439,
        6.85996975436275,
        6.935019751675408,
        7.228789741156288,
        9.055709675739148,
        10.400739627577208,
        12.483159553011294
    ],
    "et": [
        -567.911182667
    ],
    "fc": [
        0.0472,
        0.2034,
        0.8482,
        1.5202,
        1.7769,
        1.1574,
        0.9513,
        0.8081,
        1.0742,
        1.1591,
        4.534,
        1.585,
        4.3465,
        5.7407,
        6.4958
    ],
    "gap": 0.23135999171561475,
    "homo": -0.2612599906449754,
    "id": "AZ7_13932",
    "ir": [
        23.0369,
        11.3856,
        3.2526,
        69.3361,
        10.7608,
        12.9464,
        6.9805,
        1.73,
        2.7565,
        3.2576,
        31.8636,
        3.1569,
        0.4839,
        31.9658,
        20.8874
    ],
    "lumo": -0.02989999892936065,
    "ma": [
        12.0,
        14.00307,
        15.99491,
        31.97207,
        1.00783,
        1.00783,
        1.00783
    ],
    "mr": [
        1.1525,
        2.7723,
        10.7244,
        8.2088,
        7.1272,
        2.3938,
        1.6127,
        1.1924,
        1.3636,
        1.2891,
        4.7163,
        1.1416,
        1.0391,
        1.0488,
        1.1207
    ],
    "mu": 1.5020695922626222,
    "mu_x": 0.2391,
    "mu_xx=": 2.7029,
    "mu_xxx=": -0.5661,
    "mu_xxy=": -0.2204,
    "mu_xxz=": 1.9075,
    "mu_xy=": -4.9993,
    "mu_xyy=": -0.8374,
    "mu_xyz=": -1.6789,
    "mu_xz=": 0.3466,
    "mu_xzz=": -2.0057,
    "mu_y": 1.4829,
    "mu_yy=": -0.3934,
    "mu_yyy=": -1.9521,
    "mu_yyz=": 0.0234,
    "mu_yz=": -1.3526,
    "mu_yzz=": 0.3959,
    "mu_z": 0.0072,
    "mu_zz=": -2.3095,
    "mu_zzz=": -1.6045,
    "na": 7,
    "ne": 40,
    "ne_down": 20,
    "ne_up": 20,
    "ni": 4,