{
    "A": 21.95414,
    "B": 7.69472,
    "C": 5.69772,
    "Cv": "11.701",
    "G": -241.129183,
    "H": -241.098687,
    "P": 1.0,
    "S": 0.00010228408519201548,
    "T": 298.15,
    "U": -241.099631,
    "U0": -241.10336,
    "alpha": 20.031666666666666,
    "alpha_xx": 43.979,
    "alpha_xy": -0.116,
    "alpha_xz": 30.352,
    "alpha_yy": 0.0,
    "alpha_yz": 0.0,
    "alpha_zz": 16.116,
    "bo": [
        0,
        1,
        0,
        0,
        1,
        1,
        0,
        1,
        0,
        2,
        0,
        0,
        0,
        0,
        0,
        2,
        0,
        2,
        0,
        0,
        1,
        0,
        0,
        2,
        0,
        0,
        0,
        0,
        1,
        0,
        0,
        0,
        0,
        0,
        0,
        1,
        0,
        0,
        0,
        0,
        0,
        0,
        0,
        0,
        1,
        0,
        0,
        0,
        0
    ],
    "coords": [
        1.032581,
        -0.302056,
        0.225097,
        -0.237575,
        -0.603616,
        0.474817,
        -1.030052,
        0.182413,
        -0.131524,
        -0.702996,
        1.146144,
        -0.889039,
        1.718976,
        -0.877574,
        0.667834,
        1.232665,
        0.476776,
        -0.386326,
        -2.013598,
        -0.022086,
        0.039142
    ],
    "e ne": -819.5087296109,
    "e_disp": -0.0018554070000078582,
    "e_k": 239.8440956998,
    "e_nn": 126.7924958196,
    "eigs": [
        -19.108229315785184,
        -14.46564948202361,
        -14.397889484449914,
        -14.364839485633347,
        -1.1497199588315896,
        -1.004869964018282,
        -0.8743799686907816,
        -0.686869975405015,
        -0.5983899785732482,
        -0.5268299811356212,
        -0.4919399823849391,
        -0.48770998253640413,
        -0.3467099875852386,
        -0.33943998784555784,
        -0.27215999025467547,
        -0.21810999219006194,
        -0.021879999216535488,
        0.03453999876321462,
        0.042389998482127024,
        0.09926999644540575,
        0.2026299927443595,
        0.21811999218970388,
        0.2983399893172394,
        0.30585998904796824,
        0.3899599860365712,
        0.40331998555818527,
        0.4038399855395654,
        0.4544499837273562,
        0.46077998350069577,
        0.48403998266781706,
        0.5098299817443459,
        0.5155999815377376,
        0.5231299812681083,
        0.5429699805576907,
        0.587789978952806,
        0.5934499787501365,
        0.6036699783841855,
        0.6820499755776065,
        0.684549975488088,
        0.7457699732959631,
        0.7470099732515619,
        0.8468599696761994,
        0.8622699691244083,
        0.8851199683062108,
        0.9124499673275962,
        1.008999963870398,
        1.0250499632956902,
        1.0722699616048679,
        1.1013299605643065,
        1.1681399581720184,
        1.2747599543542403,
        1.317039952840306,
        1.3195999527486395,
        1.3532299515444386,
        1.401259949824612,
        1.4120299494389674,
        1.4579899477932619,
        1.546609944620016,
        1.5594999441584596,
        1.5793899434462515,
        1.6401799412695235,
        1.653199940803312,
        1.732679937957345,
        1.786139936043085,
        1.789929935907375,
        1.8565099335233228,
        1.9607999297889758,
        2.0890799251956107,
        2.165729922450978,
        2.187579921668588,
        2.2879299180753216,
        2.455689912068283,
        2.6387799055123184,
        2.7362999020203866,
        2.803019899631321,
        2.8383998983644574,
        2.9242698952896817,
        3.029279891529553,
        3.0312498914590127,
        3.0584298904857694,
        3.0861998894914,
        3.151329887159268,
        3.258689883314992,
        3.273049882800799,
        3.2781298826188974,
        3.3325598806699044,
        3.3563998798162573,
        3.399689878266158,
        3.488529875085034,
        3.5001798746678783,
        3.5040898745278724,
        3.5723698720829473,
        3.600199871086429,
        3.667929868661198,
        3.6760098683718754,
        3.6904998678530263,
        3.704619867347427,
        3.7700498650045526,
        3.820309863204876,
        3.826469862984303,
        3.8924498606217353,
        3.931949859207345,
        3.9393698589416544,
        3.991409857078241,
        4.005299856580877,
        4.05747985471245,
        4.067719854345783,
        4.0696798542756,
        4.115899852620585,
        4.162359850956976,
        4.22657984865743,
        4.320239845303714,
        4.334729844784867,
        4.339699844606904,
        4.383829843026725,
        4.457059840404556,
        4.508569838560119,
        4.5496398370895115,
        4.634509834050543,
        4.670859832748946,
        4.67232983269631,
        4.698379831763529,
        4.73014983062593,
        4.848569826385625,
        4.8735298254918735,
        4.887389824995584,
        4.909089824218565,
        5.134909816132552,
        5.139679815961752,
        5.226369812857613,
        5.239269812395699,
        5.328359809205623,
        5.367559807801976,
        5.398789806683712,
        5.508979802738102,
        5.551099801229897,
        5.559239800938426,
        5.6011497994377395,
        5.6318297983391705,
        5.638839798088161,
        5.695639796054305,
        5.717199795282299,
        5.813589791830829,
        5.9613797865388625,
        5.969369786252762,
        6.040199783716528,
        6.197429778086541,
        6.290339774759682,
        6.328669773387187,
        6.430649769735554,
        6.614859763139486,
        6.776269757359823,
        6.808749756196801,
        6.823049755684756,
        6.838989755113986,
        7.051789747494186,
        7.252769740297627,
        7.262419739952086,
        9.154969672184913,
        11.209859598604776,
        13.200099527339583,
        13.919759501570477
    ],
    "et": [
        -241.153878007
    ],
    "fc": [
        0.1615,
        0.32,
        0.2399,
        0.764,
        0.3948,
        1.2982,
        2.9328,
        4.0739,
        2.009,
        1.6539,
        2.7896,
        3.1132,
        7.5232,
        7.6995,
        9.1847
    ],
    "gap": 0.19622999297352645,
    "homo": -0.21810999219006194,
    "id": "AZ7_97426",
    "ir": [
        198.2463,
        21.1674,
        19.5385,
        4.0133,
        69.8849,
        10.9781,
        112.0179,
        163.2838,
        21.4259,
        6.6003,
        108.3956,
        37.7784,
        34.5467,
        24.3329,
        97.4718
    ],
    "lumo": -0.021879999216535488,
    "ma": [
        14.00307,
        14.00307,
        14.00307,
        15.99491,
        1.00783,
        1.00783,
        1.00783
    ],
    "mr": [
        1.2495,
        4.1462,
        1.2901,
        3.2699,
        1.1648,
        3.1912,
        3.7882,
        4.6319,
        2.0753,
        1.2574,
        1.9769,
        2.056,
        1.0768,
        1.0474,
        1.1019
    ],
    "mu": 2.1685958152684885,
    "mu_x": 1.9266,
    "mu_xx=": 1.9821,
    "mu_xxx=": 13.6191,
    "mu_xxy=": 3.2339,
    "mu_xxz=": 0.0005,
    "mu_xy=": -6.3477,
    "mu_xyy=": -2.9125,
    "mu_xyz=": 0.0,
    "mu_xz=": 0.0002,
    "mu_xzz=": -1.6799,
    "mu_y": 0.9955,
    "mu_yy=": 0.1714,
    "mu_yyy=": -2.3616,
    "mu_yyz=": -0.0001,
    "mu_yz=": 0.0001,
    "mu_yzz=": 0.115,
    "mu_z": 0.0,
    "mu_zz=": -2.1535,
    "mu_zzz=": 0.0,
    "na": 7,
    "ne": 32,
    "ne_down": 16,
    "ne_up": 16,
    "ni": 4,
    "oemga": [
        -468.4009,
        361.9125,
        561.8497,
        629.7224,
        758.4443,
        830.9392,
        1146.3058,
        1221.8025,
        1281.8115,
        1494.1459,
        1547.5863,
        1603.1192,
        3443.5507,
        3532.154,
        3761.3678
    ],
    "oemga0": 3761.3678,