{
    "A": 17.71156,
    "B": 4.03395,
    "C": 3.36051,
    "Cv": "13.609",
    "G": -564.099977,
    "H": -564.067644,
    "P": 1.0,
    "S": 0.00010844541338250604,
    "T": 298.15,
    "U": -564.068588,
    "U0": -564.072832,
    "alpha": 29.966333333333335,
    "alpha_xx": 58.344,
    "alpha_xy": 2.014,
    "alpha_xz": 42.128,
    "alpha_yy": 1.578,
    "alpha_yz": -0.848,
    "alpha_zz": 29.977,
    "bo": [
        0,
        2,
        0,
        0,
        1,
        0,
        0,
        2,
        0,
        1,
        0,
        0,
        0,
        0,
        0,
        1,
        0,
        1,
        0,
        1,
        0,
        0,
        0,
        1,
        0,
        0,
        0,
        1,
        1,
        0,
        0,
        0,
        0,
        0,
        0,
        0,
        0,
        1,
        0,
        0,
        0,
        0,
        0,
        0,
        0,
        1,
        0,
        0,
        0
    ],
    "coords": [
        1.666628,
        -0.410309,
        0.148826,
        0.656246,
        -1.10611,
        0.072488,
        -0.563033,
        -0.541949,
        -0.204048,
        -0.878819,
        1.105785,
        -0.530168,
        1.448794,
        0.592456,
        -0.02682,
        -1.320686,
        -1.203609,
        -0.200587,
        -1.00913,
        1.563736,
        0.74031
    ],
    "e ne": -1651.349596494,
    "e_disp": -0.002612232999979369,
    "e_k": 562.0427877909,
    "e_nn": 158.6211623491,
    "eigs": [
        -88.9400368152941,
        -14.413559483888813,
        -14.391969484661894,
        -14.34299948641538,
        -7.989039713933761,
        -5.954739786776623,
        -5.949879786950648,
        -5.943549787177308,
        -1.0765199614526866,
        -0.9181599671231364,
        -0.7642599726338853,
        -0.6333999773196334,
        -0.5758499793803455,
        -0.5228399812784924,
        -0.4557299836815228,
        -0.3975099857662258,
        -0.3650899869270997,
        -0.2894899896341343,
        -0.2761899901103719,
        -0.262679990594129,
        -0.033599998796873504,
        -0.015259999453580052,
        0.011089999602896644,
        0.05416999806031662,
        0.08328999701760699,
        0.16506999408928305,
        0.20158999278159914,
        0.2500399910467337,
        0.271399990281889,
        0.2865499897394079,
        0.29033998960369806,
        0.32371998840844923,
        0.3489299875057463,
        0.3579399871831221,
        0.38819998609959216,
        0.42330998484239657,
        0.4470099839937628,
        0.4598999835322061,
        0.48576998260587034,
        0.496179982233116,
        0.4995999821106549,
        0.5200999813766046,
        0.5439199805236737,
        0.5882599789359765,
        0.6343499772856164,
        0.6389899771194704,
        0.6672799761064808,
        0.7081299746437513,
        0.7244199740604496,
        0.7527799730449536,
        0.7772099721701804,
        0.8223199705549116,
        0.8415399698666943,
        0.8646899690377546,
        0.9132199673000246,
        0.9957799643437709,
        1.0504099623876162,
        1.085209961141521,
        1.1428399590779441,
        1.1552199586346492,
        1.2156499564708119,
        1.2601299548781018,
        1.3161299528728907,
        1.3330799522659564,
        1.389029950262536,
        1.4137599493770205,
        1.4571199478244146,
        1.5030799461787094,
        1.5315099451607068,
        1.5611099441008096,
        1.5806699434004183,
        1.5975399427963484,
        1.6224999419025974,
        1.625959941778704,
        1.6451899410901287,
        1.7085899388199437,
        1.7497799373450396,
        1.7738799364820828,
        1.8039899354039237,
        1.8257199346258306,
        1.8622099333192208,
        1.9509599301413196,
        1.9567599299336373,
        1.9930299286349051,
        2.0125899279345134,
        2.065439926042096,
        2.158779922699839,
        2.3279099166437445,
        2.3650599153135023,
        2.4426399125355687,
        2.587029907365347,
        2.608099906610887,
        2.6374799055588674,
        2.761659901112312,
        2.891729896454852,
        2.9325798949921227,
        2.9955098927387667,
        3.114239888487362,
        3.1317698878596594,
        3.186639885894911,
        3.198719885462358,
        3.2480398836963404,
        3.2632798831506364,
        3.295759881987614,
        3.311219881434033,
        3.3914198785622847,
        3.420829877509191,
        3.45258987637195,
        3.497129874777091,
        3.532949873494472,
        3.563539872399126,
        3.5882298715150425,
        3.6077798708150093,
        3.6388998697006847,
        3.6993698675354154,
        3.7144998669936506,
        3.796619864053152,
        3.8048498637584576,
        3.8671198615287343,
        3.8758198612172112,
        3.8977298604326727,
        3.9342098591264207,
        3.962319858119876,
        3.975309857654739,
        3.987919857203208,
        4.022669855958903,
        4.129539852132174,
        4.150689851374848,
        4.173189850569184,
        4.214239849099292,
        4.233859848396753,
        4.398619842497136,
        4.409209842117936,
        4.495999839010218,
        4.503249838750614,
        4.557599836804485,
        4.5628898366150645,
        4.588999835680135,
        4.641109833814215,
        4.752879829812029,
        4.759339829580713,
        4.817479827498874,
        4.875909825406652,
        4.910889824154112,
        4.981669821619668,
        5.005669820760293,
        5.10006981738008,
        5.2562898117862575,
        5.293969810437037,
        5.36446980791262,
        5.463079804381659,
        5.574719800384128,
        5.590659799813358,
        5.683269796497242,
        5.684549796451408,
        5.773599793262765,
        5.799999792317451,
        5.950339786934176,
        5.983399785750385,
        6.016149784577696,
        6.063029782899048,
        6.459719768694636,
        6.871829753938075,
        8.558929693527517,
        11.33709959404865,
        13.598689513067136
    ],
    "et": [
        -564.116701547
    ],
    "fc": [
        0.0288,
        0.2079,
        0.0935,
        0.1709,
        1.7975,
        1.4962,
        2.8618,
        0.7933,
        0.7478,
        1.2524,
        1.6725,
        9.7958,
        4.048,
        6.1731,
        8.3788
    ],
    "gap": 0.2290799917972555,
    "homo": -0.262679990594129,
    "id": "AZ7_97461",
    "ir": [
        26.8902,
        1.2876,
        13.6445,
        87.1309,
        1.6524,
        11.1994,
        74.4241,
        27.7722,
        11.7449,
        9.5238,
        153.4221,
        118.6109,
        16.802,
        4.0625,
        56.165
    ],
    "lumo": -0.033599998796873504,
    "ma": [
        14.00307,
        14.00307,
        14.00307,
        31.97207,
        1.00783,
        1.00783,
        1.00783
    ],
    "mr": [
        2.2389,
        4.5704,
        1.45,
        1.1829,
        7.0496,
        3.8968,
        6.0378,
        1.3749,
        1.2219,
        1.1384,
        1.3755,
        6.1487,
        1.0399,
        1.0669,
        1.0791
    ],
    "mu": 3.0035366420271954,
    "mu_x": 2.8092,
    "mu_xx=": -5.9161,
    "mu_xxx=": 15.3516,
    "mu_xxy=": 0.0452,
    "mu_xxz=": 2.203,
    "mu_xy=": -1.2163,
    "mu_xyy=": 2.7663,
    "mu_xyz=": -1.0884,
    "mu_xz=": 1.4116,
    "mu_xzz=": 1.4263,
    "mu_y": 0.6596,
    "mu_yy=": 4.0296,
    "mu_yyy=": 7.7918,
    "mu_yyz=": 0.9352,
    "mu_yz=": -0.5612,
    "mu_yzz=": -0.3222,
    "mu_z": 0.8334,
    "mu_zz=": 1.8865,
    "mu_zzz=": 1.3965,
    "na": 7,
    "ne": 40,
    "ne_down": 20,
    "ne_up": 20,
    "ni": 4,