{
    "A": 41.76419,
    "B": 4.65287,
    "C": 4.28259,
    "Cv": "11.195",
    "G": -244.951722,
    "H": -244.92117,
    "P": 1.0,
    "S": 0.00010247191011236002,
    "T": 298.15,
    "U": -244.922114,
    "U0": -244.925806,
    "alpha": 18.576666666666668,
    "alpha_xx": 36.117,
    "alpha_xy": 2.91,
    "alpha_xz": 29.535,
    "alpha_yy": -0.001,
    "alpha_yz": 0.001,
    "alpha_zz": 19.614,
    "bo": [
        0,
        2,
        1,
        0,
        1,
        0,
        0,
        2,
        0,
        0,
        0,
        0,
        0,
        0,
        1,
        0,
        0,
        2,
        0,
        1,
        1,
        0,
        0,
        2,
        0,
        0,
        0,
        0,
        1,
        0,
        0,
        0,
        0,
        0,
        0,
        0,
        0,
        1,
        0,
        0,
        0,
        0,
        0,
        0,
        1,
        0,
        0,
        0,
        0
    ],
    "coords": [
        -0.873011,
        0.033924,
        -0.164921,
        -1.622312,
        -0.865211,
        0.002154,
        0.625977,
        -0.062618,
        0.131077,
        1.263721,
        1.085058,
        -0.140412,
        -1.054822,
        1.054217,
        -0.536353,
        0.96515,
        -0.879024,
        -0.412726,
        0.695297,
        -0.366347,
        1.121181
    ],
    "e ne": -811.296817547,
    "e_disp": -0.002807713600006423,
    "e_k": 243.6695855474,
    "e_nn": 117.7121691212,
    "eigs": [
        -19.192209312778086,
        -19.056299317644662,
        -14.470929481834546,
        -10.330389630096253,
        -1.129519959554898,
        -1.0620499619708188,
        -0.819359970660901,
        -0.6712899759628935,
        -0.5878699789499414,
        -0.537209980763941,
        -0.5126199816444434,
        -0.4462399840213344,
        -0.4358399843937307,
        -0.34146998777286897,
        -0.22541999192831033,
        -0.22414999197378563,
        -0.07646999726181301,
        0.0017199999384113819,
        0.05573999800409909,
        0.07021999748560886,
        0.12720999544494876,
        0.15828999433205676,
        0.18187999348736172,
        0.25682999080360186,
        0.27294999022638766,
        0.3392099878537935,
        0.35747998719959356,
        0.3751099865683102,
        0.40517998549158357,
        0.45337998376567,
        0.46950998318809767,
        0.4707899831422642,
        0.49165998239496517,
        0.5075999818241963,
        0.5428699805612714,
        0.585739979026211,
        0.6450299769031941,
        0.7029299748299493,
        0.7189299742570319,
        0.7208699741875657,
        0.7391299735337237,
        0.7864799718382463,
        0.9062299675503178,
        0.9148499672416587,
        0.9641099654777894,
        0.9891599645808156,
        0.9961299643312383,
        1.0627899619443213,
        1.0671099617896336,
        1.1070599603591305,
        1.1958399571801552,
        1.2022899569491983,
        1.277369954260783,
        1.3638399511645227,
        1.3658299510932663,
        1.3866299503484736,
        1.4823499469209955,
        1.5020299462163071,
        1.5609699441058227,
        1.5646199439751258,
        1.6080199424210875,
        1.679899939847256,
        1.698749939172288,
        1.7271799381542854,
        1.804269935393898,
        1.8870899324283343,
        1.9926199286495863,
        2.01941992768995,
        2.056029926379043,
        2.06135992618819,
        2.1586199227055682,
        2.220849920477278,
        2.3758999149253506,
        2.4118699136373607,
        2.4390999126623267,
        2.497939910555423,
        2.550169908685206,
        2.75920990120004,
        2.7629099010675535,
        2.7905399000781963,
        2.8097598993899795,
        2.8870898966209984,
        2.949959894369791,
        2.9512198943246744,
        3.0601998904223904,
        3.113539888512427,
        3.13467988775546,
        3.196989885524305,
        3.219569884715775,
        3.273309882791489,
        3.2803698825386896,
        3.331599880704279,
        3.3385198804564924,
        3.3668598794417126,
        3.426539877304731,
        3.435529876982823,
        3.54383987310453,
        3.6712398685426755,
        3.6860298680130854,
        3.7672698651040974,
        3.771599864949051,
        3.778229864711649,
        3.814599863409336,
        3.8579198618581625,
        3.8855998608670155,
        3.982239857406594,
        4.019839856060239,
        4.073969854121987,
        4.111149852790671,
        4.154999851220519,
        4.173839850545909,
        4.18806985003637,
        4.256859847573184,
        4.257999847532363,
        4.430209841365982,
        4.453499840532029,
        4.590079835641464,
        4.629539834228506,
        4.652629833401715,
        4.831149827009389,
        4.857709826058345,
        4.917089823932106,
        4.971069821999226,
        5.047199819273214,
        5.102089817307749,
        5.131109816268619,
        5.170149814870701,
        5.201069813763539,
        5.213999813300551,
        5.227329812823239,
        5.258589811703901,
        5.380909807323948,
        5.41486980610793,
        5.451059804812063,
        5.547609801354864,
        5.58411980004754,
        5.610119799116548,
        5.719979795182754,
        5.798209792381547,
        5.912179788300585,
        5.954319786791664,
        6.192029778279901,
        6.2113497775881035,
        6.255859775994319,
        6.289819774778302,
        6.327059773444836,
        6.371439771855707,
        6.42890976979786,
        6.445649769198444,
        6.5256697663331416,
        6.73623975879319,
        6.7714097575338466,
        6.816079755934333,
        6.907639752655813,
        6.910349752558776,
        6.967609750508447,
        7.074109746694966,
        7.261349739990401,
        9.525049658933334,
        9.980759642615574,
        12.433799554778746,
        13.443879518610471
    ],
    "et": [
        -244.974356684
    ],
    "fc": [
        0.0338,
        0.3096,
        1.1485,
        0.4262,
        4.1355,
        6.7012,
        1.2133,
        1.0148,
        1.1037,
        1.2993,
        1.6416,
        19.3133,
        5.8736,
        6.0593,
        6.3617
    ],
    "gap": 0.14767999471197263,
    "homo": -0.22414999197378563,
    "id": "AZ7_87282",
    "ir": [
        53.6688,
        59.3136,
        2.5277,
        3.9533,
        50.184,
        74.2823,
        1.9528,
        10.188,
        1.2046,
        15.9849,
        8.6042,
        196.3785,
        21.6864,
        70.0813,
        2.7793
    ],
    "lumo": -0.07646999726181301,
    "ma": [
        12.0,
        15.99491,
        14.00307,
        15.99491,
        1.00783,
        1.00783,
        1.00783
    ],
    "mr": [
        3.4923,
        4.9597,
        8.3111,
        1.2012,
        8.5922,
        10.7627,
        1.6934,
        1.1004,
        1.1362,
        1.1608,
        1.0662,
        9.3604,
        1.1001,
        1.0439,
        1.0949
    ],
    "mu": 2.7749551257632983,
    "mu_x": -2.0983,
    "mu_xx=": -9.9877,
    "mu_xxx=": -6.9636,
    "mu_xxy=": -2.6279,
    "mu_xxz=": 0.0076,
    "mu_xy=": -3.7439,
    "mu_xyy=": 0.1711,
    "mu_xyz=": -0.0008,
    "mu_xz=": 0.0018,
    "mu_xzz=": -0.5339,
    "mu_y": -1.8159,
    "mu_yy=": 5.5973,
    "mu_yyy=": -2.9213,
    "mu_yyz=": 0.0013,
    "mu_yz=": 0.0006,
    "mu_yzz=": -2.8361,
    "mu_z": 0.0045,
    "mu_zz=": 4.3904,
    "mu_zzz=": 0.0035,
    "na": 7,
    "ne": 32,
    "ne_down": 16,
    "ne_up": 16,
    "ni": 4,
    "oemga": [
        -128.2583,
        325.5031,
        484.2991,
        776.0746,
        903.8304,
        1027.9896,
        1102.7837,
        1251.1035,
        1284.0004,
        1378.3136,
        1616.565,
        1871.3552,
        3010.3135,
        3138.7236,
        3140.3146
    ],
    "oemga0": 3140.3146,