{
    "A": 7.51948,
    "B": 7.15803,
    "C": 4.43348,
    "Cv": "17.556",
    "G": -589.048526,
    "H": -589.014342,
    "P": 1.0,
    "S": 0.0001146536978030589,
    "T": 298.15,
    "U": -589.015286,
    "U0": -589.020579,
    "alpha": 26.35833333333333,
    "alpha_xx": 44.571,
    "alpha_xy": -0.808,
    "alpha_xz": 41.029,
    "alpha_yy": -0.127,
    "alpha_yz": -0.449,
    "alpha_zz": 34.631,
    "bo": [
        0,
        1,
        0,
        0,
        1,
        1,
        1,
        0,
        1,
        0,
        2,
        1,
        0,
        0,
        0,
        0,
        0,
        2,
        0,
        0,
        0,
        0,
        0,
        0,
        0,
        1,
        0,
        0,
        0,
        0,
        0,
        1,
        1,
        0,
        0,
        0,
        0,
        0,
        0,
        0,
        1,
        0,
        0,
        0,
        0,
        0,
        0,
        0,
        1,
        0,
        0,
        0,
        0,
        0,
        0,
        0,
        0,
        0,
        0,
        1,
        0,
        0,
        0,
        0
    ],
    "coords": [
        -1.560456,
        0.153222,
        0.167676,
        0.136675,
        -0.146338,
        -0.438555,
        0.637545,
        -1.270957,
        0.384169,
        0.823224,
        1.260567,
        0.13148,
        -2.169868,
        -0.687557,
        -0.160085,
        -1.934287,
        1.085762,
        -0.250111,
        -1.524912,
        0.186745,
        1.256134,
        0.920666,
        1.17383,
        1.093824
    ],
    "e ne": -1768.777975167,
    "e_disp": -0.003791774999996278,
    "e_k": 586.8610072692,
    "e_nn": 186.9589531181,
    "eigs": [
        -89.03178681200878,
        -19.168849313614547,
        -19.10736931581598,
        -10.205359634573247,
        -8.06595971117946,
        -6.0313797840323495,
        -6.0282797841433515,
        -6.022649784344947,
        -1.0830199612199392,
        -1.004359964036544,
        -0.7708799723968408,
        -0.6523599766407263,
        -0.5222799812985446,
        -0.47716998291381346,
        -0.4575499836163534,
        -0.4466799840055792,
        -0.4214099849104305,
        -0.3734099866291827,
        -0.34609998760708105,
        -0.30665998901932234,
        -0.25522999086089365,
        0.00038999998603513893,
        0.02538999909085174,
        0.03796999864039545,
        0.06675999760950224,
        0.08267999703944946,
        0.091739996715035,
        0.10928999608661624,
        0.22801999183521124,
        0.24111999136613516,
        0.25162999098980005,
        0.26194999062026836,
        0.30421998910669223,
        0.3117599888367049,
        0.3381599878913913,
        0.36394998696792,
        0.41061998529679167,
        0.4321899845244275,
        0.4405999842232878,
        0.45430998373236914,
        0.4673699832647254,
        0.49212998237813577,
        0.5345399808595467,
        0.5456099804631594,
        0.5994399785356505,
        0.6351199772580448,
        0.6465799768476926,
        0.6909299752596374,
        0.7068099746910169,
        0.7147199744077808,
        0.7647299726170559,
        0.7813399720222961,
        0.8011699713122367,
        0.8307599702526975,
        0.8726199687538023,
        0.9066899675338466,
        0.9573999657180566,
        0.9896199645643442,
        1.006539963958484,
        1.0242999633225458,
        1.0511799623600446,
        1.1037499604776528,
        1.2182699563769965,
        1.256839954995908,
        1.2722599544437585,
        1.2914499537566158,
        1.3053599532585358,
        1.321409952683828,
        1.3765299507101276,
        1.4049899496910507,
        1.4582499477839523,
        1.4812399469607416,
        1.4995899463036768,
        1.539389944878545,
        1.55041994448359,
        1.57631994355618,
        1.628679941681308,
        1.6653099403696854,
        1.6963399392585836,
        1.7096399387823462,
        1.7346499378868048,
        1.7994899355650569,
        1.8333699343519043,
        1.9208299312201949,
        1.9490699302089958,
        1.9972199284848722,
        2.0857199253159227,
        2.126889923841735,
        2.2265199202742503,
        2.247959919506541,
        2.2961599177806273,
        2.3223299168435494,
        2.332589916476166,
        2.372219915057121,
        2.422989913239183,
        2.4394099126512265,
        2.5020699104075383,
        2.5442599088968274,
        2.6047299067315577,
        2.6759299041820754,
        2.696499903445518,
        2.7326699021503673,
        2.780659900431973,
        2.918219895506316,
        2.933359894964193,
        3.0052498923900033,
        3.013619892090296,
        3.072789889971576,
        3.104599888832545,
        3.2213698846513217,
        3.253829883489016,
        3.25955988328384,
        3.3155298812797027,
        3.368209879393373,
        3.378659879019186,
        3.4018998781870238,
        3.441349876774424,
        3.4742798755952884,
        3.5436798731102597,
        3.5940798713055697,
        3.693859867732714,
        3.71454986699186,
        3.718509866850063,
        3.775929864794006,
        3.7910798642515244,
        3.822929863111061,
        3.8583098618441976,
        3.8767098611853426,
        3.949289858586446,
        3.9755598576457873,
        4.0132398562965665,
        4.065169854437092,
        4.0700798542612775,
        4.0761098540453595,
        4.112599852738749,
        4.171959850613227,
        4.249599847833145,
        4.401589842390788,
        4.505399838673628,
        4.6036898351541256,
        4.701269831660046,
        4.720679830965024,
        4.884499825099067,
        4.92790982354467,
        4.988869821361856,
        5.007729820686529,
        5.123669816535027,
        5.143559815822819,
        5.158439815290006,
        5.190269814150258,
        5.195699813955825,
        5.200209813794333,
        5.213029813335282,
        5.22634981285833,
        5.2577998117321885,
        5.286479810705234,
        5.354699808262458,
        5.406479806408354,
        5.45975980450054,
        5.50465980289279,
        5.561639800852487,
        5.739119794497402,
        5.767069793496588,
        5.79147979262253,
        6.294209774621107,
        6.332459773251477,
        6.356619772386372,
        6.470419768311497,
        6.505619767051079,
        6.553389765340563,
        6.630279762587336,
        6.65297976177451,
        6.703829759953706,
        6.788549756920109,
        6.940519751478469,
        6.994339749551317,
        7.2258597412612025,
        9.208199670278889,
        11.049379604351138,
        12.692329545521474
    ],
    "et": [
        -589.076035018
    ],
    "fc": [
        0.0226,
        0.0567,
        0.1765,
        0.3043,
        0.347,
        1.1693,
        3.8229,
        0.67,
        0.7159,
        1.4214,
        2.1666,
        1.2259,
        1.2932,
        1.3134,
        5.576,
        6.394,
        6.4467,
        8.6011
    ],
    "gap": 0.25561999084692877,
    "homo": -0.25522999086089365,
    "id": "AZ7_96952",
    "ir": [
        0.1051,
        43.9266,
        4.7405,
        43.8787,
        34.8854,
        32.043,
        165.2926,
        12.1876,
        12.8616,
        62.5042,
        124.0907,
        7.7325,
        7.1218,
        8.5563,
        1.8463,
        3.4572,
        3.0102,
        46.5912
    ],
    "lumo": 0.00038999998603513893,
    "ma": [
        12.0,
        31.97207,
        15.99491,
        15.99491,
        1.00783,
        1.00783,
        1.00783,
        1.00783
    ],
    "mr": [
        1.0512,
        1.3745,
        3.3234,
        3.4536,
        3.096,
        4.8046,
        12.504,
        1.3119,
        1.3752,
        1.9507,
        2.5911,
        1.2047,
        1.0523,
        1.0529,
        1.028,
        1.1058,
        1.107,
        1.0653
    ],
    "mu": 2.9004140566477745,