{
    "A": 10.22117,
    "B": 9.89387,
    "C": 5.61098,
    "Cv": "13.511",
    "G": -310.226945,
    "H": -310.195476,
    "P": 1.0,
    "S": 0.00010554754318301363,
    "T": 298.15,
    "U": -310.19642,
    "U0": -310.200535,
    "alpha": 14.553333333333333,
    "alpha_xx": 26.087,
    "alpha_xy": 0.317,
    "alpha_xz": 22.191,
    "alpha_yy": -0.454,
    "alpha_yz": -0.242,
    "alpha_zz": 18.027,
    "bo": [
        0,
        1,
        0,
        0,
        1,
        1,
        1,
        0,
        1,
        1,
        0,
        0,
        0,
        1,
        0,
        0,
        0,
        0,
        0,
        1,
        0,
        0,
        0,
        0,
        1,
        0,
        0,
        0,
        0,
        0,
        1,
        0,
        0,
        0,
        0,
        0
    ],
    "coords": [
        -0.644207,
        -0.430988,
        0.028186,
        0.440901,
        0.080831,
        -0.601966,
        1.515616,
        -0.680593,
        -0.124584,
        0.761746,
        1.355634,
        0.045808,
        -0.603434,
        -0.305967,
        1.037723,
        -1.470523,
        -0.019016,
        -0.385168
    ],
    "e ne": -1003.632141494,
    "e_disp": -0.0019008019000068543,
    "e_k": 308.7222569263,
    "e_nn": 134.0264293706,
    "eigs": [
        -24.71266911510512,
        -24.685139116090895,
        -14.527189479820025,
        -14.384199484940117,
        -1.2742299543732183,
        -1.1774399578390102,
        -1.0025899640999232,
        -0.7529199730399406,
        -0.5913199788264061,
        -0.5766499793516997,
        -0.5551499801215575,
        -0.47371998303734875,
        -0.42873998464796276,
        -0.4236299848309383,
        -0.3944099858772286,
        -0.3274699882741717,
        -0.3142599887471866,
        0.0009599999656249574,
        0.02302999917535705,
        0.03322999881012222,
        0.08119999709244431,
        0.16929999393781803,
        0.33522998799630677,
        0.3529299873625169,
        0.394899985859683,
        0.41614998509877715,
        0.4342699844499482,
        0.46497998335030494,
        0.4786099828622509,
        0.49844998215183334,
        0.5761799793685292,
        0.6079499782309301,
        0.6707699759815132,
        0.7147299744074227,
        0.7260799740010093,
        0.7449699733246089,
        0.8531299694516875,
        0.8842099683387955,
        0.9057499675675054,
        0.9649399654480693,
        0.9950499643699102,
        1.0303099631073438,
        1.0777899614072113,
        1.1289099595767405,
        1.1891499574197064,
        1.222629956220877,
        1.3122299530125394,
        1.4358299485867527,
        1.4661399475014325,
        1.5328999451109344,
        1.5665799439049437,
        1.58913994309713,
        1.6483399409773356,
        1.6791999398723214,
        1.728019938124207,
        1.8583499334574372,
        1.9576099299032008,
        1.9854799289052503,
        2.0022599283044036,
        2.0764199256489313,
        2.131799923665921,
        2.2398199197980126,
        2.271539918662204,
        2.385369914586255,
        2.4498799122763235,
        2.462209911834819,
        2.549079908724236,
        2.636999905576055,
        2.86368989745889,
        3.017369891956019,
        3.1214398882295495,
        3.134699887754744,
        3.155719887002074,
        3.2101298850537963,
        3.2697298829196795,
        3.3153498812861484,
        3.396789878369999,
        3.419369877561469,
        3.525659873755507,
        3.555029872703846,
        3.6428998695574557,
        3.678609868278776,
        3.7296698664504535,
        3.7714898649529904,
        3.7824598645601837,
        3.8326898627615815,
        3.912479859904514,
        3.9507698585334508,
        3.9938798569897966,
        4.035179855510954,
        4.120249852464824,
        4.178679850372601,
        4.200309849598089,
        4.235719848330151,
        4.348699844284638,
        4.42230984164886,
        4.52341983802838,
        4.569679836371932,
        4.6025598351945884,
        4.640829833824241,
        4.71914983101981,
        4.7690498292330235,
        4.796469828251188,
        4.8806898252354936,
        4.88964982491466,
        4.933919823329468,
        5.047719819254594,
        5.139759815958887,
        5.21565981324111,
        5.393759806863824,
        5.524289802189891,
        5.610799799092199,
        5.764349793593983,
        5.781759792970577,
        5.823549791474188,
        5.881459789400585,
        5.955699786742249,
        6.014019784653965,
        6.035249783893775,
        6.647609761966795,
        6.852689754623427,
        6.854989754541069,
        6.869799754010764,
        6.8729397538983275,
        6.876719753762976,
        6.879409753666655,
        6.9244397520542496,
        6.9467397512557465,
        7.13402974454939,
        7.15343974385437,
        7.165699743415372,
        7.255049740215986,
        7.367009736206996,
        7.505839731235866,
        8.118629709293486,
        8.25872970427688,
        8.267629703958196,
        8.288229703220564,
        8.361009700614506,
        8.560079693486339,
        8.639089690657201,
        8.676689689310846,
        8.77542968577523,
        9.096239674287878,
        9.756219650655753,
        10.76308961460242,
        11.391569592098225,
        12.811539541252882
    ],
    "et": [
        -310.235902226
    ],
    "fc": [
        0.0828,
        0.4667,
        0.6454,
        0.8956,
        2.2407,
        0.8458,
        2.5223,
        2.7069,
        1.568,
        1.7366,
        7.3449,
        8.3264
    ],
    "gap": 0.31521998871281154,
    "homo": -0.3142599887471866,
    "id": "AZ7_97419",
    "ir": [
        38.0675,
        57.8828,
        45.5421,
        9.8059,
        113.5075,
        259.9227,
        85.5959,
        58.808,
        0.3919,
        36.1048,
        6.7963,
        39.7321
    ],
    "lumo": 0.0009599999656249574,
    "ma": [
        14.00307,
        14.00307,
        18.9984,
        18.9984,
        1.00783,
        1.00783
    ],
    "mr": [
        1.3034,
        3.7772,
        4.1292,
        4.0586,
        7.148,
        2.4091,
        5.254,
        3.3776,
        1.4456,
        1.0935,
        1.0498,
        1.0927
    ],
    "mu": 2.859949800258739,
    "mu_x": -2.709,
    "mu_xx=": 2.407,
    "mu_xxx=": -0.8717,
    "mu_xxy=": 4.1723,
    "mu_xxz=": 0.0144,
    "mu_xy=": -2.2668,
    "mu_xyy=": 2.1468,
    "mu_xyz=": 0.5673,
    "mu_xz=": -0.3702,
    "mu_xzz=": -0.2969,
    "mu_y": 0.5619,
    "mu_yy=": -2.9656,
    "mu_yyy=": 0.7613,
    "mu_yyz=": 0.1749,
    "mu_yz=": -0.3289,
    "mu_yzz=": 0.3734,
    "mu_z": 0.7245,
    "mu_zz=": 0.5586,
    "mu_zzz=": 4.7012,
    "na": 6,
    "ne": 34,
    "ne_down": 17,
    "ne_up": 17,
    "ni": 4,
    "oemga": [
        328.2658,
        457.9224,
        515.061,
        611.9824,
        729.412,
        771.9201,
        902.6694,
        1166.2881,
        1356.8499,
        1641.7795,
        3446.0181,
        3596.2015
    ],
    "oemga0": 3596.2015,
    "qa": [
        -0.129712,
        0.210576,
        -0.161348,
        -0.224048,
        0.140835,
        0.163697
    ],
    "r2": 223.9278,