{
    "A": 9.82199,
    "B": 4.56217,
    "C": 3.37956,
    "Cv": "14.155",
    "G": -637.144279,
    "H": -637.111074,
    "P": 1.0,
    "S": 0.00011137011571340813,
    "T": 298.15,
    "U": -637.112018,
    "U0": -637.116526,
    "alpha": 20.851,
    "alpha_xx": 36.07,
    "alpha_xy": 3.938,
    "alpha_xz": 33.285,
    "alpha_yy": 0.0,
    "alpha_yz": 0.0,
    "alpha_zz": 26.483,
    "bo": [
        0,
        1,
        0,
        0,
        0,
        0,
        1,
        0,
        1,
        1,
        1,
        0,
        0,
        1,
        0,
        0,
        0,
        0,
        0,
        1,
        0,
        0,
        0,
        1,
        0,
        1,
        0,
        0,
        0,
        0,
        0,
        0,
        0,
        1,
        0,
        0
    ],
    "coords": [
        -1.067987,
        -1.089576,
        -0.151842,
        -0.447495,
        1e-06,
        0.372049,
        -1.067986,
        1.089573,
        -0.151852,
        1.334751,
        -3e-06,
        0.023884,
        -0.581727,
        6e-06,
        1.453823,
        1.176674,
        -9e-06,
        -1.313645
    ],
    "e ne": -1853.825268,
    "e_disp": -0.0021450161000018397,
    "e_k": 634.8778225677,
    "e_nn": 169.8206368535,
    "eigs": [
        -88.91078681634147,
        -24.704079115412707,
        -24.704079115412707,
        -10.373099628566923,
        -7.96391971483324,
        -5.928439787718357,
        -5.924829787847621,
        -5.918879788060675,
        -1.270889954492815,
        -1.2109999566373162,
        -0.7966899714726535,
        -0.6777099757330104,
        -0.5739099794498118,
        -0.5617999798834385,
        -0.5218599813135837,
        -0.44155998418891274,
        -0.440839984214694,
        -0.4171499850629698,
        -0.39302998592664273,
        -0.34725998756554455,
        -0.2769699900824421,
        -0.007029999748274427,
        0.030509998907518175,
        0.061809997786748554,
        0.09282999667600499,
        0.12021999569524207,
        0.19999999283853281,
        0.24304999129702698,
        0.27547999013579505,
        0.29383998947837237,
        0.3074799889899603,
        0.31078998887143805,
        0.32950998820112476,
        0.33796998789819466,
        0.4010999856376775,
        0.40857998536983864,
        0.4193999849824033,
        0.45236998380183535,
        0.5408099806350346,
        0.5892199789016015,
        0.644079976937211,
        0.6751999758228867,
        0.7365499736261067,
        0.758189972851236,
        0.7888099717548153,
        0.8111699709541632,
        0.8209399706043256,
        0.8791999685181902,
        0.8948399679581633,
        0.9293499667224523,
        0.936339966472159,
        1.0504999623843936,
        1.0771799614290538,
        1.085089961145818,
        1.1146999600855625,
        1.1607199584377088,
        1.2100899566699008,
        1.3683299510037479,
        1.4453299482465831,
        1.536519944981312,
        1.5394999448746063,
        1.5611199441004515,
        1.5836299432944285,
        1.6069599424590433,
        1.7236099382821177,
        1.7268699381653856,
        1.7431399375828,
        1.7959999356900245,
        1.8313299344249512,
        1.8464499338835445,
        1.8648499332246893,
        1.865429933203921,
        1.9452299303464957,
        1.9504199301606557,
        1.9718199293943786,
        2.0605199262182676,
        2.1078599245231486,
        2.156949922765367,
        2.187439921673601,
        2.2409099197589826,
        2.3292499165957627,
        2.3630899153840423,
        2.3934799142958574,
        2.457379912007769,
        2.474539911393315,
        2.508299910184459,
        2.577309907713395,
        2.7233799024830176,
        2.881289896828681,
        2.981169893252244,
        3.0334698913795206,
        3.0516998907267525,
        3.1335698877952067,
        3.183939885991591,
        3.197679885499598,
        3.246209883761868,
        3.3102198814698403,
        3.3277798808410632,
        3.3475398801335103,
        3.414309877742655,
        3.4810198753539474,
        3.4873498751272867,
        3.49639987480323,
        3.5447698730712296,
        3.61286987063275,
        3.7379298661546843,
        3.763929865223694,
        3.769289865031766,
        3.943429858796277,
        3.950259858551713,
        3.993829856991587,
        4.023269855937419,
        4.115499852634908,
        4.314219845519275,
        4.6712598327346235,
        4.734439830472317,
        4.7789898288770996,
        4.77950982885848,
        4.795019828303107,
        4.859449825996041,
        4.871309825571366,
        5.018659820295155,
        5.579139800225859,
        5.9102497883696925,
        5.91832978808037,
        6.8420797550033425,
        6.844069754932086,
        6.846149754857606,
        6.852409754633452,
        6.8647897541901575,
        6.897739753010306,
        6.9310497518175636,
        7.0388397479578915,
        7.076119746622994,
        7.207869741905377,
        7.242199740676112,
        7.30244973851872,
        7.335549737333496,
        7.453059733125777,
        8.272349703789184,
        8.313879702302104,
        8.357739700731596,
        8.365259700462323,
        8.68293968908705,
        8.69092968880095,
        8.781699685550718,
        8.851559683049215,
        8.952189679445924,
        9.0410296762648,
        10.617639619810598,
        11.040129604682356,
        11.552149586348282
    ],
    "et": [
        -637.147822756
    ],
    "fc": [
        0.0243,
        0.654,
        0.6133,
        1.1916,
        0.8903,
        0.8795,
        5.7187,
        3.5521,
        1.206,
        1.2767,
        4.3737,
        6.0943
    ],
    "gap": 0.26993999033416766,
    "homo": -0.2769699900824421,
    "id": "AZ7_69838",
    "ir": [
        17.2385,
        2.322,
        7.8461,
        8.2521,
        50.4724,
        104.5969,
        205.6484,
        131.4173,
        6.9272,
        56.7021,
        0.1425,
        18.428
    ],
    "lumo": -0.007029999748274427,
    "ma": [
        18.9984,
        12.0,
        18.9984,
        31.97207,
        1.00783,
        1.00783
    ],
    "mr": [
        1.1263,
        8.7985,
        6.9353,
        6.4823,
        3.2784,
        1.6997,
        8.5357,
        4.9445,
        1.1297,
        1.1819,
        1.0381,
        1.0873
    ],
    "mu": 0.740456028404118,
    "mu_x": 0.0152,
    "mu_xx=": 4.3715,
    "mu_xxx=": -4.2127,
    "mu_xxy=": -2.8223,
    "mu_xxz=": 0.0,
    "mu_xy=": -2.1501,
    "mu_xyy=": -2.8539,
    "mu_xyz=": 0.0,
    "mu_xz=": 0.0,
    "mu_xzz=": -2.767,
    "mu_y": 0.7403,
    "mu_yy=": -1.3769,
    "mu_yyy=": -12.4005,
    "mu_yyz=": 0.0,
    "mu_yz=": 0.0,
    "mu_yzz=": -4.2236,
    "mu_z": 0.0,
    "mu_zz=": -2.9947,
    "mu_zzz=": 0.0,
    "na": 6,
    "ne": 42,
    "ne_down": 21,
    "ne_up": 21,
    "ni": 4,
    "oemga": [
        191.3614,
        355.2004,
        387.4108,
        558.5597,
        678.9084,
        937.1532,
        1066.3595,
        1104.2273,
        1346.081,
        1354.0148,
        2674.0436,
        3084.3172
    ],
    "oemga0": 3084.3172,
    "qa": [
        -0.188518,
        0.334841,
        -0.188518,
        -0.112154,
        0.055751,
        0.098599
    ],
    "r2": 346.3132,