{
    "A": 57.15113,
    "B": 5.49687,
    "C": 5.01456,
    "Cv": "12.689",
    "G": -223.876203,
    "H": -223.844373,
    "P": 1.0,
    "S": 0.0001067583431159268,
    "T": 298.15,
    "U": -223.845318,
    "U0": -223.849675,
    "alpha": 22.972333333333335,
    "alpha_xx": 51.527,
    "alpha_xy": 2.593,
    "alpha_xz": 26.199,
    "alpha_yy": 0.001,
    "alpha_yz": -0.001,
    "alpha_zz": 17.389,
    "bo": [
        0,
        2,
        0,
        0,
        1,
        1,
        2,
        0,
        1,
        0,
        0,
        0,
        0,
        1,
        0,
        2,
        0,
        0,
        0,
        0,
        2,
        0,
        0,
        0,
        1,
        0,
        0,
        0,
        0,
        0,
        1,
        0,
        0,
        0,
        0,
        0
    ],
    "coords": [
        1.598193,
        0.138434,
        -2.9e-05,
        0.528384,
        -0.543481,
        -0.00031,
        -0.606096,
        0.433517,
        0.000166,
        -1.64726,
        -0.112152,
        5.9e-05,
        2.552396,
        -0.378933,
        0.000227,
        1.587408,
        1.230758,
        -0.000123
    ],
    "e ne": -736.3213046408,
    "e_disp": -0.0012513134999920794,
    "e_k": 222.6406189065,
    "e_nn": 105.8734909088,
    "eigs": [
        -19.21024931213212,
        -14.472049481794441,
        -14.36116948576476,
        -10.250299632964062,
        -1.2070699567780392,
        -0.9568899657363183,
        -0.7133799744557626,
        -0.6082999782183974,
        -0.5396099806780034,
        -0.5046899819283955,
        -0.4936199823247828,
        -0.4379499843181772,
        -0.362319987026286,
        -0.3418099877606945,
        -0.24885999108898638,
        -0.10940999608231936,
        -0.027359999020311283,
        0.05088999817776467,
        0.07903999716978816,
        0.12892999538336017,
        0.16791999398723215,
        0.24592999119390185,
        0.2819099899055539,
        0.3007999892291533,
        0.3566399872296717,
        0.41401998517504673,
        0.430609984581003,
        0.4358399843937307,
        0.4558299836779421,
        0.4640599833832476,
        0.4741199830230258,
        0.4885199825074002,
        0.5463299804373781,
        0.5571899800485104,
        0.5750699794082752,
        0.6382799771448935,
        0.638759977127706,
        0.7313699738115886,
        0.7414699734499345,
        0.7947899715406873,
        0.8572299693048774,
        0.8600699692031846,
        0.8871999682317315,
        0.943689966208975,
        0.9718999651988501,
        1.0362999628928578,
        1.0698799616904473,
        1.0943399608146,
        1.2166699564342884,
        1.236389955728168,
        1.262629954788583,
        1.3710199509074261,
        1.3838999504462277,
        1.4180599492230492,
        1.4347899486239923,
        1.4629099476170901,
        1.4862599467809887,
        1.635249941446054,
        1.6867899396005437,
        1.7117999387050022,
        1.7567799370943882,
        1.8016299354884293,
        1.8772099327821108,
        2.003149928272535,
        2.031919927242358,
        2.0936799250308966,
        2.2383799198495753,
        2.2673699188115206,
        2.393899914280818,
        2.475589911355717,
        2.5402399090407726,
        2.6007799068729964,
        2.627819905904766,
        2.815809899173345,
        2.845599898106645,
        2.8627798974914747,
        2.886099896656447,
        2.9167298955596688,
        2.9275498951722336,
        2.9418598946598307,
        2.9826598931988912,
        3.0476698908710564,
        3.137009887672029,
        3.2643998831105323,
        3.267309883006333,
        3.286609882315252,
        3.320899881087418,
        3.36123987964295,
        3.5539098727439504,
        3.587139871554073,
        3.587409871544405,
        3.6203198703659853,
        3.6451498694768896,
        3.667299868683757,
        3.6810898681899737,
        3.7078898672303366,
        3.7724998649168247,
        3.830539862838567,
        3.8915398606543192,
        3.907099860097157,
        3.9472798586584186,
        3.996089856910663,
        4.046249855114566,
        4.078329853965868,
        4.111789852767754,
        4.283849846606744,
        4.358819843922267,
        4.412879841986523,
        4.445229840828155,
        4.482839839481442,
        4.624249834417927,
        4.629439834232086,
        4.686119832202527,
        4.702939831600247,
        4.7049898315268415,
        4.778109828908609,
        4.783949828699495,
        4.796559828247965,
        4.8613198259290815,
        4.896869824656131,
        4.94980982276049,
        4.982179821601407,
        5.018659820295155,
        5.055119818989619,
        5.0891698177703795,
        5.237379812463375,
        5.280549810917572,
        5.360389808058714,
        5.389999806998459,
        5.455779804643052,
        5.546669801388523,
        5.592089799762154,
        5.706429795667944,
        5.794879792500785,
        5.886769789210449,
        6.220809777249366,
        6.258509775899429,
        6.346779772738716,
        6.371029771870388,
        6.485599767767941,
        6.587979764101986,
        6.884669753478308,
        6.970229750414632,
        7.122419744965113,
        7.966809714729757,
        9.783189649690028,
        13.03694953318155,
        13.303079523652144
    ],
    "et": [
        -223.885843964
    ],
    "fc": [
        0.026,
        0.2995,
        1.5956,
        0.3336,
        2.3854,
        0.977,
        1.3081,
        1.4346,
        9.8051,
        19.977,
        5.7768,
        6.5769
    ],
    "gap": 0.13944999500666702,
    "homo": -0.24885999108898638,
    "id": "AZ7_81573",
    "ir": [
        4.0203,
        11.7806,
        72.3245,
        0.1939,
        101.5441,
        17.0528,
        29.0624,
        31.5267,
        144.7256,
        99.5814,
        24.4056,
        6.8273
    ],
    "lumo": -0.10940999608231936,
    "ma": [
        12.0,
        14.00307,
        14.00307,
        15.99491,
        1.00783,
        1.00783
    ],
    "mr": [
        6.7493,
        3.2263,
        9.4368,
        1.1591,
        6.1845,
        1.3543,
        1.5608,
        1.1813,
        5.9972,
        11.1234,
        1.0604,
        1.1124
    ],
    "mu": 2.868630211442388,
    "mu_x": 2.6515,
    "mu_xx=": 2.4824,
    "mu_xxx=": 8.3625,
    "mu_xxy=": -0.2381,
    "mu_xxz=": 0.0017,
    "mu_xy=": 0.7428,
    "mu_xyy=": -0.9632,
    "mu_xyz=": -0.0007,
    "mu_xz=": 0.0008,
    "mu_xzz=": -3.5988,
    "mu_y": 1.0948,
    "mu_yy=": -2.5216,
    "mu_yyy=": 1.4465,
    "mu_yyz=": -0.0005,
    "mu_yz=": -0.0009,
    "mu_yzz=": 0.0168,
    "mu_z": 0.0,
    "mu_zz=": 0.0392,
    "mu_zzz=": 0.0001,
    "na": 6,
    "ne": 30,
    "ne_down": 15,
    "ne_up": 15,
    "ni": 4,
    "oemga": [
        80.7882,
        396.9267,
        535.6986,
        698.8867,
        809.0975,
        1106.5325,
        1192.6552,
        1435.7027,
        1665.8183,
        1745.9056,
        3040.693,
        3167.7687
    ],
    "oemga0": 3167.7687,
    "qa": [
        -0.095769,
        -0.09366,
        0.062178,
        -0.08762,
        0.130673,
        0.084198
    ],
    "r2": 248.6893,