{
    "A": 47.57943,
    "B": 1.84777,
    "C": 1.7787,
    "Cv": "13.314",
    "G": -2723.412181,
    "H": -2723.37873,
    "P": 1.0,
    "S": 0.00011219520375730686,
    "T": 298.15,
    "U": -2723.379674,
    "U0": -2723.384016,
    "alpha": 35.332,
    "alpha_xx": 77.76,
    "alpha_xy": -1.801,
    "alpha_xz": 39.175,
    "alpha_yy": 0.0,
    "alpha_yz": 0.0,
    "alpha_zz": 28.236,
    "bo": [
        0,
        2,
        0,
        0,
        1,
        0,
        0,
        2,
        0,
        1,
        0,
        0,
        1,
        0,
        0,
        1,
        0,
        1,
        0,
        0,
        1,
        0,
        0,
        1,
        0,
        0,
        0,
        0,
        1,
        0,
        0,
        0,
        0,
        0,
        0,
        0,
        1,
        0,
        0,
        0,
        0,
        0,
        0,
        0,
        1,
        0,
        0,
        0,
        0
    ],
    "coords": [
        -2.90811,
        -0.095131,
        -0.000152,
        -1.672712,
        -0.384289,
        8.5e-05,
        -0.619003,
        0.496629,
        0.000415,
        1.161434,
        -0.045277,
        -0.000254,
        -3.087647,
        0.909605,
        -0.000198,
        -1.357389,
        -1.425716,
        0.000109,
        -0.752986,
        1.494882,
        -7e-06
    ],
    "e ne": -6947.374661552,
    "e_disp": -0.003196062199975813,
    "e_k": 2719.072987533,
    "e_nn": 223.8094098966,
    "eigs": [
        -482.8995027086546,
        -62.54657776037359,
        -56.363857981760326,
        -56.35880798194115,
        -56.35856798194975,
        -14.383529484964107,
        -14.29229948823081,
        -10.256079632757098,
        -8.73484968722829,
        -6.566979764853941,
        -6.550809765432946,
        -6.550019765461232,
        -2.6815099039822705,
        -2.677149904138391,
        -2.676509904161307,
        -2.663619904622864,
        -2.6636099046232213,
        -0.9718799651995663,
        -0.880589968468418,
        -0.7677999725071275,
        -0.6443299769282591,
        -0.535429980827678,
        -0.49438998229721115,
        -0.4267499847192194,
        -0.4117199852574036,
        -0.3248699883672707,
        -0.3205199885230327,
        -0.27956998998934307,
        -0.24292999130132387,
        -0.07192999742437832,
        0.016239999418488867,
        0.03395999878398286,
        0.08196999706487267,
        0.08549999693847277,
        0.20519999265233466,
        0.20733999257570696,
        0.23552999156629814,
        0.23728999150327726,
        0.2513099910012584,
        0.2732999902138551,
        0.29533998942466133,
        0.2991799892871612,
        0.3491399874982267,
        0.3503099874563322,
        0.3640299869650555,
        0.383449986269677,
        0.4172899850579567,
        0.4474899839765752,
        0.4669999832779741,
        0.48425998265993947,
        0.4963899822255965,
        0.5017399820340271,
        0.5406299806414799,
        0.5533399801863688,
        0.5699999795898184,
        0.6375999771692425,
        0.6535999765963252,
        0.6823999755650739,
        0.7050099747554701,
        0.7727499723298811,
        0.7759499722152976,
        0.8431999698072542,
        0.8824399684021744,
        0.9595699656403547,
        0.9616099655673076,
        0.9744899651061091,
        1.0488799624424014,
        1.0727099615891127,
        1.1119699601833164,
        1.1763099578794725,
        1.2017499569685341,
        1.2215799562584746,
        1.317179952835293,
        1.3314499523243224,
        1.3463199517918674,
        1.4143799493548201,
        1.4366499485573907,
        1.460199947714128,
        1.4686099474129881,
        1.4767699471208005,
        1.4917899465829743,
        1.5156599457282531,
        1.5676699438659136,
        1.6396399412888596,
        1.6556199407166585,
        1.657169940661157,
        1.6689599402389885,
        1.7054499389323787,
        1.7081599388353408,
        1.7237599382767463,
        1.7500599373350134,
        1.7595999369934114,
        1.8163399349617033,
        1.871449932988361,
        1.9002799319560355,
        1.9081999316724414,
        1.9405299305147905,
        2.079069925554042,
        2.1876199216671557,
        2.271409918666859,
        2.3640299153503834,
        2.4141199135567937,
        2.5476299087761567,
        2.6178799062606912,
        2.6463599052408986,
        2.666569904517232,
        2.684749903866255,
        2.856929897700948,
        2.877669896958303,
        2.8817698968114933,
        2.925399895249219,
        2.928159895150391,
        2.983089893183494,
        3.034179891354097,
        3.0992798890230397,
        3.1054298888028247,
        3.1479698872795803,
        3.1506598871832585,
        3.2721398828333834,
        3.3274298808535963,
        3.366789879444219,
        3.4325398770898867,
        3.449999876464691,
        3.452669876369085,
        3.4679998758201585,
        3.477579875477124,
        3.503899874534675,
        3.64037986964769,
        3.6717398685247717,
        3.745759865874313,
        3.759949865366207,
        3.7896298643034454,
        3.831719862796314,
        3.8353698626656176,
        3.8819898609962795,
        3.9168498597480363,
        3.9268498593899626,
        4.034939855519547,
        4.098029853260463,
        4.142659851662382,
        4.2273398486302165,
        4.3064198457985725,
        4.337899844671357,
        4.379329843187859,
        4.451819840592185,
        4.466029840083363,
        4.655989833281402,
        4.6819898323504106,
        4.727719830712941,
        4.748089829983546,
        4.813609827637449,
        4.8295398270670375,
        4.853539826207663,
        4.95909982242784,
        4.9926598212261455,
        5.017499820336691,
        5.103389817261199,
        5.162349815149999,
        5.201459813749573,
        5.245419812175483,
        5.340999808753018,
        5.34385980865061,
        5.663909797190471,
        5.692109796180704,
        5.6955397960578855,
        5.780339793021423,
        5.810609791937535,
        5.876649789572818,
        6.044339783568287,
        6.327709773421561,
        6.5629097649996755,
        6.68370976067415,
        9.947549643804733,
        11.987879570745953,
        13.844809504254238
    ],
    "et": [
        -2723.43073713
    ],
    "fc": [
        0.0907,
        0.2211,
        0.0609,
        0.5477,
        1.3846,
        0.6811,
        0.7601,
        1.1971,
        2.0948,
        1.3005,
        1.4446,
        10.3645,
        6.2494,
        7.4751,
        8.2989
    ],
    "gap": 0.17099999387694553,
    "homo": -0.24292999130132387,
    "id": "AZ7_79004",
    "ir": [
        49.7364,
        6.7826,
        27.7797,
        4.1142,
        12.2832,
        42.8531,
        51.1297,
        20.5332,
        290.2159,
        129.9353,
        1.1273,
        227.0998,
        5.4699,
        10.6602,
        38.2241
    ],
    "lumo": -0.07192999742437832,
    "ma": [
        14.00307,
        12.0,
        14.00307,
        78.91834,
        1.00783,
        1.00783,
        1.00783
    ],
    "mr": [
        2.2063,
        5.9729,
        1.5174,
        5.4779,
        3.9923,
        1.8342,
        1.1393,
        1.6764,
        2.2525,
        1.2533,
        1.2138,
        6.2116,
        1.0903,
        1.0742,
        1.0778
    ],
    "mu": 2.438811581488,
    "mu_x": 1.7589,
    "mu_xx=": -5.9724,
    "mu_xxx=": 75.3562,
    "mu_xxy=": 13.8526,
    "mu_xxz=": -0.0028,
    "mu_xy=": -5.1982,
    "mu_xyy=": 5.1374,
    "mu_xyz=": 0.0016,
    "mu_xz=": -0.0005,
    "mu_xzz=": 12.4066,
    "mu_y": 1.6894,
    "mu_yy=": 6.0228,
    "mu_yyy=": 5.0405,
    "mu_yyz=": -0.0014,
    "mu_yz=": -0.0008,
    "mu_yzz=": 0.1594,
    "mu_z": -0.0006,
    "mu_zz=": -0.0504,
    "mu_zzz=": -0.0045,
    "na": 7,
    "ne": 58,
    "ne_down": 29,
    "ne_up": 29,
    "ni": 4,