{
    "A": 8.95756,
    "B": 2.05585,
    "C": 1.74677,
    "Cv": "15.737",
    "G": -474.121931,
    "H": -474.086283,
    "P": 1.0,
    "S": 0.00011956397786361707,
    "T": 298.15,
    "U": -474.087227,
    "U0": -474.092149,
    "alpha": 41.07866666666667,
    "alpha_xx": 75.266,
    "alpha_xy": 2.56,
    "alpha_xz": 48.612,
    "alpha_yy": 1.806,
    "alpha_yz": -0.336,
    "alpha_zz": 46.164,
    "bo": [
        0,
        1,
        0,
        0,
        1,
        1,
        1,
        0,
        1,
        0,
        1,
        1,
        0,
        0,
        0,
        1,
        0,
        1,
        0,
        0,
        0,
        0,
        0,
        0,
        0,
        1,
        0,
        0,
        0,
        0,
        0,
        0,
        1,
        0,
        0,
        0,
        0,
        0,
        0,
        0,
        1,
        0,
        0,
        0,
        0,
        0,
        0,
        0,
        1,
        0,
        0,
        0,
        0,
        0,
        0,
        0,
        0,
        1,
        0,
        0,
        0,
        0,
        0,
        0
    ],
    "coords": [
        -0.820632,
        -0.167259,
        -0.015572,
        0.597272,
        0.318959,
        0.095322,
        0.848762,
        1.284725,
        -0.842565,
        2.048102,
        -1.317895,
        -0.19043,
        -1.024505,
        -0.922978,
        0.740803,
        -1.493632,
        0.680191,
        0.139472,
        -1.010141,
        -0.59171,
        -0.999986,
        0.854774,
        0.715968,
        1.072957
    ],
    "e ne": -1426.115402084,
    "e_k": 288.0582182607,
    "e_nn": 190.6364542187,
    "eigs": [
        -24.69344911579334,
        -10.30877963087005,
        -10.191679635063089,
        -6.827419755528278,
        -4.828649827098906,
        -4.8167198275260885,
        -4.81641982753683,
        -1.910589931586862,
        -1.9069199317182748,
        -1.9066599317275847,
        -1.8964199320942519,
        -1.8964199320942519,
        -1.225989956100564,
        -0.7948799715374648,
        -0.6970099750419287,
        -0.6300099774410202,
        -0.5349499808448657,
        -0.4870699825593208,
        -0.4849099826366647,
        -0.422839984859226,
        -0.415069985137449,
        -0.3722399866710772,
        -0.3210699885033387,
        -0.263489990565125,
        -0.26039999067576974,
        -0.04769999829199007,
        0.03916999859742665,
        0.06843999754934593,
        0.08900999681278902,
        0.10027999640924033,
        0.10830999612170743,
        0.14097999495188177,
        0.17809999362271345,
        0.21571999227564148,
        0.22671999188176079,
        0.24658999117026903,
        0.26263999059556126,
        0.2738099901955933,
        0.2815099899198768,
        0.29951998927498674,
        0.3245399883790872,
        0.3264199883117694,
        0.34669998758559667,
        0.39728998577410346,
        0.4129999852115702,
        0.42480998478868565,
        0.44056998422436194,
        0.45013998388168575,
        0.46452998336641815,
        0.47676998292813644,
        0.49371998232120207,
        0.5738399794523183,
        0.6124099780712294,
        0.6407399770568074,
        0.6886199753423523,
        0.7147799744056323,
        0.7711899723857405,
        0.8141699708467411,
        0.8251199704546509,
        0.8614499691537705,
        0.8690599688812766,
        0.8961199679123301,
        0.9168299671707602,
        0.926239966833813,
        0.9365499664646394,
        0.9402199663332265,
        0.9842899647551973,
        1.0153399636433795,
        1.0406999627353053,
        1.0605299620252457,
        1.068269961748097,
        1.0897599609785975,
        1.0971199607150555,
        1.1352499593497218,
        1.1609199584305474,
        1.1725999580123179,
        1.2154599564776154,
        1.2458299553901466,
        1.2777999542453862,
        1.2976599535342523,
        1.310239953083796,
        1.3530899515494514,
        1.3717799508802124,
        1.3945999500630892,
        1.4070799496162136,
        1.465669947518262,
        1.4741299472153317,
        1.4974299463810208,
        1.5151699457457986,
        1.5494799445172491,
        1.5882999431272082,
        1.8046099353817235,
        1.9736099293302836,
        2.018709927715373,
        2.1145299242843136,
        2.1530199229060893,
        2.191889921514258,
        2.303169917529618,
        2.326859916681342,
        2.3507699158251887,
        2.3916099143628173,
        2.439919912632965,
        2.464579911749956,
        2.4981699105471877,
        2.534219909256333,
        2.5665999080968915,
        2.6146499063763486,
        2.6267999059412896,
        2.6795499040524526,
        2.766499900939005,
        2.797439899831126,
        2.822419898936659,
        2.8693298972569363,
        2.933489894959538,
        2.9485898944188467,
        2.988109893003741,
        3.0207698918342736,
        3.07062989004892,
        3.1103898886252206,
        3.118429888337329,
        3.158929886887132,
        3.206739885175183,
        3.253819883489374,
        3.2775898826382335,
        3.292959882087875,
        3.315789881270393,
        3.360809879658347,
        3.424569877375271,
        3.4482898765259216,
        3.4873998751254964,
        3.523849873820319,
        3.5750798719859094,
        3.664389868787956,
        3.730769866411065,
        3.758319865424573,
        3.783069864538341,
        3.810749863547194,
        3.833299862739739,
        3.872839861323917,
        3.9296698592889863,
        3.9636598580718947,
        3.998379856828664,
        4.048019855051188,
        4.07340985414204,
        4.142879851654504,
        4.190359849954372,
        4.221719848831454,
        4.279669846756418,
        4.364449843720672,
        4.441739840953123,
        4.530559837772716,
        4.746419830043344,
        4.7683198292591635,
        4.790659828459227,
        4.806909827877359,
        4.860539825957011,
        4.900329824532237,
        4.925649823625596,
        5.116999816773861,
        5.145419815756217,
        5.182249814437433,
        5.195769813953318,
        5.294019810435247,
        5.3153598096711185,
        5.364119807925153,
        5.495049803236898,
        5.810329791947561,
        5.832699791146551,
        5.984489785711356,
        6.8631897542474505,
        6.8670497541092335,
        6.972799750322608,
        7.002489749259487,
        7.21151974177468,
        7.271489739627314,
        7.339789737181673,
        8.351199700965775,
        8.354639700842599,
        8.788689685300426,
        8.848429683161294,
        8.882469681942412,
        10.771059614317036,
        11.53069958711635,
        13.40789951989882,
        58.280237913139864
    ],
    "et": [
        -474.149656323
    ],
    "fc": [
        0.0637,
        0.1099,
        0.0908,
        0.3611,
        0.5819,
        1.1612,
        0.7854,
        2.1868,
        1.6613,
        1.1664,
        1.32,
        1.5131,
        1.3372,
        1.3628,
        5.6298,
        6.1877,
        6.2304,
        6.3731
    ],
    "gap": 0.21269999238377968,
    "homo": -0.26039999067576974,
    "id": "AZ7_48079",
    "ir": [
        0.8146,
        1.9016,
        0.1483,
        7.1742,
        47.0787,
        65.0997,
        14.686,
        26.5056,
        161.7733,
        65.4524,
        3.6171,
        17.7669,
        6.0567,
        3.5338,
        12.1317,
        3.1757,
        6.4591,
        9.2494
    ],
    "lumo": -0.04769999829199007,
    "ma": [
        12.0,
        12.0,
        18.9984,
        126.9004,
        1.00783,
        1.00783,
        1.00783,
        1.00783
    ],