{
    "A": 12.63949,
    "B": 11.7674,
    "C": 6.09393,
    "Cv": "11.670",
    "G": -260.996534,
    "H": -260.966131,
    "P": 1.0,
    "S": 0.00010197216166351978,
    "T": 298.15,
    "U": -260.967075,
    "U0": -260.970732,
    "alpha": 14.744,
    "alpha_xx": 30.58,
    "alpha_xy": 0.171,
    "alpha_xz": 34.296,
    "alpha_yy": 0.0,
    "alpha_yz": 0.0,
    "alpha_zz": 13.652,
    "bo": [
        0,
        2,
        0,
        0,
        1,
        0,
        2,
        0,
        1,
        2,
        0,
        0,
        0,
        1,
        0,
        0,
        0,
        1,
        0,
        2,
        0,
        0,
        0,
        0,
        1,
        0,
        0,
        0,
        0,
        0,
        0,
        0,
        1,
        0,
        0,
        0
    ],
    "coords": [
        0.709082,
        -0.695694,
        -0.154178,
        0.027774,
        0.340211,
        0.069782,
        -1.351782,
        0.112024,
        0.043441,
        0.340875,
        1.486091,
        0.301467,
        1.685856,
        -0.404864,
        -0.108938,
        -1.411805,
        -0.837768,
        -0.151574
    ],
    "e ne": -866.9547116371,
    "e_disp": -0.0014764336999917305,
    "e_k": 259.6232619178,
    "e_nn": 126.6457259228,
    "eigs": [
        -19.21520931195452,
        -19.168689313620277,
        -14.583349477809085,
        -14.363949485665218,
        -1.2459999553840593,
        -1.0808699612969248,
        -0.9873999646438365,
        -0.6996199749484716,
        -0.5940499787286521,
        -0.5549699801280027,
        -0.5471899804065837,
        -0.46057998350785717,
        -0.3716099866936359,
        -0.363409986987256,
        -0.3119799888288273,
        -0.29965998926997367,
        -0.054119998062106975,
        0.018129999350812998,
        0.05823999791458075,
        0.09246999668889563,
        0.20861999252987357,
        0.26980999033882264,
        0.3450299876453949,
        0.40300998556928547,
        0.4070899854231916,
        0.42810998467052136,
        0.4570299836349732,
        0.49657998221879307,
        0.5128499816362078,
        0.516619981501214,
        0.5507999802773192,
        0.5516199802479573,
        0.570879979558308,
        0.6151799779720429,
        0.6510999766858435,
        0.6605399763478224,
        0.6886199753423523,
        0.7121699744990894,
        0.719059974252377,
        0.8803399684773697,
        0.9264799668252193,
        0.9420199662687733,
        0.9438799662021717,
        1.0502199623944195,
        1.1763599578776822,
        1.2424299555118916,
        1.286779953923836,
        1.3713999508938195,
        1.3989199499084015,
        1.4187799491972677,
        1.4330799486852228,
        1.477889947080696,
        1.4999499462907864,
        1.5940099429227483,
        1.6069099424608337,
        1.6749999400227122,
        1.7671299367237823,
        1.780489936245396,
        1.8244099346727383,
        1.9393599305566847,
        1.961569929761404,
        2.0765099256457087,
        2.1309099236977898,
        2.168479922352508,
        2.359489915512949,
        2.413719913571117,
        2.480009911197449,
        2.6165399063086734,
        2.7388299019297944,
        2.921789895378484,
        3.023419891739384,
        3.100999888961451,
        3.146249887341169,
        3.1684298865469622,
        3.1750798863088434,
        3.213859884920235,
        3.253419883503697,
        3.301399881785661,
        3.4221098774633574,
        3.4626698760110117,
        3.5042398745225003,
        3.517889874033731,
        3.6224698702889992,
        3.627479870109605,
        3.6553598691112965,
        3.6566698690643884,
        3.6951798676854484,
        3.781509864594201,
        3.821409863165488,
        3.8696098614395744,
        3.878269861129483,
        3.9812898574406113,
        3.9944298569701027,
        4.049679854991748,
        4.065949854409162,
        4.13574985190981,
        4.1679498507568145,
        4.180949850291318,
        4.321569845256091,
        4.357819843958075,
        4.414269841936751,
        4.525969837937072,
        4.549409837097747,
        4.603239835170239,
        4.63750983394312,
        4.674569832616101,
        4.728979830667823,
        4.750439829899399,
        4.832649826955677,
        4.886449825029243,
        4.940869823080607,
        5.090329817728843,
        5.110239817015919,
        5.128079816377117,
        5.23963981238245,
        5.242469812281115,
        5.350609808408909,
        5.425039805743769,
        5.503659802928597,
        5.524059802198128,
        5.5762998003275515,
        5.663739797196558,
        5.800379792303843,
        5.853239790411069,
        5.940549787284731,
        5.976899785983133,
        6.01969978445058,
        6.2599797758467925,
        6.2742197753368965,
        6.309449774075404,
        6.336069773122213,
        6.41406977032924,
        6.519419766556937,
        6.556669765223115,
        6.627299762694042,
        6.6859497605939415,
        6.765299757752629,
        6.870259753994292,
        6.925359752021309,
        7.0549097473824665,
        7.141559744279762,
        7.271689739620153,
        7.308199738312827,
        7.346759736932095,
        8.930069680237983,
        11.48044958891567,
        12.15913956461359,
        13.891919502567353
    ],
    "et": [
        -261.009524645
    ],
    "fc": [
        0.142,
        0.9497,
        1.534,
        1.1132,
        0.5798,
        2.3051,
        4.3053,
        1.4199,
        2.0955,
        9.3426,
        7.5904,
        8.6533
    ],
    "gap": 0.24553999120786668,
    "homo": -0.29965998926997367,
    "id": "AZ7_97472",
    "ir": [
        138.7225,
        18.9303,
        4.8289,
        0.419,
        63.8827,
        145.6521,
        120.796,
        142.3527,
        74.9084,
        374.9419,
        21.1699,
        78.5662
    ],
    "lumo": -0.054119998062106975,
    "ma": [
        14.00307,
        14.00307,
        15.99491,
        15.99491,
        1.00783,
        1.00783
    ],
    "mr": [
        1.0962,
        4.7361,
        6.4142,
        3.5024,
        1.4808,
        5.1739,
        4.7696,
        1.3652,
        1.6284,
        5.5107,
        1.0726,
        1.0653
    ],
    "mu": 1.9772966039519717,
    "mu_x": -0.2025,
    "mu_xx=": 3.5294,
    "mu_xxx=": -1.0293,
    "mu_xxy=": 8.1511,
    "mu_xxz=": 0.0002,
    "mu_xy=": -0.1746,
    "mu_xyy=": -2.3427,
    "mu_xyz=": 0.0003,
    "mu_xz=": 0.0002,
    "mu_xzz=": -0.3386,
    "mu_y": 1.9669,
    "mu_yy=": -3.3316,
    "mu_yyy=": -4.0801,
    "mu_yyz=": 0.0001,
    "mu_yz=": 0.0001,
    "mu_yzz=": -1.4803,
    "mu_z": 0.0,
    "mu_zz=": -0.1978,
    "mu_zzz=": 0.0,
    "na": 6,
    "ne": 32,
    "ne_down": 16,
    "ne_up": 16,
    "ni": 4,
    "oemga": [
        468.9305,
        583.3794,
        637.1156,
        734.478,
        815.1817,
        869.5727,
        1237.762,
        1328.6574,
        1477.8964,
        1696.3121,
        3465.6257,
        3713.0789
    ],
    "oemga0": 3713.0789,
    "qa": [
        -0.273093,
        0.373963,
        -0.210098,
        -0.274665,
        0.159486,
        0.224408
    ],
    "r2": 209.8922,