{
    "A": 19.31131,
    "B": 1.9329,
    "C": 1.87579,
    "Cv": "15.887",
    "G": -2691.322924,
    "H": -2691.287868,
    "P": 1.0,
    "S": 0.0001175784001347236,
    "T": 298.15,
    "U": -2691.288812,
    "U0": -2691.293741,
    "alpha": 43.36366666666667,
    "alpha_xx": 80.099,
    "alpha_xy": 1.751,
    "alpha_xz": 43.495,
    "alpha_yy": 4.944,
    "alpha_yz": -0.408,
    "alpha_zz": 45.048,
    "bo": [
        0,
        2,
        0,
        0,
        1,
        1,
        0,
        0,
        0,
        2,
        0,
        1,
        0,
        0,
        0,
        1,
        0,
        0,
        0,
        1,
        0,
        1,
        0,
        0,
        0,
        1,
        1,
        0,
        0,
        1,
        0,
        0,
        0,
        0,
        0,
        0,
        1,
        0,
        0,
        0,
        0,
        0,
        0,
        0,
        0,
        1,
        0,
        0,
        0,
        0,
        0,
        0,
        0,
        0,
        0,
        1,
        0,
        0,
        0,
        0,
        0,
        0,
        0,
        0,
        0,
        1,
        0,
        0,
        0,
        0,
        0,
        0,
        0,
        0,
        1,
        0,
        0,
        0,
        0,
        0,
        0
    ],
    "coords": [
        -2.7437,
        -0.3263,
        -0.292696,
        -1.696999,
        -0.033385,
        0.470077,
        -0.593543,
        0.85745,
        0.040823,
        1.139072,
        -0.133411,
        -0.063635,
        -2.838236,
        0.059958,
        -1.300578,
        -3.543375,
        -0.960389,
        0.065436,
        -1.621327,
        -0.441782,
        1.471717,
        -0.389198,
        1.650514,
        0.754167,
        -0.747716,
        1.272704,
        -0.949495
    ],
    "e ne": -6856.652000045,
    "e_disp": -0.004694077499976856,
    "e_k": 2687.122434515,
    "e_nn": 216.3228741779,
    "eigs": [
        -482.84664271054737,
        -62.4948477622259,
        -56.31096798365417,
        -56.30741798378129,
        -56.30734798378379,
        -10.235479633494728,
        -10.194869634948864,
        -10.183209635366378,
        -8.683309689073802,
        -6.5121297668179725,
        -6.500819767222954,
        -6.500599767230832,
        -2.6273399059219535,
        -2.6242299060333143,
        -2.6240399060401183,
        -2.615009906363458,
        -2.6149999063638165,
        -0.829739970289221,
        -0.7656599725837552,
        -0.6753599758171576,
        -0.5756399793878652,
        -0.49394998231296633,
        -0.4553599836947715,
        -0.42474998479083403,
        -0.3852899862037915,
        -0.3740299866069821,
        -0.28805998968533875,
        -0.2767799900892456,
        -0.2719899902607627,
        -0.03945999858704253,
        0.016739999400585195,
        0.05448999804885826,
        0.062239997771351405,
        0.07392999735276364,
        0.10680999617541845,
        0.12104999566552198,
        0.17384999377489463,
        0.23515999157954687,
        0.2435499912791233,
        0.24510999122326388,
        0.25844999074559405,
        0.2628299905887579,
        0.2809499899399289,
        0.2862099897515824,
        0.2973899893512563,
        0.3090699889330267,
        0.336009987968377,
        0.3776699864766434,
        0.38812998610209865,
        0.3951399858510893,
        0.40880998536160296,
        0.4263199847346165,
        0.4395499842608855,
        0.443839984107272,
        0.4514399838351363,
        0.46744998326186077,
        0.48553998261410614,
        0.5068899818496194,
        0.5492399803331787,
        0.5837099790988999,
        0.6162499779337292,
        0.6503699767119829,
        0.6648399761938507,
        0.6796699756628279,
        0.7192699742448574,
        0.7278799739365562,
        0.7719899723570947,
        0.816379970767607,
        0.8764299686173765,
        0.8921499680544851,
        0.9270499668048092,
        0.9858199647004121,
        1.0003099641815636,
        1.019209963504805,
        1.0238999633368688,
        1.0543999622447449,
        1.0781999613925304,
        1.085489961131495,
        1.1018199605467611,
        1.1212999598492341,
        1.1693899581272593,
        1.189619957402877,
        1.253549955113714,
        1.2619399548132904,
        1.273039954415829,
        1.321399952684186,
        1.3358899521653378,
        1.3921799501497427,
        1.4130299494031602,
        1.4264999489208354,
        1.4590899477538741,
        1.4793099470298496,
        1.5117799458671854,
        1.5129799458242166,
        1.552199944419853,
        1.5867099431841418,
        1.6127799422506448,
        1.6507399408913983,
        1.6638799404208897,
        1.6799699398447496,
        1.7627699368799021,
        1.7807899362346542,
        1.798269935608742,
        1.8157199349839037,
        1.8249099346548343,
        1.890269932314467,
        1.9265799310143024,
        1.9700999294559673,
        2.008669928074878,
        2.089169925192388,
        2.1173499241833373,
        2.206889920977148,
        2.2462399195681293,
        2.292789917901298,
        2.3085399173373324,
        2.3901599144147374,
        2.3939899142775958,
        2.4892599108662306,
        2.5275099094966,
        2.5611899082906087,
        2.614439906383869,
        2.669979904395129,
        2.7091899029911235,
        2.732199902167197,
        2.743969901745744,
        2.774279900660424,
        2.811029899344504,
        2.8396798983186238,
        2.8553998977557327,
        2.8661598973704456,
        2.8915998964595073,
        2.9274298951765307,
        2.941519894672005,
        2.954569894204719,
        2.969619893665819,
        3.0161898919982715,
        3.0228998917580037,
        3.0674998901609967,
        3.089569889370729,
        3.127939887996802,
        3.1601498868434468,
        3.1992198854444545,
        3.2068198851723184,
        3.2471198837292827,
        3.2753398827187996,
        3.3027498817373213,
        3.344719880234487,
        3.3950598784319457,
        3.433369877060167,
        3.463299875988453,
        3.5132698741991604,
        3.5491498729143935,
        3.583889871670446,
        3.599579871108629,
        3.6230998702664405,
        3.690929867837629,
        3.7203298667848936,
        3.7309098664060523,
        3.7720198649340126,
        3.7957398640846622,
        3.8420898624249924,
        3.8522298620619058,
        3.889149860739899,
        3.93295985917118,
        3.949549858577136,
        3.9714298577936717,
        3.9920498570553242,
        4.0156498562102705,
        4.08939985356948,
        4.108439852887708,
        4.142529851667036,
        4.1734898505584415,
        4.244019848032949,
        4.247269847916576,
        4.336749844712536,
        4.368739843567059,
        4.425939841518879,
        4.440929840982127,
        4.516399838279748,
        4.646749833612261,
        4.666529832903993,
        4.741699830212355,
        4.811299827720164,
        4.825539827210268,
        4.907889824261534,
        4.937439823203426,
        4.978109821747143,
        4.991899821253359,
        5.056889818926241,
        5.1365798160727545,
        5.189529814176756,
        5.230259812718323,
        5.301889810153444,
        5.371729807652659,
        5.417019806030945,
        5.603569799351087,
        5.821559791545445,
        5.9062497885129215,
        5.977389785965588,
        6.260139775841063,
        10.874329610619212,
        12.117159566116781,
        14.046079497047293
    ],
    "et": [
        -2691.36451894
    ],