{
    "A": 9.25562,
    "B": 4.31312,
    "C": 3.19411,
    "Cv": "15.595",
    "G": -580.88775,
    "H": -580.853804,
    "P": 1.0,
    "S": 0.00011385544189171379,
    "T": 298.15,
    "U": -580.854749,
    "U0": -580.859606,
    "alpha": 27.16633333333333,
    "alpha_xx": 43.182,
    "alpha_xy": -0.873,
    "alpha_xz": 36.623,
    "alpha_yy": 1.407,
    "alpha_yz": 0.431,
    "alpha_zz": 36.91,
    "bo": [
        0,
        1,
        1,
        1,
        1,
        0,
        0,
        1,
        0,
        0,
        0,
        0,
        0,
        0,
        1,
        0,
        0,
        0,
        0,
        0,
        0,
        1,
        0,
        0,
        0,
        0,
        1,
        1,
        1,
        0,
        0,
        0,
        0,
        0,
        0,
        0,
        0,
        0,
        1,
        0,
        0,
        0,
        0,
        0,
        0,
        1,
        0,
        0,
        0
    ],
    "coords": [
        -0.698881,
        -0.030697,
        -0.055304,
        -0.806916,
        0.554203,
        1.174463,
        -1.277902,
        -1.267871,
        0.03351,
        1.08478,
        -0.240934,
        -0.633489,
        -1.282721,
        0.566194,
        -0.760062,
        1.431346,
        1.114419,
        -0.387352,
        1.550293,
        -0.695314,
        0.628233
    ],
    "e ne": -1722.986050454,
    "e_disp": -0.002743110000011484,
    "e_k": 578.7005895545,
    "e_nn": 171.0936169935,
    "eigs": [
        -77.10278723915448,
        -24.695449115721722,
        -24.694149115768273,
        -10.344219629601039,
        -6.56764976482995,
        -4.72988983063524,
        -4.729319830655649,
        -4.725109830806398,
        -1.2564499550098727,
        -1.2003599570183063,
        -0.7312299738166017,
        -0.6365099772082726,
        -0.5566399800682045,
        -0.5496399803188559,
        -0.4991599821264101,
        -0.43283998450115263,
        -0.41708998506511824,
        -0.4116099852613424,
        -0.39415998588618045,
        -0.33672998794259573,
        -0.2849399897970577,
        -0.004009999856412582,
        0.014149999493326196,
        0.04681999832350053,
        0.06544999765640985,
        0.08829999683821223,
        0.12546999550725355,
        0.1845299933924723,
        0.2254499919272361,
        0.2442499912540582,
        0.2714099902815309,
        0.28554998977521523,
        0.30691998901001244,
        0.32321998842635286,
        0.3441099876783376,
        0.3589899871455244,
        0.3737099866184404,
        0.4027899855771631,
        0.4309699845681124,
        0.4935199823283635,
        0.5427799805644942,
        0.5806299792091865,
        0.6094499781772191,
        0.6340299772970747,
        0.6961499750727231,
        0.7134299744539723,
        0.7620099727144518,
        0.7897499717211564,
        0.8156599707933884,
        0.8290399703142862,
        0.8818399684236587,
        0.8932399680154552,
        0.9095699674307214,
        0.9454599661455961,
        0.9812199648651256,
        1.0362399628950063,
        1.0546399622361513,
        1.0762199614634287,
        1.1270099596447742,
        1.1636699583320773,
        1.1707299580792774,
        1.2043999568736443,
        1.2577399549636812,
        1.3586099513517953,
        1.364879951127283,
        1.3800699505833698,
        1.4242899489999696,
        1.4550399478988938,
        1.4936999465145822,
        1.5750299436023714,
        1.6304299416186452,
        1.6497699409261313,
        1.672009940129776,
        1.7040099389839414,
        1.7188799384514861,
        1.7369899378030154,
        1.7893399359285014,
        1.875809932832241,
        1.946559930298872,
        2.038949926990632,
        2.053769926459968,
        2.0883699252210333,
        2.117119924191573,
        2.2013999211737305,
        2.261999919003806,
        2.307099917388895,
        2.3453799160181905,
        2.4030299139538975,
        2.4264799131142154,
        2.4611099118742072,
        2.4872299109389195,
        2.591129907218537,
        2.6770099041434037,
        2.729129902277125,
        2.866769897348603,
        2.9689898936883776,
        3.030339891491597,
        3.0590598904632107,
        3.0960198891397717,
        3.1333798878020094,
        3.1949798855962777,
        3.20910988509032,
        3.229809884349108,
        3.259699883278827,
        3.2639898831252134,
        3.333089880650926,
        3.3878698786894006,
        3.4050498780742307,
        3.423829877401769,
        3.4558598762548596,
        3.508929874354564,
        3.5565998726476287,
        3.5765498719332722,
        3.66409986879834,
        3.690539867851594,
        3.7175398668847963,
        3.735969866224867,
        3.7852098644617134,
        3.8368898626111907,
        3.9142398598414934,
        3.97027985783485,
        3.9733698577242054,
        4.046099855119937,
        4.088339853607436,
        4.147469851490149,
        4.240259848167586,
        4.272529847012082,
        4.64798983356786,
        4.709619831361054,
        4.741189830230616,
        4.768419829255583,
        4.774289829045394,
        4.805399827931428,
        4.871039825581033,
        4.911839824120095,
        5.0413198194837605,
        5.63820979811072,
        5.918309788081085,
        5.923019787912433,
        6.851169754677854,
        6.853599754590842,
        6.855259754531402,
        6.860309754350575,
        6.871359753954904,
        6.906699752689472,
        6.936399751625995,
        7.031799748209974,
        7.077519746572864,
        7.21296974172276,
        7.240889740723019,
        7.299119738637958,
        7.323239737774284,
        7.4466297333560165,
        8.278419703571833,
        8.319139702113759,
        8.363249700534299,
        8.367859700369225,
        8.678159689258209,
        8.684239689040501,
        8.776099685751237,
        8.855019682925322,
        8.93669968000058,
        9.054099675796799,
        10.589119620831822,
        11.07601960339723,
        11.491479588520715
    ],
    "et": [
        -580.899315742
    ],
    "fc": [
        0.0159,
        0.329,
        0.4205,
        0.8913,
        0.7197,
        0.4574,
        0.7231,
        2.4088,
        1.9827,
        1.1738,
        1.2983,
        1.2301,
        3.478,
        3.531,
        5.9419
    ],
    "gap": 0.2809299899406451,
    "homo": -0.2849399897970577,
    "id": "AZ7_69829",
    "ir": [
        2.9112,
        0.7754,
        12.2165,
        7.3438,
        7.2727,
        40.3781,
        47.9289,
        105.9838,
        116.1966,
        59.5707,
        50.3048,
        5.4334,
        35.3763,
        44.8629,
        30.34
    ],
    "lumo": -0.004009999856412582,
    "ma": [
        12.0,
        18.9984,
        18.9984,
        30.97376,
        1.00783,
        1.00783,
        1.00783
    ],
    "mr": [
        1.1263,
        7.0395,
        6.0377,
        5.3958,
        3.0923,
        1.1986,
        1.5325,
        3.67,
        2.854,
        1.591,
        1.2333,
        1.1273,
        1.0353,
        1.0411,
        1.0858
    ],
    "mu": 1.5217397510744073,
    "mu_x": -1.0897,
    "mu_xx=": -1.0177,
    "mu_xxx=": 17.3709,
    "mu_xxy=": 3.6537,
    "mu_xxz=": -1.4948,
    "mu_xy=": -1.5707,
    "mu_xyy=": 4.645,
    "mu_xyz=": -0.6331,
    "mu_xz=": 1.7536,
    "mu_xzz=": 6.4084,
    "mu_y": 0.5533,
    "mu_yy=": -1.8583,
    "mu_yyy=": 0.9953,
    "mu_yyz=": -0.5905,
    "mu_yz=": 0.4936,
    "mu_yzz=": 0.3188,
    "mu_z": 0.9067,
    "mu_zz=": 2.876,
    "mu_zzz=": -0.6894,
    "na": 7,
    "ne": 42,
    "ne_down": 21,
    "ne_up": 21,
    "ni": 4,