{
    "A": 35.59171,
    "B": 4.77466,
    "C": 4.34412,
    "Cv": "17.038",
    "G": -171.908597,
    "H": -171.875559,
    "P": 1.0,
    "S": 0.00011080999496889608,
    "T": 298.15,
    "U": -171.876503,
    "U0": -171.881688,
    "alpha": 30.923333333333336,
    "alpha_xx": 62.359,
    "alpha_xy": 5.087,
    "alpha_xz": 34.142,
    "alpha_yy": 0.244,
    "alpha_yz": 0.039,
    "alpha_zz": 30.167,
    "bo": [
        0,
        3,
        0,
        0,
        1,
        0,
        0,
        0,
        0,
        3,
        0,
        1,
        0,
        0,
        0,
        0,
        0,
        0,
        0,
        1,
        0,
        1,
        0,
        1,
        0,
        0,
        0,
        0,
        0,
        1,
        0,
        0,
        0,
        1,
        1,
        1,
        1,
        0,
        0,
        0,
        0,
        0,
        0,
        0,
        0,
        0,
        0,
        1,
        0,
        0,
        0,
        0,
        0,
        0,
        0,
        0,
        0,
        1,
        0,
        0,
        0,
        0,
        0,
        0,
        0,
        0,
        1,
        0,
        0,
        0,
        0,
        0,
        0,
        0,
        0,
        1,
        0,
        0,
        0,
        0,
        0
    ],
    "coords": [
        -1.91486,
        -0.238276,
        0.020446,
        -0.779365,
        0.158336,
        -0.009418,
        0.493404,
        0.577485,
        -0.095272,
        1.565985,
        -0.411649,
        0.022601,
        -2.919472,
        -0.574834,
        0.039771,
        0.676292,
        1.447149,
        0.382852,
        1.419495,
        -1.185119,
        -0.729496,
        2.518124,
        0.080247,
        -0.171615,
        1.60331,
        -0.887595,
        1.008011
    ],
    "e ne": -610.0222389933,
    "e_disp": -0.002889274300002853,
    "e_k": 170.8824745797,
    "e_nn": 105.3208530712,
    "eigs": [
        -14.345659486320132,
        -10.207969634479788,
        -10.190449635107132,
        -10.146689636674061,
        -0.9395999663554271,
        -0.7373599735971027,
        -0.6888899753326844,
        -0.5676999796721753,
        -0.5020999820211366,
        -0.47791998288695803,
        -0.44490998406895815,
        -0.4024199855904118,
        -0.3336399880532404,
        -0.2710599902940635,
        -0.21589999226919618,
        0.023759999149217698,
        0.05419999805924239,
        0.0630199977434217,
        0.08210999705985965,
        0.08390999699540644,
        0.10672999617828303,
        0.12460999553804786,
        0.15109999458951154,
        0.1936899930644771,
        0.2403899913922745,
        0.25204999097476094,
        0.2697799903398969,
        0.31015998889399665,
        0.31689998865265523,
        0.33103998814633945,
        0.3688099867938964,
        0.3935099859094552,
        0.41244998523126425,
        0.43090998457026086,
        0.4416399841860481,
        0.4505799838659305,
        0.4709999831347447,
        0.47430998301622246,
        0.4947799822832463,
        0.5341499808735115,
        0.5511799802637125,
        0.5832499791153714,
        0.620349977786919,
        0.6338499773035201,
        0.662899976263317,
        0.6994099749559911,
        0.7143099744224618,
        0.7750499722475243,
        0.8254699704421183,
        0.8455799697220328,
        0.8718399687817322,
        0.8808299684598242,
        0.917679967140324,
        0.9255999668567298,
        0.9305899666780512,
        0.9584799656793846,
        0.9788299649507052,
        1.0135299637081907,
        1.023729963342956,
        1.095679960766618,
        1.1034199604894694,
        1.1670299582117647,
        1.1883399574487101,
        1.2210699562767364,
        1.237009955705967,
        1.2636799547509854,
        1.3029599533444733,
        1.3286299524252991,
        1.3380899520865617,
        1.3474799517503309,
        1.4117699494482772,
        1.4615799476647138,
        1.4758399471541013,
        1.4945799464830718,
        1.5462199446339808,
        1.5867799431816354,
        1.7011599390859922,
        1.7696899366321155,
        1.798949935584393,
        1.8643399332429513,
        2.0133099279087325,
        2.05834992629597,
        2.117839924165792,
        2.1563599227864927,
        2.253109919322133,
        2.2989999176789344,
        2.3763999149074464,
        2.4072899138013586,
        2.4636699117825405,
        2.4873599109342646,
        2.5242299096140486,
        2.5303699093941914,
        2.5364899091750504,
        2.5885899073094882,
        2.625259905996433,
        2.6852099038497834,
        2.7019099032518006,
        2.725859902394215,
        2.7482899015910562,
        2.776559900578783,
        2.7842699003027085,
        2.822449898935584,
        2.8396098983211306,
        2.856669897710257,
        2.907149895902703,
        2.923009895334799,
        2.93349989495918,
        2.942029894653743,
        2.9465998944901037,
        2.9535598942408847,
        2.981449893242218,
        3.001879892510674,
        3.0147498920498332,
        3.037649891229846,
        3.059559890445307,
        3.101959888927076,
        3.107479888729419,
        3.1432698874478744,
        3.1709798864556538,
        3.235569884142858,
        3.2853398823607267,
        3.298789881879118,
        3.3031998817212074,
        3.345829880194741,
        3.37109987928989,
        3.40083987822498,
        3.433679877049066,
        3.4594898761248793,
        3.4685598758001066,
        3.5230998738471744,
        3.6016298710352244,
        3.61608987051745,
        3.668869868627539,
        3.6942598677183907,
        3.734859866264613,
        3.75757986545107,
        3.848319862201913,
        3.850599862120272,
        3.868999861461417,
        3.887269860807217,
        3.943609858789832,
        3.9544098584031127,
        3.985889857275897,
        4.0144598562528815,
        4.066099854403791,
        4.093749853413718,
        4.131979852044804,
        4.185859850115504,
        4.205479849412964,
        4.249589847833503,
        4.282589846651861,
        4.324179845162634,
        4.377859843240496,
        4.483519839457093,
        4.51308983839827,
        4.567169836461809,
        4.618229834633486,
        4.658619833187228,
        4.734249830479119,
        4.786649828602815,
        4.815219827579799,
        4.872259825537348,
        4.957669822479044,
        4.967399822130639,
        5.050009819172596,
        5.086719817858107,
        5.156579815356607,
        5.180149814512628,
        5.245969812155789,
        5.268979811331863,
        5.305109810038144,
        5.360359808059788,
        5.435599805365644,
        5.457619804577167,
        5.623949798621333,
        5.697239795997012,
        5.761439793698183,
        5.808639792008075,
        5.874969789632975,
        5.942279787222783,
        5.977319785968094,
        6.0437897835879815,
        6.1583397794862496,
        6.260779775818146,
        6.359329772289334,
        6.731879758949311,
        8.767009686076728,
        12.753889543317175,
        13.403709520048851,
        16.67196940302117
    ],
    "et": [
        -171.954311565
    ],
    "fc": [
        0.0189,
        0.0774,
        0.1989,
        0.1496,
        0.4208,
        0.5347,
        0.3547,
        1.4072,
        0.982,
        2.6398,
        1.505,
        1.4375,
        1.5986,
        1.3845,
        1.4329,
        18.2728,
        5.5507,
        6.0619,
        6.317,
        8.2464,
        8.0426
    ],
    "gap": 0.23965999141841388,
    "homo": -0.21589999226919618,
    "id": "AZ7_70941",