{
    "A": 5.71215,
    "B": 0.87984,
    "C": 0.7624,
    "Cv": "15.136",
    "G": -2947.159194,
    "H": -2947.122205,
    "P": 1.0,
    "S": 0.00012406171390146327,
    "T": 298.15,
    "U": -2947.123149,
    "U0": -2947.127976,
    "alpha": 45.940333333333335,
    "alpha_xx": 92.664,
    "alpha_xy": 2.448,
    "alpha_xz": 79.181,
    "alpha_yy": 0.0,
    "alpha_yz": 0.0,
    "alpha_zz": 45.157,
    "bo": [
        0,
        2,
        0,
        0,
        1,
        1,
        2,
        0,
        1,
        1,
        0,
        0,
        0,
        1,
        0,
        0,
        0,
        0,
        0,
        1,
        0,
        0,
        0,
        0,
        1,
        0,
        0,
        0,
        0,
        0,
        1,
        0,
        0,
        0,
        0,
        0
    ],
    "coords": [
        -0.81442,
        -0.146344,
        -0.090498,
        0.473799,
        0.124165,
        0.030874,
        1.2399,
        1.710662,
        -0.692237,
        1.811267,
        -1.169051,
        1.035001,
        -1.478091,
        0.532148,
        -0.609225,
        -1.232455,
        -1.051579,
        0.326086
    ],
    "e ne": -7634.369887917,
    "e_k": 2758.087224818,
    "e_nn": 339.3733299898,
    "eigs": [
        -482.87617270949005,
        -62.52414776117675,
        -56.340407982600006,
        -56.33670798273249,
        -56.33656798273751,
        -10.278169631966113,
        -10.198169634830698,
        -8.712769688018918,
        -6.8473597548142795,
        -6.542049765746617,
        -6.53012976617344,
        -6.529729766187764,
        -4.849769826342656,
        -4.83603982683429,
        -4.835759826844317,
        -2.6573099048488076,
        -2.6538799049716273,
        -2.653599904981653,
        -2.644069905322897,
        -2.644059905323255,
        -1.931699930830969,
        -1.927209930991744,
        -1.9270899309960408,
        -1.9152799314189255,
        -1.9152799314189255,
        -0.849379969585965,
        -0.7598699727910796,
        -0.7072299746759777,
        -0.5570199800545976,
        -0.479959982813911,
        -0.4463299840181117,
        -0.3708199867219237,
        -0.364919986933187,
        -0.30716998900106063,
        -0.28919998964451843,
        -0.26978999033953877,
        -0.25602999083224776,
        -0.06363999772122113,
        -0.02939999894726432,
        -0.004119999852473776,
        0.06000999785120177,
        0.11323999594517727,
        0.13113999530422596,
        0.17921999358260923,
        0.2038599927003165,
        0.2260499919057517,
        0.22937999178651325,
        0.23559999156379163,
        0.2379099914810767,
        0.2454199912121636,
        0.25757999077674637,
        0.2655799904902877,
        0.2891299896470249,
        0.2918199895507032,
        0.31037998888611906,
        0.31513998871567606,
        0.35420998731668357,
        0.3810599863552565,
        0.38199998632159765,
        0.39297998592843314,
        0.434419984444577,
        0.457879983604537,
        0.47344998304701674,
        0.5094999817561623,
        0.5216499813211031,
        0.5604599799314204,
        0.5633599798275791,
        0.574299979435847,
        0.6276699775248094,
        0.6826399755564801,
        0.713599974447885,
        0.7198299742248052,
        0.7568299728999339,
        0.7965899714762342,
        0.8443399697664339,
        0.8756199686463805,
        0.9005799677526294,
        0.9050699675918544,
        0.9238799669183184,
        0.9334199665767164,
        0.9590499656589744,
        1.0033499640727095,
        1.0369999628677924,
        1.0416299627020047,
        1.0906499609467288,
        1.1313099594908027,
        1.1470799589261211,
        1.157179958564467,
        1.1991199570627074,
        1.2519399551713637,
        1.2781599542324953,
        1.291849953742293,
        1.3428199519171928,
        1.3587299513474984,
        1.3893599502507195,
        1.4000299498686555,
        1.4623299476378584,
        1.4817799469414057,
        1.482639946910611,
        1.5083999459882145,
        1.5317899451506807,
        1.5535199443725873,
        1.5617899440764609,
        1.6083799424081968,
        1.6820099397717028,
        1.6985999391776592,
        1.7284899381073777,
        1.7339599379115116,
        1.7671099367244982,
        1.8000099355464372,
        1.8155199349910653,
        1.8931399322117,
        1.9407499305069127,
        2.0053599281934007,
        2.040049926951244,
        2.1606699226321635,
        2.2000099212235025,
        2.201619921165853,
        2.3255699167275337,
        2.461449911862033,
        2.4661299116944546,
        2.5031399103692253,
        2.5159899099091008,
        2.5995099069184717,
        2.61719990628504,
        2.6800199040356234,
        2.781429900404401,
        2.7830999003446033,
        2.8344298985066123,
        2.845459898111658,
        2.8778898969504256,
        2.917739895523503,
        2.959389894032128,
        2.961569893954068,
        3.033719891370569,
        3.0602098904220325,
        3.117689888363827,
        3.1352398877354077,
        3.1353198877325434,
        3.2583398833275243,
        3.2736798827782403,
        3.2894998822117683,
        3.374019879185332,
        3.5034598745504306,
        3.57544987197266,
        3.6022998710112337,
        3.6991398675436513,
        3.7605498653447222,
        3.7679298650804642,
        3.859199861812329,
        3.937399859012195,
        4.009059856446242,
        4.078849853947247,
        4.132539852024752,
        4.162589850948741,
        4.328669845001858,
        4.452449840569626,
        4.491519839170635,
        4.6474498335871965,
        4.781819828775764,
        4.858349826035429,
        4.887489824992003,
        4.958269822457559,
        5.006749820721621,
        5.335129808963208,
        5.6714997969186935,
        5.947099787050192,
        8.709079688151046,
        13.599279513046012,
        58.25996791386568
    ],
    "et": [
        -2947.15995141
    ],
    "fc": [
        0.5562,
        0.1736,
        0.5343,
        0.7629,
        0.9616,
        0.2711,
        0.6696,
        1.1079,
        1.3712,
        8.1178,
        6.1782,
        6.89
    ],
    "gap": 0.1923899931110266,
    "homo": -0.25602999083224776,
    "id": "AZ7_18416",
    "ir": [
        0.1163,
        0.4507,
        8.9194,
        2.2822,
        81.2373,
        0.0,
        39.0219,
        82.1654,
        0.4108,
        46.9031,
        0.4127,
        0.131
    ],
    "lumo": -0.06363999772122113,
    "ma": [
        12.0,
        12.0,
        78.91834,
        126.9004,
        1.00783,
        1.00783
    ],
    "mr": [
        40.9322,
        3.1391,
        5.9277,
        7.035,
        3.7587,
        1.0155,
        1.3352,
        1.639,
        1.1756,
        5.1113,
        1.0588,
        1.117
    ],
    "mu": 1.1874126494188952,
    "mu_x": -0.1584,
    "mu_xx=": 0.8207,
    "mu_xxx=": -13.8378,
    "mu_xxy=": -12.1251,
    "mu_xxz=": 0.0002,
    "mu_xy=": 1.252,
    "mu_xyy=": -0.5087,
    "mu_xyz=": 0.0003,
    "mu_xz=": 0.0001,
    "mu_xzz=": -3.9588,
    "mu_y": 1.1768,
    "mu_yy=": 2.6871,
    "mu_yyy=": -10.2842,
    "mu_yyz=": 0.0,
    "mu_yz=": 0.0,
    "mu_yzz=": -8.9356,
    "mu_z": 0.0,
    "mu_zz=": -3.5077,
    "mu_zzz=": 0.0,
    "na": 6,
    "ne": 74,
    "ne_down": 37,
    "ne_up": 37,
    "ni": 4,
    "oemga": [
        151.8647,
        306.3844,
        391.1406,
        429.01,
        658.9388,
        673.1571,
        922.5541,
        1071.0989,
        1407.0023,
        1641.8376,
        3147.0862,
        3235.6223
    ],
    "oemga0": 3235.6223,
    "qa": [
        -0.242293,
        -0.094548,
        -0.015044,
        0.058972,
        0.146195,
        0.146717
    ],
    "r2": 988.7768,