{
    "A": 13.38077,
    "B": 2.14195,
    "C": 1.94718,
    "Cv": "16.117",
    "G": -2744.473717,
    "H": -2744.438454,
    "P": 1.0,
    "S": 0.00011827268153533089,
    "T": 298.15,
    "U": -2744.439398,
    "U0": -2744.444433,
    "alpha": 33.72266666666667,
    "alpha_xx": 64.147,
    "alpha_xy": 3.983,
    "alpha_xz": 40.91,
    "alpha_yy": 1.122,
    "alpha_yz": -0.022,
    "alpha_zz": 35.899,
    "bo": [
        0,
        1,
        0,
        1,
        1,
        1,
        0,
        0,
        1,
        0,
        1,
        0,
        0,
        0,
        1,
        0,
        0,
        1,
        0,
        0,
        0,
        0,
        0,
        1,
        1,
        0,
        0,
        0,
        0,
        0,
        0,
        0,
        1,
        0,
        0,
        0,
        0,
        0,
        0,
        0,
        1,
        0,
        0,
        0,
        0,
        0,
        0,
        0,
        0,
        1,
        0,
        0,
        0,
        0,
        0,
        0,
        0,
        0,
        1,
        0,
        0,
        0,
        0,
        0
    ],
    "coords": [
        -0.746829,
        -0.094409,
        -0.308304,
        0.58474,
        -0.456682,
        -0.063844,
        1.367626,
        0.663264,
        0.345757,
        -1.815511,
        0.545765,
        1.314949,
        -0.808741,
        0.737252,
        -0.998043,
        -1.305902,
        -0.958709,
        -0.64826,
        0.664486,
        -1.141041,
        0.680814,
        2.060131,
        0.704559,
        -0.323068
    ],
    "e ne": -7040.361448816,
    "e_disp": -0.004567446200013592,
    "e_k": 2740.05486838,
    "e_nn": 243.8984770373,
    "eigs": [
        -482.8333727110226,
        -62.481727762695705,
        -56.29758798413327,
        -56.29443798424607,
        -56.29430798425072,
        -19.173279313455918,
        -14.391419484681588,
        -10.260389632602767,
        -8.67016968954431,
        -6.498189767317127,
        -6.488229767673768,
        -6.487779767689882,
        -2.613549906415737,
        -2.6108999065106264,
        -2.6105199065242335,
        -2.6025499068096174,
        -2.6025499068096174,
        -1.0883699610283697,
        -0.8821399684129166,
        -0.7589799728229482,
        -0.6632499762507844,
        -0.5562599800818112,
        -0.504909981920518,
        -0.47461998300512215,
        -0.433889984463555,
        -0.38775998611534734,
        -0.32307998843136587,
        -0.27893999001190173,
        -0.2693299903560102,
        -0.2642699905371953,
        -0.01600999942672455,
        0.02497999910553274,
        0.04793999828339632,
        0.06931999751783548,
        0.0801799971289678,
        0.1268499954578394,
        0.17021999390487527,
        0.24853999110044472,
        0.2505599910281139,
        0.2770499900795776,
        0.2825199898837114,
        0.28746998970646515,
        0.31338998877833896,
        0.3506399874445157,
        0.3546399873012864,
        0.3829699862868645,
        0.39908998570965026,
        0.39985998568207864,
        0.42202998488823,
        0.4350299844227346,
        0.4413299841971484,
        0.467959983243599,
        0.500949982062315,
        0.5226399812856539,
        0.5577099800298907,
        0.5857999790240626,
        0.6117399780952202,
        0.6350299772612674,
        0.6652499761791697,
        0.7044299747762384,
        0.7370199736092773,
        0.772219972348859,
        0.7913799716627904,
        0.8375499700095657,
        0.8898799681357679,
        0.927619966784399,
        0.9926699644551318,
        1.0016399641339402,
        1.0350099629390492,
        1.069249961713006,
        1.0803699613148285,
        1.1246899597278472,
        1.1557099586171036,
        1.2187399563601673,
        1.2730199544165453,
        1.2958399535994216,
        1.304659953283601,
        1.3694799509625695,
        1.401329949822106,
        1.4420299483647472,
        1.4482699481413093,
        1.4876899467297842,
        1.5110999458915346,
        1.5135299458045226,
        1.5269599453236304,
        1.584949943247163,
        1.5890199431014271,
        1.61477994217903,
        1.6546499407513915,
        1.7054999389305885,
        1.7202999384006399,
        1.7540999371903518,
        1.785029936082831,
        1.7958799356943214,
        1.8338599343343587,
        1.8418199340493324,
        1.8663299331716947,
        1.9170899313541143,
        1.945069930352225,
        2.000569928364918,
        2.042339926869245,
        2.0649099260610737,
        2.1401599233665713,
        2.154709922845575,
        2.285889918148369,
        2.378549914830461,
        2.4472099123719295,
        2.4981099105493363,
        2.6780599041058055,
        2.7073399030573664,
        2.7951898999116924,
        2.8336598985341843,
        2.859549897607132,
        2.865759897384769,
        2.898559896210288,
        2.9480398944385415,
        2.9570198941169914,
        2.995139892752016,
        3.07716988981474,
        3.1051198888139244,
        3.1304398879072832,
        3.20479988524465,
        3.2422398839040225,
        3.2676698829934425,
        3.3100598814755693,
        3.326819880875439,
        3.328139880828173,
        3.3796498789837366,
        3.3932398784971154,
        3.43644987694988,
        3.492939874927124,
        3.526689873718626,
        3.5652298723386115,
        3.617909870452281,
        3.69409986772412,
        3.701169867470962,
        3.7446398659144173,
        3.7878198643682564,
        3.835269862669198,
        3.8385598625513926,
        3.8738798612866776,
        3.882739860969424,
        3.974839857671568,
        3.9879098572035665,
        4.0439498551969235,
        4.072909854159944,
        4.102379853104701,
        4.142109851682075,
        4.166389850812673,
        4.240359848164005,
        4.291429846335324,
        4.326669845073473,
        4.47176983987783,
        4.588029835714868,
        4.638159833919847,
        4.694279831910339,
        4.717729831070657,
        4.811519827712287,
        4.882729825162446,
        4.918249823890569,
        4.948299822814559,
        5.009669820617062,
        5.080359818085842,
        5.107269817122266,
        5.186509814284894,
        5.2200698130831995,
        5.262399811567475,
        5.315519809665389,
        5.3944398068394745,
        5.454979804671698,
        5.623839798625272,
        5.693239796140243,
        5.740449794449779,
        5.807669792042808,
        5.969189786259208,
        6.081109782251651,
        6.241469776509586,
        6.386339771322177,
        6.421219770073217,
        6.572279764664161,
        6.591379763980242,
        6.677009760914059,
        6.788119756935506,
        7.065749746994316,
        7.195119742361921,
        7.374369735943455,
        10.787259613736957,
        11.359229593256234,
        12.327929558569668
    ],
    "et": [
        -2744.50376233
    ],
    "fc": [
        0.0727,
        0.0878,
        0.0944,
        0.3605,
        0.6536,
        0.8299,
        0.7836,
        1.1262,
        1.8449,
        1.032,
        1.2975,
        1.3438,
        1.4435,
        1.4537,
        6.042,
        6.7158,
        7.7589,
        9.044
    ],
    "gap": 0.24825999111047076,
    "homo": -0.2642699905371953,
    "id": "AZ7_82175",
    "ir": [
        1.4389,
        19.7221,
        119.2086,
        29.1499,
        55.164,
        304.4748,
        5.4942,
        69.5325,
        23.9383,
        67.2615,
        8.5752,
        73.5209,
        4.4215,
        6.713,
        5.6515,
        0.359,
        11.8531,
        64.9541
    ],
    "lumo": -0.01600999942672455,
    "ma": [
        12.0,
        14.00307,
        15.99491,
        78.91834,
        1.00783,
        1.00783,
        1.00783,
        1.00783
    ],