{
    "A": 23.81253,
    "B": 2.96625,
    "C": 2.91663,
    "Cv": "15.688",
    "G": -532.00131,
    "H": -531.967008,
    "P": 1.0,
    "S": 0.00011504947174249589,
    "T": 298.15,
    "U": -531.967953,
    "U0": -531.972988,
    "alpha": 39.044000000000004,
    "alpha_xx": 72.919,
    "alpha_xy": 4.333,
    "alpha_xz": 39.927,
    "alpha_yy": 3.04,
    "alpha_yz": -0.468,
    "alpha_zz": 41.173,
    "bo": [
        0,
        1,
        0,
        0,
        1,
        1,
        1,
        0,
        0,
        1,
        0,
        1,
        0,
        0,
        0,
        0,
        1,
        1,
        0,
        1,
        0,
        2,
        0,
        0,
        0,
        0,
        0,
        0,
        0,
        2,
        0,
        0,
        0,
        0,
        0,
        0,
        1,
        0,
        0,
        0,
        0,
        0,
        0,
        0,
        0,
        1,
        0,
        0,
        0,
        0,
        0,
        0,
        0,
        0,
        1,
        0,
        0,
        0,
        0,
        0,
        0,
        0,
        0,
        0,
        1,
        0,
        0,
        0,
        0,
        0,
        0,
        0,
        0,
        1,
        0,
        0,
        0,
        0,
        0,
        0,
        0
    ],
    "coords": [
        -1.036076,
        -0.197973,
        0.022019,
        0.344807,
        0.463882,
        0.017708,
        1.292597,
        -0.394878,
        -0.673204,
        2.568339,
        -0.89048,
        0.10067,
        -1.023562,
        -1.105786,
        0.625529,
        -1.770177,
        0.487669,
        0.446076,
        -1.342918,
        -0.459866,
        -0.989797,
        0.292768,
        1.38124,
        -0.579591,
        0.674222,
        0.716193,
        1.03059
    ],
    "e ne": -1560.516083722,
    "e_disp": -0.0041351642999813976,
    "e_k": 530.0792601935,
    "e_nn": 151.5503963183,
    "eigs": [
        -88.91585681615992,
        -14.37813948515711,
        -10.214749634237014,
        -10.179369635503878,
        -7.9659697147598365,
        -5.9308397876324195,
        -5.929039787696873,
        -5.918949788058168,
        -0.9384499663966056,
        -0.7742499722761701,
        -0.6651099761841828,
        -0.5733499794698639,
        -0.4797299828221467,
        -0.4600699835261189,
        -0.42092998492761813,
        -0.3908699860039866,
        -0.3865299861593904,
        -0.3309999881477718,
        -0.32148998848829957,
        -0.21304999237124705,
        -0.12104999566552198,
        0.035759998719529666,
        0.056329997982972765,
        0.07676999725107081,
        0.09189999670930582,
        0.10685999617362807,
        0.12286999560035262,
        0.16025999426151635,
        0.17010999390881407,
        0.2298499917696838,
        0.25043999103241077,
        0.26588999047918743,
        0.26963999034490993,
        0.3037299891242378,
        0.3182499886043153,
        0.3214699884890157,
        0.34366998769409285,
        0.37175998668826477,
        0.37341998662882453,
        0.39244998594741104,
        0.4018099856122543,
        0.4295699846182427,
        0.451069983848385,
        0.4550499837058718,
        0.4631899834144,
        0.4726899830742304,
        0.48425998265993947,
        0.5004899820787864,
        0.5394499806837325,
        0.5441499805154381,
        0.6046799783480201,
        0.6317199773797897,
        0.6870699753978536,
        0.7417599734395504,
        0.7558099729364574,
        0.7868499718249977,
        0.8383099699823521,
        0.8544999694026314,
        0.8904899681139253,
        0.9153899672223227,
        0.9516599659235906,
        0.9685699653180886,
        1.0270799632230012,
        1.0448099625881373,
        1.0547799622311382,
        1.0928699608672368,
        1.1023799605267088,
        1.1166199600168123,
        1.1426499590847474,
        1.1733199579865363,
        1.2005399570118607,
        1.2201699563089627,
        1.2674499546159919,
        1.3032699533333731,
        1.3432699519010798,
        1.3504699516432668,
        1.3737599508093141,
        1.3953599500358755,
        1.4153899493186546,
        1.4496799480908211,
        1.4931199465353504,
        1.5102499459219707,
        1.536269944990264,
        1.5450199446769497,
        1.5756099435816031,
        1.5826099433309522,
        1.635779941427076,
        1.6422199411964766,
        1.6740199400578033,
        1.6934499393620668,
        1.7369999378026575,
        1.8054299353523615,
        1.8744799328798647,
        1.899009932001511,
        1.9397999305409295,
        1.9490099302111439,
        1.9808499290710384,
        2.1140199243025752,
        2.2098999208693684,
        2.232839920047948,
        2.2810299183223925,
        2.313349917165099,
        2.384509914617049,
        2.3968199141762607,
        2.432409912901878,
        2.4567999120285364,
        2.51686990987759,
        2.5655199081355633,
        2.586699907377164,
        2.6855999038358185,
        2.739989901888258,
        2.754749901359741,
        2.7777499005361728,
        2.806589899503489,
        2.870649897209671,
        2.899829896164813,
        2.9555598941692702,
        2.9798098933009425,
        2.9928198928350884,
        2.998829892619886,
        3.0220898917870076,
        3.0439598910039014,
        3.065519890231895,
        3.07903988974778,
        3.164949886671572,
        3.1955298855765837,
        3.2290898843748894,
        3.2466498837461124,
        3.2965898819578943,
        3.3393898804253404,
        3.4112798778511513,
        3.4299598771822697,
        3.4490798764976334,
        3.466959875857398,
        3.49151987497797,
        3.5417498731793677,
        3.5973698711877637,
        3.630839869989292,
        3.6796898682401036,
        3.748109865790166,
        3.758419865420992,
        3.7855498644495396,
        3.7937598641555605,
        3.8401698624937426,
        3.8692598614521074,
        3.909869859997971,
        3.957529858291394,
        3.9827398573886907,
        3.9958198569203307,
        4.028849855737614,
        4.039269855364502,
        4.072109854188589,
        4.092379853462774,
        4.102489853100763,
        4.153919851259191,
        4.192269849885979,
        4.234529848372762,
        4.278719846790435,
        4.308079845739132,
        4.342729844498408,
        4.367629843606805,
        4.431789841309406,
        4.4701798399347625,
        4.575669836157447,
        4.7008698316743684,
        4.7420198302008965,
        4.797139828227196,
        4.818419827465215,
        4.822349827324493,
        4.838319826752651,
        4.890679824877778,
        4.922779823728362,
        4.961809822330802,
        4.97046982202071,
        5.014429820446621,
        5.0928498176386094,
        5.20454981363893,
        5.255439811816694,
        5.292099810503997,
        5.304189810071087,
        5.325499809308032,
        5.368289807775836,
        5.3718798076472885,
        5.388479807052886,
        5.452689804753697,
        5.488739803462843,
        5.528099802053466,
        5.6223797986775494,
        5.862879790065885,
        5.871339789762955,
        5.8873997891878895,
        8.889579681687822,
        12.415619555429723,
        13.267999524908266
    ],
    "et": [
        -532.043324134
    ],
    "fc": [
        0.0153,
        0.0342,
        0.2734,
        0.4208,
        0.7202,
        0.6019,
        1.7842,
        1.1671,
        3.9298,
        1.3956,
        1.149,
        1.3615,
        1.4085,
        1.3788,
        1.3587,
        1.4088,
        5.5437,
        5.9359,
        5.6744,
        6.2604,
        6.3
    ],
    "gap": 0.09199999670572508,
    "homo": -0.21304999237124705,
    "id": "AZ7_58373",