{
    "A": 10.25395,
    "B": 10.02862,
    "C": 5.07002,
    "Cv": "11.718",
    "G": -300.549808,
    "H": -300.518878,
    "P": 1.0,
    "S": 0.00010373972832470943,
    "T": 298.15,
    "U": -300.519822,
    "U0": -300.523582,
    "alpha": 11.236333333333334,
    "alpha_xx": 20.402,
    "alpha_xy": -0.267,
    "alpha_xz": 18.117,
    "alpha_yy": 0.001,
    "alpha_yz": 0.0,
    "alpha_zz": 13.306,
    "bo": [
        0,
        1,
        0,
        1,
        1,
        1,
        0,
        1,
        0,
        0,
        0,
        1,
        0,
        0,
        0,
        1,
        0,
        0,
        0,
        0,
        1,
        0,
        0,
        0,
        0
    ],
    "coords": [
        1.066289,
        0.039607,
        -0.054686,
        0.383886,
        -0.770629,
        -0.890295,
        0.945501,
        -1.313606,
        -1.45073,
        0.402596,
        0.834112,
        0.766135,
        2.396929,
        0.070617,
        -0.021924
    ],
    "e ne": -938.7255977363,
    "e_disp": -0.0012800365000060765,
    "e_k": 299.0449443302,
    "e_nn": 112.3893861696,
    "eigs": [
        -24.69977911556668,
        -24.695379115724233,
        -19.169719313583396,
        -6.870579753982833,
        -1.241249955554144,
        -1.2128699565703562,
        -1.0583599621029478,
        -0.6066499782774796,
        -0.5690799796227612,
        -0.5370299807703863,
        -0.5011799820540793,
        -0.46473998335889866,
        -0.44129998419822264,
        -0.42842998465906296,
        -0.39699998578448764,
        -0.377309986489534,
        0.016839999397004462,
        0.046489998335316945,
        0.0873899968707969,
        0.14392999484625013,
        0.16758999399904853,
        0.16810999398042875,
        0.3169799886497906,
        0.3342299880321141,
        0.42308998485027427,
        0.4332599844861136,
        0.45722998362781175,
        0.49782998217403396,
        0.5167699814958429,
        0.5424399805766688,
        0.5983299785753967,
        0.6207899777711638,
        0.6471499768272826,
        0.7549499729672517,
        0.7744599722686505,
        0.8571999693059515,
        0.8616699691458929,
        0.8877399682123955,
        0.888619968180885,
        0.9122699673340416,
        0.980899964876584,
        1.073339961566554,
        1.1704099580907357,
        1.2219499562452258,
        1.236769955714561,
        1.2826699540710043,
        1.3187799527780013,
        1.4704599473467448,
        1.5903299430545192,
        1.6240799418460217,
        1.6405599412559169,
        1.6837499397093982,
        1.701369939078473,
        1.731319938006043,
        1.7396899377063355,
        1.7591699370088085,
        1.812299935106365,
        1.8806799326578594,
        1.8953799321314915,
        2.0069599281361086,
        2.1125399243555707,
        2.2120599207920244,
        2.2468299195470034,
        2.267309918813669,
        2.3069499173942662,
        2.40101991402587,
        2.5292099094357274,
        2.542259908968442,
        2.5487699087353364,
        2.6788799040764437,
        2.8404198982921267,
        2.8524298978620806,
        2.968129893719172,
        2.9754998934552717,
        3.0203998918475223,
        3.1037098888644135,
        3.2650498830872574,
        3.2749298827334807,
        3.36144987963543,
        3.57383987203031,
        3.7642498652122356,
        3.76826986506829,
        3.9327898591772668,
        4.112049852758444,
        4.169859850688422,
        4.432319841290428,
        4.543129837322617,
        4.70741983143983,
        4.730819830601938,
        4.752599829822055,
        4.894259824749588,
        5.224699812917412,
        5.280049810935475,
        5.359669808084496,
        5.503669802928238,
        5.605739799273384,
        5.607809799199262,
        5.798199792381904,
        6.403159770719897,
        6.494899767434934,
        6.559479765122495,
        6.611419763262663,
        6.672569761073044,
        6.70690975984342,
        6.8333797553148665,
        6.83692975518775,
        6.844369754921343,
        6.861929754292567,
        6.872029753930913,
        6.912689752474986,
        6.961459750728663,
        6.984309749910465,
        7.0058097491406075,
        7.0588497472413865,
        7.127109744797178,
        7.151149743936369,
        7.157829743697175,
        7.285799739114911,
        7.3549297366395505,
        7.5853297283895404,
        8.10857970965335,
        8.290279703147158,
        8.384239699782702,
        8.406249698994582,
        8.42253969841128,
        8.756609686449124,
        8.778099685679624,
        8.796389685024709,
        8.907239681055463,
        9.17384967150887,
        9.189919670933447,
        11.158639600438827,
        11.377299592609196,
        12.336199558273542
    ],
    "et": [
        -300.548193391
    ],
    "fc": [
        0.6009,
        2.0402,
        0.1947,
        2.9979,
        5.7441,
        0.7928,
        11.1843,
        11.3862,
        9.35
    ],
    "gap": 0.3941499858865385,
    "homo": -0.377309986489534,
    "id": "AZ7_05825",
    "ir": [
        17.2369,
        11.7864,
        95.8936,
        96.9174,
        4.8102,
        118.3985,
        419.4661,
        388.1063,
        93.8108
    ],
    "lumo": 0.016839999397004462,
    "ma": [
        11.00931,
        15.99491,
        1.00783,
        18.9984,
        18.9984
    ],
    "mr": [
        5.1476,
        15.1831,
        1.1122,
        11.0324,
        12.4287,
        1.3179,
        9.396,
        8.8201,
        1.066
    ],
    "mu": 1.9934710080660816,
    "mu_x": -1.8065,
    "mu_xx=": 2.2521,
    "mu_xxx=": -7.2653,
    "mu_xxy=": 4.9686,
    "mu_xxz=": -0.0019,
    "mu_xy=": -1.6394,
    "mu_xyy=": 1.4426,
    "mu_xyz=": 0.0,
    "mu_xz=": 0.0006,
    "mu_xzz=": 1.7347,
    "mu_y": 0.8429,
    "mu_yy=": -3.3338,
    "mu_yyy=": 0.6452,
    "mu_yyz=": -0.0011,
    "mu_yz=": 0.0,
    "mu_yzz=": 0.8391,
    "mu_z": 0.002,
    "mu_zz=": 1.0816,
    "mu_zzz=": -0.0007,
    "na": 5,
    "ne": 32,
    "ne_down": 16,
    "ne_up": 16,
    "ni": 4,
    "oemga": [
        445.1101,
        477.5598,
        545.0374,
        679.1241,
        885.6747,
        1010.4362,
        1421.3723,
        1480.2225,
        3858.414
    ],
    "oemga0": 3858.414,
    "qa": [
        0.408854,
        -0.229531,
        0.225807,
        -0.19556,
        -0.20957
    ],
    "r2": 224.8043,