{
    "A": 39.45737,
    "B": 2.95694,
    "C": 2.80409,
    "Cv": "16.110",
    "G": -530.820902,
    "H": -530.787498,
    "P": 1.0,
    "S": 0.00011203756498413096,
    "T": 298.15,
    "U": -530.788442,
    "U0": -530.793403,
    "alpha": 41.63933333333333,
    "alpha_xx": 93.587,
    "alpha_xy": -5.808,
    "alpha_xz": 36.076,
    "alpha_yy": 0.0,
    "alpha_yz": -0.001,
    "alpha_zz": 31.331,
    "bo": [
        0,
        2,
        0,
        0,
        1,
        1,
        0,
        2,
        0,
        2,
        0,
        0,
        0,
        0,
        0,
        2,
        0,
        1,
        0,
        0,
        0,
        0,
        0,
        1,
        0,
        0,
        0,
        1,
        1,
        0,
        0,
        0,
        0,
        0,
        0,
        1,
        0,
        0,
        0,
        0,
        0,
        0,
        0,
        0,
        0,
        1,
        0,
        0,
        0
    ],
    "coords": [
        -1.537969,
        0.072283,
        0.040656,
        -0.253147,
        0.181373,
        0.255346,
        0.943169,
        0.372757,
        0.39411,
        1.940293,
        -0.691954,
        1.332154,
        -1.907874,
        -0.483421,
        -0.80954,
        -2.248894,
        0.536752,
        0.709398,
        3.064421,
        0.01221,
        1.111271
    ],
    "e ne": -1522.524627663,
    "e_disp": -0.0019278371999860155,
    "e_k": 528.9205672585,
    "e_nn": 133.8542501566,
    "eigs": [
        -88.92930681567832,
        -14.364939485629767,
        -10.239679633344338,
        -10.182089635406482,
        -7.978649714305799,
        -5.944459787144724,
        -5.939549787320537,
        -5.932889787559014,
        -0.9584399656808168,
        -0.77616997220742,
        -0.7275399739487307,
        -0.5242999812262137,
        -0.48508998263021935,
        -0.46477998335746634,
        -0.4425299841541796,
        -0.3774299864852371,
        -0.3576299871942224,
        -0.25150999099409693,
        -0.2456099912053602,
        -0.03320999881083837,
        -0.011659999582486463,
        0.00469999983170552,
        0.05620999798726964,
        0.0784899971894822,
        0.11577999585422663,
        0.15920999429911403,
        0.2053199926480378,
        0.21927999214816735,
        0.2589699907269742,
        0.27873999001906313,
        0.2901799896094272,
        0.2922199895363803,
        0.29914998928823544,
        0.3299199881864437,
        0.3404099878108247,
        0.3623799870241376,
        0.38327998627576426,
        0.413579985190802,
        0.4285999846529758,
        0.4699699831716263,
        0.4716999831096796,
        0.4774899829023551,
        0.48627998258760863,
        0.5298299810281991,
        0.5465199804305747,
        0.6162599779333712,
        0.6206899777747447,
        0.6236899776673226,
        0.6876499753770854,
        0.7161999743547859,
        0.7673399725235989,
        0.7979799714264619,
        0.823329970518746,
        0.8422499698412713,
        0.8703999688332946,
        0.8901699681253837,
        0.8969999678808197,
        0.982139964832183,
        1.0223799633912958,
        1.033269963001354,
        1.0766499614480318,
        1.1223299598123526,
        1.185259957558997,
        1.2172699564128042,
        1.2760999543062583,
        1.2824999540770914,
        1.3160699528750393,
        1.3378499520951554,
        1.3998799498740264,
        1.428409948852443,
        1.45828994778252,
        1.5021099462134426,
        1.5197899455803687,
        1.5510899444595994,
        1.5844099432664989,
        1.608619942399603,
        1.6356899414302988,
        1.74126993764976,
        1.7692799366467964,
        1.7844399361039573,
        1.8141099350415535,
        1.8303999344582522,
        1.853459933632535,
        1.9338099307554155,
        1.9386099305835403,
        1.9663899295888125,
        2.108549924498442,
        2.1221999240096716,
        2.1663799224277036,
        2.19433992142653,
        2.2146299206999993,
        2.226939920259211,
        2.307409917377795,
        2.4070699138092357,
        2.434179912838499,
        2.4762999113302944,
        2.514699909955292,
        2.5950699070774568,
        2.602359906816421,
        2.6347299056573372,
        2.6619599046823037,
        2.681389903986567,
        2.734009902102385,
        2.752119901453914,
        2.7825899003628645,
        2.8863998966457056,
        2.9397698947346678,
        2.947379894462174,
        2.961439893958723,
        3.013929892079196,
        3.064289890275939,
        3.10467988882968,
        3.1182998883419843,
        3.160469886831989,
        3.169859886495758,
        3.2597098832784686,
        3.2964598819625492,
        3.3447598802330547,
        3.361949879617527,
        3.4031298781429804,
        3.4892998750574624,
        3.510119874311954,
        3.542569873150006,
        3.561059872487928,
        3.5923798713664423,
        3.6118998706674827,
        3.725849866587237,
        3.775199864820145,
        3.8274498629492117,
        3.859209861811971,
        3.9277898593563036,
        3.9516498585019404,
        3.956809858317175,
        3.990569857108319,
        4.006019856555096,
        4.024099855907699,
        4.0886698535956185,
        4.112499852742331,
        4.194059849821885,
        4.2595598474765035,
        4.35244984415036,
        4.4437298408818675,
        4.447399840750454,
        4.570979836325383,
        4.600559835266202,
        4.739869830277882,
        4.765749829351187,
        4.840009826692136,
        4.842599826599394,
        4.855129826150729,
        4.986589821443496,
        5.048229819236333,
        5.0851698179136084,
        5.111499816970802,
        5.2482898120727155,
        5.310759809835832,
        5.552029801196596,
        5.63306979829477,
        5.767609793477251,
        5.880069789450357,
        5.914949788201398,
        6.008569784849115,
        6.34814977268966,
        8.682309689109607,
        13.691789509733473,
        14.35804948587648
    ],
    "et": [
        -530.836920975
    ],
    "fc": [
        0.1098,
        0.0385,
        0.1494,
        1.7251,
        0.2701,
        2.714,
        0.4263,
        0.6688,
        0.9296,
        2.1163,
        1.7694,
        29.5541,
        4.3699,
        6.1512,
        6.8554
    ],
    "gap": 0.21239999239452184,
    "homo": -0.2456099912053602,
    "id": "AZ7_58367",
    "ir": [
        4.5392,
        18.3311,
        2.9324,
        2.1316,
        0.4682,
        43.6963,
        77.3125,
        10.9155,
        0.256,
        3.0395,
        4.267,
        271.2468,
        0.2576,
        2.3191,
        0.1898
    ],
    "lumo": -0.03320999881083837,
    "ma": [
        12.0,
        12.0,
        14.00307,
        31.97207,
        1.00783,
        1.00783,
        1.00783
    ],
    "mr": [
        5.6027,
        1.1207,
        1.9315,
        10.007,
        1.3537,
        11.0584,
        1.2855,
        1.143,
        1.5868,
        2.4293,
        1.43,
        11.4427,
        1.0394,
        1.0555,
        1.1162
    ],
    "mu": 0.3142185386001278,
    "mu_x": 0.0034,
    "mu_xx=": 4.8028,
    "mu_xxx=": -7.6331,
    "mu_xxy=": 0.1696,
    "mu_xxz=": -0.0044,
    "mu_xy=": -2.5006,
    "mu_xyy=": -5.1963,
    "mu_xyz=": -0.0007,
    "mu_xz=": 0.0001,
    "mu_xzz=": 4.1163,
    "mu_y": -0.3142,
    "mu_yy=": -3.2103,
    "mu_yyy=": 0.0799,
    "mu_yyz=": 0.0,
    "mu_yz=": -0.0011,
    "mu_yzz=": 0.0933,
    "mu_z": -0.0003,
    "mu_zz=": -1.5925,
    "mu_zzz=": 0.0019,
    "na": 7,
    "ne": 38,
    "ne_down": 19,
    "ne_up": 19,
    "ni": 4,