{
    "A": 28.42618,
    "B": 1.97919,
    "C": 1.87407,
    "Cv": "14.902",
    "G": -2690.098903,
    "H": -2690.064766,
    "P": 1.0,
    "S": 0.0001144960590310269,
    "T": 298.15,
    "U": -2690.06571,
    "U0": -2690.07036,
    "alpha": 42.21066666666666,
    "alpha_xx": 92.951,
    "alpha_xy": -8.159,
    "alpha_xz": 42.76,
    "alpha_yy": 0.003,
    "alpha_yz": 0.0,
    "alpha_zz": 33.678,
    "bo": [
        0,
        2,
        0,
        0,
        1,
        1,
        0,
        2,
        0,
        2,
        0,
        0,
        0,
        0,
        0,
        2,
        0,
        1,
        0,
        0,
        1,
        0,
        0,
        1,
        0,
        0,
        0,
        0,
        1,
        0,
        0,
        0,
        0,
        0,
        0,
        1,
        0,
        0,
        0,
        0,
        0,
        0,
        0,
        0,
        1,
        0,
        0,
        0,
        0
    ],
    "coords": [
        2.866657,
        -0.374154,
        0.000122,
        1.709212,
        0.219225,
        7.2e-05,
        0.563372,
        0.819698,
        2.5e-05,
        -1.101312,
        -0.137219,
        -9.4e-05,
        3.36838,
        -0.631497,
        -0.925668,
        3.368314,
        -0.631481,
        0.925952,
        0.4312,
        1.890327,
        -3.2e-05
    ],
    "e ne": -6808.909534901,
    "e_disp": -0.0024447952999935296,
    "e_k": 2685.903961276,
    "e_nn": 193.9249821908,
    "eigs": [
        -482.8628027099688,
        -62.51075776165621,
        -56.327007983079824,
        -56.323317983211965,
        -56.323197983216254,
        -10.234719633521943,
        -10.207829634484801,
        -10.199599634779496,
        -8.699309688500884,
        -6.528549766230016,
        -6.516669766655408,
        -6.51631976666794,
        -2.6437699053336394,
        -2.640389905454668,
        -2.640129905463978,
        -2.6306299058041476,
        -2.6306299058041476,
        -0.836299970054325,
        -0.7782099721343729,
        -0.6994699749538427,
        -0.5393099806887456,
        -0.48512998262878704,
        -0.46310998341726467,
        -0.4280499846726698,
        -0.33915998785558393,
        -0.29496998943791014,
        -0.2874199897082555,
        -0.2565999908118376,
        -0.0478999982848286,
        -0.005799999792317451,
        0.02807999899453001,
        0.0579599979246068,
        0.1026299963250931,
        0.11319999594660957,
        0.1801499935493084,
        0.19410999304943802,
        0.2398999914098201,
        0.2499199910510306,
        0.2572399907889209,
        0.27437999017518316,
        0.28198998990268936,
        0.29915998928787735,
        0.31946998856063036,
        0.34292998772059025,
        0.3512599874223152,
        0.3707899867229979,
        0.39663998579737825,
        0.40846998537377743,
        0.4237099848280736,
        0.44136998419571605,
        0.457609983614205,
        0.4583699835869914,
        0.48874998249916457,
        0.5199599813816175,
        0.5364399807915127,
        0.5408299806343185,
        0.592819978772695,
        0.6191499778298879,
        0.681979975580113,
        0.7128399744750986,
        0.7267099739784508,
        0.7840599719249001,
        0.824569970474345,
        0.8262799704131144,
        0.8852699683008397,
        0.892039968058424,
        0.9302899666887934,
        0.9370699664460196,
        1.002429964105652,
        1.056989962152004,
        1.05997996204494,
        1.1357199593328924,
        1.162609958370033,
        1.1675199581942188,
        1.218929956353364,
        1.283389954045223,
        1.296319953582234,
        1.3155299528943754,
        1.3493499516833711,
        1.4313699487464535,
        1.4445399482748706,
        1.466319947494987,
        1.4913399465990875,
        1.494549946484146,
        1.5269799453229143,
        1.5737799436471307,
        1.590349943053803,
        1.6211199419520113,
        1.634379941477206,
        1.683609939714411,
        1.7349099378774946,
        1.7378999377704307,
        1.7596199369926953,
        1.7826699361673362,
        1.8299199344754398,
        1.869259933066779,
        1.8925199322339004,
        1.9922899286614024,
        2.0924899250735076,
        2.1183699241468137,
        2.1866199217029627,
        2.197109921327344,
        2.2357299199444647,
        2.2579799191477514,
        2.3313099165219997,
        2.41248991361516,
        2.4494899122902885,
        2.488609910889506,
        2.4903699108264843,
        2.516079909905878,
        2.5933899071376123,
        2.6618299046869587,
        2.6762899041691846,
        2.694439903519282,
        2.752519901439592,
        2.791879900030215,
        2.8025798996470757,
        2.8206698989993213,
        2.833309898546717,
        2.8404098982924846,
        2.8561498977288773,
        2.905169895973602,
        2.9093298958246434,
        2.9202098954350593,
        2.977899893369334,
        3.0391998911743445,
        3.0503098907765245,
        3.097999889068873,
        3.137789887644099,
        3.2161898848368042,
        3.2240498845553582,
        3.271079882871339,
        3.2942498820416835,
        3.3062198816130697,
        3.369519879346465,
        3.394949878435885,
        3.434949877003591,
        3.487119875135522,
        3.5367398733587625,
        3.578939871847693,
        3.6650798687632493,
        3.692029867798241,
        3.71371986702158,
        3.793379864169168,
        3.8063298637054626,
        3.9264098594057177,
        3.928849859318348,
        3.9455098587217976,
        3.96238985811737,
        4.032219855616943,
        4.053299854862125,
        4.087249853646465,
        4.173289850565602,
        4.231569848478751,
        4.384309843009539,
        4.430939841339843,
        4.69838983176317,
        4.768259829261312,
        4.8143698276102365,
        4.830889827018698,
        4.8714698255656375,
        4.922619823734092,
        4.990879821289882,
        5.03544981969395,
        5.089059817774318,
        5.126499816433691,
        5.27970981094765,
        5.40463980647424,
        5.545409801433641,
        5.744699794297596,
        5.8994897887549795,
        6.106869781329253,
        8.60663969181915,
        13.762579507198675,
        14.350799486136081
    ],
    "et": [
        -2690.11654029
    ],
    "fc": [
        0.0741,
        0.1211,
        0.9476,
        0.265,
        1.542,
        0.464,
        0.6363,
        0.9154,
        1.2177,
        1.4687,
        1.657,
        23.9807,
        6.0478,
        6.6806,
        6.6246
    ],
    "gap": 0.208699992527009,
    "homo": -0.2565999908118376,
    "id": "AZ7_19744",
    "ir": [
        0.7079,
        8.3732,
        5.6421,
        4.6615,
        45.127,
        24.1046,
        46.937,
        0.3604,
        1.0703,
        53.8621,
        9.4886,
        5.6124,
        1.8886,
        0.5624,
        6.3191
    ],
    "lumo": -0.0478999982848286,
    "ma": [
        12.0,
        12.0,
        12.0,
        78.91834,
        1.00783,
        1.00783,
        1.00783
    ],
    "mr": [
        4.8579,
        2.0051,
        8.6594,
        1.5375,
        5.7314,
        1.1145,
        1.3184,
        1.4999,
        1.6464,
        1.6217,
        1.3115,
        9.7407,
        1.0577,
        1.1152,
        1.0939
    ],
    "mu": 1.7413646717445488,
    "mu_x": 1.6956,
    "mu_xx=": 2.9738,
    "mu_xxx=": -21.83,
    "mu_xxy=": -11.5761,
    "mu_xxz=": -0.0003,
    "mu_xy=": -1.1367,
    "mu_xyy=": -13.266,
    "mu_xyz=": -0.0005,
    "mu_xz=": 0.0003,
    "mu_xzz=": -9.0461,
    "mu_y": 0.3966,
    "mu_yy=": -0.6037,
    "mu_yyy=": 1.0594,
    "mu_yyz=": -0.001,
    "mu_yz=": -0.0001,
    "mu_yzz=": -2.8501,
    "mu_z": 0.0,
    "mu_zz=": -2.3701,
    "mu_zzz=": -0.0018,
    "na": 7,
    "ne": 56,
    "ne_down": 28,
    "ne_up": 28,
    "ni": 4,