{
    "A": 54.42327,
    "B": 2.75135,
    "C": 2.61895,
    "Cv": "11.621",
    "G": -629.39046,
    "H": -629.358861,
    "P": 1.0,
    "S": 0.00010598356531918387,
    "T": 298.15,
    "U": -629.359805,
    "U0": -629.363691,
    "alpha": 25.41133333333333,
    "alpha_xx": 55.535,
    "alpha_xy": 1.01,
    "alpha_xz": 30.691,
    "alpha_yy": 0.0,
    "alpha_yz": 0.0,
    "alpha_zz": 20.699,
    "bo": [
        0,
        2,
        0,
        0,
        0,
        0,
        2,
        0,
        1,
        0,
        1,
        0,
        0,
        1,
        0,
        1,
        0,
        1,
        0,
        0,
        1,
        0,
        0,
        0,
        0,
        1,
        0,
        0,
        0,
        0,
        0,
        0,
        1,
        0,
        0,
        0
    ],
    "coords": [
        -2.271729,
        0.045206,
        5.3e-05,
        -1.136381,
        -0.364281,
        -1e-05,
        -0.057167,
        0.472921,
        -0.00011,
        1.558408,
        -0.091063,
        3.1e-05,
        -0.847818,
        -1.426749,
        -3.5e-05,
        -0.17386,
        1.475545,
        3.2e-05
    ],
    "e ne": -1784.190472422,
    "e_disp": -0.0025277304000042022,
    "e_k": 627.253881673,
    "e_nn": 146.8775250084,
    "eigs": [
        -101.61027636160657,
        -19.12218931528532,
        -14.405159484189596,
        -10.295889631331608,
        -9.51302965936374,
        -7.278999739358401,
        -7.266179739817451,
        -7.265539739840368,
        -1.067339961781398,
        -0.9803699648955619,
        -0.813239970880042,
        -0.6587799764108432,
        -0.5370999807678799,
        -0.5101399817332456,
        -0.45049998386879514,
        -0.44051998422615235,
        -0.37553998655291304,
        -0.35327998734998434,
        -0.2876099897014521,
        -0.27367999020024825,
        -0.05220999813049899,
        -0.005499999803059652,
        0.04274999846923638,
        0.07840999719234677,
        0.16759999399869047,
        0.20722999257964575,
        0.267989990403992,
        0.2739199901916545,
        0.28782998969357443,
        0.3174399886333193,
        0.33052998816460116,
        0.3378399879028496,
        0.39178998597104386,
        0.4109499852849753,
        0.4187099850071104,
        0.4305599845827934,
        0.43607998438513695,
        0.47290998306635273,
        0.48932998247839626,
        0.5011999820533631,
        0.5444899805032637,
        0.6114299781063206,
        0.6260899775813851,
        0.647889976800785,
        0.6926099751994809,
        0.6976899750175797,
        0.7657999725787421,
        0.7672499725268214,
        0.7939399715711236,
        0.9156799672119387,
        0.9171899671578694,
        0.9617499655622946,
        1.0353999629250845,
        1.058879962084328,
        1.1107699602262853,
        1.1230499597865713,
        1.1802899577369594,
        1.257389954976214,
        1.3062099532280997,
        1.3689199509826215,
        1.4139499493702172,
        1.4934799465224597,
        1.5799899434247673,
        1.6521399408412678,
        1.6907399394591047,
        1.7123199386863825,
        1.859719933408381,
        1.8621199333224434,
        1.875549932841551,
        1.890669932300144,
        1.9124999315184699,
        1.9776699291849058,
        2.0221999275904055,
        2.0387899269963614,
        2.052229926515111,
        2.05647992636293,
        2.064619926071458,
        2.0963399249356494,
        2.1187599241328487,
        2.1237499239541697,
        2.1842399217881843,
        2.213859920727571,
        2.2456499195892556,
        2.3154999170881134,
        2.3183099169874946,
        2.491099910800345,
        2.535989909192954,
        2.587679907342073,
        2.672729904296659,
        2.7028999032163514,
        2.7515099014757567,
        2.774089900667227,
        2.9139598956588553,
        2.9278098951629237,
        2.9330898949738606,
        2.9391498947568686,
        3.0954398891605397,
        3.110559888619133,
        3.193429885651779,
        3.2364398841117055,
        3.3087198815235515,
        3.3194298811400547,
        3.3813498789228644,
        3.433769877045844,
        3.4508198764353293,
        3.5286898736470116,
        3.672209868507943,
        3.6774098683217447,
        3.7873298643858018,
        3.8355098626606052,
        3.851729862079809,
        3.888779860753148,
        3.8957298605042867,
        4.080599853884584,
        4.084539853743503,
        4.091449853496075,
        4.212119849175203,
        4.291829846321002,
        4.374319843367254,
        4.412599841996549,
        4.560259836709238,
        4.604429835127628,
        4.61149983487447,
        4.708009831418704,
        4.759159829587158,
        4.77348982907404,
        4.869959825619706,
        4.941819823046591,
        4.989329821345383,
        5.072959818350817,
        5.1751798146905905,
        5.210249813434828,
        5.258179811718582,
        5.462609804398488,
        5.56844980060864,
        5.68040979659965,
        5.725839794972923,
        5.732939794718692,
        5.816889791712665,
        5.978539785924409,
        6.189109778384459,
        6.2133197775175635,
        6.355769772416807,
        6.366429772035103,
        6.449269769068822,
        6.815929755939704,
        6.9401297514924325,
        7.0173797487263165,
        7.1656497434171635,
        9.58295965685973,
        11.77884957823076,
        13.197629527428028
    ],
    "et": [
        -629.398952202
    ],
    "fc": [
        0.0351,
        0.3254,
        0.1668,
        1.8293,
        2.3311,
        0.9586,
        3.3254,
        1.2674,
        1.5957,
        14.13,
        5.7136,
        8.2201
    ],
    "gap": 0.22146999206974927,
    "homo": -0.27367999020024825,
    "id": "AZ7_87015",
    "ir": [
        8.6944,
        14.213,
        116.672,
        3.9926,
        34.731,
        1.7766,
        191.5225,
        10.3541,
        5.4699,
        337.2508,
        40.4536,
        55.6224
    ],
    "lumo": -0.05220999813049899,
    "ma": [
        15.99491,
        12.0,
        14.00307,
        34.96885,
        1.00783,
        1.00783
    ],
    "mr": [
        3.9481,
        6.5492,
        1.4356,
        12.4866,
        5.3381,
        1.5235,
        3.6818,
        1.2336,
        1.3276,
        7.5567,
        1.0888,
        1.078
    ],
    "mu": 2.333208799057641,
    "mu_x": -2.3173,
    "mu_xx=": -6.3154,
    "mu_xxx=": -27.3137,
    "mu_xxy=": -2.8075,
    "mu_xxz=": 0.0003,
    "mu_xy=": -0.6646,
    "mu_xyy=": 1.445,
    "mu_xyz=": -0.0001,
    "mu_xz=": 0.0004,
    "mu_xzz=": 1.1876,
    "mu_y": 0.272,
    "mu_yy=": 5.3665,
    "mu_yyy=": 4.8812,
    "mu_yyz=": -0.0003,
    "mu_yz=": -0.0002,
    "mu_yzz=": 0.1524,
    "mu_z": -0.0001,
    "mu_zz=": 0.9489,
    "mu_zzz=": -0.0004,
    "na": 6,
    "ne": 40,
    "ne_down": 20,
    "ne_up": 20,
    "ni": 4,
    "oemga": [
        -122.8995,
        290.4025,
        444.0429,
        498.6495,
        860.9227,
        1033.3873,
        1238.1387,
        1320.5473,
        1428.2885,
        1781.4725,
        2984.4075,
        3597.4721
    ],
    "oemga0": 3597.4721,
    "qa": [
        -0.299358,
        0.18967,
        -0.108848,
        0.000216,
        0.049689,
        0.168632
    ],
    "r2": 418.9853,