{
    "A": 11.24619,
    "B": 9.9991,
    "C": 5.4765,
    "Cv": "12.961",
    "G": -209.033599,
    "H": -209.002859,
    "P": 1.0,
    "S": 0.00010310246520210851,
    "T": 298.15,
    "U": -209.003803,
    "U0": -209.007628,
    "alpha": 22.601,
    "alpha_xx": 42.275,
    "alpha_xy": 5.201,
    "alpha_xz": 47.833,
    "alpha_yy": 0.001,
    "alpha_yz": 0.0,
    "alpha_zz": 25.527,
    "bo": [
        0,
        1,
        0,
        0,
        1,
        1,
        1,
        0,
        0,
        1,
        0,
        2,
        2,
        0,
        0,
        0,
        0,
        0,
        0,
        2,
        0,
        0,
        0,
        0,
        0,
        1,
        1,
        0,
        2,
        0,
        0,
        0,
        0,
        0,
        0,
        0,
        1,
        0,
        0,
        0,
        0,
        0,
        0,
        0,
        0,
        1,
        0,
        0,
        0,
        0,
        0,
        0,
        0,
        0,
        1,
        0,
        0,
        0,
        0,
        0,
        0,
        0,
        0,
        0,
        0,
        1,
        0,
        0,
        0,
        0,
        0,
        0,
        0,
        0,
        1,
        0,
        0,
        0,
        0,
        0,
        0
    ],
    "coords": [
        1.056014,
        -0.246118,
        0.172958,
        -0.181747,
        0.515134,
        -0.167861,
        -1.331158,
        -0.092103,
        -0.100393,
        -0.008364,
        1.71974,
        -0.503388,
        1.160655,
        -1.093015,
        -0.501339,
        0.998345,
        -0.594887,
        1.201486,
        1.879229,
        0.446462,
        0.048884,
        -1.358373,
        -1.125871,
        0.199346,
        -2.214602,
        0.470658,
        -0.349693
    ],
    "e ne": -736.9566817629,
    "e_disp": -0.003706856699992045,
    "e_k": 207.864878387,
    "e_nn": 124.1219033103,
    "eigs": [
        -19.09956931609528,
        -14.462889482122439,
        -10.219689634060126,
        -10.203129634653097,
        -1.1089599602910964,
        -0.8633699690850203,
        -0.750679973120149,
        -0.5932999787555076,
        -0.5206499813569104,
        -0.4928899823509222,
        -0.4922199823749131,
        -0.42553998476254623,
        -0.4071999854192528,
        -0.39609998581671424,
        -0.2508899910162975,
        -0.2280099918355693,
        -0.03297999881907406,
        0.03341999880331883,
        0.0770699972403286,
        0.08607999691770453,
        0.10154999636376502,
        0.10565999621659687,
        0.1198599957081327,
        0.18724999329507633,
        0.21993999212453452,
        0.24408999125978734,
        0.2819999899023312,
        0.30102998922091767,
        0.31067998887537684,
        0.31861998859106666,
        0.3975199857658677,
        0.4222599848799943,
        0.4297399846121554,
        0.4510199838501753,
        0.4614799834756306,
        0.4762399829471143,
        0.4942099823036564,
        0.5032599819796001,
        0.5130299816297624,
        0.5416799806038822,
        0.5702599795805086,
        0.6333099773228561,
        0.6678899760846383,
        0.7027099748378268,
        0.7252599740303716,
        0.770999972392544,
        0.7869699718207007,
        0.8089099710350878,
        0.8565799693281521,
        0.8664599689743756,
        0.8923899680458914,
        0.9420099662691315,
        0.9522599659021062,
        0.9619999655533428,
        0.9724999651773658,
        1.030939963084785,
        1.0361499628982287,
        1.0967299607290204,
        1.1130999601428542,
        1.1246299597299958,
        1.1696199581190239,
        1.2609899548473074,
        1.2830399540577555,
        1.2840199540226642,
        1.2935199536824946,
        1.3136199529627675,
        1.4237099490207379,
        1.431839948729624,
        1.4463899482086273,
        1.4729399472579423,
        1.4853199468146474,
        1.5001099462850571,
        1.5267799453300754,
        1.6445299411137617,
        1.6913399394376205,
        1.7192099384396697,
        1.8323699343877116,
        1.9950799285615002,
        2.007399928120354,
        2.0954099249689504,
        2.1362699235058624,
        2.1613899226063817,
        2.2216799204475577,
        2.2761899184957,
        2.312309917202339,
        2.3635999153657803,
        2.4477599123522356,
        2.5361399091875825,
        2.5899199072618644,
        2.6464699052369594,
        2.661849904686242,
        2.677569904123351,
        2.6790099040717883,
        2.7619199011030022,
        2.7742499006614976,
        2.7865999002192776,
        2.8195698990387097,
        2.8736798971011743,
        2.9163098955747078,
        2.9231798953287114,
        2.9640498938652655,
        3.0022198924984993,
        3.020589891840719,
        3.0241998917114548,
        3.04332989102646,
        3.075399889878119,
        3.0840498895683854,
        3.116369888411092,
        3.193609885645334,
        3.2511498835849792,
        3.2631198831563655,
        3.3057698816291827,
        3.3579898797593235,
        3.37732987906681,
        3.381619878913196,
        3.397879878330969,
        3.4243598773827912,
        3.4776198754756917,
        3.5205798739374083,
        3.5238198738213935,
        3.611319870688251,
        3.6481298693701834,
        3.6498198693096686,
        3.7086398672034813,
        3.7148898669796857,
        3.780789864619982,
        3.7825598645566036,
        3.818899863255365,
        3.862739861685571,
        3.8851198608842026,
        3.9196798596467013,
        3.951759858498002,
        3.9561198583418817,
        4.026739855813168,
        4.031399855646305,
        4.046679855099169,
        4.056969854730712,
        4.133229852000045,
        4.1654298508470475,
        4.217119848996167,
        4.291159846344992,
        4.366489843647625,
        4.388119842873112,
        4.422889841628091,
        4.489799839232223,
        4.532829837691433,
        4.734729830461933,
        4.744169830123911,
        4.745709830068767,
        4.810489827749168,
        4.811699827705842,
        4.846179826471205,
        4.867669825701705,
        4.889689824913227,
        4.9506698227296955,
        4.971599821980248,
        4.978209821743562,
        5.063949818673441,
        5.0780898181671255,
        5.129489816326628,
        5.14397981580778,
        5.198099813869887,
        5.200299813791111,
        5.218939813123662,
        5.258289811714643,
        5.269559811311095,
        5.299519810238307,
        5.3328498090448475,
        5.3594998080905825,
        5.515489802504995,
        5.587049799942623,
        5.631389798354926,
        5.667799797051181,
        5.792279792593884,
        5.809779791967256,
        5.828579791294077,
        5.897759788816925,
        6.0899297819358305,
        6.306869774167787,
        6.336529773105741,
        6.401629770774684,
        6.746129758439055,
        6.820539755774632,
        6.859089754394259,
        7.127509744782854,
        7.1958997423339905,
        9.94310964396372,
        11.941599572403115,
        13.474249517523003,
        13.599189513049234
    ],
    "et": [
        -209.080376656
    ],
    "fc": [
        0.0203,
        0.3095,
        0.365,
        0.7472,
        0.3265,
        0.5204,
        1.4776,
        1.1506,
        1.2287,
        1.0479,
        2.9052,
        1.3711,
        1.6346,
        1.5114,
        1.369,
        7.5411,
        5.7047,
        6.424,
        6.246,
        6.6,
        7.2288
    ],
    "gap": 0.19502999301649523,
    "homo": -0.2280099918355693,
    "id": "AZ7_76492",