{
    "A": 27.79131,
    "B": 3.75744,
    "C": 3.41542,
    "Cv": "14.114",
    "G": -510.573766,
    "H": -510.539484,
    "P": 1.0,
    "S": 0.00011498239141359033,
    "T": 298.15,
    "U": -510.540429,
    "U0": -510.545392,
    "alpha": 35.12066666666667,
    "alpha_xx": 72.549,
    "alpha_xy": 3.405,
    "alpha_xz": 32.33,
    "alpha_yy": 1.006,
    "alpha_yz": 0.369,
    "alpha_zz": 31.807,
    "bo": [
        0,
        2,
        0,
        0,
        1,
        1,
        2,
        0,
        1,
        0,
        0,
        0,
        0,
        1,
        0,
        2,
        0,
        0,
        0,
        0,
        2,
        0,
        0,
        0,
        1,
        0,
        0,
        0,
        0,
        0,
        1,
        0,
        0,
        0,
        0,
        0
    ],
    "coords": [
        -1.024858,
        0.071917,
        -0.367938,
        0.068729,
        -0.301584,
        0.108306,
        1.702017,
        -0.57767,
        0.204521,
        2.317001,
        0.321997,
        1.215757,
        -1.093097,
        0.814187,
        -1.168994,
        -1.969792,
        -0.328847,
        0.008348
    ],
    "e ne": -1499.000717995,
    "e_disp": -0.0016140512999811563,
    "e_k": 508.5908892558,
    "e_nn": 145.094786038,
    "eigs": [
        -77.15045723744755,
        -19.102179316001823,
        -14.355009485985333,
        -10.269399632280143,
        -6.606069763454231,
        -4.770029829197933,
        -4.768079829267757,
        -4.763059829447511,
        -0.9825599648171438,
        -0.9387599663855053,
        -0.6982499749975277,
        -0.5715999795325267,
        -0.5046499819298279,
        -0.438389984302422,
        -0.40814998538523584,
        -0.3624999870198407,
        -0.3323599880990738,
        -0.28532998978309276,
        -0.264729990520724,
        -0.07621999727076485,
        -0.06516999766643591,
        0.037089998671905905,
        0.07910999716728165,
        0.0860399969191368,
        0.09838999647691622,
        0.14905999466255848,
        0.22772999184559536,
        0.24455999124295788,
        0.25936999071265127,
        0.284079989827852,
        0.2947899894443554,
        0.31542998870529193,
        0.3227699884424661,
        0.3777999864719885,
        0.381269986347737,
        0.41513998513494255,
        0.426119984741778,
        0.4558699836765097,
        0.5082499818009214,
        0.529849981027483,
        0.5461499804438235,
        0.5943399787182679,
        0.6196299778127005,
        0.6678399760864288,
        0.6969299750447934,
        0.7253699740264327,
        0.7453099733124343,
        0.7946699715449843,
        0.8280599703493774,
        0.8590099692411404,
        0.8688699688880799,
        0.9256399668552976,
        0.9281999667636307,
        1.013909963694584,
        1.0294299631388542,
        1.125799959688101,
        1.1514599587692849,
        1.1871899574898888,
        1.2072199567726678,
        1.218929956353364,
        1.2348299557840272,
        1.2409599555645283,
        1.2691199545561935,
        1.31622995286931,
        1.3401599520124405,
        1.409069949544957,
        1.4150099493322614,
        1.4319499487256853,
        1.4691199473947265,
        1.4931399465346342,
        1.5574199442329386,
        1.5717199437208937,
        1.6673499402966385,
        1.752699937240482,
        1.7782899363241722,
        1.7967399356635272,
        1.8383799341725093,
        1.9497899301832142,
        2.025229927481909,
        2.035569927111661,
        2.0936299250326873,
        2.1469499231234397,
        2.273039918608493,
        2.2749099185415336,
        2.3099499172868443,
        2.3641599153457284,
        2.4024199139757396,
        2.504469910321601,
        2.571709907913916,
        2.619009906220229,
        2.6553899049175578,
        2.725829902395289,
        2.8257398988177784,
        2.875259897044599,
        2.9076098958862318,
        2.945839894517317,
        2.98763989302057,
        3.033939891362691,
        3.1236198881514885,
        3.2525498835348494,
        3.285019882372185,
        3.2989598818730306,
        3.3133098813591952,
        3.3541498798968243,
        3.412039877823937,
        3.605229870906318,
        3.6953498676793606,
        3.7309698664039037,
        3.7707398649798454,
        3.78191986457952,
        3.80018986392532,
        3.8115498635185485,
        3.8376298625846927,
        3.950509858542761,
        3.999419856791424,
        4.012149856335597,
        4.090589853526869,
        4.204799849437314,
        4.285249846556613,
        4.400399842433399,
        4.600299835275512,
        4.619949834571898,
        4.690189832056791,
        4.7084098314043805,
        4.7936398283525214,
        4.897879824619965,
        4.930729823443694,
        4.9664998221628665,
        5.0143798204484105,
        5.056589818936982,
        5.157339815329394,
        5.164129815086262,
        5.2105898134226525,
        5.229219812755562,
        5.248119812078804,
        5.310989809827596,
        5.344749808618741,
        5.347169808532088,
        5.420489805906693,
        5.533769801850438,
        5.560969800876479,
        5.658959797367719,
        5.893189788980565,
        6.307099774159551,
        6.32800977341082,
        6.37316977179376,
        6.660949761489125,
        6.7125697596407505,
        6.892949753181823,
        8.86630968252106,
        9.62441965537516,
        13.593339513258707
    ],
    "et": [
        -510.578940681
    ],
    "fc": [
        0.0088,
        0.0817,
        0.1824,
        0.3576,
        2.3383,
        0.9525,
        1.0777,
        16.6766,
        1.4851,
        17.846,
        5.5668,
        6.228
    ],
    "gap": 0.18850999324995915,
    "homo": -0.264729990520724,
    "id": "AZ7_83276",
    "ir": [
        18.2878,
        4.4292,
        15.6586,
        11.8053,
        121.3846,
        13.7814,
        13.9484,
        116.8583,
        4.5932,
        146.7827,
        53.9541,
        27.9936
    ],
    "lumo": -0.07621999727076485,
    "ma": [
        12.0,
        14.00307,
        30.97376,
        15.99491,
        1.00783,
        1.00783
    ],
    "mr": [
        3.875,
        5.5242,
        1.9019,
        2.1891,
        8.3137,
        1.3432,
        1.3141,
        18.7991,
        1.096,
        9.4445,
        1.0494,
        1.1194
    ],
    "mu": 4.420940582048124,
    "mu_x": 4.2007,
    "mu_xx=": 1.7007,
    "mu_xxx=": 21.1163,
    "mu_xxy=": -1.6292,
    "mu_xxz=": 0.2357,
    "mu_xy=": 3.5903,
    "mu_xyy=": 1.1389,
    "mu_xyz=": 0.0406,
    "mu_xz=": 0.5522,
    "mu_xzz=": -0.1485,
    "mu_y": -1.2515,
    "mu_yy=": -2.5686,
    "mu_yyy=": 2.9719,
    "mu_yyz=": -0.0518,
    "mu_yz=": 0.1481,
    "mu_yzz=": 0.9316,
    "mu_z": 0.5767,
    "mu_zz=": 0.8679,
    "mu_zzz=": 1.0684,
    "na": 6,
    "ne": 38,
    "ne_down": 19,
    "ne_up": 19,
    "ni": 4,
    "oemga": [
        62.1694,
        158.4397,
        403.4883,
        526.5663,
        690.9252,
        1097.0861,
        1179.7975,
        1227.0454,
        1516.5515,
        1790.842,
        3000.5393,
        3072.9142
    ],
    "oemga0": 3072.9142,
    "qa": [
        -0.006574,
        -0.19875,
        0.437075,
        -0.441984,
        0.100807,
        0.109425
    ],
    "r2": 360.3802,