{
    "A": 43.7051,
    "B": 4.01558,
    "C": 3.67768,
    "Cv": "14.677",
    "G": -203.289613,
    "H": -203.257162,
    "P": 1.0,
    "S": 0.0001088411873218477,
    "T": 298.15,
    "U": -203.258106,
    "U0": -203.262767,
    "alpha": 25.457666666666665,
    "alpha_xx": 52.146,
    "alpha_xy": -1.572,
    "alpha_xz": 36.998,
    "alpha_yy": 0.001,
    "alpha_yz": -0.001,
    "alpha_zz": 24.226,
    "bo": [
        0,
        1,
        1,
        0,
        0,
        0,
        0,
        1,
        1,
        0,
        0,
        0,
        0,
        0,
        0,
        0,
        1,
        0,
        0,
        1,
        2,
        0,
        0,
        0,
        0,
        0,
        1,
        0,
        0,
        0,
        0,
        0,
        0,
        0,
        2,
        0,
        0,
        1,
        1,
        0,
        0,
        0,
        0,
        0,
        1,
        0,
        0,
        0,
        0,
        0,
        0,
        0,
        1,
        0,
        0,
        0,
        1,
        0,
        0,
        0,
        0,
        0,
        0,
        0
    ],
    "coords": [
        0.935575,
        0.09398,
        0.067175,
        0.382991,
        -0.54067,
        -0.781472,
        0.165088,
        0.892909,
        1.135716,
        0.698284,
        1.460403,
        1.894094,
        -1.171941,
        0.901707,
        1.148295,
        -1.741222,
        0.348303,
        0.409395,
        -1.749736,
        1.451339,
        1.882847,
        2.26636,
        0.089729,
        0.061351
    ],
    "e ne": -669.8765718111,
    "e_disp": -0.0029153408000013314,
    "e_k": 202.1642253413,
    "e_nn": 96.1073324558,
    "eigs": [
        -24.68337911615392,
        -10.19905963479883,
        -10.16878963588272,
        -6.790019756867473,
        -1.206259956807043,
        -0.7790699721035788,
        -0.6007899784873106,
        -0.5420699805899174,
        -0.4918999823863714,
        -0.46870998321674356,
        -0.4523899838011193,
        -0.4187299850063942,
        -0.38766998611857006,
        -0.3188499885828309,
        -0.3006999892327341,
        -0.06508999766930049,
        0.04572999836253053,
        0.05394999806819422,
        0.07017999748704117,
        0.10890999610022305,
        0.11313999594875801,
        0.13188999527737044,
        0.17001999391203673,
        0.19195999312642378,
        0.19713999294094178,
        0.24611999118709849,
        0.2797699899821816,
        0.31417998875005115,
        0.3290999882158057,
        0.35895998714659866,
        0.36255998701769226,
        0.3822499863126458,
        0.4221099848853654,
        0.4466299840073696,
        0.454879983711959,
        0.4769799829206169,
        0.4790999828447053,
        0.4798199828189241,
        0.5145999815735448,
        0.537629980748902,
        0.6220799777249724,
        0.6260399775831754,
        0.6419299770141967,
        0.6808599756202173,
        0.7005899749137384,
        0.7663699725583318,
        0.8223699705531211,
        0.8637599690710553,
        0.8654499690105412,
        0.8901999681243095,
        0.8925899680387299,
        0.928159966765063,
        0.9412499662963449,
        0.9977099642746627,
        1.0157499636286984,
        1.0308699630872915,
        1.0816799612679209,
        1.1050499604311035,
        1.1340799593916162,
        1.1770899578515428,
        1.204049956886177,
        1.2554799550446056,
        1.2934199536860755,
        1.2956899536047928,
        1.3252999525445375,
        1.3253199525438213,
        1.3417299519562231,
        1.3889999502636103,
        1.4219499490837586,
        1.4626199476274742,
        1.5031399461765609,
        1.618419942048691,
        1.6899399394877506,
        1.696019939270042,
        1.7935599357773946,
        1.8233299347114098,
        1.863799933262287,
        1.8900399323227026,
        1.92365993111886,
        1.9337599307572058,
        1.9949699285654388,
        2.0021299283090586,
        2.101539924749451,
        2.140399923357978,
        2.1843299217849617,
        2.198049921293685,
        2.2258299202989575,
        2.2697299187270152,
        2.3160299170691356,
        2.3786499148268803,
        2.394189914270434,
        2.454029912127723,
        2.479789911205326,
        2.598249906963589,
        2.6109099065102686,
        2.6734599042705196,
        2.6854599038408313,
        2.7815399004004626,
        2.7870399002035224,
        2.860569897570609,
        2.871459897180667,
        2.920589895421452,
        2.9392398947536456,
        2.953309894249837,
        2.96977989366009,
        2.9993698926005505,
        3.0239098917218383,
        3.0415098910916294,
        3.0855198895157483,
        3.092099889280136,
        3.15372988707333,
        3.2521598835488144,
        3.2545898834618026,
        3.282839882450245,
        3.33829988046437,
        3.3785398790234833,
        3.388239878676152,
        3.436309876954893,
        3.482559875298804,
        3.5595598725416386,
        3.61836987043581,
        3.6326398699248386,
        3.6506098692813813,
        3.6998398675185857,
        3.7650298651843057,
        3.8041298637842385,
        3.8190598632496355,
        3.830909862825318,
        3.8782298611309147,
        3.942859858816687,
        3.94603985870282,
        3.967469857935469,
        4.02539985586115,
        4.094949853370749,
        4.164539850878916,
        4.193869849828688,
        4.251479847765827,
        4.296179846165239,
        4.298029846098995,
        4.360869843848863,
        4.512889838405431,
        4.540469837417865,
        4.569629836373723,
        4.6451298336702695,
        4.671249832734981,
        4.752779829815609,
        4.763759829422445,
        4.786689828601383,
        4.911479824132985,
        4.946439822881161,
        5.000279820953294,
        5.087879817816572,
        5.0937498176063825,
        5.182419814431345,
        5.364769807901878,
        5.4182798059858275,
        5.553479801144675,
        5.8723497897267904,
        5.928469787717282,
        6.211359777587745,
        6.874929753827072,
        6.878899753684916,
        7.00218974927023,
        7.008899749029962,
        7.088869746166449,
        7.133779744558342,
        7.40615973480514,
        8.36133970060269,
        8.424689698334294,
        8.542919694100794,
        8.782819685510612,
        8.980099678446543,
        9.473539660777769,
        10.752759614972309,
        11.657639582570969,
        13.817849505219602
    ],
    "et": [
        -203.32050073
    ],
    "fc": [
        0.0349,
        0.1195,
        0.7055,
        0.1995,
        0.8653,
        0.8617,
        0.8192,
        0.7477,
        0.9957,
        1.1744,
        1.914,
        2.4366,
        1.6977,
        6.2457,
        4.3705,
        6.05,
        6.2562,
        6.7142
    ],
    "gap": 0.23560999156343362,
    "homo": -0.3006999892327341,
    "id": "AZ7_02819",
    "ir": [
        0.0522,
        2.228,
        2.7507,
        3.6089,
        56.1729,
        16.5339,
        35.3449,
        10.7435,
        15.918,
        30.5369,
        114.1673,
        151.1579,
        130.8062,
        58.6562,
        132.1716,
        18.6027,
        4.2544,
        11.7386
    ],
    "lumo": -0.06508999766930049,
    "ma": [
        11.00931,
        1.00783,
        12.0,
        1.00783,
        12.0,
        1.00783,
        1.00783,
        18.9984
    ],
    "mr": [
        3.4634,
        2.8735,
        5.451,
        1.1651,
        1.7551,
        1.736,
        1.3058,
        1.1356,
        1.3967,
        1.5873,
        1.9992,
        2.2551,
        1.3405,
        3.8297,
        1.0938,
        1.0595,
        1.088,
        1.116
    ],
    "mu": 1.8329438916671725,
    "mu_x": -1.8327,
    "mu_xx=": -0.2752,
    "mu_xxx=": -1.1785,
    "mu_xxy=": -0.6042,
    "mu_xxz=": 0.0005,