{
    "A": 7.44436,
    "B": 3.35162,
    "C": 2.31111,
    "Cv": "13.961",
    "G": -997.698464,
    "H": -997.665141,
    "P": 1.0,
    "S": 0.00011176588965284512,
    "T": 298.15,
    "U": -997.666085,
    "U0": -997.670365,
    "alpha": 27.805666666666667,
    "alpha_xx": 27.536,
    "alpha_xy": 0.0,
    "alpha_xz": 57.954,
    "alpha_yy": 0.0,
    "alpha_yz": 0.0,
    "alpha_zz": 55.881,
    "bo": [
        0,
        2,
        0,
        0,
        1,
        1,
        2,
        0,
        1,
        1,
        0,
        0,
        0,
        1,
        0,
        0,
        0,
        0,
        0,
        1,
        0,
        0,
        0,
        0,
        1,
        0,
        0,
        0,
        0,
        0,
        1,
        0,
        0,
        0,
        0,
        0
    ],
    "coords": [
        -1e-06,
        1.749346,
        -7e-06,
        0.0,
        0.427453,
        1e-06,
        -1.459811,
        -0.5163,
        7e-06,
        1.459814,
        -0.516296,
        7e-06,
        -0.930557,
        2.296332,
        -1.9e-05,
        0.930552,
        2.296334,
        -2e-05
    ],
    "e ne": -2745.52881936,
    "e_disp": -0.002878536200000781,
    "e_k": 994.8352211434,
    "e_nn": 189.3170470123,
    "eigs": [
        -101.5785863627413,
        -101.5785863627413,
        -10.299299631209504,
        -10.195609634922368,
        -9.484099660399645,
        -9.484089660400004,
        -7.247399740489913,
        -7.247399740489913,
        -7.238229740818266,
        -7.238229740818266,
        -7.237819740832947,
        -7.237819740832947,
        -0.9222099669781166,
        -0.8419199698530877,
        -0.7591099728182931,
        -0.5745799794258208,
        -0.4992299821239036,
        -0.47741998290486165,
        -0.4129999852115702,
        -0.40743998541065907,
        -0.34811998753475015,
        -0.3361299879640801,
        -0.31814998860789606,
        -0.2688399903735558,
        -0.025489999087271006,
        -0.005449999804850019,
        0.030399998911456984,
        0.06214999777457406,
        0.1218099956383084,
        0.16168999421031183,
        0.2485299911008028,
        0.25927999071587393,
        0.2772799900713419,
        0.27934998999722066,
        0.29122998957182955,
        0.30496998907983675,
        0.33547998798735496,
        0.3408899877936373,
        0.34334998770555114,
        0.3544799873070156,
        0.36854998680320633,
        0.37944998641290634,
        0.384809986220979,
        0.42740998469558655,
        0.4300599846006971,
        0.4694399831906042,
        0.471509983116483,
        0.47198998309929546,
        0.4897999824615668,
        0.5776499793158923,
        0.5790399792661202,
        0.6256899775957079,
        0.6416999770224325,
        0.6604899763496126,
        0.6607899763388704,
        0.7377499735831379,
        0.796069971494854,
        0.8377299700031203,
        0.8706499688243429,
        0.8771599685912372,
        0.9418099662762929,
        0.9877799646302297,
        0.9898499645561085,
        1.045509962563072,
        1.0985299606645673,
        1.1421199591037254,
        1.1543899586643696,
        1.226969956065473,
        1.256939954992327,
        1.284479954006193,
        1.298659953498445,
        1.4667999474777995,
        1.6061299424887634,
        1.638359941334693,
        1.8244899346698735,
        1.8294099344937014,
        1.8743899328830875,
        1.8745199328784323,
        1.8969899320738415,
        1.910439931592233,
        1.9150299314278774,
        1.9191999312785608,
        1.9376299306186315,
        1.96071992979184,
        1.9921399286667736,
        2.0021099283097743,
        2.0390499269870515,
        2.0572899263339255,
        2.0679099259536518,
        2.068809925921425,
        2.075399925685455,
        2.090359925149777,
        2.1459299231599633,
        2.1534699228899763,
        2.1960999213635093,
        2.202809921123242,
        2.209629920879036,
        2.211189920823177,
        2.2221899204292956,
        2.2580899191438126,
        2.280689918334567,
        2.281529918304489,
        2.3266399166892198,
        2.362459915406601,
        2.3855799145787353,
        2.386629914541137,
        2.5103399101114117,
        2.5115099100695173,
        2.617749906265346,
        2.7097299029717874,
        2.730479902228785,
        2.8222898989413134,
        2.8426898982108444,
        2.8935198963907576,
        2.9386798947736983,
        2.9425198946361975,
        2.9875598930234353,
        3.0299698915048463,
        3.052139890710998,
        3.1056798887938726,
        3.1299998879230384,
        3.150649887183617,
        3.257089883372284,
        3.299769881844027,
        3.3120898814028803,
        3.3711698792873834,
        3.3859898787567184,
        3.404419878096789,
        3.499739874683634,
        3.586759871567679,
        3.6059698708798207,
        3.690399867856607,
        3.7536998655900025,
        3.7785698646994743,
        3.8974198604437724,
        3.952109858485469,
        4.014689856244646,
        4.062389854536636,
        4.095989853333509,
        4.10994985283364,
        4.218399848950334,
        4.413549841962532,
        4.44483984084212,
        4.700029831704446,
        4.80322982800913,
        4.875719825413456,
        4.931229823425791,
        4.973989821894668,
        5.010049820603456,
        5.196749813918227,
        5.584449800035723,
        5.620299798752029,
        5.762509793659867,
        6.009329784821902,
        8.744829686870935,
        13.64244951150021
    ],
    "et": [
        -997.703881187
    ],
    "fc": [
        0.9942,
        0.2679,
        0.8288,
        1.9299,
        0.2904,
        1.1992,
        0.6479,
        1.3134,
        1.3741,
        8.6256,
        6.2501,
        7.0001
    ],
    "gap": 0.24334999128628482,
    "homo": -0.2688399903735558,
    "id": "AZ7_34200",
    "ir": [
        0.0056,
        0.2365,
        4.8354,
        15.8009,
        0.0,
        106.5251,
        46.4646,
        85.9356,
        0.0937,
        80.6662,
        1.7747,
        0.036
    ],
    "lumo": -0.025489999087271006,
    "ma": [
        12.0,
        12.0,
        34.96885,
        34.96885,
        1.00783,
        1.00783
    ],
    "mr": [
        19.3121,
        3.0725,
        6.2184,
        9.2484,
        1.0193,
        3.493,
        1.345,
        1.8376,
        1.1723,
        5.2976,
        1.0592,
        1.1187
    ],
    "mu": 1.3393,
    "mu_x": 0.0,
    "mu_xx=": -2.1779,
    "mu_xxx=": 0.0,
    "mu_xxy=": -3.2157,
    "mu_xxz=": 0.0,
    "mu_xy=": 0.0,
    "mu_xyy=": 0.0001,
    "mu_xyz=": 0.0,
    "mu_xz=": 0.0,
    "mu_xzz=": 0.0,
    "mu_y": 1.3393,
    "mu_yy=": 2.2855,
    "mu_yyy=": 2.2201,
    "mu_yyz=": 0.0,
    "mu_yz=": 0.0,
    "mu_yzz=": -2.7607,
    "mu_z": 0.0,
    "mu_zz=": -0.1075,
    "mu_zzz=": 0.0,
    "na": 6,
    "ne": 48,
    "ne_down": 24,
    "ne_up": 24,
    "ni": 4,
    "oemga": [
        295.5991,
        384.7132,
        475.6167,
        595.1232,
        695.4387,
        763.3503,
        904.1849,
        1101.4203,
        1410.4461,
        1662.3821,
        3164.7108,
        3258.9622
    ],
    "oemga0": 3258.9622,
    "qa": [
        -0.235017,
        0.068007,
        -0.060884,
        -0.060884,
        0.144389,
        0.144389
    ],
    "r2": 485.3606,