{
    "A": 43.54912,
    "B": 3.09814,
    "C": 2.89238,
    "Cv": "13.800",
    "G": -513.549342,
    "H": -513.517037,
    "P": 1.0,
    "S": 0.00010835150092257209,
    "T": 298.15,
    "U": -513.517981,
    "U0": -513.52237,
    "alpha": 40.1,
    "alpha_xx": 92.419,
    "alpha_xy": -0.913,
    "alpha_xz": 39.76,
    "alpha_yy": 0.0,
    "alpha_yz": 0.0,
    "alpha_zz": 27.881,
    "bo": [
        0,
        3,
        0,
        0,
        1,
        0,
        3,
        0,
        1,
        0,
        0,
        0,
        0,
        1,
        0,
        2,
        0,
        1,
        0,
        0,
        2,
        0,
        0,
        0,
        1,
        0,
        0,
        0,
        0,
        0,
        0,
        0,
        1,
        0,
        0,
        0
    ],
    "coords": [
        1.562281,
        -0.091207,
        -0.002249,
        0.36143,
        0.00592,
        -0.001648,
        -1.038992,
        0.158148,
        -0.002717,
        -2.115263,
        -1.066386,
        0.05471,
        2.619261,
        -0.195617,
        -0.001973,
        -1.388717,
        1.189143,
        -0.046124
    ],
    "e ne": -1446.248455737,
    "e_disp": -0.0017028501000027063,
    "e_k": 511.7412187255,
    "e_nn": 116.0482529794,
    "eigs": [
        -88.88738681717935,
        -10.265969632402962,
        -10.20781963448516,
        -10.205369634572888,
        -7.939849715695122,
        -5.903609788607453,
        -5.902439788649349,
        -5.894019788950845,
        -0.836839970034989,
        -0.764159972637466,
        -0.648859976766052,
        -0.5538699801673908,
        -0.5029899819892681,
        -0.4154299851245584,
        -0.37215998667394184,
        -0.3058699890476101,
        -0.285439989779154,
        -0.23847999146066648,
        -0.11612999584169406,
        0.009769999650162326,
        0.04793999828339632,
        0.06031999784010149,
        0.06501999767180701,
        0.11569999585709123,
        0.18097999351958835,
        0.18477999338352044,
        0.23505999158312757,
        0.25926999071623197,
        0.2769199900842325,
        0.2886699896634963,
        0.30796998897241473,
        0.3094799889183456,
        0.3307799881556494,
        0.33684998793829884,
        0.35897998714588253,
        0.359459987128695,
        0.3962999858095527,
        0.42010998495698004,
        0.42808998467123754,
        0.4492699839128381,
        0.46978998317807164,
        0.48617998259118933,
        0.5443899805068444,
        0.5891799789030339,
        0.5924399787863018,
        0.6182399778624725,
        0.6644499762078155,
        0.6803399756388369,
        0.7230899741080735,
        0.7956899715084609,
        0.8115899709391241,
        0.8319599702097287,
        0.8604599691892196,
        0.8810799684508723,
        0.888499968185182,
        0.9556499657807194,
        0.9766699650280493,
        0.9862899646835827,
        1.0800999613244964,
        1.1699099581086394,
        1.1709899580699674,
        1.2047999568593215,
        1.2530799551305432,
        1.2801999541594484,
        1.3763199507176473,
        1.387659950311592,
        1.4406899484127291,
        1.4475899481656584,
        1.5284199452713514,
        1.5450899446744433,
        1.5701599437767533,
        1.5926099429728786,
        1.6707699401741771,
        1.6768899399550363,
        1.6955499392868711,
        1.78652993602912,
        1.7989599355840347,
        1.8122699351074392,
        1.8857399324766742,
        1.8890099323595841,
        1.9126599315127406,
        1.9420999304585727,
        2.0395699269684315,
        2.0735299257524145,
        2.0994399248246465,
        2.202579921131478,
        2.237179919892544,
        2.2459699195777976,
        2.3456999160067316,
        2.4034299139395747,
        2.410019913703604,
        2.415279913515257,
        2.479889911201746,
        2.4892999108647986,
        2.514979909945266,
        2.529809909414243,
        2.6054299067064925,
        2.6417099054074025,
        2.6879099037531033,
        2.761269901126277,
        2.7925099000076563,
        2.8135898992528374,
        2.8173298991189184,
        2.8479398980228554,
        2.8795198968920594,
        2.890439896501044,
        2.914259895648113,
        2.9175298955310227,
        2.927059895189779,
        2.9386798947736983,
        2.994509892774574,
        3.037239891244527,
        3.0618398903636663,
        3.1632798867313703,
        3.1647198866798076,
        3.22327988458293,
        3.267029883016359,
        3.2936398820635255,
        3.330609880739728,
        3.3897898786206504,
        3.394519878451282,
        3.4613598760579194,
        3.481859875323869,
        3.622289870295445,
        3.655609869102344,
        3.7258198665883118,
        3.7970898640363226,
        3.8543498619859946,
        3.8964298604792216,
        3.905859860141559,
        3.9795198575039903,
        4.104449853030579,
        4.18105985028738,
        4.213289849133309,
        4.222539848802092,
        4.4099498420914385,
        4.448399840714647,
        4.71769983107173,
        4.7868798285945795,
        4.948139822820289,
        5.066619818577835,
        5.098919817421258,
        5.289409810600319,
        5.352919808326195,
        5.575689800349395,
        5.6700497969706145,
        5.801819792252282,
        5.92279978792031,
        6.113499781091852,
        8.036539712232912,
        11.731799579915496,
        16.474239410101355
    ],
    "et": [
        -513.55738095
    ],
    "fc": [
        0.1165,
        0.1902,
        1.2888,
        0.3171,
        0.3911,
        0.735,
        3.5785,
        1.8854,
        1.6937,
        17.0196,
        6.0553,
        8.1757
    ],
    "gap": 0.12234999561897242,
    "homo": -0.23847999146066648,
    "id": "AZ7_44426",
    "ir": [
        2.8582,
        11.3124,
        3.4129,
        46.3292,
        33.5377,
        11.8848,
        6.3439,
        70.0452,
        39.5572,
        47.0905,
        7.6404,
        66.2503
    ],
    "lumo": -0.11612999584169406,
    "ma": [
        12.0,
        12.0,
        12.0,
        31.97207,
        1.00783,
        1.00783
    ],
    "mr": [
        5.2193,
        3.0251,
        8.2543,
        1.2599,
        1.3018,
        1.6711,
        7.308,
        2.5366,
        1.5811,
        6.0876,
        1.0854,
        1.158
    ],
    "mu": 2.2528622372439906,
    "mu_x": -2.1309,
    "mu_xx=": 2.9044,
    "mu_xxx=": -25.8534,
    "mu_xxy=": -11.427,
    "mu_xxz=": 0.0007,
    "mu_xy=": 1.5924,
    "mu_xyy=": 0.8171,
    "mu_xyz=": 0.0001,
    "mu_xz=": -0.0003,
    "mu_xzz=": 3.2101,
    "mu_y": 0.7312,
    "mu_yy=": -0.8914,
    "mu_yyy=": 4.7536,
    "mu_yyz=": 0.0003,
    "mu_yz=": -0.0001,
    "mu_yzz=": -0.3083,
    "mu_z": 0.0001,
    "mu_zz=": -2.013,
    "mu_zzz=": 0.0001,
    "na": 6,
    "ne": 36,
    "ne_down": 18,
    "ne_up": 18,
    "ni": 4,
    "oemga": [
        194.6637,
        326.6598,
        514.7938,
        653.6179,
        714.1138,
        863.9807,
        911.6432,
        1123.1838,
        1348.3893,
        2178.3457,
        3077.087,
        3461.6375
    ],
    "oemga0": 3461.6375,
    "qa": [
        -0.170681,
        0.133591,
        -0.195273,
        -0.076947,
        0.153777,
        0.155533
    ],
    "r2": 402.5176,