{
    "A": 32.05779,
    "B": 0.32117,
    "C": 0.31893,
    "Cv": "16.165",
    "G": -686.024304,
    "H": -685.984872,
    "P": 1.0,
    "S": 0.00013225557605243482,
    "T": 298.15,
    "U": -685.985816,
    "U0": -685.991352,
    "alpha": 70.49133333333334,
    "alpha_xx": 151.15,
    "alpha_xy": -2.611,
    "alpha_xz": 63.678,
    "alpha_yy": -0.527,
    "alpha_yz": -0.468,
    "alpha_zz": 60.851,
    "bo": [
        0,
        1,
        0,
        1,
        1,
        1,
        0,
        1,
        0,
        1,
        0,
        0,
        0,
        1,
        0,
        1,
        0,
        0,
        0,
        0,
        0,
        1,
        0,
        0,
        0,
        0,
        0,
        0,
        1,
        0,
        0,
        0,
        0,
        0,
        0,
        1,
        0,
        0,
        0,
        0,
        0,
        0,
        0,
        1,
        0,
        0,
        0,
        0,
        0
    ],
    "coords": [
        -0.424195,
        -0.374731,
        0.0088,
        0.570459,
        0.606642,
        -0.334393,
        2.516123,
        -0.225643,
        -0.120583,
        -2.384587,
        0.581345,
        -0.268557,
        -0.441722,
        -0.72841,
        1.037718,
        -0.404429,
        -1.203233,
        -0.689394,
        0.568351,
        1.344031,
        0.366408
    ],
    "e ne": -1994.733945914,
    "e_k": 315.2744174741,
    "e_nn": 262.7689627216,
    "eigs": [
        -14.370229485440344,
        -10.263849632478875,
        -6.852309754637034,
        -6.834399755278342,
        -4.856309826108476,
        -4.8402698266828255,
        -4.8396298267057425,
        -4.8359198268385875,
        -4.823749827274364,
        -4.822989827301576,
        -1.937579930620422,
        -1.9329299307869259,
        -1.9322799308102008,
        -1.9187099312961062,
        -1.9186999312964645,
        -1.9177699313297651,
        -1.9141399314597458,
        -1.9134799314833788,
        -1.9030699318561333,
        -1.903059931856491,
        -0.9258999668459875,
        -0.7361599736400715,
        -0.6843599754948916,
        -0.644209976932556,
        -0.5134499816147233,
        -0.459109983560494,
        -0.435119984419512,
        -0.35803998717954144,
        -0.307649988983873,
        -0.27710999007742915,
        -0.26832999039181754,
        -0.2638699905515183,
        -0.2520599909744029,
        -0.09629999655175353,
        -0.04394999842626758,
        0.0452699983790019,
        0.06425999769902058,
        0.08956999679273692,
        0.1186999957496692,
        0.15169999456802713,
        0.16998999391311095,
        0.21242999239344762,
        0.21681999223625342,
        0.22393999198130518,
        0.2314199917134663,
        0.24377999127088762,
        0.2480199911190645,
        0.2510099910120006,
        0.26398999054722133,
        0.28491998979777383,
        0.294169989466556,
        0.29954998927391246,
        0.3183899885993023,
        0.32768998826629403,
        0.3341799880339044,
        0.3394699878444836,
        0.40475998550662273,
        0.42636998473282617,
        0.43180998453803426,
        0.44473998407504545,
        0.46280998342800683,
        0.48146998275984193,
        0.5307099809966888,
        0.5591299799790442,
        0.5867299789907617,
        0.6062899782903702,
        0.6573999764602573,
        0.6838799755120791,
        0.7220999741435227,
        0.740319973491113,
        0.8266499703998658,
        0.8522599694828398,
        0.8631899690914656,
        0.8914599680791923,
        0.9030199676652595,
        0.9060399675571212,
        0.9190099670927001,
        0.9241499669086505,
        0.9400999663375235,
        0.94791996605751,
        0.9493899660048731,
        0.9567399657416894,
        0.9873699646449106,
        0.9908099645217333,
        1.0532499622859233,
        1.0604699620273943,
        1.0755599614870617,
        1.1011599605703937,
        1.1621199583875788,
        1.1760199578898567,
        1.1921599573119266,
        1.2111399566323031,
        1.2312399559125753,
        1.2649799547044362,
        1.2718599544580818,
        1.3252799525452537,
        1.3480599517295626,
        1.3521699515823946,
        1.3640299511577196,
        1.3832299504702186,
        1.3974899499596058,
        1.420679949129234,
        1.431989948724253,
        1.463899947581641,
        1.4756099471623372,
        1.4891999466757153,
        1.5309099451821913,
        1.5468699446107061,
        1.589269943092475,
        1.6455199410783126,
        1.6977899392066629,
        1.7740699364752794,
        1.8427299340167478,
        2.233729920016079,
        2.2995499176592404,
        2.3830899146678957,
        2.3919499143506426,
        2.491319910792468,
        2.495109910656758,
        2.5083099101841007,
        2.5297999094146015,
        2.592399907173062,
        2.706779903077419,
        2.7590999012039794,
        2.7797799004634833,
        2.8134298992585665,
        2.884159896725914,
        2.8926298964226254,
        2.9605498939905917,
        3.0221398917852174,
        3.034469891343713,
        3.0766698898326434,
        3.1054998888003182,
        3.243709883851386,
        3.2849198823757657,
        3.3112998814311685,
        3.3461198801843564,
        3.388079878681881,
        3.4000698782525514,
        3.4260698773215603,
        3.4814798753374756,
        3.5458898730311255,
        3.631219869975685,
        3.661579868888574,
        3.7655998651638956,
        3.770589864985217,
        3.83423986270608,
        3.8849098608917223,
        3.923759859500607,
        3.9464698586874225,
        4.024089855908057,
        4.043439855215186,
        4.133019852007564,
        4.200469849592359,
        4.22631984866674,
        4.266999847210098,
        4.434069841227766,
        4.527939837866531,
        4.572629836266302,
        4.6876998321459515,
        4.747309830011475,
        4.785679828637549,
        4.858599826026477,
        4.934879823295093,
        5.032729819791346,
        5.059639818827771,
        5.1334198161859055,
        5.26138981160364,
        5.32117980946272,
        5.4048798064656465,
        5.52479980217163,
        5.588139799903593,
        5.744009794322304,
        5.769879793395967,
        5.910879788347133,
        6.281519775075504,
        10.514749623494813,
        12.142109565223388,
        58.25373791408875,
        58.27069791348146
    ],
    "et": [
        -686.035047054
    ],
    "fc": [
        0.0187,
        0.5581,
        0.0959,
        1.2494,
        0.9533,
        0.4761,
        0.5581,
        3.2732,
        0.8713,
        1.0504,
        1.3149,
        1.4536,
        5.8776,
        6.5134,
        7.6788
    ],
    "gap": 0.15575999442264937,
    "homo": -0.2520599909744029,
    "id": "AZ7_78938",
    "ir": [
        2.096,
        0.693,
        2.1501,
        53.8847,
        11.4584,
        20.3932,
        23.5463,
        49.8171,
        4.955,
        54.784,
        6.1879,
        4.3222,
        11.8677,
        0.7094,
        21.7434
    ],
    "lumo": -0.09629999655175353,
    "ma": [
        12.0,
        14.00307,
        126.9004,
        126.9004,
        1.00783,
        1.00783,
        1.00783
    ],
    "mr": [
        5.5727,
        52.509,
        6.553,
        9.4605,
        4.9099,
        1.123,
        1.2146,
        5.0662,
        1.0826,
        1.176,
        1.1863,
        1.0896,
        1.0608,
        1.1061,
        1.075
    ],
    "mu": 1.3981731974258411,
    "mu_x": -0.6603,
    "mu_xx=": 0.0479,
    "mu_xxx=": -11.485,
    "mu_xxy=": -2.0643,
    "mu_xxz=": -2.4535,
    "mu_xy=": -0.8925,
    "mu_xyy=": -0.1384,
    "mu_xyz=": 0.7833,
    "mu_xz=": -0.3179,
    "mu_xzz=": -0.4079,
    "mu_y": 0.6846,
    "mu_yy=": 0.589,
    "mu_yyy=": -2.0584,
    "mu_yyz=": 1.3019,
    "mu_yz=": -1.7348,
    "mu_yzz=": -0.064,