{
    "A": 26.79283,
    "B": 5.16516,
    "C": 4.52705,
    "Cv": "16.317",
    "G": -202.635305,
    "H": -202.600629,
    "P": 1.0,
    "S": 0.0001163038738889498,
    "T": 298.15,
    "U": -202.601573,
    "U0": -202.606939,
    "alpha": 24.113,
    "alpha_xx": 45.754,
    "alpha_xy": -3.373,
    "alpha_xz": 33.125,
    "alpha_yy": -1.753,
    "alpha_yz": -0.625,
    "alpha_zz": 28.338,
    "bo": [
        0,
        1,
        1,
        1,
        0,
        0,
        0,
        0,
        1,
        0,
        0,
        0,
        0,
        0,
        0,
        0,
        1,
        0,
        0,
        0,
        0,
        0,
        0,
        0,
        1,
        0,
        0,
        0,
        1,
        0,
        0,
        0,
        0,
        0,
        0,
        1,
        0,
        1,
        1,
        0,
        0,
        0,
        0,
        0,
        1,
        0,
        0,
        0,
        0,
        0,
        0,
        0,
        1,
        0,
        0,
        1,
        0,
        0,
        0,
        0,
        0,
        0,
        1,
        0
    ],
    "coords": [
        -1.780675,
        0.270651,
        0.126266,
        -1.776411,
        0.863011,
        1.164319,
        -2.718348,
        0.287909,
        -0.610402,
        -0.71338,
        -0.474044,
        -0.228049,
        0.604399,
        -0.616606,
        0.093858,
        1.031636,
        -1.705177,
        0.327755,
        1.39329,
        0.487967,
        0.091218,
        2.313715,
        0.300483,
        0.292439
    ],
    "e ne": -677.1858748716,
    "e_disp": -0.00298552739999991,
    "e_k": 201.4568809065,
    "e_nn": 100.8533554069,
    "eigs": [
        -19.1573893140249,
        -19.153629314159534,
        -6.801239756465715,
        -6.773069757474407,
        -1.0541999622519065,
        -1.0248799633017776,
        -0.6153899779645235,
        -0.5546399801398192,
        -0.4670599832758256,
        -0.4476899839694137,
        -0.4270099847099095,
        -0.39292998593022344,
        -0.36828998681251623,
        -0.3406099878036633,
        -0.30206998918367806,
        -0.028309998986294316,
        0.011909999573534629,
        0.029289998951203128,
        0.09572999657216372,
        0.11391999592082827,
        0.1263199954768173,
        0.14092999495367214,
        0.16476999410002524,
        0.17366999378133993,
        0.18650999332157375,
        0.19371999306340287,
        0.22076999209481443,
        0.23792999148036054,
        0.2749999901529826,
        0.3365899879476088,
        0.3495399874839038,
        0.37474998658120084,
        0.39015998602940977,
        0.41592998510665474,
        0.4393199842691211,
        0.44348998411980456,
        0.46557998332882045,
        0.4918799823870875,
        0.5448999804885827,
        0.557509980037052,
        0.575789979382494,
        0.619139977830246,
        0.6391999771119509,
        0.6729399759038113,
        0.7001899749280613,
        0.7117099745155608,
        0.7530499730352855,
        0.7846599719034157,
        0.8093499710193326,
        0.8326799701839475,
        0.844739969752111,
        0.8878199682095309,
        0.9361599664786043,
        0.942459966253018,
        0.9816999648479382,
        1.025899963265254,
        1.0555599622032084,
        1.0919799608991052,
        1.1144399600948725,
        1.1568099585777154,
        1.1736899579732876,
        1.2656299546811614,
        1.2795099541841555,
        1.2864399539360107,
        1.309269953118529,
        1.342409951931874,
        1.3820399505128291,
        1.4169199492638695,
        1.448159948145248,
        1.4787799470488276,
        1.509009945966372,
        1.5571599442422488,
        1.5899999430663356,
        1.6058599424984314,
        1.635769941427434,
        1.6663599403320877,
        1.6925899393928612,
        1.7559099371255409,
        1.7959999356900245,
        1.8376799341975747,
        1.8483599338151524,
        1.8769399327917788,
        1.892269932242852,
        1.900079931963197,
        1.9390199305688594,
        1.9746599292926859,
        2.0070799281318124,
        2.0486299266440176,
        2.064569926073248,
        2.1210199240519243,
        2.1367799234876004,
        2.2328099200490223,
        2.2536099193042296,
        2.2952699178124956,
        2.3306299165463487,
        2.4148099135320873,
        2.4292699130143127,
        2.4732599114391483,
        2.5106799100992374,
        2.5167899098804547,
        2.5832399075010577,
        2.6356199056254686,
        2.6702699043847447,
        2.7420099018159263,
        2.8790198969099636,
        2.9361798948632156,
        3.0068398923330695,
        3.1006298889747,
        3.1539998870636623,
        3.264229883116619,
        3.2769098826625824,
        3.383229878855547,
        3.4084498779524854,
        3.4273198772768008,
        3.5612098724825567,
        3.599389871115433,
        3.6549198691270517,
        3.683039868120149,
        3.7313898663888647,
        3.761889865296741,
        3.801909863863731,
        3.8477498622223227,
        3.8831098609561754,
        3.9246398594690968,
        3.9525098584711467,
        3.972529857754283,
        4.020599856033025,
        4.073429854141323,
        4.103919853049557,
        4.141219851713943,
        4.172409850597114,
        4.24235984809239,
        4.266119847241607,
        4.337069844701077,
        4.356889843991375,
        4.375209843335385,
        4.430819841344139,
        4.465149840114874,
        4.5550898368943615,
        4.603349835166299,
        4.625729834364932,
        4.662799833037553,
        4.760969829522348,
        4.857769826056198,
        4.934169823320517,
        5.100549817362892,
        5.132339816224577,
        5.258749811698172,
        5.280299810926524,
        5.319269809531112,
        5.4095498062984255,
        5.568129800620098,
        5.617269798860526,
        5.691319796208993,
        5.755469793911952,
        5.799169792347171,
        5.966369786360185,
        6.1420997800677615,
        6.2733497753680485,
        6.438339769460196,
        6.54667976558083,
        6.573369764625132,
        6.5941697638803385,
        6.636569762362107,
        6.734189758866595,
        6.747479758390717,
        6.7934797567435785,
        6.952539751048064,
        7.074209746691386,
        7.160759743592261,
        7.213699741696621,
        7.418929734347881,
        9.379269664153327,
        10.073419639297665,
        10.9527496078112,
        11.869089574999505
    ],
    "et": [
        -202.66054473
    ],
    "fc": [
        0.0022,
        0.0379,
        0.0541,
        0.7742,
        0.2373,
        0.8779,
        0.8005,
        0.851,
        0.7674,
        0.8989,
        1.4991,
        1.2937,
        3.3608,
        11.2585,
        4.0364,
        4.4419,
        4.6611,
        9.3632
    ],
    "gap": 0.27375999019738373,
    "homo": -0.30206998918367806,
    "id": "AZ7_05411",
    "ir": [
        2.794,
        11.2861,
        1.7108,
        18.525,
        72.9972,
        54.4261,
        52.5277,
        62.3056,
        43.5454,
        59.4409,
        106.7981,
        44.5689,
        99.7618,
        810.7784,
        149.5083,
        139.6169,
        181.2423,
        88.8362
    ],
    "lumo": -0.028309998986294316,
    "ma": [
        11.00931,
        1.00783,
        1.00783,
        15.99491,
        11.00931,
        1.00783,
        15.99491,
        1.00783
    ],
    "mr": [
        2.9171,
        2.1541,
        1.264,
        4.4848,
        1.1753,
        1.7829,
        1.598,
        1.3783,
        1.2028,
        1.3534,
        1.8463,
        1.3889,
        3.0009,
        8.8525,
        1.048,
        1.0958,
        1.1323,
        1.0662
    ],
    "mu": 2.0337731559837247,
    "mu_x": -1.9226,
    "mu_xx=": 3.4602,
    "mu_xxx=": -32.8478,
    "mu_xxy=": -0.1071,