{
    "A": 14.4864,
    "B": 3.30673,
    "C": 2.82885,
    "Cv": "19.500",
    "G": -423.379042,
    "H": -423.34355,
    "P": 1.0,
    "S": 0.00011904075129979336,
    "T": 298.15,
    "U": -423.344495,
    "U0": -423.35034,
    "alpha": 35.50233333333333,
    "alpha_xx": 63.18,
    "alpha_xy": 2.273,
    "alpha_xz": 48.834,
    "alpha_yy": 0.0,
    "alpha_yz": 0.0,
    "alpha_zz": 43.327,
    "bo": [
        0,
        1,
        0,
        0,
        0,
        0,
        1,
        1,
        1,
        1,
        0,
        1,
        1,
        1,
        0,
        0,
        0,
        0,
        0,
        1,
        0,
        0,
        0,
        0,
        0,
        0,
        0,
        0,
        1,
        0,
        0,
        0,
        0,
        0,
        0,
        0,
        0,
        1,
        0,
        0,
        0,
        3,
        0,
        0,
        0,
        0,
        0,
        0,
        0,
        3,
        0,
        0,
        0,
        0,
        1,
        0,
        0,
        0,
        0,
        0,
        0,
        0,
        0,
        1,
        0,
        0,
        0,
        0,
        0,
        0,
        0,
        0,
        1,
        0,
        0,
        0,
        0,
        0,
        0,
        0,
        0
    ],
    "coords": [
        -1.690434,
        0.806214,
        1e-06,
        -0.483102,
        -0.625316,
        1.7e-05,
        -0.603578,
        -1.467173,
        -1.21156,
        -0.603546,
        -1.46712,
        1.211633,
        1.258709,
        0.041028,
        -1.8e-05,
        2.328741,
        0.470646,
        -2.4e-05,
        -1.554017,
        1.429447,
        0.884001,
        -1.554047,
        1.429402,
        -0.884035,
        -2.715267,
        0.431429,
        2.8e-05
    ],
    "e ne": -1275.265322312,
    "e_disp": -0.003418190700017476,
    "e_k": 421.6910216026,
    "e_nn": 137.518904101,
    "eigs": [
        -66.16572763078148,
        -14.322229487159097,
        -10.194779634952086,
        -10.182329635397888,
        -5.310729809836907,
        -3.6705898685659504,
        -3.668469868641862,
        -3.667919868661556,
        -0.9058499675639248,
        -0.7277099739426435,
        -0.5873299789692773,
        -0.45768998361134033,
        -0.4372699843425262,
        -0.42068998493621185,
        -0.37708998649741166,
        -0.37126998670581035,
        -0.35941998713012735,
        -0.33860998787527796,
        -0.3362499879597832,
        -0.02127999923801989,
        -0.012509999552050226,
        0.02519999909765513,
        0.040799998539060696,
        0.0641599977026013,
        0.07602999727756825,
        0.08028999712502899,
        0.09880999646187712,
        0.11222999598134267,
        0.1461399947671159,
        0.17898999359084494,
        0.22013999211737303,
        0.23677999152153897,
        0.23913999143703366,
        0.2564599908168506,
        0.2923099895331576,
        0.3022599891768746,
        0.3082899889609564,
        0.3286299882326351,
        0.33062998816102046,
        0.3713499867029458,
        0.39245998594705284,
        0.3940699858894031,
        0.4451299840610805,
        0.45638998365788996,
        0.4606399835057087,
        0.49008998245118274,
        0.5052299819090595,
        0.5172299814793716,
        0.5281199810894298,
        0.5812599791866279,
        0.5903999788593488,
        0.6112599781124077,
        0.6186099778492239,
        0.645989976868819,
        0.6756599758064153,
        0.695339975101727,
        0.7622799727047839,
        0.7897199717222305,
        0.8455099697245393,
        0.8495899695784453,
        0.8700699688451111,
        0.8719199687788676,
        0.898839967814934,
        0.9103799674017174,
        0.9546499658165266,
        0.9614599655726788,
        0.9729899651598202,
        1.0078399639119346,
        1.0401799627539254,
        1.0542699622493998,
        1.0821699612503752,
        1.0838399611905767,
        1.101149960570752,
        1.1687299581508923,
        1.2043099568768671,
        1.2082199567368606,
        1.2165399564389434,
        1.2571099549862397,
        1.2695799545397222,
        1.2932899536907305,
        1.308049953162214,
        1.334929952199713,
        1.373109950832589,
        1.395889950016898,
        1.4178699492298523,
        1.4268899489068703,
        1.4338099486590834,
        1.4804299469897453,
        1.5112299458868796,
        1.5365499449802378,
        1.5494199445193977,
        1.5648099439683225,
        1.5791299434555615,
        1.7730799365107288,
        1.7758299364122585,
        1.874019932896336,
        2.088709925208859,
        2.09073992513617,
        2.1211299240479855,
        2.237349919886457,
        2.253899919293845,
        2.2818099182944627,
        2.3381999162752867,
        2.3402699162011658,
        2.3830799146682535,
        2.4659799116998258,
        2.6591999047811314,
        2.662019904680155,
        2.701719903258604,
        2.7130899028514746,
        2.7365299020121507,
        2.7623499010876054,
        2.7835999003266996,
        2.798559899791022,
        2.81027989937136,
        2.849289897974516,
        2.8905298964978208,
        2.9065298959249035,
        2.9491198943998698,
        2.9664898937778954,
        2.9839798931516253,
        2.9899398929382137,
        3.0321598914264283,
        3.045099890963081,
        3.0498498907929963,
        3.088719889401165,
        3.150599887185407,
        3.154619887041462,
        3.247039883732148,
        3.2728398828083183,
        3.2902998821831217,
        3.2943698820373863,
        3.3373298804991034,
        3.3500798800425597,
        3.3768598790836393,
        3.381259878926087,
        3.415049877716157,
        3.415499877700044,
        3.433919877040473,
        3.5009798746392327,
        3.5070698744211666,
        3.5300498735983137,
        3.5320198735277732,
        3.570889872135942,
        3.620529870358466,
        3.6521198692273122,
        3.652269869221941,
        3.7555198655248336,
        3.767859865082971,
        3.7826098645548125,
        3.8528598620393475,
        3.8590698618169834,
        3.89854986040331,
        3.961729858141003,
        3.9632698580858596,
        3.9723698577600124,
        3.974289857691262,
        4.017989856126483,
        4.060059854620067,
        4.076259854039989,
        4.0845498537431455,
        4.111209852788522,
        4.117349852568665,
        4.17020985067589,
        4.216269849026603,
        4.262779847361204,
        4.295009846207134,
        4.4889698392619435,
        4.511519838454487,
        4.512319838425841,
        4.611159834886644,
        4.614119834780654,
        4.649259833522385,
        4.696529831829772,
        4.702169831627819,
        4.886249825036405,
        4.967359822132071,
        4.969589822052221,
        5.049539819189424,
        5.061309818767972,
        5.069819818463252,
        5.148179815657389,
        5.271539811240196,
        5.276729811054356,
        5.324329809349926,
        5.6565097974554455,
        5.682869796511564,
        5.694569796092618,
        5.801579792260876,
        5.812739791861265,
        5.873639789680599,
        6.783549757099145,
        12.470219553474642,
        14.746589471963896
    ],
    "et": [
        -423.412338803
    ],
    "fc": [
        0.0473,
        0.0137,
        0.1499,
        0.3938,
        0.1699,
        1.5505,
        0.7819,
        0.3728,
        0.5162,
        0.6008,
        0.616,
        0.5705,
        1.2239,
        1.313,
        1.3207,
        3.0812,
        3.1353,
        37.3252,
        5.6077,
        6.2603,
        6.2957
    ],
    "gap": 0.31496998872176335,
    "homo": -0.3362499879597832,
    "id": "AZ7_93479",