{
    "A": 3.14993,
    "B": 3.14983,
    "C": 1.57494,
    "Cv": "13.074",
    "G": -1405.493637,
    "H": -1405.459052,
    "P": 1.0,
    "S": 0.00011599865839378316,
    "T": 298.15,
    "U": -1405.459996,
    "U0": -1405.464403,
    "alpha": 29.69333333333334,
    "alpha_xx": 55.868,
    "alpha_xy": 0.0,
    "alpha_xz": 55.868,
    "alpha_yy": 0.0,
    "alpha_yz": 0.0,
    "alpha_zz": 33.212,
    "bo": [
        0,
        1,
        1,
        1,
        1,
        0,
        0,
        0,
        1,
        0,
        0,
        0,
        1,
        0,
        0,
        0
    ],
    "coords": [
        0.902684,
        -0.021199,
        -0.008624,
        0.028187,
        -1.322361,
        0.766636,
        0.028201,
        1.279953,
        -0.783914,
        2.651628,
        -0.021193,
        -0.008598
    ],
    "e ne": -3796.288172246,
    "e_disp": -0.0017518715999926826,
    "e_k": 1401.727182706,
    "e_nn": 228.6105831049,
    "eigs": [
        -101.57996636269189,
        -101.57996636269189,
        -101.57996636269189,
        -9.48702966029473,
        -9.487019660295086,
        -9.487019660295086,
        -7.247619740482036,
        -7.247609740482393,
        -7.247609740482393,
        -7.243169740641378,
        -7.243169740641378,
        -7.243169740641378,
        -7.24125974070977,
        -7.24125974070977,
        -7.241249740710128,
        -6.899029752964114,
        -0.8952499679434824,
        -0.8475699696507762,
        -0.8475599696511343,
        -0.5307499809952565,
        -0.45748998361850185,
        -0.45748998361850185,
        -0.4110999852796042,
        -0.3537499873331549,
        -0.3537499873331549,
        -0.3484899875215015,
        -0.34847998752185955,
        -0.3209399885079936,
        -0.0657699976449515,
        0.029519998942967442,
        0.09588999656643456,
        0.09588999656643456,
        0.10009999641568566,
        0.1379099950618103,
        0.13793999506073606,
        0.16963999392564352,
        0.25159999099087427,
        0.25159999099087427,
        0.2788699900144082,
        0.28194998990412157,
        0.28195998990376353,
        0.3412399877811046,
        0.3412399877811046,
        0.34235998774100046,
        0.342429987738494,
        0.3621699870316571,
        0.3683699868096516,
        0.4136499851882955,
        0.42729998469952535,
        0.42729998469952535,
        0.45839998358591716,
        0.4747999829986768,
        0.4747999829986768,
        0.6194399778195038,
        0.6205399777801157,
        0.6205699777790414,
        0.6444699769232463,
        0.6812399756066104,
        0.6950199751131853,
        0.6950899751106788,
        0.7328499737585938,
        0.844739969752111,
        0.8447599697513948,
        0.9019699677028572,
        0.9019899677021409,
        0.9896199645643442,
        1.133599959408804,
        1.1336399594073716,
        1.2434899554739358,
        1.415889949300751,
        1.415899949300393,
        1.5430699447467742,
        1.569929943784989,
        1.569929943784989,
        1.656889940671183,
        1.6569099406704668,
        1.7219899383401254,
        1.7341099379061407,
        1.7723999365350775,
        1.7788099363055525,
        1.7788199363051946,
        1.870899933008055,
        1.8709199330073387,
        1.8979599320391085,
        1.8979699320387504,
        1.9013799319166473,
        1.903999931822832,
        1.9040899318196098,
        1.9384099305907019,
        1.9864599288701592,
        2.0098199280337,
        2.009859928032268,
        2.0382199270167716,
        2.0382299270164137,
        2.049359926617878,
        2.0545899264306056,
        2.064179926087213,
        2.064219926085781,
        2.0728399257771213,
        2.0728499257767634,
        2.1076199245317424,
        2.1321999236515983,
        2.1512299229701846,
        2.1694799223167007,
        2.169489922316343,
        2.2109799208306966,
        2.210989920830338,
        2.252829919332159,
        2.2529099193292947,
        2.2564199192036107,
        2.2571199191785456,
        2.294909917825386,
        2.448849912313205,
        2.448879912312131,
        2.4810799111591346,
        2.4810799111591346,
        2.5773599077116045,
        2.5773699077112466,
        2.627989905898679,
        2.9301098950805664,
        2.9448298945534828,
        2.9448398945531244,
        3.0094298922403286,
        3.0094398922399708,
        3.1182098883452065,
        3.425019877359158,
        3.4988398747158604,
        3.498879874714428,
        4.932089823394996,
        5.502979802952946,
        5.502989802952587,
        6.811389756102269
    ],
    "et": [
        -1405.47189523
    ],
    "fc": [
        1.1694,
        1.1714,
        1.4201,
        4.4647,
        6.2909,
        6.3046
    ],
    "gap": 0.2551699908630421,
    "homo": -0.3209399885079936,
    "id": "AZ7_03801",
    "ir": [
        0.6166,
        0.6369,
        5.3191,
        0.0,
        351.9145,
        351.6541
    ],
    "lumo": -0.0657699976449515,
    "ma": [
        11.00931,
        34.96885,
        34.96885,
        34.96885
    ],
    "mr": [
        31.1937,
        31.1767,
        11.7756,
        34.9689,
        12.2785,
        12.2759
    ],
    "mu": 0.0004,
    "mu_x": 0.0004,
    "mu_xx=": -0.3554,
    "mu_xxx=": 3.4131,
    "mu_xxy=": -0.0649,
    "mu_xxz=": 0.0,
    "mu_xy=": 0.0,
    "mu_xyy=": -3.4107,
    "mu_xyz=": 0.0,
    "mu_xz=": 0.0,
    "mu_xzz=": 0.0001,
    "mu_y": 0.0,
    "mu_yy=": -0.3554,
    "mu_yyy=": 0.0646,
    "mu_yyz=": 0.0,
    "mu_yz=": 0.0,
    "mu_yzz=": 0.0,
    "mu_z": 0.0,
    "mu_zz=": 0.7108,
    "mu_zzz=": 0.0,
    "na": 4,
    "ne": 56,
    "ne_down": 28,
    "ne_up": 28,
    "ni": 4,
    "oemga": [
        252.243,
        252.5335,
        452.4148,
        465.5129,
        932.5213,
        933.638
    ],
    "oemga0": 933.638,
    "qa": [
        0.170272,
        -0.056763,
        -0.056761,
        -0.056748
    ],
    "r2": 652.8331,
    "rn": [
        0.4,
        0.01,
        0.0,
        -0.29,
        0.47,
        0.0,
        -0.32,
        -0.45,
        0.0,
        0.49,
        -0.02,
        0.0,
        -0.01,
        0.4,
        0.0,
        0.47,
        0.21,
        0.0,
        -0.45,
        0.24,
        0.0,
        -0.02,
        -0.57,
        0.0,
        0.0,
        0.0,
        0.98,
        0.0,
        0.0,
        -0.1,
        0.0,
        0.0,
        -0.1,
        0.0,
        0.0,
        -0.1,
        0.0,
        0.0,
        0.0,
        0.29,
        0.5,
        0.0,
        0.29,
        -0.5,
        0.0,
        -0.58,
        0.0,
        0.0,
        0.0,
        0.97,
        0.0,
        -0.07,
        -0.14,
        0.0,
        0.07,
        -0.15,
        0.0,
        0.0,
        -0.02,
        0.0,
        0.97,
        0.0,
        0.0,
        -0.06,
        -0.07,
        0.0,
        -0.06,
        0.07,
        0.0,
        -0.19,
        0.0,
        0.0
    ],
    "smi": "B(Cl)(Cl)Cl",
    "symbols": [
        "B",
        "Cl",
        "Cl",
        "Cl"
    ],
    "zpe": 0.007493,
    "zs": [
        5,
        17,
        17,
        17
    ]
}