{
    "A": 34.11179,
    "B": 2.762,
    "C": 2.66012,
    "Cv": "17.228",
    "G": -532.024977,
    "H": -531.990804,
    "P": 1.0,
    "S": 0.00011461680362237055,
    "T": 298.15,
    "U": -531.991748,
    "U0": -531.996922,
    "alpha": 38.83166666666667,
    "alpha_xx": 77.596,
    "alpha_xy": 2.706,
    "alpha_xz": 41.498,
    "alpha_yy": 0.406,
    "alpha_yz": 0.573,
    "alpha_zz": 38.493,
    "bo": [
        0,
        2,
        0,
        0,
        1,
        1,
        0,
        0,
        0,
        2,
        0,
        1,
        0,
        0,
        0,
        1,
        0,
        0,
        0,
        1,
        0,
        1,
        0,
        0,
        0,
        1,
        0,
        0,
        0,
        1,
        0,
        0,
        0,
        0,
        0,
        1,
        1,
        0,
        0,
        0,
        0,
        0,
        0,
        0,
        0,
        1,
        0,
        0,
        0,
        0,
        0,
        0,
        0,
        0,
        0,
        1,
        0,
        0,
        0,
        0,
        0,
        0,
        0,
        0,
        0,
        1,
        0,
        0,
        0,
        0,
        0,
        0,
        0,
        0,
        0,
        1,
        0,
        0,
        0,
        0,
        0
    ],
    "coords": [
        -1.54202,
        0.098219,
        0.099887,
        -0.328675,
        0.166172,
        -0.445926,
        0.744648,
        -0.66716,
        -0.133405,
        2.350354,
        -0.114064,
        -0.273002,
        -1.780972,
        -0.600951,
        0.891452,
        -2.336114,
        0.732783,
        -0.262244,
        -0.098614,
        0.877875,
        -1.229183,
        0.589433,
        -1.307583,
        0.631496,
        2.40196,
        0.814708,
        0.720925
    ],
    "e ne": -1561.077979933,
    "e_disp": -0.0038099722999902497,
    "e_k": 530.1085271009,
    "e_nn": 151.8055670218,
    "eigs": [
        -88.91723681611052,
        -14.355089485982468,
        -10.211189634364489,
        -10.155949636342486,
        -7.966309714747661,
        -5.932329787579066,
        -5.927119787765623,
        -5.9205197880019504,
        -0.940979966306013,
        -0.7663899725576158,
        -0.6897999753000996,
        -0.6015199784611713,
        -0.5046299819305441,
        -0.48462998264669077,
        -0.42752998469128967,
        -0.3972999857737454,
        -0.37889998643260037,
        -0.32413998839341013,
        -0.2615099906360236,
        -0.22442999196375957,
        -0.0031799998861326718,
        0.007599999727864246,
        0.04344999844417125,
        0.056009997994431106,
        0.07200999742151373,
        0.09884999646044482,
        0.12932999536903725,
        0.19231999311353312,
        0.22081999209302405,
        0.24718999114878462,
        0.25911999072160313,
        0.2722799902503786,
        0.28706998972078807,
        0.300709989232376,
        0.31054998888003177,
        0.31845998859679575,
        0.3354399879887872,
        0.3456599876228363,
        0.38348998626824465,
        0.40027998566703954,
        0.4256299847593236,
        0.4395399842612435,
        0.4445099840832811,
        0.4703899831565872,
        0.4803399828003042,
        0.5096899817493589,
        0.5287899810654387,
        0.5456399804620852,
        0.560119979943595,
        0.6223199777163787,
        0.6382099771474001,
        0.6598099763739617,
        0.6899399752950867,
        0.7102799745667653,
        0.7222899741367192,
        0.7689599724655909,
        0.8002299713458955,
        0.8123199709129848,
        0.8538099694273383,
        0.8799199684924089,
        0.9036899676412685,
        0.9319999666275628,
        0.9692799652926654,
        1.0004699641758346,
        1.0085199638875855,
        1.0445999625956568,
        1.0730899615755058,
        1.0855199611304207,
        1.136199959315705,
        1.1691499581358529,
        1.2001899570243935,
        1.2576899549654714,
        1.2740399543800218,
        1.2954799536123123,
        1.3032199533351636,
        1.3710999509045616,
        1.4071099496151394,
        1.4399399484395847,
        1.4504999480614589,
        1.4800399470037104,
        1.5010499462513982,
        1.5321999451359998,
        1.5536199443690066,
        1.5833399433048125,
        1.6185499420440363,
        1.6470199410246014,
        1.6965699392503477,
        1.7316599379938684,
        1.7512099372938352,
        1.7933499357849139,
        1.840659934090869,
        1.865749933192463,
        1.8807999326535625,
        1.9674899295494244,
        1.975329929268695,
        2.0237799275338295,
        2.032209927231974,
        2.1161999242245155,
        2.1261499238682324,
        2.2177599205879224,
        2.241809919726756,
        2.322689916830659,
        2.3372299163100196,
        2.363419915372226,
        2.454509912110536,
        2.5149299099470563,
        2.5365899091714694,
        2.5667299080922366,
        2.574299907821175,
        2.6639099046124795,
        2.687509903767426,
        2.7279799023183036,
        2.808909899420416,
        2.824839898850005,
        2.8476598980328816,
        2.854509897787601,
        2.8780798969436225,
        2.9145798956366544,
        2.917829895520281,
        2.9371998948266924,
        3.045009890966304,
        3.075919889859499,
        3.115829888430428,
        3.143009887457185,
        3.1623098867661033,
        3.183849885994813,
        3.2137998849223837,
        3.244539883821666,
        3.266289883042856,
        3.279969882553012,
        3.2978398819131347,
        3.337359880498029,
        3.4030898781444128,
        3.436319876954535,
        3.483279875273023,
        3.518919873996849,
        3.5651398723418337,
        3.593709871318819,
        3.6065198708601267,
        3.623809870241018,
        3.677349868323893,
        3.693969867728775,
        3.7230098666889297,
        3.7511698656805956,
        3.766989865114123,
        3.798509863985476,
        3.8349198626817307,
        3.873969861283454,
        3.898529860404026,
        3.953269858443933,
        3.9541598584120643,
        3.9955498569299985,
        4.018069856123617,
        4.0384098553952965,
        4.048919855018961,
        4.0871598536496885,
        4.120719852447994,
        4.1850598501441505,
        4.213299849132952,
        4.26623984723731,
        4.304109845881286,
        4.372139843445314,
        4.409549842105762,
        4.466099840080856,
        4.519899838154422,
        4.610749834901326,
        4.6452798336648975,
        4.663209833022873,
        4.6828898323181845,
        4.79326982836577,
        4.812479827677912,
        4.8565298261006,
        4.907059824291254,
        4.956519822520223,
        4.986899821432396,
        5.069489818475068,
        5.13266981621276,
        5.185289814328579,
        5.198859813842673,
        5.274229811143874,
        5.294809810406959,
        5.396399806769292,
        5.6132697990037554,
        5.6802597966050214,
        5.714749795370027,
        5.834449791083888,
        5.863169790055502,
        6.003629785026003,
        6.067779782728962,
        6.454589768878327,
        6.496979767360454,
        10.723759616010723,
        11.846199575819137,
        14.068289496252012
    ],
    "et": [
        -532.065051005
    ],
    "fc": [
        0.0184,
        0.127,
        0.092,
        0.5017,
        0.2643,
        0.4462,
        0.8576,
        0.5877,
        0.6873,
        1.016,
        0.726,
        2.5753,
        1.2737,
        1.3353,
        1.5089,
        6.8261,
        3.9116,
        6.1676,
        6.4619,
        6.8734,
        8.0355
    ],
    "gap": 0.22124999207762688,
    "homo": -0.22442999196375957,
    "id": "AZ7_58366",