{
    "A": 6.52881,
    "B": 3.06059,
    "C": 2.22938,
    "Cv": "17.759",
    "G": -936.048418,
    "H": -936.012599,
    "P": 1.0,
    "S": 0.00012013751467364332,
    "T": 298.15,
    "U": -936.013543,
    "U0": -936.019063,
    "alpha": 35.573,
    "alpha_xx": 62.166,
    "alpha_xy": -0.001,
    "alpha_xz": 42.157,
    "alpha_yy": 0.005,
    "alpha_yz": -3.624,
    "alpha_zz": 44.548,
    "bo": [
        0,
        1,
        1,
        1,
        1,
        0,
        0,
        1,
        0,
        0,
        0,
        0,
        0,
        0,
        1,
        0,
        0,
        0,
        0,
        1,
        0,
        1,
        0,
        0,
        0,
        0,
        0,
        1,
        1,
        0,
        0,
        0,
        0,
        0,
        0,
        0,
        0,
        1,
        0,
        0,
        0,
        0,
        0,
        0,
        0,
        1,
        0,
        0,
        0
    ],
    "coords": [
        -0.169532,
        -0.609424,
        0.033149,
        0.038418,
        -1.021536,
        -1.269749,
        1.408976,
        -0.154702,
        0.816519,
        -1.511557,
        0.617702,
        0.106483,
        -0.534097,
        -1.464315,
        0.602524,
        1.579848,
        0.998843,
        0.144051,
        -0.812057,
        1.633432,
        -0.432977
    ],
    "e ne": -2653.22609501,
    "e_disp": -0.003479295999994747,
    "e_k": 933.1179323963,
    "e_nn": 214.8014011628,
    "eigs": [
        -88.90730681646608,
        -88.9072868164668,
        -24.685809116066906,
        -10.324839630294985,
        -7.959909714976828,
        -7.959889714977544,
        -5.924529787858364,
        -5.92450978785908,
        -5.920939787986912,
        -5.920919787987628,
        -5.914729788209275,
        -5.914719788209633,
        -1.2173599564095814,
        -0.8217299705760377,
        -0.7429299733976559,
        -0.6453599768913777,
        -0.5346499808556078,
        -0.4918899823867295,
        -0.4801199828081818,
        -0.41214998524200647,
        -0.3982599857393704,
        -0.36820998681538075,
        -0.3320899881087418,
        -0.28819998968032573,
        -0.2523699909633026,
        -0.02970999893616405,
        0.02103999924661365,
        0.029819998932225242,
        0.04622999834462686,
        0.055159998024867346,
        0.08821999684107683,
        0.19353999306984818,
        0.20584999262905987,
        0.2291799917936747,
        0.2394599914255753,
        0.25977999069797025,
        0.27889999001333393,
        0.2820899898991086,
        0.2940099894722851,
        0.301389989208027,
        0.3250799883597512,
        0.3386699878731295,
        0.35790998718419637,
        0.3587599871537602,
        0.3950899858528796,
        0.4140499851739725,
        0.4186999850074684,
        0.44529998405499327,
        0.4950699822728622,
        0.5368799807757575,
        0.5673099796861402,
        0.6115599781016655,
        0.6360699772240278,
        0.6866699754121766,
        0.7078899746523449,
        0.7628599726840156,
        0.7707699724007796,
        0.7759799722142234,
        0.8011999713111625,
        0.8422099698427036,
        0.8784799685439715,
        0.8980799678421477,
        0.9157999672076417,
        0.9723099651841691,
        0.9853399647175995,
        1.0581099621119,
        1.064359961888104,
        1.0990899606445148,
        1.1324199594510564,
        1.1784799578017706,
        1.213869956534549,
        1.231749955894314,
        1.3888399502693394,
        1.4781299470721023,
        1.5212399455284482,
        1.531069945176462,
        1.54496994467874,
        1.5575199442293581,
        1.5600799441376911,
        1.5742199436313755,
        1.589729943076004,
        1.6224699419036717,
        1.625269941803411,
        1.6832999397255113,
        1.713329938650217,
        1.7680699366901234,
        1.7731199365092964,
        1.7915299358500834,
        1.8043199353921073,
        1.8201099348267094,
        1.8285699345237796,
        1.8458299339057451,
        1.8771099327856915,
        1.8990499320000784,
        1.9307699308642698,
        1.9375099306229284,
        1.947089930279894,
        1.9660999295991965,
        2.014429927868628,
        2.0527799264954165,
        2.1441599232233424,
        2.1579199227306334,
        2.233229920033983,
        2.3130699171751257,
        2.319379916949181,
        2.3938599142822503,
        2.4386799126773657,
        2.4503099122609266,
        2.467669911639311,
        2.485619910996569,
        2.595539907060627,
        2.6061199066817857,
        2.7249299024275158,
        2.880489896857327,
        2.934039894939844,
        3.0919398892858654,
        3.109619888652792,
        3.1275298880114826,
        3.2072798851558475,
        3.231759884279284,
        3.278589882602426,
        3.297689881918506,
        3.329739880770881,
        3.3309998807257637,
        3.3786398790199024,
        3.3842598788186646,
        3.4159798776828563,
        3.459259876133115,
        3.494659874865535,
        3.5274398736917707,
        3.5778698718860067,
        3.6131298706234403,
        3.648279869364812,
        3.7499598657239224,
        3.7733298648871045,
        3.791719864228608,
        3.7951798641047145,
        3.9309598592427943,
        3.965629858001354,
        3.972219857765384,
        4.02477985588335,
        4.05788985469777,
        4.073949854122703,
        4.080759853878855,
        4.1731698505698995,
        4.312319845587308,
        4.430949841339485,
        4.749709829925538,
        4.811609827709064,
        4.811939827697247,
        4.884819825087609,
        4.913189824071755,
        5.039889819534965,
        5.571239800508738,
        5.630129798400044,
        5.934039787517836,
        6.867429754095626,
        6.869449754023295,
        6.951899751070981,
        6.986559749829898,
        7.18743974263692,
        7.213179741715241,
        7.287449739055829,
        8.339569701382215,
        8.348559701060308,
        8.748269686747756,
        8.779419685632359,
        8.811889684469694,
        10.043509640368661,
        11.401599591739078
    ],
    "et": [
        -936.056979832
    ],
    "fc": [
        0.0138,
        0.0371,
        0.1703,
        1.0468,
        0.5259,
        0.8628,
        1.6032,
        0.5022,
        1.8513,
        1.2092,
        1.0777,
        1.1299,
        4.341,
        4.3398,
        6.0612
    ],
    "gap": 0.22265999202713854,
    "homo": -0.2523699909633026,
    "id": "AZ7_69962",
    "ir": [
        6.5533,
        18.85,
        8.8631,
        6.9025,
        6.0403,
        17.5614,
        81.4903,
        11.713,
        132.6822,
        40.3276,
        16.3699,
        5.3119,
        0.9295,
        2.3469,
        2.952
    ],
    "lumo": -0.02970999893616405,
    "ma": [
        12.0,
        18.9984,
        31.97207,
        31.97207,
        1.00783,
        1.00783,
        1.00783
    ],
    "mr": [
        1.0354,
        1.3623,
        3.6312,
        13.7943,
        5.259,
        4.3073,
        4.6411,
        1.1276,
        3.3559,
        1.8835,
        1.1302,
        1.1043,
        1.0388,
        1.0381,
        1.0855
    ],
    "mu": 1.01616278715568,
    "mu_x": 0.0012,
    "mu_xx=": -1.9734,
    "mu_xxx=": 0.0073,
    "mu_xxy=": -0.3246,
    "mu_xxz=": 3.9313,
    "mu_xy=": 0.0006,
    "mu_xyy=": -0.0079,
    "mu_xyz=": 0.0119,
    "mu_xz=": 0.0054,
    "mu_xzz=": 0.013,
    "mu_y": -0.9436,
    "mu_yy=": -3.2573,
    "mu_yyy=": 10.1406,
    "mu_yyz=": 2.2677,
    "mu_yz=": -3.5489,
    "mu_yzz=": 2.4542,
    "mu_z": 0.3771,
    "mu_zz=": 5.2307,
    "mu_zzz=": 2.2928,
    "na": 7,
    "ne": 50,
    "ne_down": 25,
    "ne_up": 25,
    "ni": 4,