{
    "A": 24.0563,
    "B": 2.01097,
    "C": 1.89669,
    "Cv": "18.894",
    "G": -763.201318,
    "H": -763.164777,
    "P": 1.0,
    "S": 0.00012255911453985094,
    "T": 298.15,
    "U": -763.165721,
    "U0": -763.171625,
    "alpha": 40.88433333333333,
    "alpha_xx": 76.957,
    "alpha_xy": -2.685,
    "alpha_xz": 51.707,
    "alpha_yy": -0.001,
    "alpha_yz": -0.001,
    "alpha_zz": 45.697,
    "bo": [
        0,
        1,
        1,
        0,
        1,
        0,
        0,
        0,
        1,
        0,
        0,
        0,
        0,
        1,
        1,
        1,
        1,
        0,
        0,
        2,
        0,
        0,
        0,
        0,
        0,
        0,
        2,
        0,
        0,
        0,
        0,
        0,
        1,
        0,
        0,
        0,
        0,
        0,
        0,
        0,
        0,
        1,
        0,
        0,
        0,
        0,
        0,
        0,
        0,
        1,
        0,
        0,
        0,
        0,
        0,
        0,
        0,
        1,
        0,
        0,
        0,
        0,
        0,
        0
    ],
    "coords": [
        0.533109,
        0.171107,
        -0.194968,
        -1.192712,
        -0.166186,
        -0.068655,
        1.72434,
        -0.130929,
        0.960152,
        3.032842,
        0.317763,
        0.416366,
        0.888382,
        0.597846,
        -1.046948,
        -1.399061,
        -0.774318,
        1.264231,
        -1.972928,
        1.087874,
        -0.192978,
        -1.613971,
        -1.103156,
        -1.137201
    ],
    "e ne": -2226.960667975,
    "e_disp": -0.0034608954999839625,
    "e_k": 760.5371572227,
    "e_nn": 207.4504119911,
    "eigs": [
        -77.1499672374651,
        -66.16371763085344,
        -19.107479315812043,
        -14.339089486555388,
        -6.606389763442774,
        -5.308009809934302,
        -4.7706898291743,
        -4.767879829274919,
        -4.76342982943426,
        -3.6674198686794597,
        -3.6659098687335288,
        -3.6656598687424804,
        -0.9857399647032765,
        -0.8828399683878515,
        -0.5862499790079493,
        -0.5659199797359123,
        -0.45683998364177664,
        -0.4187099850071104,
        -0.396669985796304,
        -0.3673299868468913,
        -0.36176998704598,
        -0.34434998766974384,
        -0.29843998931365867,
        -0.27096999029728613,
        -0.07040999747880547,
        -0.004899999824544053,
        0.03353999879902195,
        0.03958999858238756,
        0.04778999828876741,
        0.06258999775881885,
        0.07744999722672184,
        0.09828999648049695,
        0.17417999376307822,
        0.17449999375161987,
        0.19051999317798632,
        0.20736999257463273,
        0.2206099921005436,
        0.24395999126444234,
        0.26731999042798293,
        0.27308999022137465,
        0.3040999891109891,
        0.3120699888256047,
        0.3223399884578633,
        0.34682998758094163,
        0.3568499872221521,
        0.365999986894515,
        0.36818998681609694,
        0.42603998474464255,
        0.47028998316016796,
        0.5180099814514418,
        0.5236499812494885,
        0.5435699805362063,
        0.574269979436921,
        0.6035399783888403,
        0.627459977532329,
        0.6368099771975304,
        0.6430599769737344,
        0.6849099754751975,
        0.6995899749495459,
        0.7268399739737958,
        0.7409399734689125,
        0.7679399725021143,
        0.8140599708506799,
        0.8379899699938105,
        0.8568199693195583,
        0.8733699687269469,
        0.8904199681164319,
        0.9451199661577705,
        0.9706599652432512,
        0.9809599648744357,
        1.020449963460404,
        1.0467999625168807,
        1.1185499599477042,
        1.1448699590052553,
        1.1460199589640767,
        1.1806899577226364,
        1.205159956846431,
        1.212119956597212,
        1.229949955958767,
        1.233099955845974,
        1.2574799549729911,
        1.2706599545010502,
        1.2786699542142335,
        1.337599952104107,
        1.3383299520779681,
        1.3557499514542042,
        1.3755699507445027,
        1.3801699505797889,
        1.4218499490873393,
        1.4337799486601577,
        1.4608299476915694,
        1.47899994704095,
        1.5191799456022113,
        1.5599899441409137,
        1.5722599437015579,
        1.5798199434308544,
        1.6508199408885336,
        1.662609940466365,
        1.715759938563205,
        1.7513799372877479,
        1.7851899360771017,
        1.8240499346856287,
        1.8510599337184725,
        1.8971399320684705,
        1.9887599287878026,
        2.0618299261713604,
        2.20658992098789,
        2.270449918701234,
        2.2843599182031538,
        2.2935299178748005,
        2.329509916586453,
        2.399489914080655,
        2.4535799121438364,
        2.582569907525048,
        2.641209905425306,
        2.8076298994662494,
        2.8153898991883843,
        2.9074698958912446,
        2.9834598931702456,
        3.126889888034399,
        3.1702398864821513,
        3.1875098858637587,
        3.2420198839119005,
        3.251269883580682,
        3.300349881823258,
        3.3057398816302572,
        3.3404398803877426,
        3.3642398795355284,
        3.4641998759562265,
        3.469819875754989,
        3.5159898741017646,
        3.5300998735965234,
        3.569359872190727,
        3.6074098708282576,
        3.635659869816701,
        3.6518298692376963,
        3.686189868007356,
        3.75871986541025,
        3.7774398647399368,
        3.8203998632016534,
        3.8439298623591065,
        3.86532986159283,
        3.870929861392309,
        3.9369898590268764,
        3.9590298582376824,
        3.984779857315644,
        4.006879856524302,
        4.034849855522769,
        4.053919854839925,
        4.135569851916255,
        4.162609850948025,
        4.19564984976495,
        4.2661098472419665,
        4.26882984714457,
        4.32171984525072,
        4.383049843054656,
        4.493149839112268,
        4.568449836415976,
        4.615419834734106,
        4.628839834253571,
        4.7333498305113455,
        4.902599824450954,
        4.922009823755935,
        5.0896898177517595,
        5.158769815278189,
        5.160719815208365,
        5.231009812691467,
        5.272409811209044,
        5.300149810215748,
        5.339769808797061,
        5.382189807278113,
        5.535619801784195,
        5.54976980127752,
        5.569629800566387,
        5.6193597987856885,
        5.828219791306968,
        5.92767978774557,
        6.3012197743700975,
        6.334669773172343,
        6.656929761633071,
        6.722679759278739,
        6.894399753129902,
        8.901219681271025,
        10.164459636037765
    ],
    "et": [
        -763.217094325
    ],
    "fc": [
        0.0123,
        0.026,
        0.1017,
        0.7199,
        0.2357,
        0.3745,
        0.3873,
        1.0854,
        1.3064,
        0.5523,
        0.6009,
        0.6479,
        1.3783,
        5.0766,
        3.093,
        3.027,
        3.1331,
        7.7327
    ],
    "gap": 0.20055999281848066,
    "homo": -0.27096999029728613,
    "id": "AZ7_97906",
    "ir": [
        0.5725,
        1.6589,
        6.4831,
        15.58,
        40.1178,
        17.6273,
        103.346,
        62.1567,
        473.7573,
        49.2684,
        84.4659,
        66.7674,
        40.3164,
        178.417,
        119.8584,
        94.0,
        69.5912,
        34.5963
    ],
    "lumo": -0.07040999747880547,
    "ma": [
        14.00307,
        27.97693,
        30.97376,
        15.99491,
        1.00783,
        1.00783,
        1.00783,
        1.00783
    ],