{
    "A": 21.36836,
    "B": 3.86008,
    "C": 3.26947,
    "Cv": "16.094",
    "G": -457.299586,
    "H": -457.266342,
    "P": 1.0,
    "S": 0.00011150092235441173,
    "T": 298.15,
    "U": -457.267286,
    "U0": -457.272143,
    "alpha": 40.617666666666665,
    "alpha_xx": 88.624,
    "alpha_xy": 3.713,
    "alpha_xz": 50.914,
    "alpha_yy": 0.0,
    "alpha_yz": 0.0,
    "alpha_zz": 33.229,
    "bo": [
        0,
        2,
        0,
        0,
        1,
        1,
        0,
        2,
        0,
        1,
        0,
        0,
        0,
        0,
        0,
        1,
        0,
        3,
        0,
        0,
        0,
        0,
        0,
        3,
        0,
        0,
        0,
        1,
        1,
        0,
        0,
        0,
        0,
        0,
        0,
        1,
        0,
        0,
        0,
        0,
        0,
        0,
        0,
        0,
        0,
        1,
        0,
        0,
        0
    ],
    "coords": [
        -1.636488,
        0.14799,
        0.052587,
        -0.547016,
        -0.92051,
        0.726766,
        1.005607,
        -0.338166,
        0.103247,
        2.13139,
        -0.065752,
        -0.236239,
        -1.381031,
        0.972701,
        -0.598338,
        -2.686807,
        0.01258,
        0.279658,
        3.114345,
        0.191157,
        -0.547057
    ],
    "e ne": -1326.338760413,
    "e_disp": -0.0017459182000010287,
    "e_k": 455.5660503034,
    "e_nn": 122.8159245287,
    "eigs": [
        -77.10489723907894,
        -10.197279634862568,
        -10.185319635290826,
        -10.180639635458403,
        -6.567899764820997,
        -4.7301298306266455,
        -4.729989830631659,
        -4.72511983080604,
        -0.7718999723603174,
        -0.7272499739591148,
        -0.5996299785288471,
        -0.5318399809562264,
        -0.45957998354366447,
        -0.41241998523233847,
        -0.32700998829064304,
        -0.3215999884843607,
        -0.2738699901934449,
        -0.2587499907348518,
        -0.07980999714221651,
        0.00016999999391275288,
        0.044759998397263634,
        0.0556699980066056,
        0.06904999752750345,
        0.08190999706702111,
        0.09874999646402557,
        0.11173999599888827,
        0.19760999292411233,
        0.23664999152619393,
        0.2546999908798715,
        0.25657999081255367,
        0.2668399904451705,
        0.2924999895263542,
        0.2925699895238477,
        0.3202199885337749,
        0.34280998772488713,
        0.3682299868146646,
        0.3816699863334141,
        0.3931799859212716,
        0.4081099853866681,
        0.4430799841344855,
        0.45600998367149675,
        0.4630099834208453,
        0.47010998316661323,
        0.4995599821120872,
        0.5262699811556734,
        0.576609979353132,
        0.5920699787995506,
        0.61832997785925,
        0.6190899778320365,
        0.6552399765376012,
        0.6931699751794289,
        0.7489699731813796,
        0.7898699717168595,
        0.7978299714318332,
        0.8202599706286746,
        0.855229969376492,
        0.8614899691523381,
        0.9054299675789637,
        0.9192499670841064,
        0.9197699670654865,
        1.0018299641271367,
        1.0251099632935416,
        1.0586299620932798,
        1.0879699610426927,
        1.1201699598896966,
        1.1618499583972466,
        1.1759099578937955,
        1.2219199562463,
        1.2704799545074958,
        1.2807099541411866,
        1.3002099534429439,
        1.3103399530802156,
        1.3653899511090215,
        1.4066799496305367,
        1.4563999478501957,
        1.488399946704361,
        1.5079999460025373,
        1.5214899455194963,
        1.5829099433202098,
        1.5953399428751245,
        1.6041599425593038,
        1.6217699419287366,
        1.653519940791854,
        1.7815399362077984,
        1.8547699335856274,
        1.9149499314307419,
        1.9204999312320112,
        2.028909927350138,
        2.048959926632201,
        2.1164399242159218,
        2.193929921441211,
        2.225609920306835,
        2.2514299193822893,
        2.3147499171149692,
        2.4161099134855375,
        2.43802991270064,
        2.4716099114982306,
        2.4875299109281777,
        2.51769990984787,
        2.518139909832114,
        2.543689908917237,
        2.5551399085072437,
        2.5623799082479986,
        2.6284399058825656,
        2.6918099036134544,
        2.768469900868465,
        2.770629900791121,
        2.828989898701405,
        2.84157989825059,
        2.900879896127215,
        2.9118798957333345,
        2.9128298956993173,
        2.9261398952227218,
        2.928859895125326,
        2.970739893625715,
        2.9961698927151343,
        3.0024998924884736,
        3.022029891789156,
        3.0410598911077424,
        3.0793598897363217,
        3.084349889557643,
        3.0855398895150326,
        3.129349887946313,
        3.1639098867088116,
        3.246619883747187,
        3.2962998819682783,
        3.305729881630615,
        3.3328398806598782,
        3.3897398786224406,
        3.392609878519674,
        3.40208987818022,
        3.4529998763572682,
        3.512689874219929,
        3.55011987287966,
        3.608299870796389,
        3.76883986504788,
        3.7709098649737585,
        3.8644398616246987,
        3.9175198597240453,
        3.9451598587343306,
        3.9640498580579298,
        3.9934998570034037,
        4.007219856512127,
        4.0317998556319825,
        4.036679855457242,
        4.121919852405026,
        4.188679850014528,
        4.443329840896189,
        4.654899833320431,
        4.723409830867271,
        4.778919828879606,
        4.815029827586604,
        4.848979826370944,
        4.889629824915375,
        4.943509822986075,
        5.172629814781899,
        5.281719810875677,
        5.317519809593774,
        5.539739801636668,
        5.659449797350172,
        5.695379796063614,
        5.7856997928294955,
        6.017589784526134,
        7.7280697232784,
        11.408439591494156,
        15.947109428976473
    ],
    "et": [
        -457.316950889
    ],
    "fc": [
        0.0595,
        0.1317,
        0.4676,
        1.5823,
        0.308,
        0.3582,
        0.3696,
        0.5682,
        0.6516,
        2.3431,
        1.4627,
        15.7264,
        6.0944,
        6.8687,
        8.1427
    ],
    "gap": 0.17893999359263527,
    "homo": -0.2587499907348518,
    "id": "AZ7_88683",
    "ir": [
        2.0368,
        5.5588,
        13.286,
        37.9852,
        7.4141,
        40.1007,
        37.8617,
        57.9305,
        22.3651,
        1.6504,
        6.1132,
        10.3976,
        2.1012,
        0.1036,
        62.5724
    ],
    "lumo": -0.07980999714221651,
    "ma": [
        12.0,
        30.97376,
        12.0,
        12.0,
        1.00783,
        1.00783,
        1.00783
    ],
    "mr": [
        3.3133,
        3.3802,
        4.2755,
        6.7423,
        1.1574,
        1.3012,
        1.2838,
        1.2806,
        1.4414,
        4.0181,
        1.1994,
        5.9203,
        1.0541,
        1.1168,
        1.1569
    ],
    "mu": 0.9120195447467121,
    "mu_x": -0.1686,
    "mu_xx=": 5.4854,
    "mu_xxx=": -15.1056,
    "mu_xxy=": 6.9383,
    "mu_xxz=": 0.003,
    "mu_xy=": -0.0269,
    "mu_xyy=": 1.1898,
    "mu_xyz=": -0.0003,
    "mu_xz=": -0.0003,
    "mu_xzz=": 0.4532,
    "mu_y": 0.8963,
    "mu_yy=": -2.0391,
    "mu_yyy=": 4.5348,
    "mu_yyz=": -0.0008,
    "mu_yz=": 0.0,
    "mu_yzz=": -0.9693,
    "mu_z": 0.0,
    "mu_zz=": -3.4463,
    "mu_zzz=": 0.0,
    "na": 7,
    "ne": 36,
    "ne_down": 18,
    "ne_up": 18,
    "ni": 4,