{
    "A": 3.22298,
    "B": 3.22294,
    "C": 1.67111,
    "Cv": "13.868",
    "G": -1419.200438,
    "H": -1419.165734,
    "P": 1.0,
    "S": 0.00011639778634964637,
    "T": 298.15,
    "U": -1419.166678,
    "U0": -1419.171188,
    "alpha": 29.359333333333336,
    "alpha_xx": 54.433,
    "alpha_xy": 0.001,
    "alpha_xz": 54.432,
    "alpha_yy": 0.0,
    "alpha_yz": 0.001,
    "alpha_zz": 33.645,
    "bo": [
        0,
        1,
        0,
        0,
        0,
        1,
        0,
        1,
        1,
        1,
        0,
        1,
        0,
        0,
        0,
        0,
        1,
        0,
        0,
        0,
        0,
        1,
        0,
        0,
        0
    ],
    "coords": [
        -1.696586,
        -0.066784,
        -0.083191,
        -4.2e-05,
        -1.4e-05,
        0.457523,
        0.790414,
        1.502641,
        -0.08306,
        0.906092,
        -1.435881,
        -0.083104,
        -9.4e-05,
        -5e-05,
        1.537476
    ],
    "e ne": -3893.693979439,
    "e_disp": -0.0023132731000146123,
    "e_k": 1415.383300465,
    "e_nn": 261.3244898742,
    "eigs": [
        -101.58184636262456,
        -101.58183636262493,
        -101.58183636262493,
        -10.361219628992314,
        -9.48758966027468,
        -9.487579660275035,
        -9.487569660275394,
        -7.251149740355635,
        -7.251139740355994,
        -7.251139740355994,
        -7.241389740705115,
        -7.241389740705115,
        -7.241379740705474,
        -7.241289740708696,
        -7.241279740709054,
        -7.241269740709412,
        -0.9441199661935779,
        -0.8438599697836214,
        -0.8438599697836214,
        -0.6569899764749383,
        -0.5110999816988705,
        -0.4772499829109489,
        -0.4772499829109489,
        -0.35847998716378615,
        -0.35847998716378615,
        -0.33130998813667145,
        -0.33129998813702954,
        -0.32827998824516774,
        -0.313379988778697,
        -0.04418999841767382,
        0.004859999825976347,
        0.004859999825976347,
        0.0415899985107729,
        0.22417999197271138,
        0.22419999197199528,
        0.2667299904491093,
        0.2722999902496624,
        0.2772999900706257,
        0.2772999900706257,
        0.3236599884105976,
        0.324289988388039,
        0.3242999883876809,
        0.33128998813738764,
        0.3313299881359553,
        0.35170998740620185,
        0.35170998740620185,
        0.3676799868343587,
        0.37151998669685854,
        0.38988998603907776,
        0.42565998475824934,
        0.4256799847575332,
        0.46608998331055873,
        0.47450998300906094,
        0.4908499824239691,
        0.49085998242361106,
        0.6017699784522195,
        0.6017899784515033,
        0.6451499768988972,
        0.657439976458825,
        0.6574499764584669,
        0.71154997452129,
        0.8364399700493118,
        0.9131799673014569,
        0.9132099673003826,
        0.9761999650448786,
        0.9762099650445205,
        0.9762199650441624,
        1.0644999618830908,
        1.1017699605485511,
        1.1017799605481933,
        1.1912699573437948,
        1.1912799573434367,
        1.4040999497229194,
        1.7537599372025263,
        1.7975999356327328,
        1.7976299356316585,
        1.8684399330961412,
        1.8723099329575665,
        1.8723099329575665,
        1.8842799325289528,
        1.8968999320770643,
        1.8969099320767062,
        1.9024799318772592,
        1.9025599318743949,
        1.9196699312617314,
        1.9210399312126754,
        1.9359999306769975,
        1.9360299306759232,
        2.014859927853231,
        2.017979927741512,
        2.017989927741154,
        2.044879926778295,
        2.0551299264112695,
        2.0551399264109116,
        2.069059925912473,
        2.069099925911041,
        2.0724699257903705,
        2.090059925160519,
        2.094279925009412,
        2.094299925008696,
        2.1529799229075217,
        2.1529899229071634,
        2.1852099217534513,
        2.1936299214519535,
        2.207309920962109,
        2.2073199209617513,
        2.240179919785122,
        2.240199919784406,
        2.240839919761489,
        2.2408699197604154,
        2.2511699193915997,
        2.3222099168478465,
        2.3540499157077406,
        2.354069915707025,
        2.3999099140656166,
        2.480759911170593,
        2.5827799075175286,
        2.5827799075175286,
        2.6186799062320456,
        2.9535798942401685,
        2.957679894093358,
        2.957699894092642,
        3.184519885970822,
        3.1845398859701066,
        3.278179882617107,
        3.278219882615675,
        3.2931698820803548,
        3.514269874163353,
        3.5195998739725005,
        3.5530998727729544,
        3.553119872772238,
        3.798509863985476,
        3.80563986373017,
        3.805649863729812,
        3.9485498586129433,
        3.948569858612227,
        4.069349854287418,
        4.069359854287058,
        4.487679839308134,
        4.819459827427977,
        4.819469827427619,
        4.94549982291482,
        5.169879814880369,
        5.169899814879654,
        5.375639807512652,
        9.456739661379334
    ],
    "et": [
        -1419.19081151
    ],
    "fc": [
        0.982,
        0.9851,
        1.6092,
        2.0621,
        3.0077,
        3.0136,
        0.9535,
        0.9536,
        6.4686
    ],
    "gap": 0.2691899903610232,
    "homo": -0.313379988778697,
    "id": "AZ7_48613",
    "ir": [
        0.0,
        0.0001,
        0.2373,
        5.1194,
        170.3143,
        170.1766,
        22.0824,
        22.1026,
        0.2565
    ],
    "lumo": -0.04418999841767382,
    "ma": [
        34.96885,
        12.0,
        34.96885,
        34.96885,
        1.00783
    ],
    "mr": [
        25.8746,
        25.8881,
        21.1533,
        8.017,
        9.6801,
        9.6739,
        1.0723,
        1.0724,
        1.0889
    ],
    "mu": 1.1174000089493468,
    "mu_x": -0.0001,
    "mu_xx=": -0.7371,
    "mu_xxx=": 1.3825,
    "mu_xxy=": -3.064,
    "mu_xxz=": -2.5703,
    "mu_xy=": -0.0001,
    "mu_xyy=": -1.3829,
    "mu_xyz=": 0.0,
    "mu_xz=": -0.0001,
    "mu_xzz=": -0.0003,
    "mu_y": -0.0001,
    "mu_yy=": -0.7368,
    "mu_yyy=": 3.0639,
    "mu_yyz=": -2.5701,
    "mu_yz=": -0.0001,
    "mu_yzz=": -0.0004,
    "mu_z": 1.1174,
    "mu_zz=": 1.4738,
    "mu_zzz=": 2.9583,
    "na": 5,
    "ne": 58,
    "ne_down": 29,
    "ne_up": 29,
    "ni": 4,
    "oemga": [
        253.8001,
        254.1396,
        359.3286,
        660.7273,
        726.1932,
        727.1403,
        1228.5149,
        1228.5578,
        3175.3055
    ],
    "oemga0": 3175.3055,
    "qa": [
        -0.059714,
        0.007989,
        -0.059692,
        -0.059744,
        0.17116
    ],
    "r2": 636.2092,