{
    "A": 21.60336,
    "B": 6.79497,
    "C": 6.15271,
    "Cv": "15.410",
    "G": -171.886761,
    "H": -171.855225,
    "P": 1.0,
    "S": 0.00010577226228414182,
    "T": 298.15,
    "U": -171.856169,
    "U0": -171.860628,
    "alpha": 27.942000000000004,
    "alpha_xx": 46.941,
    "alpha_xy": 0.969,
    "alpha_xz": 41.169,
    "alpha_yy": 2.798,
    "alpha_yz": -0.135,
    "alpha_zz": 34.087,
    "bo": [
        0,
        1,
        0,
        0,
        1,
        1,
        0,
        0,
        0,
        1,
        0,
        1,
        1,
        0,
        0,
        1,
        0,
        0,
        0,
        1,
        0,
        2,
        0,
        0,
        0,
        1,
        0,
        0,
        1,
        2,
        0,
        0,
        0,
        0,
        0,
        1,
        1,
        0,
        0,
        0,
        0,
        0,
        0,
        0,
        0,
        1,
        0,
        0,
        0,
        0,
        0,
        0,
        0,
        0,
        0,
        1,
        0,
        0,
        0,
        0,
        0,
        0,
        0,
        0,
        0,
        1,
        0,
        0,
        0,
        0,
        0,
        0,
        0,
        0,
        0,
        1,
        0,
        0,
        0,
        0,
        0
    ],
    "coords": [
        1.467828,
        -0.107974,
        -0.199846,
        0.194233,
        0.007758,
        0.48381,
        -1.0215,
        -0.636296,
        -0.07595,
        -1.019566,
        0.660408,
        -0.115897,
        1.339842,
        -0.048202,
        -1.203752,
        2.093494,
        0.641977,
        0.072764,
        0.342621,
        0.029447,
        1.561413,
        -1.505908,
        -1.563127,
        -0.333525,
        -1.508733,
        1.566859,
        -0.430312
    ],
    "e ne": -620.1304435823,
    "e_disp": -0.0032120539000004555,
    "e_k": 170.8555318438,
    "e_nn": 110.2911491327,
    "eigs": [
        -14.288409488370103,
        -10.214039634262438,
        -10.184349635325558,
        -10.182949635375687,
        -0.9063299675467372,
        -0.825929970425647,
        -0.588879978913776,
        -0.5644499797885492,
        -0.5147099815696061,
        -0.4785599828640412,
        -0.4229299848560033,
        -0.361369987060303,
        -0.32840998824051276,
        -0.2677599904122277,
        -0.22202999204969717,
        -0.00025999999069009264,
        0.05252999811904064,
        0.07278999739358401,
        0.07851999718840799,
        0.08283999703372029,
        0.11426999590829572,
        0.15594999441584595,
        0.17427999375949746,
        0.2158399922713446,
        0.22803999183449508,
        0.24452999124403213,
        0.2897099896262567,
        0.3329299880786636,
        0.33949998784340946,
        0.3529299873625169,
        0.3738999866116371,
        0.38705998614041254,
        0.4092999853440573,
        0.4213099849140113,
        0.4570699836335409,
        0.46875998321495316,
        0.4734699830463006,
        0.47887998285258293,
        0.5117399816759538,
        0.5186199814295993,
        0.5565199800725014,
        0.5618099798830806,
        0.5887899789169986,
        0.6200999777958709,
        0.6545099765637405,
        0.6700299760080106,
        0.7647999726145494,
        0.7865099718371722,
        0.8545199694019152,
        0.8620099691337183,
        0.8666599689672141,
        0.9177399671381754,
        0.9422399662608957,
        0.9560999657646059,
        0.9907399645242398,
        1.0083499638936728,
        1.0420199626880395,
        1.076609961449464,
        1.0939699608278488,
        1.1025799605195474,
        1.1175399599838698,
        1.1658399582543753,
        1.1858699575371545,
        1.2154199564790475,
        1.2494399552608824,
        1.2611199548426526,
        1.3044599532907626,
        1.3435599518906958,
        1.3534099515379934,
        1.3852599503975298,
        1.4062599496455757,
        1.442899948333595,
        1.4758299471544594,
        1.4794099470262687,
        1.5729699436761346,
        1.606069942490912,
        1.6335499415069263,
        1.703929938986806,
        1.73934993771851,
        1.758979937015612,
        1.8905799323033665,
        2.113129924334444,
        2.1777399220209324,
        2.2181299205746736,
        2.2529299193285786,
        2.316979917035119,
        2.3287399166140244,
        2.355969915638991,
        2.4028099139617747,
        2.4339099128481667,
        2.4507099122466034,
        2.5063399102546415,
        2.534749909237355,
        2.612069906468732,
        2.6445099053071415,
        2.6901299036736113,
        2.7293099022706793,
        2.7452699016991944,
        2.7895099001150783,
        2.814519899219537,
        2.838079898375916,
        2.901729896096779,
        2.9097998958078137,
        2.9372298948256184,
        2.9639698938681307,
        2.9815398932389954,
        2.990679892911716,
        3.0196498918743777,
        3.027099891607613,
        3.0588698904700142,
        3.0838598895751885,
        3.114219888488078,
        3.1329598878170484,
        3.151569887150674,
        3.1798598861376846,
        3.226589884464407,
        3.244979883805911,
        3.287689882276579,
        3.3064398816051916,
        3.3186298811687003,
        3.367939879403041,
        3.42772987726212,
        3.434609877015766,
        3.4513498764163506,
        3.4831498752776775,
        3.493209874917456,
        3.51440987415834,
        3.540749873215175,
        3.564619872360454,
        3.6009598710592154,
        3.643919869520932,
        3.682209868149869,
        3.701309867465949,
        3.7137898670190737,
        3.7542498655703085,
        3.8082198636377864,
        3.81871986326181,
        3.835549862659172,
        3.8468898622531174,
        3.9402898589087116,
        3.973989857702005,
        3.992729857030975,
        4.00603985655438,
        4.016309856186638,
        4.043439855215186,
        4.074699854095848,
        4.120629852451217,
        4.133969851973547,
        4.1772298504245216,
        4.24126984813142,
        4.283249846628228,
        4.311869845603422,
        4.3571398439824245,
        4.380679843139519,
        4.4099498420914385,
        4.436199841151496,
        4.444569840851788,
        4.479049839617152,
        4.66822983284312,
        4.732199830552525,
        4.775859828989176,
        4.795979828268733,
        4.941559823055901,
        4.978509821732819,
        5.020899820214947,
        5.048419819229529,
        5.078139818165335,
        5.144219815799186,
        5.187319814255889,
        5.248209812075582,
        5.462609804398488,
        5.489349803441001,
        5.5179798024158355,
        5.529709801995815,
        5.5952897996475714,
        5.641679797986469,
        5.714149795391511,
        5.795459792480017,
        5.844349790729397,
        5.917579788107225,
        5.944509787142933,
        6.049719783375643,
        6.094469781773266,
        6.232829776818962,
        6.455929768830345,
        6.825999755579124,
        9.52191965904541,
        11.74551957942422,
        12.859909539520881,
        13.922029501489193
    ],
    "et": [
        -171.933589329
    ],
    "fc": [
        0.0343,
        0.2638,
        0.2145,
        0.3453,
        0.725,
        0.8278,
        0.653,
        0.6242,
        0.9623,
        1.1263,
        0.9174,
        1.6853,
        1.762,
        1.5724,
        1.8307,
        7.1391,
        6.0377,
        6.5969,
        7.1364,
        7.4516,
        8.1565
    ],
    "gap": 0.22176999205900708,
    "homo": -0.22202999204969717,
    "id": "AZ7_06659",