{
    "A": 20.37513,
    "B": 3.86662,
    "C": 3.6483,
    "Cv": "16.191",
    "G": -514.725191,
    "H": -514.691697,
    "P": 1.0,
    "S": 0.00011233942646325269,
    "T": 298.15,
    "U": -514.692642,
    "U0": -514.697545,
    "alpha": 34.728,
    "alpha_xx": 63.399,
    "alpha_xy": 2.005,
    "alpha_xz": 47.961,
    "alpha_yy": 1.874,
    "alpha_yz": 0.544,
    "alpha_zz": 38.911,
    "bo": [
        0,
        2,
        1,
        0,
        1,
        0,
        0,
        0,
        2,
        0,
        1,
        0,
        0,
        1,
        0,
        0,
        1,
        1,
        0,
        1,
        0,
        0,
        1,
        0,
        0,
        0,
        1,
        0,
        0,
        0,
        0,
        1,
        1,
        0,
        0,
        0,
        0,
        0,
        0,
        0,
        0,
        1,
        0,
        0,
        0,
        0,
        0,
        0,
        0,
        0,
        1,
        0,
        0,
        0,
        0,
        0,
        0,
        0,
        0,
        1,
        0,
        0,
        0,
        0
    ],
    "coords": [
        -1.097518,
        -0.558002,
        -0.223324,
        -0.840353,
        0.705314,
        -0.260892,
        0.19205,
        -0.147036,
        0.39893,
        1.767766,
        -0.579273,
        -0.439734,
        -1.729811,
        -1.39037,
        -0.473394,
        -1.101187,
        1.703652,
        -0.560112,
        0.303024,
        -0.154516,
        1.478944,
        2.506029,
        0.420231,
        0.079582
    ],
    "e ne": -1493.91288173,
    "e_disp": -0.0031522278000011283,
    "e_k": 512.881769551,
    "e_nn": 138.6056387975,
    "eigs": [
        -88.87128681775586,
        -10.22634963382165,
        -10.205239634577541,
        -10.203689634633044,
        -7.923949716264459,
        -5.888299789155663,
        -5.88500978927347,
        -5.879079789485807,
        -0.8993299677973884,
        -0.7288399739021812,
        -0.5857899790244206,
        -0.5817399791694403,
        -0.5166099815015721,
        -0.44913998391749305,
        -0.3770999864970536,
        -0.35934998713263383,
        -0.3120599888259627,
        -0.26761999041724077,
        -0.23138999171454055,
        -0.0172299993830396,
        0.024859999109829625,
        0.05458999804527753,
        0.0655799976517549,
        0.0674899975833629,
        0.0881399968439414,
        0.1268399954581975,
        0.1524299945418878,
        0.20243999275116292,
        0.20920999250874725,
        0.22759999185025032,
        0.2626699905944871,
        0.27981998998039126,
        0.2953799894232291,
        0.31132998885210206,
        0.3204399885258972,
        0.3360799879658705,
        0.35621998724471077,
        0.37611998653214485,
        0.3783799864512202,
        0.407039985424982,
        0.4291799846322075,
        0.4469299839966273,
        0.45382998374955674,
        0.4636199833990029,
        0.46799998324216674,
        0.48952998247123486,
        0.5372699807617926,
        0.6111799781152724,
        0.6238599776612352,
        0.6317399773790735,
        0.6805099756327497,
        0.702949974829233,
        0.7286099739104169,
        0.7855299718722634,
        0.8142999708420863,
        0.8371599700235306,
        0.8536099694344998,
        0.884659968322682,
        0.9195899670719319,
        0.9376899664238192,
        0.9560899657649642,
        0.9729399651616104,
        1.035729962913268,
        1.0453599625684433,
        1.0557699621956889,
        1.0937199608368005,
        1.1270799596422678,
        1.153219958706264,
        1.1692199581333464,
        1.223969956172895,
        1.2527799551412857,
        1.2725899544319423,
        1.2985399535027418,
        1.3353699521839575,
        1.3773499506807658,
        1.3826699504902709,
        1.4205499491338887,
        1.4816199469471347,
        1.5657799439335893,
        1.5692499438093381,
        1.6220599419183526,
        1.645989941061483,
        1.6946499393190981,
        1.6995999391418517,
        1.7238199382745978,
        1.749739937346472,
        1.8194899348489102,
        1.8669399331498522,
        1.8808899326503397,
        1.9382099305978633,
        1.9629699297112735,
        2.0127199279298584,
        2.0516199265369535,
        2.134719923561364,
        2.183889921800717,
        2.2127299207680333,
        2.2454799195953434,
        2.310109917281115,
        2.3308599165381128,
        2.3473899159462173,
        2.3699999151366136,
        2.419059913379906,
        2.4770199113045126,
        2.485239911010176,
        2.56430990817889,
        2.6103799065292463,
        2.6230199060766415,
        2.658549904804407,
        2.6945199035164165,
        2.7318299021804453,
        2.7648799009970126,
        2.848529898001729,
        2.8552198977621783,
        2.886179896653583,
        2.8987498962034848,
        2.9268298951980145,
        2.9553598941764316,
        2.9727998935519517,
        3.011189892177308,
        3.040119891141402,
        3.0648098902573184,
        3.0663098902036072,
        3.1429098874607657,
        3.182929886027756,
        3.1926798856786345,
        3.2080198851293495,
        3.2622998831857277,
        3.2931898820796395,
        3.3329898806545075,
        3.3426698803078922,
        3.3836798788394336,
        3.402229878175207,
        3.452969876358343,
        3.4737398756146245,
        3.5112798742704174,
        3.5543098727296276,
        3.5829998717023153,
        3.5871098715551466,
        3.6420998695861013,
        3.664279868791895,
        3.68215986815166,
        3.719599866811033,
        3.7752998648165645,
        3.821799863151523,
        3.8295198628750904,
        3.8653798615910397,
        3.8965498604749245,
        3.9681798579100453,
        4.004819856598064,
        4.0088898564523285,
        4.015399856219222,
        4.063179854508348,
        4.104839853016615,
        4.169569850698806,
        4.185509850128037,
        4.27578984689535,
        4.331349844905895,
        4.357319843975978,
        4.377649843248015,
        4.438079841084178,
        4.450209840649835,
        4.501699838806115,
        4.676269832555229,
        4.7910298284459785,
        4.981529821624682,
        5.019059820280832,
        5.065159818630113,
        5.1173298167620445,
        5.262099811578218,
        5.344729808619458,
        5.479609803789764,
        5.57659980031681,
        5.626389798533963,
        5.6593497973537525,
        5.813259791842645,
        5.981189785829519,
        6.441649769341674,
        9.269629668079244,
        11.570649585685848,
        14.089839495480364
    ],
    "et": [
        -514.7525586
    ],
    "fc": [
        0.0094,
        0.1847,
        0.2759,
        0.3558,
        0.6676,
        0.8023,
        0.6273,
        0.673,
        0.5841,
        1.0672,
        0.8881,
        3.6579,
        1.0826,
        9.052,
        4.3053,
        6.0993,
        6.7403,
        7.3282
    ],
    "gap": 0.21415999233150096,
    "homo": -0.23138999171454055,
    "id": "AZ7_06783",
    "ir": [
        16.8976,
        3.2166,
        5.6801,
        26.7485,
        64.167,
        10.5956,
        0.4782,
        4.9544,
        2.4752,
        28.8707,
        16.0441,
        34.8538,
        49.8162,
        19.4791,
        5.6228,
        29.879,
        0.9547,
        0.6717
    ],
    "lumo": -0.0172299993830396,
    "ma": [
        12.0,
        12.0,
        12.0,
        31.97207,
        1.00783,
        1.00783,
        1.00783,
        1.00783
    ],
    "mr": [
        1.0841,
        3.1344,
        4.0074,
        1.7319,
        2.2588,
        2.0877,
        1.3949,
        1.4033,
        1.1304,
        1.6742,
        1.3447,
        4.677,
        1.0862,
        5.2017,
        1.0387,
        1.0864,
        1.0853,
        1.1464
    ],
    "mu": 1.9863262571893874,