{
    "A": 10.83344,
    "B": 2.29654,
    "C": 2.01486,
    "Cv": "19.826",
    "G": -911.942786,
    "H": -911.906191,
    "P": 1.0,
    "S": 0.00012274023142686642,
    "T": 298.15,
    "U": -911.907135,
    "U0": -911.913128,
    "alpha": 44.242,
    "alpha_xx": 86.484,
    "alpha_xy": 4.467,
    "alpha_xz": 49.322,
    "alpha_yy": 1.293,
    "alpha_yz": -1.189,
    "alpha_zz": 44.949,
    "bo": [
        0,
        2,
        0,
        1,
        1,
        0,
        0,
        0,
        2,
        0,
        1,
        0,
        0,
        1,
        0,
        0,
        0,
        1,
        0,
        0,
        0,
        0,
        1,
        0,
        1,
        0,
        0,
        0,
        0,
        0,
        0,
        1,
        1,
        0,
        0,
        0,
        0,
        0,
        0,
        0,
        0,
        1,
        0,
        0,
        0,
        0,
        0,
        0,
        0,
        0,
        1,
        0,
        0,
        0,
        0,
        0,
        0,
        0,
        0,
        1,
        0,
        0,
        0,
        0
    ],
    "coords": [
        0.292804,
        -0.414751,
        0.728856,
        -1.003023,
        0.377245,
        0.125847,
        -1.351345,
        0.242071,
        -1.604729,
        1.942004,
        -0.184706,
        0.115557,
        0.044825,
        -1.33184,
        1.246728,
        -0.451696,
        1.56952,
        -0.185946,
        -1.980157,
        -0.485839,
        -1.697341,
        2.506587,
        0.228301,
        1.271028
    ],
    "e ne": -2596.638696367,
    "e_disp": -0.003537118299988151,
    "e_k": 909.0581109674,
    "e_nn": 216.381681516,
    "eigs": [
        -88.99221681342567,
        -88.89085681705511,
        -19.133809314869236,
        -10.2061596345446,
        -8.034029712322788,
        -7.942329715606322,
        -5.997679785239057,
        -5.99592978530172,
        -5.9915097854599875,
        -5.906849788491438,
        -5.9033497886167625,
        -5.8975197888255195,
        -1.0110999637952027,
        -0.8369399700314082,
        -0.740179973496126,
        -0.6142299780060602,
        -0.4930999823434026,
        -0.4741399830223097,
        -0.4462799840199021,
        -0.42200998488894614,
        -0.36416998696004244,
        -0.3469799875755706,
        -0.3013999892076689,
        -0.2586299907391487,
        -0.22197999205148758,
        -0.031319998878514235,
        0.001999999928385328,
        0.02606999906650275,
        0.043529998441306665,
        0.06109999781217177,
        0.07935999715832982,
        0.10888999610093919,
        0.19468999302866977,
        0.21975999213097983,
        0.23878999144956622,
        0.24249999131672104,
        0.26136999064103655,
        0.27249999024250093,
        0.2833699898532752,
        0.3050399890773302,
        0.3128999887958846,
        0.3315399881284358,
        0.33915998785558393,
        0.3633099869908368,
        0.3758299865425289,
        0.4010499856394679,
        0.41500998513959747,
        0.44183998417888665,
        0.4579699836013143,
        0.4871199825575305,
        0.5176799814632583,
        0.5458599804542076,
        0.5798999792353259,
        0.6333899773199915,
        0.6377699771631552,
        0.6457999768756225,
        0.664669976199938,
        0.7081999746412447,
        0.7229599741127284,
        0.7451099733195959,
        0.7804099720555969,
        0.7950199715324516,
        0.8339099701399045,
        0.8502499695548126,
        0.8645999690409774,
        0.8855699682900974,
        0.910159967409595,
        0.9391399663718984,
        1.003659964061609,
        1.0295299631352735,
        1.076339961459132,
        1.126889959649071,
        1.1300299595366363,
        1.170659958081784,
        1.210879956641613,
        1.2351799557714946,
        1.3134499529688544,
        1.324309952579987,
        1.4401899484306329,
        1.4464999482046883,
        1.4739199472228512,
        1.5295199452319634,
        1.5411399448158822,
        1.5720999437072871,
        1.5907099430409126,
        1.5953299428754826,
        1.619279942017897,
        1.6537099407850502,
        1.6676799402848221,
        1.6847699396728748,
        1.7158299385606985,
        1.7324999379637904,
        1.7728999365171738,
        1.7970699356517106,
        1.824979934652328,
        1.8311999344296062,
        1.8483799338144362,
        1.8752699328515772,
        1.8906799322997858,
        1.9106799315836391,
        1.9483499302347769,
        1.9703199294480898,
        1.9865499288669368,
        2.0017599283223073,
        2.0389399269909902,
        2.1311999236874057,
        2.181729921878061,
        2.237189919892186,
        2.2613199190281548,
        2.26419991892503,
        2.331339916520925,
        2.341439916159271,
        2.43802991270064,
        2.455239912084396,
        2.5382999091102394,
        2.54904990872531,
        2.6006299068783676,
        2.639739905477943,
        2.6528399050088662,
        2.7577599012519616,
        2.831989898593982,
        2.9087398958457693,
        3.042619891051883,
        3.065979890215424,
        3.106709888756991,
        3.1851598859479058,
        3.228639884391003,
        3.2450398838037624,
        3.2602598832587746,
        3.3020198817634605,
        3.3115298814229326,
        3.3256898809159003,
        3.3327398806634587,
        3.382679878875241,
        3.3962798783882606,
        3.4424398767353943,
        3.468049875818368,
        3.520279873948151,
        3.56542987233145,
        3.6088498707766954,
        3.6157898705281926,
        3.6535698691753913,
        3.7104998671368796,
        3.742499865991045,
        3.7480498657923143,
        3.7790798646812127,
        3.8123498634899025,
        3.8381298625667895,
        3.880259861058226,
        3.9277598593573777,
        3.976219857622154,
        3.9893198571530784,
        4.008729856458058,
        4.043709855205518,
        4.079669853917886,
        4.088689853594904,
        4.140959851723253,
        4.152989851292491,
        4.2296298485482176,
        4.366429843649774,
        4.4067898422045895,
        4.507469838599507,
        4.531889837725092,
        4.820109827404702,
        4.90667982430486,
        4.95385982261547,
        5.009059820638905,
        5.128699816354915,
        5.2383398124289995,
        5.2597398116627225,
        5.439349805231367,
        5.489319803442074,
        5.6520697976144305,
        6.063259782890811,
        6.383049771439984,
        6.482749767869993,
        6.511899766826208,
        6.56557976490407,
        6.639909762242511,
        6.672769761065882,
        6.945419751303012,
        7.228829741154856,
        9.760759650493187,
        10.972109607117972
    ],
    "et": [
        -911.962235254
    ],
    "fc": [
        0.0463,
        0.0254,
        0.0714,
        0.1704,
        0.217,
        1.4674,
        0.2841,
        0.7464,
        0.5942,
        0.6234,
        0.7942,
        1.4556,
        0.895,
        1.2194,
        4.1517,
        4.1739,
        6.4106,
        8.9482
    ],
    "gap": 0.19065999317297333,
    "homo": -0.22197999205148758,
    "id": "AZ7_97131",
    "ir": [
        4.2816,
        40.1757,
        55.0285,
        1.8617,
        75.7926,
        138.5869,
        86.8837,
        9.5385,
        31.8848,
        13.2704,
        16.6598,
        88.8585,
        30.2728,
        9.5111,
        4.8658,
        14.4553,
        7.63,
        53.9728
    ],
    "lumo": -0.031319998878514235,
    "ma": [
        12.0,
        31.97207,
        15.99491,
        31.97207,
        1.00783,
        1.00783,
        1.00783,
        1.00783
    ],