{
    "A": 51.95143,
    "B": 1.28751,
    "C": 1.25637,
    "Cv": "13.697",
    "G": -472.909649,
    "H": -472.874991,
    "P": 1.0,
    "S": 0.00011624350159308733,
    "T": 298.15,
    "U": -472.875935,
    "U0": -472.880478,
    "alpha": 37.73266666666667,
    "alpha_xx": 76.976,
    "alpha_xy": -2.293,
    "alpha_xz": 46.258,
    "alpha_yy": 0.0,
    "alpha_yz": 0.0,
    "alpha_zz": 36.222,
    "bo": [
        0,
        2,
        0,
        1,
        1,
        0,
        2,
        0,
        1,
        0,
        0,
        1,
        0,
        1,
        0,
        0,
        0,
        0,
        1,
        0,
        0,
        0,
        0,
        0,
        1,
        0,
        0,
        0,
        0,
        0,
        0,
        1,
        0,
        0,
        0,
        0
    ],
    "coords": [
        -0.707731,
        -0.150502,
        0.052185,
        0.551961,
        0.240302,
        0.090196,
        1.99539,
        -0.564627,
        -1.200231,
        -1.619385,
        0.378298,
        0.888949,
        -1.130425,
        -0.892166,
        -0.610698,
        0.91019,
        0.988695,
        0.779598
    ],
    "e ne": -1366.618826731,
    "e_k": 286.8819932092,
    "e_nn": 162.2471413878,
    "eigs": [
        -24.705309115368667,
        -10.274329632103614,
        -10.22525963386068,
        -6.845109754894846,
        -4.847259826432533,
        -4.833789826914857,
        -4.833749826916289,
        -1.929279930917623,
        -1.9247899310783976,
        -1.9247299310805461,
        -1.9132099314930469,
        -1.9132099314930469,
        -1.2381699556644308,
        -0.8056299711525359,
        -0.7012799748890314,
        -0.6114499781056044,
        -0.5421799805859786,
        -0.49792998217045314,
        -0.47690998292312337,
        -0.39640998580561393,
        -0.3810799863545403,
        -0.3235499884145364,
        -0.2744299901733928,
        -0.24895999108540562,
        -0.042979998461000694,
        -0.013769999506932983,
        0.06078999782327204,
        0.07275999739465823,
        0.11878999574644657,
        0.14124999494221377,
        0.19481999302401481,
        0.23613999154445564,
        0.24557999120643442,
        0.2568399908032438,
        0.26123999064569153,
        0.273309990213497,
        0.28391998983358113,
        0.3204899885241069,
        0.33024998817462725,
        0.3458699876153167,
        0.3770499864988439,
        0.38916998606485903,
        0.42205998488715574,
        0.45414998373809834,
        0.4705499831508581,
        0.49978998210385156,
        0.5400699806615321,
        0.566649979709773,
        0.6100599781553766,
        0.6139799780150119,
        0.6353199772508833,
        0.7336999737281575,
        0.7641499726378241,
        0.813239970880042,
        0.8450399697413687,
        0.8605999691842067,
        0.8947399679617442,
        0.9073799675091394,
        0.9132699672982342,
        0.9301599666934484,
        0.9409599663067291,
        0.9848399647355033,
        1.0166299635971878,
        1.0305699630980338,
        1.0380799628291204,
        1.079449961347771,
        1.133699959405223,
        1.1483399588810037,
        1.1981199570985146,
        1.2143499565173614,
        1.304519953288614,
        1.3345399522136778,
        1.3443999518606176,
        1.3565299514262745,
        1.3691599509740278,
        1.4032699497526395,
        1.421589949096649,
        1.447229948178549,
        1.494139946498827,
        1.6189299420304295,
        1.7505899373160358,
        1.7989199355854673,
        1.942889930430285,
        1.973659929328493,
        2.0110099279910894,
        2.1400499233705106,
        2.1652499224681656,
        2.2440499196465478,
        2.268529918769984,
        2.319339916950613,
        2.3678599152132414,
        2.4296599130003482,
        2.445739912424566,
        2.5254499095703635,
        2.5420599089756037,
        2.5805399075977373,
        2.659619904766093,
        2.708309903022634,
        2.721949902534222,
        2.8153498991898167,
        2.8242698988704147,
        2.82766989874867,
        2.8908298964870784,
        2.921829895377051,
        2.935469894888639,
        3.0570298905358997,
        3.086299889487819,
        3.1441698874156483,
        3.190419885759559,
        3.2070398851644413,
        3.2567398833848165,
        3.258599883318215,
        3.3036298817058105,
        3.3931598784999792,
        3.48798987510437,
        3.4915598749765384,
        3.5869198715619506,
        3.612949870629885,
        3.655969869089454,
        3.7310098664024713,
        3.841829862434302,
        3.8831798609536685,
        3.938659858967078,
        4.059149854652651,
        4.121859852407174,
        4.157279851138878,
        4.191079849928591,
        4.4342198412223945,
        4.456709840417088,
        4.532589837700027,
        4.662389833052235,
        4.814679827599136,
        4.8685398256705525,
        4.871599825560982,
        4.914499824024848,
        4.969299822062605,
        5.028319819949256,
        5.195489813963344,
        5.520209802335985,
        5.76417979360007,
        6.038819783765944,
        6.854429754561121,
        6.85607975450204,
        6.972419750336214,
        7.032119748198516,
        7.224069741325298,
        7.326549737655762,
        7.625779726941133,
        8.311489702387684,
        8.358489700704741,
        8.737509687133043,
        8.840659683439515,
        8.94759967961028,
        9.951749643654344,
        11.343939593803727,
        13.302449523674703,
        58.25978791387213
    ],
    "et": [
        -472.91462381
    ],
    "fc": [
        0.1717,
        0.2037,
        0.9043,
        1.2564,
        0.6657,
        0.5853,
        3.0719,
        1.1693,
        1.2163,
        10.717,
        6.6215,
        6.6947
    ],
    "gap": 0.20597999262440492,
    "homo": -0.24895999108540562,
    "id": "AZ7_48526",
    "ir": [
        2.1148,
        0.2667,
        2.3979,
        24.655,
        15.9797,
        45.0336,
        215.5989,
        1.9437,
        3.1846,
        61.1265,
        2.4983,
        9.581
    ],
    "lumo": -0.042979998461000694,
    "ma": [
        12.0,
        12.0,
        126.9004,
        18.9984,
        1.00783,
        1.00783
    ],
    "mr": [
        6.3228,
        6.8451,
        13.2718,
        3.9213,
        1.756,
        1.1346,
        4.2628,
        1.4018,
        1.1601,
        6.4693,
        1.093,
        1.0957
    ],
    "mu": 0.3832452217575583,
    "mu_x": -0.2897,
    "mu_xx=": -1.9293,
    "mu_xxx=": -51.0399,
    "mu_xxy=": -5.2389,
    "mu_xxz=": 0.0,
    "mu_xy=": -0.4212,
    "mu_xyy=": -2.6536,
    "mu_xyz=": 0.0,
    "mu_xz=": 0.0,
    "mu_xzz=": -8.2653,
    "mu_y": -0.2509,
    "mu_yy=": 3.0168,
    "mu_yyy=": -0.2125,
    "mu_yyz=": 0.0,
    "mu_yz=": 0.0,
    "mu_yzz=": -0.6333,
    "mu_z": 0.0,
    "mu_zz=": -1.0875,
    "mu_zzz=": 0.0,
    "na": 6,
    "ne": 48,
    "ne_down": 24,
    "ne_up": 24,
    "ni": 4,
    "oemga": [
        214.6758,
        224.7607,
        340.0745,
        737.4261,
        802.1544,
        935.7191,
        1105.9354,
        1189.8657,
        1333.9454,
        1676.8042,
        3206.5793,
        3220.2385
    ],
    "oemga0": 3220.2385,
    "qa": [
        0.1248,
        -0.219658,
        0.020181,
        -0.175944,
        0.110521,
        0.140098
    ],
    "r2": 690.0323,