{
    "A": 10.88143,
    "B": 2.17646,
    "C": 1.91339,
    "Cv": "16.834",
    "G": -953.538498,
    "H": -953.503349,
    "P": 1.0,
    "S": 0.00011789032366274268,
    "T": 298.15,
    "U": -953.504293,
    "U0": -953.509429,
    "alpha": 34.59466666666666,
    "alpha_xx": 64.125,
    "alpha_xy": 0.993,
    "alpha_xz": 51.23,
    "alpha_yy": 0.824,
    "alpha_yz": 1.124,
    "alpha_zz": 38.835,
    "bo": [
        0,
        1,
        0,
        1,
        1,
        1,
        0,
        0,
        1,
        0,
        1,
        0,
        0,
        0,
        1,
        0,
        0,
        1,
        0,
        0,
        0,
        0,
        0,
        1,
        1,
        0,
        0,
        0,
        0,
        0,
        0,
        0,
        1,
        0,
        0,
        0,
        0,
        0,
        0,
        0,
        1,
        0,
        0,
        0,
        0,
        0,
        0,
        0,
        0,
        1,
        0,
        0,
        0,
        0,
        0,
        0,
        0,
        0,
        1,
        0,
        0,
        0,
        0,
        0
    ],
    "coords": [
        -0.850806,
        0.029842,
        -0.197798,
        0.201738,
        -0.781075,
        0.254057,
        1.750271,
        -0.624909,
        -0.463761,
        -0.708658,
        1.843784,
        0.283054,
        -0.896002,
        0.048032,
        -1.279872,
        -1.792961,
        -0.275637,
        0.245478,
        0.242207,
        -0.88695,
        1.258146,
        2.054212,
        0.646912,
        -0.099305
    ],
    "e ne": -2678.453224119,
    "e_disp": -0.0052913639999871975,
    "e_k": 950.662600884,
    "e_nn": 208.1768778831,
    "eigs": [
        -101.53511636429785,
        -88.92066681598769,
        -14.365759485600405,
        -10.270759632231444,
        -9.441079661940076,
        -7.970169714609446,
        -7.203379742066152,
        -7.195699742341152,
        -7.195309742355117,
        -5.936179787441208,
        -5.930929787629197,
        -5.924359787864451,
        -0.9566699657441959,
        -0.8199999706379845,
        -0.7345399736980793,
        -0.6526099766317744,
        -0.5333099809035896,
        -0.4953399822631942,
        -0.4492699839128381,
        -0.42369998482843174,
        -0.36920998677957345,
        -0.3070599890049994,
        -0.2975099893469595,
        -0.2797599899825397,
        -0.26358999056154425,
        -0.011259999596809395,
        0.0063099997740557094,
        0.02925999895227735,
        0.048579998260479616,
        0.0723699974086231,
        0.10379999628319853,
        0.1638599941326099,
        0.20412999269064852,
        0.2397899914137589,
        0.25603999083188966,
        0.2644599905303919,
        0.27311999022030037,
        0.29925998928429665,
        0.3084499889552272,
        0.3132199887844262,
        0.32398998839878124,
        0.34289998772166447,
        0.35940998713048533,
        0.38441998623494383,
        0.39122998599109593,
        0.4200099849605608,
        0.42784998467983126,
        0.4407099842193489,
        0.4574999836181438,
        0.48001998281176256,
        0.49489998227894944,
        0.49971998210635804,
        0.5176099814657649,
        0.5413799806146244,
        0.5581799800130611,
        0.6185499778513724,
        0.6898899752968769,
        0.6995299749516942,
        0.7271699739619795,
        0.7584899728404937,
        0.7807099720448547,
        0.7985299714067678,
        0.8408299698921177,
        0.8649999690266543,
        0.8782899685507749,
        0.9229099669530516,
        0.9583699656833234,
        1.0068899639459514,
        1.0396099627743354,
        1.0658899618333186,
        1.09620996074764,
        1.1362499593139144,
        1.1544199586632953,
        1.1906299573667116,
        1.2150499564922963,
        1.2822599540856854,
        1.299769953458699,
        1.3265199525008526,
        1.391069950189489,
        1.407849949588642,
        1.448199948143816,
        1.5170299456791971,
        1.5351599450300102,
        1.588859943107156,
        1.6014899426549096,
        1.6102799423401628,
        1.6812199397999905,
        1.6993499391508036,
        1.7624999368895702,
        1.7901999358977072,
        1.8094999352066257,
        1.8553999335630686,
        1.8663699331702623,
        1.9214099311994266,
        1.9348099307196083,
        1.9445799303697704,
        1.9562899299504668,
        1.979289929126898,
        2.0070899281314536,
        2.029729927320776,
        2.050679926570612,
        2.0851499253363333,
        2.1045499246416712,
        2.1120999243713254,
        2.119879924092745,
        2.177069922044923,
        2.1947799214107753,
        2.225599920307193,
        2.244729919622199,
        2.2740799185712537,
        2.2904499179850872,
        2.2990499176771437,
        2.3432999160926697,
        2.410889913672452,
        2.4900799108368683,
        2.5545799085272956,
        2.567959908048193,
        2.6196399061976705,
        2.6704699043775837,
        2.7287399022910903,
        2.874049897087926,
        2.912559895708985,
        2.937439894818099,
        2.979219893322069,
        2.9961298927165663,
        3.015809892011878,
        3.0364398912731723,
        3.098999889033066,
        3.182909886028472,
        3.229479884360925,
        3.2922098821147303,
        3.3025198817455568,
        3.312409881391422,
        3.3418798803361804,
        3.421749877476248,
        3.4723198756654705,
        3.505039874493855,
        3.515539874117878,
        3.5733598720474977,
        3.619319870401793,
        3.648159869369109,
        3.6704998685691734,
        3.70712986725755,
        3.736269866214125,
        3.7395398660970343,
        3.8360398626416266,
        3.8555498619430257,
        3.877079861172094,
        3.932849859175119,
        3.977189857587421,
        3.988109857196405,
        4.025649855852198,
        4.053239854864273,
        4.0694998542820455,
        4.095899853336733,
        4.122419852387122,
        4.208019849322015,
        4.306519845794991,
        4.371589843465008,
        4.383859843025652,
        4.520949838116825,
        4.6192898345955316,
        4.679399832443152,
        4.7491498299455905,
        4.82653982717446,
        4.89971982455408,
        4.916659823947503,
        4.966969822146036,
        5.027739819970024,
        5.060819818785518,
        5.138309816010808,
        5.198189813866665,
        5.289929810581699,
        5.30015981021539,
        5.36446980791262,
        5.4752898039444515,
        5.626819798518566,
        5.6958297960475015,
        5.725649794979727,
        5.868739789856055,
        5.994309785359728,
        6.354069772477681,
        10.674449617776382,
        12.340229558129238
    ],
    "et": [
        -953.564448075
    ],
    "fc": [
        0.0732,
        0.0742,
        0.1415,
        0.3552,
        1.223,
        0.4277,
        0.6969,
        0.7786,
        0.7273,
        2.6161,
        1.0365,
        1.0977,
        1.4469,
        1.4444,
        4.0337,
        5.9873,
        6.6364,
        7.9986
    ],
    "gap": 0.25232999096473485,
    "homo": -0.26358999056154425,
    "id": "AZ7_83605",
    "ir": [
        5.1611,
        32.7085,
        7.0934,
        27.4168,
        145.7905,
        87.9495,
        36.5608,
        47.8796,
        7.7245,
        102.5253,
        21.5899,
        26.0786,
        8.6028,
        3.8611,
        12.8433,
        13.6871,
        0.7264,
        23.5434
    ],
    "lumo": -0.011259999596809395,
    "ma": [
        12.0,
        14.00307,
        31.97207,
        34.96885,
        1.00783,
        1.00783,
        1.00783,
        1.00783
    ],