{
    "A": 6.20722,
    "B": 1.94299,
    "C": 1.50557,
    "Cv": "18.038",
    "G": -2942.697538,
    "H": -2942.661665,
    "P": 1.0,
    "S": 0.0001203186315606588,
    "T": 298.15,
    "U": -2942.662609,
    "U0": -2942.667779,
    "alpha": 43.56433333333333,
    "alpha_xx": 81.875,
    "alpha_xy": -4.949,
    "alpha_xz": 76.725,
    "alpha_yy": 0.0,
    "alpha_yz": -0.001,
    "alpha_zz": 48.818,
    "bo": [
        0,
        2,
        0,
        0,
        1,
        1,
        0,
        0,
        0,
        2,
        0,
        1,
        1,
        0,
        0,
        0,
        0,
        0,
        0,
        1,
        0,
        0,
        0,
        0,
        1,
        1,
        1,
        0,
        1,
        0,
        0,
        0,
        0,
        0,
        0,
        0,
        1,
        0,
        0,
        0,
        0,
        0,
        0,
        0,
        0,
        1,
        0,
        0,
        0,
        0,
        0,
        0,
        0,
        0,
        0,
        0,
        1,
        0,
        0,
        0,
        0,
        0,
        0,
        0,
        0,
        1,
        0,
        0,
        0,
        0,
        0,
        0,
        0,
        0,
        1,
        0,
        0,
        0,
        0,
        0,
        0
    ],
    "coords": [
        1.522127,
        -0.044251,
        -0.384658,
        0.462108,
        -0.253703,
        0.383847,
        -1.311304,
        0.227719,
        -0.06356,
        0.708378,
        -1.113369,
        2.097455,
        1.40217,
        0.436911,
        -1.349535,
        2.526986,
        -0.330768,
        -0.102603,
        -1.377665,
        1.693448,
        -0.286958,
        -2.231845,
        -0.157461,
        1.026505,
        -1.700955,
        -0.458526,
        -1.320492
    ],
    "e ne": -7607.780547636,
    "e_disp": -0.0054119311000135895,
    "e_k": 2937.817140881,
    "e_nn": 291.680701654,
    "eigs": [
        -482.86108271003036,
        -66.1414276316516,
        -62.50906776171673,
        -56.32513798314678,
        -56.321757983267815,
        -56.32155798327498,
        -10.23128963364476,
        -10.19395963498145,
        -8.697589688562473,
        -6.526239766312731,
        -6.515399766700883,
        -6.514779766723083,
        -5.2875798106658465,
        -3.646149869441082,
        -3.64556986946185,
        -3.645539869462924,
        -2.6415699054124158,
        -2.6385799055194794,
        -2.6381099055363086,
        -2.6294099058478326,
        -2.6294099058478326,
        -0.8269299703898397,
        -0.7425399734116207,
        -0.5919099788052797,
        -0.5240899812337332,
        -0.46613998330876844,
        -0.4256899847571751,
        -0.3733399866316892,
        -0.3566399872296717,
        -0.3408299877957857,
        -0.33270998808654123,
        -0.284889989798848,
        -0.26315999057694145,
        -0.038399998624998294,
        -0.01990999928707594,
        0.023489999158885676,
        0.040949998533689594,
        0.06398999770868857,
        0.06684999760627959,
        0.08517999694993113,
        0.12008999569989702,
        0.1591099943026948,
        0.18375999342004393,
        0.1887299932420815,
        0.1924599931085201,
        0.21436999232398138,
        0.22269999202570626,
        0.24186999133927964,
        0.2544299908895395,
        0.2690699903653201,
        0.2811599899324094,
        0.3030999891467964,
        0.3095999889140488,
        0.31931998856600147,
        0.3244999883805195,
        0.3466199875884612,
        0.3692599867777831,
        0.3850699862116691,
        0.39653998580095895,
        0.4218599848943172,
        0.45258998379395776,
        0.46432998337357967,
        0.4843299826574329,
        0.4995299821131614,
        0.5372999807607184,
        0.5568799800596108,
        0.5612299799038488,
        0.5819599791615627,
        0.6067899782724666,
        0.6132799780400771,
        0.6512899766790402,
        0.6531999766106481,
        0.6929799751862323,
        0.7094199745975597,
        0.7197799742265957,
        0.7524999730549795,
        0.8175099707271446,
        0.8334699701556597,
        0.8558499693542915,
        0.8602999691949488,
        0.8901099681275321,
        0.9236299669272702,
        0.9384299663973216,
        0.9758999650556208,
        0.9808599648780163,
        0.9952599643623908,
        1.0123099637518758,
        1.020589963455391,
        1.1064899603795406,
        1.1256499596934721,
        1.1323899594521307,
        1.149809958828367,
        1.1623999583775528,
        1.2293099559816836,
        1.2348099557847434,
        1.2520899551659928,
        1.2636899547506275,
        1.2807399541401123,
        1.350039951658664,
        1.3681499510101933,
        1.3801299505812215,
        1.42309994904258,
        1.4233299490343445,
        1.4471699481806974,
        1.4774899470950191,
        1.4842699468522453,
        1.4967899464039376,
        1.5000299462879216,
        1.5336199450851533,
        1.5359599450013641,
        1.563929943999833,
        1.581489943371056,
        1.6098699423548437,
        1.6576899406425374,
        1.7074599388604061,
        1.7302599380439987,
        1.7481499374034057,
        1.7812399362185407,
        1.802089935471958,
        1.835449934277425,
        1.875829932831525,
        1.9239899311070436,
        1.9806899290767677,
        2.041339926905053,
        2.0897599251712617,
        2.18177992187627,
        2.210199920858626,
        2.2226099204142566,
        2.299059917676786,
        2.309999917285054,
        2.4189599133834867,
        2.4604999118960498,
        2.5090599101572453,
        2.5447499088792815,
        2.5789899076532388,
        2.623649906054083,
        2.6901899036714627,
        2.744729901718531,
        2.7760799005959704,
        2.81863989907201,
        2.8521498978721063,
        2.8728798971298204,
        2.905459895963218,
        2.9086198958500664,
        2.9454098945327147,
        2.982019893221808,
        3.012839892118226,
        3.048789890830952,
        3.1040498888522388,
        3.1063998887680917,
        3.125259888092765,
        3.1391098875968337,
        3.144859887390941,
        3.18403988598801,
        3.2263098844744333,
        3.231519884287878,
        3.3131498813649243,
        3.3260198809040844,
        3.333829880624429,
        3.3593598797102677,
        3.39559987841261,
        3.4186598775868924,
        3.425009877359516,
        3.5306398735771873,
        3.5534498727604222,
        3.560419872510845,
        3.5774698719003295,
        3.5782498718724,
        3.6533098691847012,
        3.6877698679507804,
        3.7068298672682927,
        3.7084798672092107,
        3.730869866407484,
        3.7694098650274697,
        3.7759198647943637,
        3.8513198620944906,
        3.870949861391593,
        3.8800998610639557,
        3.9370998590229376,
        3.9380298589896365,
        3.9973998568637548,
        4.0088598564534035,
        4.063009854514436,
        4.074199854113752,
        4.095699853343894,
        4.129219852143632,
        4.163129850929405,
        4.195549849768531,
        4.217839848970386,
        4.233259848418236,
        4.2784398468004605,
        4.446589840779457,
        4.470829839911488,
        4.635149834027627,
        4.6420598337801975,
        4.676529832545919,
        4.776869828953011,
        4.852639826239889,
        4.913279824068532,
        4.969249822064395,
        5.021029820210291,
        5.341849808722582,
        5.599549799495032,
        5.691319796208993,
        5.969419786250972,
        8.8586396827957,
        13.680759510128429
    ],
    "et": [
        -2942.72484398
    ],