{
    "A": 10.54075,
    "B": 2.83825,
    "C": 2.2653,
    "Cv": "17.458",
    "G": -854.592328,
    "H": -854.557066,
    "P": 1.0,
    "S": 0.0001182693275196673,
    "T": 298.15,
    "U": -854.55801,
    "U0": -854.563353,
    "alpha": 41.635333333333335,
    "alpha_xx": 82.897,
    "alpha_xy": 0.966,
    "alpha_xz": 52.625,
    "alpha_yy": 2.57,
    "alpha_yz": -0.295,
    "alpha_zz": 39.439,
    "bo": [
        0,
        2,
        0,
        1,
        1,
        0,
        0,
        2,
        0,
        1,
        0,
        0,
        0,
        0,
        0,
        1,
        0,
        0,
        0,
        1,
        0,
        1,
        0,
        0,
        0,
        0,
        0,
        1,
        1,
        0,
        0,
        0,
        0,
        0,
        0,
        0,
        0,
        1,
        0,
        0,
        0,
        0,
        0,
        0,
        0,
        1,
        0,
        0,
        0
    ],
    "coords": [
        -0.734686,
        -0.449098,
        -0.233253,
        0.56233,
        -1.415938,
        0.183321,
        1.868541,
        -0.435474,
        0.247719,
        -0.663249,
        1.320436,
        -0.388241,
        -1.70397,
        -0.923083,
        -0.329586,
        1.654975,
        0.478831,
        -0.012177,
        -0.983941,
        1.424326,
        -1.695567
    ],
    "e ne": -2435.152111705,
    "e_disp": -0.002844315100020367,
    "e_k": 851.8003945541,
    "e_nn": 203.4098016441,
    "eigs": [
        -88.91035681635687,
        -77.1292872382056,
        -19.15775931401165,
        -10.20922963443467,
        -7.961719714912016,
        -6.588669764077279,
        -5.926199787798565,
        -5.9226897879242495,
        -5.917109788124055,
        -4.751669829855356,
        -4.750729829889014,
        -4.745629830071632,
        -1.0398499627657416,
        -0.7957099715077447,
        -0.6826199755571962,
        -0.5829699791253974,
        -0.4958599822445744,
        -0.46007998352576085,
        -0.3943799858783028,
        -0.3815599863373529,
        -0.37006998674877917,
        -0.30638998902899034,
        -0.2789499900115436,
        -0.24113999136541897,
        -0.06062999782900122,
        -0.005759999793749746,
        0.010079999639062054,
        0.05370999807678798,
        0.07453999733092116,
        0.09720999651916888,
        0.10792999613531422,
        0.20248999274937252,
        0.23676999152189707,
        0.24569999120213754,
        0.2547899908766489,
        0.26555999049100387,
        0.26923999035923285,
        0.2822499898933794,
        0.29348998949090493,
        0.320879988510142,
        0.32320998842671095,
        0.3411099877857596,
        0.35128998742124096,
        0.36052998709038114,
        0.39484998586147335,
        0.41113998527817186,
        0.4426499841498827,
        0.4569599836374797,
        0.47947998283109855,
        0.5139999815950294,
        0.5302299810138762,
        0.6151699779724011,
        0.6262399775760139,
        0.6465699768480507,
        0.6572399764659865,
        0.6912899752467467,
        0.7307499738337893,
        0.7443999733450191,
        0.763359972666112,
        0.7888099717548153,
        0.8067499711124316,
        0.862709969108653,
        0.8864799682575127,
        0.9061499675531824,
        0.9687599653112852,
        1.0006099641708215,
        1.0308299630887237,
        1.0734499615626152,
        1.148329958881362,
        1.157159958565183,
        1.2024399569438269,
        1.2132999565549591,
        1.2297399559662867,
        1.2866099539299234,
        1.3024199533638094,
        1.3661999510800176,
        1.3747799507727905,
        1.3926099501343456,
        1.4223699490687194,
        1.4444499482780935,
        1.4821499469281572,
        1.5218299455073219,
        1.5347999450429006,
        1.5556699442956017,
        1.5693099438071896,
        1.6110299423133072,
        1.6279499417074472,
        1.6692099402300367,
        1.7080599388389215,
        1.7267499381696825,
        1.7727899365211128,
        1.7900399359034362,
        1.8318599344059734,
        1.84486993394012,
        1.8657199331935372,
        1.8923899322385556,
        1.923229931134257,
        1.9415299304789828,
        1.965789929610297,
        2.029409927332234,
        2.0589099262759176,
        2.120129924083793,
        2.143869923233727,
        2.1520599229404644,
        2.2245799203437167,
        2.2348299199766912,
        2.308509917338407,
        2.316739917043712,
        2.377149914880591,
        2.447849912349012,
        2.541599908992074,
        2.6197599061933734,
        2.665869904542297,
        2.7401999018807377,
        2.8146498992148814,
        2.849939897951241,
        2.9942898927824517,
        3.0631298903174753,
        3.0920798892808525,
        3.1907598857473842,
        3.2079998851300666,
        3.2407098839588078,
        3.2668098830242367,
        3.2743998827524585,
        3.3000198818350746,
        3.3352898805721503,
        3.371369879280222,
        3.408849877938163,
        3.4255198773412547,
        3.4632898759888118,
        3.5307498735732485,
        3.570329872155994,
        3.6270698701242856,
        3.699869867517512,
        3.7103398671426087,
        3.765919865152437,
        3.76935986502926,
        3.8269998629653252,
        3.9001298603467345,
        3.9159398597806203,
        3.975549857646145,
        4.010329856400766,
        4.049179855009651,
        4.084409853748159,
        4.113319852712968,
        4.202429849522177,
        4.2853898465516,
        4.427879841449413,
        4.434059841228123,
        4.6382598339162655,
        4.794879828308121,
        4.898119824611371,
        4.952209822674552,
        5.0134798204806374,
        5.197469813892445,
        5.2099198134466445,
        5.331239809102499,
        5.420469805907409,
        5.515709802497119,
        5.72467979501446,
        6.3560797724057085,
        6.493699767477901,
        6.511409766843754,
        6.517979766608499,
        6.618519763008431,
        6.773599757455429,
        7.000379749335041,
        7.192169742467552,
        9.659519654118322,
        10.950649607886396
    ],
    "et": [
        -854.603266208
    ],
    "fc": [
        0.0186,
        0.0797,
        0.2315,
        0.8904,
        0.2077,
        0.6425,
        0.5448,
        4.6171,
        0.6121,
        1.1172,
        0.7742,
        1.6054,
        4.2082,
        6.3962,
        8.187
    ],
    "gap": 0.18050999353641775,
    "homo": -0.24113999136541897,
    "id": "AZ7_90158",
    "ir": [
        15.3244,
        22.81,
        1.8037,
        11.8111,
        100.018,
        8.3258,
        12.918,
        122.9313,
        14.8399,
        10.9436,
        93.4754,
        15.591,
        4.2226,
        3.1807,
        57.1329
    ],
    "lumo": -0.06062999782900122,
    "ma": [
        12.0,
        30.97376,
        15.99491,
        31.97207,
        1.00783,
        1.00783,
        1.00783
    ],
    "mr": [
        1.3468,
        3.2552,
        5.0223,
        7.9425,
        1.1127,
        2.1895,
        1.7774,
        11.0615,
        1.2969,
        1.859,
        1.1409,
        1.763,
        1.039,
        1.0876,
        1.0646
    ],
    "mu": 1.582837796490847,
    "mu_x": 1.2243,
    "mu_xx=": -1.9019,
    "mu_xxx=": 4.8729,
    "mu_xxy=": 0.8063,
    "mu_xxz=": 6.6274,
    "mu_xy=": 1.0299,
    "mu_xyy=": 3.1881,
    "mu_xyz=": -0.3687,
    "mu_xz=": 2.4069,
    "mu_xzz=": 0.4242,
    "mu_y": -0.5258,
    "mu_yy=": 1.5027,
    "mu_yyy=": 3.8998,
    "mu_yyz=": 0.3367,
    "mu_yz=": -0.0913,
    "mu_yzz=": 3.2289,
    "mu_z": 0.8544,
    "mu_zz=": 0.3992,
    "mu_zzz=": 1.3517,
    "na": 7,
    "ne": 48,
    "ne_down": 24,
    "ne_up": 24,
    "ni": 4,