{
    "A": 23.17076,
    "B": 7.8409,
    "C": 6.18181,
    "Cv": "12.287",
    "G": -207.876213,
    "H": -207.845901,
    "P": 1.0,
    "S": 0.00010166694616806715,
    "T": 298.15,
    "U": -207.846846,
    "U0": -207.850591,
    "alpha": 20.705333333333332,
    "alpha_xx": 38.528,
    "alpha_xy": 1.132,
    "alpha_xz": 31.71,
    "alpha_yy": -0.078,
    "alpha_yz": 0.365,
    "alpha_zz": 23.666,
    "bo": [
        0,
        2,
        0,
        0,
        0,
        0,
        0,
        2,
        0,
        1,
        1,
        0,
        0,
        0,
        0,
        1,
        0,
        1,
        1,
        1,
        0,
        0,
        1,
        1,
        0,
        0,
        0,
        1,
        0,
        0,
        1,
        0,
        0,
        0,
        0,
        0,
        0,
        1,
        0,
        0,
        0,
        0,
        0,
        0,
        0,
        1,
        0,
        0,
        0
    ],
    "coords": [
        1.536491,
        -0.115305,
        0.024609,
        0.346949,
        -0.042501,
        -0.043103,
        -0.984835,
        -0.661546,
        0.023601,
        -0.694062,
        0.826404,
        -0.119678,
        -1.300197,
        -1.039656,
        0.991088,
        -1.485615,
        -1.094417,
        -0.832869,
        -0.902819,
        1.492352,
        0.614494
    ],
    "e ne": -707.5691684217,
    "e_disp": -0.0019914688999875807,
    "e_k": 206.6856867215,
    "e_nn": 110.6321207816,
    "eigs": [
        -19.130419314990625,
        -14.354149486016128,
        -10.298689631231346,
        -10.232719633593558,
        -1.0685399617384292,
        -0.9874299646427622,
        -0.6993499749581397,
        -0.6035499783884825,
        -0.5096499817507912,
        -0.4798999828160594,
        -0.4502099838791792,
        -0.38991998603800354,
        -0.3847799862220532,
        -0.31100998886356046,
        -0.26041999067505356,
        -0.016369999413833908,
        0.029919998928644508,
        0.04992999821213972,
        0.09030999676623948,
        0.11379999592512516,
        0.15680999438505164,
        0.17712999365744658,
        0.2298799917686096,
        0.283539989847188,
        0.30197998918690067,
        0.335599987983058,
        0.3409099877929211,
        0.36947998676990546,
        0.38331998627433195,
        0.3978199857551256,
        0.4395999842590951,
        0.44427998409151676,
        0.4596099835425903,
        0.4858499826030058,
        0.5213799813307711,
        0.5466099804273521,
        0.5749599794122141,
        0.6346799772738,
        0.6740199758651393,
        0.6916999752320656,
        0.7626999726897449,
        0.7892999717372697,
        0.8282799703414998,
        0.8602499691967391,
        0.906349967546021,
        0.9224399669698811,
        0.9586199656743716,
        0.9756499650645727,
        0.9968899643040249,
        1.0200199634758012,
        1.1115999601965652,
        1.1417099591184063,
        1.1703199580939585,
        1.217009956422114,
        1.2459499553858495,
        1.2824499540788818,
        1.3053999532571035,
        1.3369999521255918,
        1.377329950681482,
        1.4389899484736015,
        1.5015299462342109,
        1.5197099455832332,
        1.6374499413672776,
        1.6537199407846923,
        1.6911799394433493,
        1.7414699376425988,
        1.7981499356130386,
        1.854709933587776,
        2.087389925256125,
        2.1127899243466186,
        2.147359923108759,
        2.1687399223431982,
        2.2341599200006823,
        2.277409918452015,
        2.3177899170061145,
        2.343919916070469,
        2.434649912821669,
        2.489089910872318,
        2.525349909573944,
        2.6215799061282037,
        2.671839904328527,
        2.6933399035586696,
        2.741649901828817,
        2.7672499009121494,
        2.816219899158664,
        2.836449898434282,
        2.8832498967584983,
        2.9475798944550125,
        2.9715098935981428,
        3.003809892441566,
        3.044829890972749,
        3.049059890821284,
        3.0873498894502207,
        3.0992798890230397,
        3.1322798878413978,
        3.1807698861051,
        3.208439885114311,
        3.2409698839494983,
        3.325799880911962,
        3.3403498803909653,
        3.383279878853756,
        3.4572598762047293,
        3.5228598738557686,
        3.566479872293852,
        3.583239871693721,
        3.6230798702671567,
        3.6716698685272786,
        3.742929865975648,
        3.7694198650271113,
        3.781989864577013,
        3.8214698631633395,
        3.8396398625127204,
        3.9273998593702686,
        3.9809298574535017,
        4.03520985550988,
        4.061739854559911,
        4.081179853863816,
        4.103579853061732,
        4.187939850041025,
        4.239909848180118,
        4.290189846379725,
        4.33827984465775,
        4.3786298432129245,
        4.431069841335188,
        4.513829838371772,
        4.645729833648785,
        4.657029833244162,
        4.75698982966486,
        4.831839826984681,
        4.868239825681295,
        4.919429823848317,
        4.928609823519605,
        4.959079822428556,
        5.020829820217453,
        5.1439198158099275,
        5.157999815305762,
        5.185909814306378,
        5.250989811976036,
        5.293909810439186,
        5.344399808631274,
        5.4839898036329275,
        5.488069803486833,
        5.617899798837967,
        5.678939796652288,
        5.719109795213906,
        5.747579794194472,
        5.835369791050946,
        5.93633978743548,
        6.061029782970662,
        6.323969773555481,
        6.343249772865116,
        6.354219772472309,
        6.416809770231128,
        6.6305297625783854,
        6.873179753889734,
        6.922689752116913,
        7.054899747382826,
        7.128879744733799,
        8.940809679853412,
        11.973929571245463,
        12.642669547299667,
        13.237119526013997
    ],
    "et": [
        -207.900683843
    ],
    "fc": [
        0.289,
        0.6954,
        0.3539,
        0.8767,
        0.7261,
        1.3472,
        0.9566,
        2.0808,
        1.0805,
        1.6269,
        1.4407,
        26.6249,
        5.9206,
        6.6791,
        7.9194
    ],
    "gap": 0.24404999126121965,
    "homo": -0.26041999067505356,
    "id": "AZ7_11882",
    "ir": [
        16.8898,
        22.2187,
        180.3336,
        23.9638,
        21.009,
        18.5937,
        21.471,
        20.686,
        21.2134,
        16.6431,
        0.7501,
        487.8315,
        10.9417,
        6.8845,
        31.4101
    ],
    "lumo": -0.016369999413833908,
    "ma": [
        15.99491,
        12.0,
        12.0,
        14.00307,
        1.00783,
        1.00783,
        1.00783
    ],
    "mr": [
        2.4549,
        4.4588,
        1.6404,
        2.4813,
        1.4611,
        2.4145,
        1.5449,
        2.7748,
        1.4074,
        1.8659,
        1.1174,
        11.7845,
        1.0513,
        1.1181,
        1.0782
    ],
    "mu": 3.302738981512163,
    "mu_x": -3.0863,
    "mu_xx=": -3.3048,
    "mu_xxx=": -4.2136,
    "mu_xxy=": 0.0381,
    "mu_xxz=": 0.8406,
    "mu_xy=": 0.954,
    "mu_xyy=": -1.6064,
    "mu_xyz=": -1.926,
    "mu_xz=": -1.3095,
    "mu_xzz=": 0.0631,
    "mu_y": 0.0322,
    "mu_yy=": 1.733,
    "mu_yyy=": 4.0955,
    "mu_yyz=": 3.156,
    "mu_yz=": 1.9804,
    "mu_yzz=": -0.2409,
    "mu_z": 1.1755,
    "mu_zz=": 1.5719,
    "mu_zzz=": 1.4598,
    "na": 7,
    "ne": 30,
    "ne_down": 15,
    "ne_up": 15,
    "ni": 4,
    "oemga": [
        446.9904,
        514.4992,
        605.1195,
        774.3961,
        918.3931,
        973.1451,
        1025.1554,
        1128.1796,
        1141.5341,
        1216.4825,
        1479.2797,
        1958.2326,
        3091.7134,
        3184.1124,
        3530.8508
    ],
    "oemga0": 3530.8508,