{
    "A": 15.37777,
    "B": 6.72904,
    "C": 5.18584,
    "Cv": "14.024",
    "G": -246.150176,
    "H": -246.118144,
    "P": 1.0,
    "S": 0.00010743585443564227,
    "T": 298.15,
    "U": -246.119088,
    "U0": -246.123444,
    "alpha": 20.317,
    "alpha_xx": 34.105,
    "alpha_xy": 1.531,
    "alpha_xz": 34.888,
    "alpha_yy": -0.199,
    "alpha_yz": -0.835,
    "alpha_zz": 27.045,
    "bo": [
        0,
        1,
        0,
        1,
        1,
        1,
        0,
        0,
        0,
        1,
        0,
        2,
        0,
        0,
        0,
        1,
        1,
        0,
        0,
        2,
        0,
        0,
        0,
        0,
        0,
        0,
        0,
        1,
        0,
        0,
        0,
        0,
        0,
        0,
        0,
        1,
        1,
        0,
        0,
        0,
        0,
        0,
        0,
        0,
        0,
        1,
        0,
        0,
        0,
        0,
        0,
        0,
        0,
        0,
        0,
        1,
        0,
        0,
        0,
        0,
        0,
        0,
        0,
        0,
        1,
        0,
        0,
        0,
        0,
        0,
        0,
        0,
        0,
        0,
        0,
        1,
        0,
        0,
        0,
        0,
        0
    ],
    "coords": [
        0.423596,
        -0.641451,
        -0.00483,
        -0.795259,
        0.27983,
        0.039645,
        -0.489447,
        1.454437,
        -0.581746,
        1.498345,
        0.139749,
        0.335919,
        0.452146,
        -1.015184,
        -1.034493,
        0.291708,
        -1.458465,
        0.707391,
        -1.045287,
        0.432439,
        1.027335,
        -1.590433,
        -0.194492,
        -0.404745,
        1.254632,
        1.003137,
        -0.084476
    ],
    "e ne": -853.8106059479,
    "e_disp": -0.003885708499979046,
    "e_k": 244.8533614259,
    "e_nn": 137.5167419797,
    "eigs": [
        -19.129249315032517,
        -19.06450931735068,
        -14.45889948226531,
        -10.27234963217451,
        -1.0823699612432138,
        -1.0178799635524287,
        -0.8220699705638632,
        -0.6811799756087589,
        -0.5879099789485092,
        -0.5554399801111733,
        -0.48482998263952926,
        -0.46904998320456903,
        -0.4197899849684384,
        -0.3690299867860188,
        -0.29574998940998043,
        -0.235689991560569,
        -0.22818999182912397,
        0.0010099999638345906,
        0.047309998305954934,
        0.061749997788897004,
        0.07837999719342101,
        0.1069799961693312,
        0.1378299950646749,
        0.15985999427583927,
        0.17625999368859896,
        0.25669999080825684,
        0.31834998860073455,
        0.332609988090122,
        0.35908998714194373,
        0.380999986357405,
        0.3933899859137521,
        0.4040499855320459,
        0.4172999850575987,
        0.4399099842479948,
        0.4756099829696729,
        0.4911999824114366,
        0.5143799815814225,
        0.5482899803671958,
        0.5838899790924547,
        0.6101099781535863,
        0.6289799774779018,
        0.6810799756123396,
        0.7097399745861014,
        0.7300199738599286,
        0.7608199727570627,
        0.8141699708467411,
        0.8459599697084261,
        0.9055599675743089,
        0.9116899673548099,
        0.9722299651870338,
        0.9849199647326385,
        1.0150899636523314,
        1.0331999630038604,
        1.090359960957113,
        1.1131899601396316,
        1.1692099581337048,
        1.2049399568543084,
        1.214099956526313,
        1.2254899561184678,
        1.2497599552494236,
        1.273039954415829,
        1.2971899535510818,
        1.3550599514789112,
        1.39719994996999,
        1.4230799490432962,
        1.4753999471698565,
        1.4940699465013334,
        1.5569699442490519,
        1.5757999435748,
        1.625539941793743,
        1.6484399409737551,
        1.6844099396857652,
        1.8417799340507646,
        1.8976899320487768,
        1.960599929796137,
        1.992369928658538,
        2.043109926841674,
        2.0574399263285548,
        2.1106699244225298,
        2.1991499212542966,
        2.2207099204822907,
        2.243449919668032,
        2.3985399141146724,
        2.4417499125674373,
        2.480469911180977,
        2.5719299079060383,
        2.655779904903593,
        2.693959903536469,
        2.734889902070875,
        2.785959900242194,
        2.84048989828962,
        2.8994898961769877,
        2.9074698958912446,
        2.9534098942462554,
        2.9816098932364885,
        3.053749890653348,
        3.0634298903067325,
        3.0942198892042247,
        3.173239886374729,
        3.1963398855475798,
        3.259289883293508,
        3.2646498831015807,
        3.277939882625701,
        3.3108498814472815,
        3.3436598802724427,
        3.3817998789067514,
        3.430439877165082,
        3.4416798767626076,
        3.469849875753915,
        3.474319875593856,
        3.510119874311954,
        3.550219872876079,
        3.575089871985551,
        3.659639868958041,
        3.7345098662771457,
        3.7553798655298465,
        3.783249864531896,
        3.798409863989057,
        3.805929863719786,
        3.8292198628858327,
        3.848039862211939,
        3.8682598614879145,
        3.9050098601719947,
        3.957839858280293,
        4.002119856694744,
        4.016299856186996,
        4.033059855586865,
        4.07045985424767,
        4.1305998520942175,
        4.167859850760037,
        4.196549849732724,
        4.233699848402481,
        4.241369848127839,
        4.333269844837145,
        4.340849844565725,
        4.367779843601434,
        4.46320984018434,
        4.521029838113959,
        4.578909836041431,
        4.635869834001845,
        4.7033598315852085,
        4.770989829163558,
        4.817579827495295,
        4.867529825706718,
        4.928569823521038,
        4.940539823092424,
        4.9615398223404705,
        4.985859821469636,
        5.061169818772985,
        5.1160798168068045,
        5.162859815131737,
        5.189859814164939,
        5.2532998118933225,
        5.281869810870306,
        5.303019810112981,
        5.353329808311514,
        5.410059806280164,
        5.49152980336294,
        5.547909801344122,
        5.587089799941191,
        5.656249797464755,
        5.740919794432949,
        5.745369794273606,
        5.776199793169665,
        5.835629791041637,
        5.92227978793893,
        5.992199785435282,
        6.048709783411808,
        6.1276597805848185,
        6.22554977707964,
        6.300629774391225,
        6.3839797714066835,
        6.454989768864004,
        6.493299767492225,
        6.532689766081774,
        6.660089761519919,
        6.735149758832221,
        6.792169756790487,
        6.828719755481728,
        6.876279753778732,
        6.90829975263218,
        6.932289751773162,
        7.116599745173513,
        7.1790197429384195,
        7.284809739150361,
        7.34033973716198,
        9.907369645243472,
        11.723909580198015,
        12.374939556886366,
        12.686889545716268
    ],
    "et": [
        -246.197962469
    ],
    "fc": [
        0.0349,
        0.2786,
        0.5612,
        0.3764,
        1.2115,
        1.0449,
        2.1117,
        1.3814,
        1.7239,
        1.0794,
        1.1601,
        1.4137,
        1.2549,
        1.5823,
        1.5124,
        1.6953,
        5.6058,
        6.1353,
        6.5389,
        7.0188,
        7.069
    ],
    "gap": 0.22919999179295855,
    "homo": -0.22818999182912397,
    "id": "AZ7_78694",