{
    "A": 44.90816,
    "B": 1.9786,
    "C": 1.8951,
    "Cv": "12.895",
    "G": -2727.209201,
    "H": -2727.176306,
    "P": 1.0,
    "S": 0.00011033037061975705,
    "T": 298.15,
    "U": -2727.17725,
    "U0": -2727.181321,
    "alpha": 35.497,
    "alpha_xx": 77.493,
    "alpha_xy": -3.115,
    "alpha_xz": 37.16,
    "alpha_yy": 0.001,
    "alpha_yz": 0.0,
    "alpha_zz": 28.997,
    "bo": [
        0,
        2,
        0,
        0,
        1,
        1,
        0,
        2,
        0,
        1,
        0,
        0,
        0,
        1,
        0,
        1,
        0,
        1,
        0,
        0,
        0,
        0,
        0,
        1,
        0,
        0,
        0,
        0,
        1,
        0,
        0,
        0,
        0,
        0,
        0,
        1,
        0,
        0,
        0,
        0,
        0,
        0,
        0,
        1,
        0,
        0,
        0,
        0,
        0
    ],
    "coords": [
        -2.846111,
        0.002075,
        3.7e-05,
        -1.570419,
        0.35543,
        -5.3e-05,
        -0.586606,
        -0.610783,
        -0.000134,
        1.133691,
        0.049591,
        0.000102,
        -3.603675,
        0.77077,
        4.3e-05,
        -3.154619,
        -1.033402,
        8.7e-05,
        -1.229568,
        1.381563,
        -9.5e-05
    ],
    "e ne": -6962.821578011,
    "e_disp": -0.0029091599000139468,
    "e_k": 2722.859632448,
    "e_nn": 226.6514010326,
    "eigs": [
        -482.90674270839537,
        -62.55346776012688,
        -56.37132798149284,
        -56.36538798170554,
        -56.36528798170912,
        -19.204299312345174,
        -10.241389633283108,
        -10.167509635928552,
        -8.741539686988741,
        -6.575339764554591,
        -6.556369765233857,
        -6.555989765247463,
        -2.6893999036997505,
        -2.684269903883442,
        -2.6839599038945425,
        -2.668859904435233,
        -2.668859904435233,
        -1.0714999616324392,
        -0.8059699711403613,
        -0.7400699735000649,
        -0.591609978816022,
        -0.5272199811216564,
        -0.4675599832579219,
        -0.4313799845534314,
        -0.4123699852341288,
        -0.3769399865027827,
        -0.31028998888934173,
        -0.3093399889233587,
        -0.24430999125190975,
        -0.10698999616897312,
        0.009499999659830307,
        0.06532999766070674,
        0.08118999709280238,
        0.11604999584455866,
        0.1567999943854097,
        0.20681999259432676,
        0.231459991712034,
        0.2402399913976456,
        0.2509699910134329,
        0.28318998985972055,
        0.28956998963126973,
        0.3096699889115423,
        0.31812998860861225,
        0.3375899879118014,
        0.34753998755551846,
        0.3588299871512536,
        0.37883998643474887,
        0.41465998515213,
        0.44337998412374335,
        0.4583299835884237,
        0.4762299829474724,
        0.503139981983897,
        0.5168999814911881,
        0.5344099808642017,
        0.6076199782427466,
        0.6188899778391979,
        0.6384199771398805,
        0.6703699759958361,
        0.73391997372028,
        0.7401299734979163,
        0.7917199716506159,
        0.832319970196838,
        0.8872099682313734,
        0.901319967726132,
        0.9866199646717663,
        1.000529964173686,
        1.017039963582507,
        1.0437999626243026,
        1.0909699609352705,
        1.1039299604712076,
        1.1777899578264777,
        1.2385599556504658,
        1.2657599546765064,
        1.3010099534142978,
        1.3615799512454474,
        1.3881299502947628,
        1.413439949388479,
        1.4336899486633803,
        1.4516299480209969,
        1.4548499479056973,
        1.4662599474971354,
        1.4681699474287433,
        1.4753999471698565,
        1.5576199442257774,
        1.5683899438401323,
        1.6564499406869384,
        1.66901994023684,
        1.7000799391246642,
        1.708939938807411,
        1.7398999376988162,
        1.74593993748254,
        1.774089936474563,
        1.8211799347883957,
        1.9361999306698359,
        1.9563999299465278,
        2.020059927667033,
        2.031999927239493,
        2.0460099267378324,
        2.1384399234281606,
        2.1879199216564134,
        2.2193099205324214,
        2.293519917875159,
        2.3467199159702083,
        2.4238699132076724,
        2.472329911472449,
        2.4914999107860223,
        2.5640999081864098,
        2.6673199044903764,
        2.697939903393956,
        2.785959900242194,
        2.826879898776958,
        2.8272298987644255,
        2.8582998976518916,
        2.88470989670622,
        2.9084198958572274,
        2.9260398952263027,
        2.9917898928719704,
        3.0405698911252887,
        3.066089890211485,
        3.1102198886313075,
        3.1391198875964754,
        3.1928698856718314,
        3.229099884374531,
        3.24097988394914,
        3.2887998822368334,
        3.318859881160465,
        3.3517398799831195,
        3.4869798751405354,
        3.518049874028002,
        3.5827198717123414,
        3.625099870194826,
        3.6426598695660495,
        3.7430698659706345,
        3.7794098646693963,
        3.8416298624414638,
        3.8632698616665926,
        3.886619860830492,
        3.92428985948163,
        4.04350985521268,
        4.0551998547940915,
        4.089729853557664,
        4.1610498510038845,
        4.220719848867261,
        4.339329844620153,
        4.37782984324157,
        4.459079840332224,
        4.560839836688469,
        4.673969832637586,
        4.693289831945788,
        4.845229826505221,
        4.895129824718435,
        4.921809823763096,
        4.954159822604728,
        4.992169821243691,
        5.045249819343039,
        5.142709815853255,
        5.16297981512744,
        5.1948098139876935,
        5.304509810059628,
        5.4518298047844915,
        5.54368980149523,
        5.610409799106164,
        5.768839793433208,
        5.884809789280631,
        5.962819786487301,
        6.228039776990479,
        6.3950897710088626,
        6.597949763744988,
        6.666199761301137,
        6.672849761063018,
        6.962319750697868,
        7.12078974502348,
        10.040259640485036,
        10.829359612229466,
        14.06914949622122
    ],
    "et": [
        -2727.22680989
    ],
    "fc": [
        0.0236,
        0.1705,
        0.3573,
        0.3726,
        1.0764,
        0.627,
        1.344,
        0.6103,
        2.3079,
        1.2387,
        1.3875,
        7.5501,
        6.2117,
        6.5677,
        6.9629
    ],
    "gap": 0.13731999508293663,
    "homo": -0.24430999125190975,
    "id": "AZ7_59304",
    "ir": [
        0.0389,
        0.1379,
        1.503,
        7.1109,
        4.772,
        51.0688,
        54.2409,
        23.313,
        204.2427,
        2.9801,
        4.6097,
        129.1526,
        2.737,
        7.1248,
        1.712
    ],
    "lumo": -0.10698999616897312,
    "ma": [
        12.0,
        12.0,
        15.99491,
        78.91834,
        1.00783,
        1.00783,
        1.00783
    ],
    "mr": [
        2.827,
        4.3235,
        4.1296,
        1.4761,
        3.9141,
        1.4232,
        2.5415,
        1.1068,
        2.8916,
        1.1664,
        1.1688,
        4.5194,
        1.0568,
        1.0975,
        1.117
    ],
    "mu": 1.1300637194424037,
    "mu_x": -0.012,
    "mu_xx=": 3.3353,
    "mu_xxx=": -32.9781,
    "mu_xxy=": 1.9834,
    "mu_xxz=": -0.0018,
    "mu_xy=": 0.1,
    "mu_xyy=": -8.5317,
    "mu_xyz=": 0.0006,
    "mu_xz=": 0.0002,
    "mu_xzz=": -15.6218,
    "mu_y": 1.13,
    "mu_yy=": -0.1324,
    "mu_yyy=": 0.3133,
    "mu_yyz=": -0.0004,
    "mu_yz=": 0.0002,
    "mu_yzz=": -0.7363,
    "mu_z": -0.0001,
    "mu_zz=": -3.2029,
    "mu_zzz=": -0.0012,
    "na": 7,
    "ne": 58,
    "ne_down": 29,
    "ne_up": 29,
    "ni": 4,