{
    "A": 5.96558,
    "B": 1.95724,
    "C": 1.53498,
    "Cv": "16.344",
    "G": -3112.833306,
    "H": -3112.797493,
    "P": 1.0,
    "S": 0.00012011739057508606,
    "T": 298.15,
    "U": -3112.798437,
    "U0": -3112.803479,
    "alpha": 37.19833333333333,
    "alpha_xx": 69.933,
    "alpha_xy": 0.002,
    "alpha_xz": 55.083,
    "alpha_yy": -0.305,
    "alpha_yz": 1.244,
    "alpha_zz": 41.967,
    "bo": [
        0,
        1,
        0,
        0,
        1,
        1,
        1,
        0,
        1,
        0,
        1,
        1,
        0,
        0,
        0,
        1,
        0,
        1,
        0,
        0,
        0,
        0,
        0,
        0,
        0,
        1,
        0,
        0,
        0,
        0,
        0,
        0,
        1,
        0,
        0,
        0,
        0,
        0,
        0,
        0,
        1,
        0,
        0,
        0,
        0,
        0,
        0,
        0,
        1,
        0,
        0,
        0,
        0,
        0,
        0,
        0,
        0,
        1,
        0,
        0,
        0,
        0,
        0,
        0
    ],
    "coords": [
        -0.859324,
        1.77628,
        -0.153122,
        -0.579134,
        0.419415,
        0.443305,
        -1.805374,
        -0.787378,
        -0.076857,
        1.239594,
        -0.195973,
        -0.024619,
        -1.85333,
        2.107091,
        0.151715,
        -0.820383,
        1.738367,
        -1.240075,
        -0.122131,
        2.49618,
        0.201992,
        -0.595084,
        0.41652,
        1.525542
    ],
    "e ne": -8057.130047152,
    "e_disp": -0.005548184799977207,
    "e_k": 3107.66092867,
    "e_nn": 314.5760863526,
    "eigs": [
        -482.86131271002216,
        -101.5615563633511,
        -62.509527761700255,
        -56.32570798312638,
        -56.322057983257075,
        -56.32198798325958,
        -10.298229631247818,
        -10.194509634961754,
        -9.467339660999777,
        -8.698059688545642,
        -7.230529741093982,
        -7.221459741418755,
        -7.2211597414294975,
        -6.5270897662822955,
        -6.515469766698376,
        -6.515239766706612,
        -2.642299905386276,
        -2.6390699055019335,
        -2.638889905508379,
        -2.629589905841387,
        -2.629589905841387,
        -0.8871699682328057,
        -0.7916499716531225,
        -0.7452799733135086,
        -0.6182699778613983,
        -0.489909982457628,
        -0.46548998333204317,
        -0.4385399842970508,
        -0.3973399857723131,
        -0.38448998623243735,
        -0.31945998856098845,
        -0.31568998869598214,
        -0.2905699895954624,
        -0.2874199897082555,
        -0.03573999872024581,
        0.014199999491535829,
        0.03831999862786288,
        0.06873999753860371,
        0.09770999650126519,
        0.10833999612063323,
        0.13986999499162792,
        0.22062999209982742,
        0.22763999184881803,
        0.24143999135467678,
        0.25113999100734563,
        0.2555099908508676,
        0.26649999045734496,
        0.27235999024751395,
        0.28910998964774104,
        0.29806998932690737,
        0.32760998826915866,
        0.3364399879529799,
        0.3540199873234869,
        0.36694998686049807,
        0.38840998609207256,
        0.40470998550841303,
        0.4299199846057101,
        0.4399699842458464,
        0.44866998393432256,
        0.46513998334457574,
        0.46769998325290896,
        0.47613998295069504,
        0.4833399826928822,
        0.5089099817772886,
        0.5583899800055417,
        0.6200599777973032,
        0.6490999767574582,
        0.6718099759442736,
        0.7107599745495777,
        0.7466999732626622,
        0.7878499717891904,
        0.8586699692533147,
        0.8699499688494081,
        0.874439968688633,
        0.9214499670053302,
        0.9624499655372294,
        0.987459964641688,
        1.0186499635248571,
        1.0364799628864125,
        1.0575499621319517,
        1.069249961713006,
        1.1060299603960122,
        1.1265399596616037,
        1.1445499590167136,
        1.1648899582883923,
        1.2459999553840593,
        1.2532999551226658,
        1.3016799533903067,
        1.303289953332657,
        1.3803099505747758,
        1.4240199490096375,
        1.4547599479089197,
        1.4887099466932607,
        1.4899599466485016,
        1.51475994576048,
        1.5471999445988895,
        1.5589999441763631,
        1.5979299427823836,
        1.6168999421031185,
        1.6505699408974857,
        1.740859937664441,
        1.7490699373704628,
        1.7706899365963082,
        1.798809935589406,
        1.8097999351958833,
        1.8645599332350737,
        1.886299932456622,
        1.9295699309072387,
        1.9385999305838986,
        1.94384993039591,
        2.0180199277400797,
        2.0520599265211983,
        2.066479926004856,
        2.0881199252299854,
        2.0903099251515673,
        2.1152799242574583,
        2.1440699232265654,
        2.1628099225555353,
        2.2029399211185874,
        2.21208992079095,
        2.239519919808755,
        2.2573899191688778,
        2.3177499170075473,
        2.3749099149607993,
        2.4018699139954336,
        2.4537999121359593,
        2.457999911985568,
        2.5300499094056494,
        2.6051499067165182,
        2.614119906395327,
        2.6657199045476685,
        2.731949902176148,
        2.7588499012129306,
        2.7832899003377998,
        2.8423198982240927,
        2.8700798972300814,
        2.9207598954153653,
        2.955289894178938,
        2.9921598928587216,
        3.027299891600452,
        3.0558398905785102,
        3.0808698896822526,
        3.1457598873587145,
        3.184979885954351,
        3.2200198846996617,
        3.2429198838796736,
        3.2959198819818853,
        3.3066598815973145,
        3.3506298800228658,
        3.409039877931359,
        3.4329198770762805,
        3.452809876364072,
        3.496679874793204,
        3.5615198724714565,
        3.6035098709679065,
        3.6827298681312493,
        3.7465198658470995,
        3.7680898650747348,
        3.8127598634752218,
        3.819279863241758,
        3.834649862691399,
        3.8494198621625246,
        3.915579859793511,
        3.954819858388431,
        4.000679856746307,
        4.069599854278466,
        4.098059853259389,
        4.114479852671432,
        4.140709851732206,
        4.199129849640341,
        4.232089848460132,
        4.293889846247238,
        4.380989843128419,
        4.4505198406387345,
        4.547829837154324,
        4.792049828409455,
        4.804359827968667,
        4.816529827532892,
        4.834629826884779,
        4.901959824473871,
        5.0806598180751,
        5.114559816861231,
        5.150969815557486,
        5.179549814534113,
        5.2421098122940055,
        5.309429809883455,
        5.355619808229514,
        5.39695980674924,
        5.572829800451804,
        5.832339791159442,
        5.836289791018003,
        10.170949635805375,
        13.411779519759888
    ],
    "et": [
        -3112.86005978
    ],
    "fc": [
        0.5324,
        0.0558,
        0.0974,
        0.3209,
        0.7473,
        1.2874,
        0.9355,
        0.9496,
        1.6159,
        0.979,
        1.217,
        1.4616,
        1.3444,
        1.3593,
        5.6272,
        6.2581,
        6.3189,
        6.3872
    ],
    "gap": 0.2516799909880097,
    "homo": -0.2874199897082555,
    "id": "AZ7_34018",
    "ir": [
        0.26,
        0.7427,
        1.7255,
        3.9948,
        33.6279,
        84.569,
        12.7845,
        29.8367,
        7.2934,
        50.5795,
        12.6419,
        7.6441,
        8.2155,
        1.5709,
        7.5066,
        8.092,
        3.4269,
        2.8144
    ],
    "lumo": -0.03573999872024581,