{
    "A": 46.85463,
    "B": 1.65369,
    "C": 1.61503,
    "Cv": "15.936",
    "G": -890.9349,
    "H": -890.900116,
    "P": 1.0,
    "S": 0.00011666610766374337,
    "T": 298.15,
    "U": -890.90106,
    "U0": -890.906174,
    "alpha": 47.294999999999995,
    "alpha_xx": 100.779,
    "alpha_xy": 2.076,
    "alpha_xz": 43.74,
    "alpha_yy": 2.493,
    "alpha_yz": 0.146,
    "alpha_zz": 38.613,
    "bo": [
        0,
        2,
        1,
        0,
        1,
        0,
        0,
        2,
        0,
        0,
        0,
        0,
        0,
        0,
        1,
        0,
        0,
        1,
        0,
        1,
        0,
        0,
        0,
        1,
        0,
        0,
        0,
        1,
        1,
        0,
        0,
        0,
        0,
        0,
        0,
        0,
        0,
        1,
        0,
        0,
        0,
        0,
        0,
        0,
        0,
        1,
        0,
        0,
        0
    ],
    "coords": [
        -0.902931,
        0.20287,
        0.541109,
        -2.471807,
        -0.056767,
        0.147181,
        0.136528,
        0.049985,
        -0.30884,
        1.773354,
        0.376569,
        0.083949,
        -0.589588,
        0.523043,
        1.532887,
        -0.081455,
        -0.227339,
        -1.257155,
        2.135898,
        -0.868359,
        0.474071
    ],
    "e ne": -2491.354140347,
    "e_disp": -0.0031735562999983813,
    "e_k": 888.1496674415,
    "e_nn": 189.1163327888,
    "eigs": [
        -88.94539681510219,
        -88.85448681835742,
        -14.395069484550893,
        -10.272989632151596,
        -7.994529713737178,
        -7.908089716832364,
        -5.9606797865639285,
        -5.95533978675514,
        -5.948519786999346,
        -5.871589789754004,
        -5.869249789837793,
        -5.86377979003366,
        -0.9799299649113172,
        -0.792789971612302,
        -0.7155899743766283,
        -0.6326699773457727,
        -0.5247599812097423,
        -0.48717998255538203,
        -0.4412299842007291,
        -0.38202998632052343,
        -0.36295998700336934,
        -0.28762998970073594,
        -0.2521499909711802,
        -0.227369991858486,
        -0.05649999797688552,
        -0.028819998968032574,
        0.006439999769400757,
        0.0484999982633442,
        0.06683999760663765,
        0.11905999573677857,
        0.17268999381643116,
        0.20507999265663154,
        0.2412199913625544,
        0.25392999090744317,
        0.26108999065106264,
        0.27104999029442156,
        0.2728199902310426,
        0.2875699897028844,
        0.3040799891117053,
        0.3132099887847843,
        0.31932998856564343,
        0.3445699876618662,
        0.3644099869514487,
        0.3703499867387531,
        0.3897799860430166,
        0.41108998527996227,
        0.426809984717071,
        0.4493799839088993,
        0.4573899836220826,
        0.48363998268214,
        0.49646998222273186,
        0.5308199809927499,
        0.6093999781790096,
        0.6420599770095418,
        0.6601799763607129,
        0.679389975672854,
        0.7136999744443042,
        0.7148699744024097,
        0.7864199718403948,
        0.7963099714862603,
        0.8148999708206018,
        0.8415099698677686,
        0.8605599691856388,
        0.9159799672011965,
        0.9580599656944236,
        1.0111699637926959,
        1.0390899627929553,
        1.0660699618268734,
        1.1400499591778466,
        1.14935995884448,
        1.2200899563118273,
        1.2402599555895932,
        1.3579099513768602,
        1.364639951135877,
        1.3835099504601924,
        1.3947899500562857,
        1.455429947884929,
        1.48553994680677,
        1.49098994661162,
        1.5344999450536427,
        1.5540199443546836,
        1.5727399436843703,
        1.5918399430004502,
        1.5988799427483666,
        1.618989942028281,
        1.6309499416000253,
        1.6856999396395735,
        1.6925699393935771,
        1.7011099390877826,
        1.7151699385843315,
        1.757229937078275,
        1.8068099353029474,
        1.8278599345492028,
        1.8393099341392087,
        1.846629933877099,
        1.8920999322489394,
        1.920099931246334,
        1.9290999309240682,
        1.953769930040701,
        1.958659929865603,
        1.9654399296228295,
        1.9983299284451264,
        2.0293799273333084,
        2.076899925631744,
        2.1161499242263058,
        2.2083099209263017,
        2.2804599183428027,
        2.3421999161320577,
        2.4141199135567937,
        2.5203499097529805,
        2.563109908221859,
        2.6031199067892077,
        2.6107499065159976,
        2.7296199022595795,
        2.7466799016487062,
        2.8254798988270884,
        2.874469897072887,
        2.929879895088802,
        2.9849198931179663,
        3.0395698911610953,
        3.053459890663732,
        3.1764098862612196,
        3.2280798844110543,
        3.240289883973847,
        3.2679698829827,
        3.278219882615675,
        3.326349880892268,
        3.344729880234129,
        3.3865098787380985,
        3.42305987742934,
        3.4491998764933367,
        3.5004598746578526,
        3.5430998731310277,
        3.5758598719579795,
        3.5918098713868525,
        3.6884498679264315,
        3.7455998658800422,
        3.7586698654120405,
        3.8215898631590424,
        3.8707398613991124,
        3.924739859465516,
        3.9619298581338414,
        3.9686798578921416,
        4.006839856525734,
        4.068929854302456,
        4.132939852010428,
        4.214499849089982,
        4.24904984785284,
        4.276339846875657,
        4.482529839492542,
        4.497589838953283,
        4.565169836533424,
        4.664529832975607,
        4.768209829263102,
        4.824939827231752,
        4.850789826306133,
        4.963949822254174,
        5.0645198186530305,
        5.112489816935353,
        5.1349298161318355,
        5.201379813752439,
        5.396109806779676,
        5.557019801017918,
        5.580059800192916,
        5.812029791886689,
        5.881179789410611,
        5.930029787661424,
        6.393259771074391,
        10.052869640033506,
        12.227839562153624
    ],
    "et": [
        -890.948959764
    ],
    "fc": [
        0.0346,
        0.2569,
        0.077,
        1.2601,
        0.3155,
        2.2876,
        0.7043,
        0.6958,
        2.1027,
        2.8098,
        1.1362,
        2.149,
        4.117,
        6.1696,
        7.97
    ],
    "gap": 0.17086999388160048,
    "homo": -0.227369991858486,
    "id": "AZ7_96193",
    "ir": [
        1.6191,
        4.269,
        15.328,
        9.4916,
        53.7709,
        7.6025,
        33.3568,
        22.0082,
        50.7816,
        296.597,
        37.2705,
        181.944,
        16.7644,
        5.6337,
        38.3674
    ],
    "lumo": -0.05649999797688552,
    "ma": [
        12.0,
        31.97207,
        14.00307,
        31.97207,
        1.00783,
        1.00783,
        1.00783
    ],
    "mr": [
        5.6619,
        6.5448,
        1.2173,
        14.823,
        1.3019,
        5.8451,
        1.3227,
        1.2007,
        3.4944,
        2.8827,
        1.1456,
        1.6666,
        1.0399,
        1.0871,
        1.0763
    ],
    "mu": 3.3528823808776833,
    "mu_x": 3.2528,
    "mu_xx=": -3.6098,
    "mu_xxx=": 23.0046,
    "mu_xxy=": 0.4617,
    "mu_xxz=": 6.1783,
    "mu_xy=": 0.3991,
    "mu_xyy=": 2.3652,
    "mu_xyz=": 0.328,
    "mu_xz=": 2.3471,
    "mu_xzz=": 5.7712,
    "mu_y": -0.2549,
    "mu_yy=": 2.0946,
    "mu_yyy=": -3.2307,
    "mu_yyz=": 0.1102,
    "mu_yz=": 0.141,
    "mu_yzz=": -0.2317,
    "mu_z": 0.7721,
    "mu_zz=": 1.5152,
    "mu_zzz=": 1.4936,
    "na": 7,
    "ne": 48,
    "ne_down": 24,
    "ne_up": 24,
    "ni": 4,