{
    "A": 7.67565,
    "B": 7.38834,
    "C": 4.28981,
    "Cv": "17.911",
    "G": -548.967995,
    "H": -548.934035,
    "P": 1.0,
    "S": 0.00011390239812168077,
    "T": 298.15,
    "U": -548.93498,
    "U0": -548.940206,
    "alpha": 23.241,
    "alpha_xx": 36.711,
    "alpha_xy": -0.88,
    "alpha_xz": 36.792,
    "alpha_yy": -0.473,
    "alpha_yz": -0.45,
    "alpha_zz": 33.485,
    "bo": [
        0,
        1,
        0,
        0,
        1,
        1,
        0,
        0,
        1,
        0,
        2,
        1,
        0,
        0,
        1,
        0,
        0,
        2,
        0,
        0,
        0,
        0,
        0,
        0,
        0,
        1,
        0,
        0,
        0,
        0,
        0,
        1,
        1,
        0,
        0,
        0,
        0,
        0,
        0,
        0,
        1,
        0,
        0,
        0,
        0,
        0,
        0,
        0,
        0,
        1,
        0,
        0,
        0,
        0,
        0,
        0,
        0,
        0,
        0,
        1,
        0,
        0,
        0,
        0
    ],
    "coords": [
        1.069603,
        -0.374465,
        -0.21474,
        -0.338837,
        0.498982,
        -0.014395,
        -0.72916,
        1.208591,
        -1.246697,
        -1.361864,
        -0.577791,
        0.617606,
        1.475446,
        -0.842514,
        0.58156,
        1.752831,
        0.030612,
        -0.835947,
        -0.226905,
        1.298438,
        1.13807,
        -1.641116,
        -1.241852,
        -0.025456
    ],
    "e ne": -1687.943144355,
    "e_disp": -0.0037955948999979228,
    "e_k": 546.8040229991,
    "e_nn": 193.5929832461,
    "eigs": [
        -77.19099723599592,
        -19.16315931381829,
        -19.076339316927083,
        -14.328869486921338,
        -6.6407697622117166,
        -4.804669827957567,
        -4.802959828018796,
        -4.801429828073583,
        -1.0619399619747576,
        -0.9648599654509338,
        -0.8887499681762302,
        -0.6386199771327191,
        -0.5353799808294685,
        -0.5190599814138441,
        -0.4717699831071731,
        -0.43540998440912787,
        -0.3774299864852371,
        -0.3572499872078292,
        -0.30717998900070254,
        -0.29143998956431,
        -0.28944998963556656,
        0.018109999351529148,
        0.03894999860530426,
        0.06472999768219113,
        0.07941999715618137,
        0.08811999684465756,
        0.10413999627102402,
        0.15927999429660752,
        0.2497799910560436,
        0.2657699904834843,
        0.27714999007599683,
        0.300019989257083,
        0.31380998876329985,
        0.32659998830532405,
        0.36463998694321303,
        0.38771998611677966,
        0.4328299845015107,
        0.45118998384408804,
        0.48975998246299907,
        0.49321998233910574,
        0.504899981920876,
        0.5472499804044354,
        0.5600399799464595,
        0.5801699792256578,
        0.6130399780486707,
        0.6434999769579792,
        0.6779799757233423,
        0.7242899740651046,
        0.7370399736085611,
        0.7633999726646796,
        0.7751299722446596,
        0.8232399705219687,
        0.8561499693435493,
        0.8885599681830335,
        0.9030399676645432,
        0.945049966160277,
        0.9649499654477112,
        0.9839399647677298,
        1.0197999634836787,
        1.0858199611196784,
        1.1982399570942177,
        1.2149299564965932,
        1.2313799559075624,
        1.262009954810784,
        1.281069954128296,
        1.303949953309024,
        1.3217599526712955,
        1.3588699513424853,
        1.3840699504401404,
        1.4194799491722028,
        1.443149948324643,
        1.49508994646481,
        1.5068999460419252,
        1.5287199452606095,
        1.5448999446812466,
        1.6205499419724214,
        1.6423699411911057,
        1.6824999397541571,
        1.7285499381052294,
        1.7371399377976442,
        1.789519935922056,
        1.8123599351042166,
        1.8848999325067521,
        1.9574899299074977,
        2.0078799281031663,
        2.0847499253506565,
        2.170969922263348,
        2.1772399220388357,
        2.205659921021191,
        2.272199918638571,
        2.2859999181444297,
        2.3621699154169846,
        2.3995499140785066,
        2.455799912064344,
        2.4854899110012245,
        2.5396699090611827,
        2.588489907313069,
        2.6415599054127736,
        2.8451298981234743,
        2.9804298932787416,
        3.1246598881142496,
        3.179299886157737,
        3.2169298848103063,
        3.2240198845564323,
        3.248389883683808,
        3.2682898829712417,
        3.317609881205224,
        3.37618987910763,
        3.4122898778149855,
        3.4605798760858497,
        3.4844898752296958,
        3.5055298744763093,
        3.5929798713449577,
        3.619799870384605,
        3.635579869819565,
        3.6483798693612313,
        3.719269866822849,
        3.737999866152178,
        3.769549865022457,
        3.826589862980006,
        3.8323398627741136,
        3.8752198612386954,
        3.9315098592231004,
        3.937999858990711,
        3.9551798583755406,
        3.998499856824367,
        4.039349855361637,
        4.048509855033642,
        4.083989853763198,
        4.106479852957891,
        4.156389851170747,
        4.199309849633895,
        4.245839847967781,
        4.299129846059607,
        4.389469842824773,
        4.41384984195179,
        4.45853984035156,
        4.537969837507383,
        4.6348098340398005,
        4.720849830958938,
        4.741549830217726,
        4.7747598290285636,
        4.980149821674096,
        5.0456698193279985,
        5.16453981507158,
        5.175739814670538,
        5.210409813429099,
        5.218169813151233,
        5.305959810007708,
        5.350099808427172,
        5.356759808188696,
        5.402029806567697,
        5.4968098031738775,
        5.523479802218896,
        5.5474998013588035,
        5.5961597996164185,
        5.601889799411243,
        5.638169798112152,
        5.720989795146589,
        5.751069794069505,
        5.814809791787144,
        5.994489785353282,
        6.114959781039572,
        6.362469772176899,
        6.393349771071168,
        6.402109770757496,
        6.536679765938903,
        6.5610197650673525,
        6.611439763261947,
        6.673369761044397,
        6.691969760378382,
        6.730559758996576,
        6.784119757078736,
        6.8269997555433175,
        6.946789751253957,
        7.059619747213815,
        7.241769740691508,
        9.273299667947832,
        11.206719598717212,
        12.01163956989517
    ],
    "et": [
        -548.995615194
    ],
    "fc": [
        0.0483,
        0.0464,
        0.2716,
        0.1624,
        0.2533,
        0.4343,
        2.9572,
        1.0367,
        0.7898,
        0.7226,
        0.7432,
        0.8184,
        11.115,
        1.6476,
        3.7012,
        7.7913,
        8.6757,
        9.052
    ],
    "gap": 0.3075599889870957,
    "homo": -0.28944998963556656,
    "id": "AZ7_97813",
    "ir": [
        40.6803,
        20.4042,
        37.9275,
        67.0573,
        59.5206,
        191.2215,
        73.2441,
        92.2575,
        116.1276,
        31.2488,
        31.4992,
        90.5051,
        220.5609,
        62.4134,
        99.8386,
        28.9814,
        38.1269,
        98.016
    ],
    "lumo": 0.018109999351529148,
    "ma": [
        14.00307,
        30.97376,
        15.99491,
        15.99491,
        1.00783,
        1.00783,
        1.00783,
        1.00783
    ],
    "mr": [
        1.4641,
        1.2059,
        3.2676,
        1.5052,
        2.1415,
        3.184,
        7.1925,
        2.2845,
        1.5404,
        1.2821,
        1.1919,
        1.1629,
        11.1133,
        1.1235,
        1.0398,
        1.0471,
        1.0986,
        1.0651
    ],