{
    "A": 28.4307,
    "B": 0.74757,
    "C": 0.73517,
    "Cv": "15.991",
    "G": -834.452482,
    "H": -834.415295,
    "P": 1.0,
    "S": 0.0001247258091565225,
    "T": 298.15,
    "U": -834.416239,
    "U0": -834.421475,
    "alpha": 51.400666666666666,
    "alpha_xx": 103.924,
    "alpha_xy": -4.044,
    "alpha_xz": 54.056,
    "alpha_yy": 0.0,
    "alpha_yz": 0.0,
    "alpha_zz": 50.278,
    "bo": [
        0,
        1,
        0,
        1,
        1,
        1,
        0,
        0,
        1,
        0,
        1,
        0,
        0,
        0,
        1,
        1,
        0,
        1,
        0,
        0,
        0,
        0,
        0,
        0,
        1,
        0,
        0,
        0,
        0,
        0,
        0,
        0,
        1,
        0,
        0,
        0,
        0,
        0,
        0,
        0,
        1,
        0,
        0,
        0,
        0,
        0,
        0,
        0,
        0,
        1,
        0,
        0,
        0,
        0,
        0,
        0,
        0,
        1,
        0,
        0,
        0,
        0,
        0,
        0
    ],
    "coords": [
        -0.698752,
        0.325976,
        0.046482,
        0.624037,
        -0.385394,
        -0.058741,
        2.252919,
        1.041375,
        0.232228,
        -2.044707,
        -0.877989,
        -0.19849,
        -0.821507,
        1.084251,
        -0.719932,
        -0.854055,
        0.765357,
        1.026424,
        0.754725,
        -1.13666,
        0.711669,
        0.78734,
        -0.816916,
        -1.03964
    ],
    "e ne": -2345.88848677,
    "e_k": 647.666381838,
    "e_nn": 222.8170138362,
    "eigs": [
        -101.55451636360318,
        -10.251509632920737,
        -10.239219633360808,
        -9.460089661259378,
        -7.223089741360389,
        -7.214329741674062,
        -7.214049741684088,
        -6.835949755222842,
        -4.837609826778072,
        -4.825009827229246,
        -4.824699827240345,
        -1.919439931269967,
        -1.9155599314088994,
        -1.9152799314189255,
        -1.9045099318045704,
        -1.9044999318049285,
        -0.8695099688651633,
        -0.7770199721769838,
        -0.6841799755013369,
        -0.6268399775545294,
        -0.5056099818954528,
        -0.44377998410942043,
        -0.44078998421648435,
        -0.4114599852667135,
        -0.3524499873797044,
        -0.3095399889161972,
        -0.3084499889552272,
        -0.2681399903986209,
        -0.2659299904777552,
        -0.05302999810113697,
        0.006069999782649471,
        0.05335999808932055,
        0.06756999758049831,
        0.07396999735133135,
        0.10371999628606311,
        0.1275099954342066,
        0.17145999386047417,
        0.20420999268778392,
        0.21762999220724946,
        0.2274399918559795,
        0.24011999140194248,
        0.2628599905876836,
        0.27710999007742915,
        0.28708998972007194,
        0.29457998945187497,
        0.29998998925815723,
        0.30475998908735624,
        0.344179987675831,
        0.3459299876131683,
        0.35234998738328516,
        0.38819998609959216,
        0.39622998581205926,
        0.4123899852334127,
        0.42823998466586644,
        0.43891998428344403,
        0.4562699836621868,
        0.45954998354473875,
        0.47377998303520036,
        0.4882099825185005,
        0.4986199821457461,
        0.5820699791576239,
        0.6007499784887429,
        0.6399099770865275,
        0.6599299763696648,
        0.7113899745270192,
        0.7258899740078129,
        0.7452499733145828,
        0.7527499730460278,
        0.8448899697467399,
        0.8731699687341085,
        0.8945499679685475,
        0.9147299672459556,
        0.922169966979549,
        0.9248099668850176,
        0.9655799654251525,
        0.9925199644605028,
        1.0049199640164919,
        1.0187699635205603,
        1.0380699628294787,
        1.063789961908514,
        1.0722099616070164,
        1.1003399605997561,
        1.1214799598427887,
        1.1424299590926252,
        1.1835299576209435,
        1.1928599572868612,
        1.2177099563970488,
        1.2412299555548603,
        1.2604999548648528,
        1.2745299543624762,
        1.3598199513084683,
        1.3666999510621138,
        1.3781699506514036,
        1.3896699502396195,
        1.4178899492291366,
        1.4363299485688492,
        1.4870699467519848,
        1.537469944947295,
        1.5431799447428352,
        1.5682299438458616,
        1.6168299421056247,
        1.9234299311270957,
        1.9353699306995562,
        1.9469099302863393,
        1.9775799291881284,
        2.0072999281239343,
        2.0357899271037834,
        2.0856699253177133,
        2.0898699251673225,
        2.0980299248751346,
        2.16194992258633,
        2.1904699215651044,
        2.2060999210054364,
        2.2216499204486317,
        2.2463299195649067,
        2.2530499193242814,
        2.2872599180993123,
        2.31729991702366,
        2.4023099139796784,
        2.4105299136853424,
        2.4212899133000554,
        2.4798599112028197,
        2.511719910061998,
        2.5719399079056804,
        2.575719907770328,
        2.6153499063512835,
        2.659059904786145,
        2.7159199027501404,
        2.7627699010725664,
        2.8079098994562233,
        2.850859897918298,
        2.881619896816864,
        2.992609892842608,
        2.9952898927466443,
        3.001889892510316,
        3.057439890521219,
        3.0822998896310483,
        3.112609888545728,
        3.1348298877500884,
        3.149899887210472,
        3.1761798862694555,
        3.2802498825429858,
        3.2979698819084797,
        3.384799878799329,
        3.412299877814627,
        3.4316498771217554,
        3.4708298757188234,
        3.531169873558209,
        3.5459998730271862,
        3.6520998692280284,
        3.7148798669800436,
        3.737849866157549,
        3.738209866144658,
        3.7723998649204056,
        3.7866098644115835,
        3.8739998612823805,
        3.8762898612003815,
        3.926639859397482,
        3.9467498586773964,
        3.9735798577166856,
        4.004269856617759,
        4.071809854199332,
        4.142699851660948,
        4.190079849964397,
        4.196129849747763,
        4.253299847700658,
        4.329629844967484,
        4.422189841653156,
        4.438619841064843,
        4.596919835396541,
        4.695639831861641,
        4.709509831364993,
        4.810499827748811,
        4.834539826888001,
        4.983309821560945,
        5.018369820305539,
        5.020459820230702,
        5.1400898159470705,
        5.165249815046158,
        5.19458981399557,
        5.2794898109555275,
        5.344549808625902,
        5.420259805914929,
        5.49157980336115,
        5.844139790736916,
        5.886599789216535,
        11.527939587215178,
        12.294009559784254,
        58.27082791347681
    ],
    "et": [
        -834.478214464
    ],
    "fc": [
        0.0258,
        0.0983,
        0.3956,
        1.0713,
        1.7519,
        0.3662,
        0.6326,
        2.9653,
        0.7743,
        0.9554,
        1.163,
        1.1714,
        1.4334,
        1.4432,
        5.98,
        6.0339,
        6.5186,
        6.6517
    ],
    "gap": 0.21289999237661822,
    "homo": -0.2659299904777552,
    "id": "AZ7_48492",
    "ir": [
        4.4877,
        4.2165,
        2.9187,
        48.4635,
        40.8755,
        4.1466,
        0.3777,
        4.3566,
        2.0791,
        49.4187,
        0.1251,
        6.2628,
        4.3639,
        2.6012,
        2.4796,
        3.4725,
        0.75,
        0.2172
    ],
    "lumo": -0.05302999810113697,
    "ma": [
        12.0,
        12.0,
        126.9004,
        34.96885,
        1.00783,
        1.00783,
        1.00783,
        1.00783
    ],