{
    "A": 12.79032,
    "B": 5.27157,
    "C": 3.733,
    "Cv": "12.749",
    "G": -603.847482,
    "H": -603.815284,
    "P": 1.0,
    "S": 0.00010799262116382343,
    "T": 298.15,
    "U": -603.816229,
    "U0": -603.820374,
    "alpha": 22.89833333333333,
    "alpha_xx": 48.646,
    "alpha_xy": 1.015,
    "alpha_xz": 39.236,
    "alpha_yy": 0.0,
    "alpha_yz": 0.001,
    "alpha_zz": 20.049,
    "bo": [
        0,
        2,
        2,
        1,
        0,
        2,
        0,
        0,
        0,
        0,
        2,
        0,
        0,
        0,
        0,
        1,
        0,
        0,
        0,
        1,
        0,
        0,
        0,
        1,
        0
    ],
    "coords": [
        -0.597115,
        0.040629,
        0.03427,
        -0.556323,
        1.246856,
        0.029021,
        -1.566335,
        -0.675963,
        0.091388,
        0.992587,
        -0.869608,
        -0.055192,
        1.727186,
        0.258087,
        -0.099488
    ],
    "e ne": -1750.37429617,
    "e_disp": -0.0012106266999865056,
    "e_k": 601.6634094878,
    "e_nn": 159.9830923646,
    "eigs": [
        -88.95729681467607,
        -19.194529312695018,
        -19.19288931275374,
        -14.59146947751833,
        -8.007669713266669,
        -5.973659786099149,
        -5.968079786298953,
        -5.961909786519884,
        -1.2665799546471443,
        -1.1006899605872233,
        -0.8208499706075482,
        -0.6499199767280962,
        -0.5687699796338614,
        -0.5651399797638421,
        -0.5434299805412194,
        -0.43706998434968763,
        -0.34783998754477624,
        -0.3317299881216324,
        -0.3258499883321795,
        -0.3058699890476101,
        -0.08559999693489202,
        -0.0799199971382777,
        0.004279999846744602,
        0.1711399938719325,
        0.19012999319195117,
        0.20659999260220438,
        0.26754999041974725,
        0.26880999037463,
        0.2864599897426305,
        0.3090799889326686,
        0.3221299884653829,
        0.3894699860541168,
        0.39578998582781444,
        0.4228299848595841,
        0.4875799825410591,
        0.5092899817636819,
        0.5260099811649832,
        0.5643699797914138,
        0.6113599781088271,
        0.61941997782022,
        0.6750299758289741,
        0.7004599749183934,
        0.73391997372028,
        0.7451999733163732,
        0.754229972993033,
        0.8171699707393192,
        0.862599969112592,
        1.0036499640619672,
        1.0398799627646673,
        1.1617399584011854,
        1.2342599558044374,
        1.2802699541569418,
        1.3533699515394257,
        1.3959299500154652,
        1.4355699485960627,
        1.439179948466798,
        1.4658899475103842,
        1.5000399462875638,
        1.5298699452194309,
        1.5533799443776004,
        1.5775899435107048,
        1.6050499425274356,
        1.6053499425166933,
        1.6992599391540264,
        1.756409937107637,
        1.7871299360076358,
        1.8049599353691907,
        1.8620299333256662,
        1.8669399331498522,
        1.8779299327563297,
        1.9160699313906377,
        1.9527899300757925,
        2.130759923703161,
        2.1547899228427108,
        2.19215992150459,
        2.2233699203870434,
        2.2779999184308886,
        2.374729914967245,
        2.465799911706271,
        2.512239910043378,
        2.63245990573862,
        2.841599898249874,
        3.1839798859901585,
        3.250419883611119,
        3.260779883240155,
        3.431759877117817,
        3.552729872786203,
        3.5908098714226595,
        3.596419871221781,
        3.6000298710925156,
        3.6352498698313815,
        3.7667398651230752,
        3.808089863642442,
        3.894619860544033,
        3.9279898593491422,
        3.9440398587744343,
        3.97842985754302,
        3.9806898574620955,
        4.042349855254215,
        4.154249851247375,
        4.194169849817945,
        4.29815984609434,
        4.30894984570798,
        4.366519843646552,
        4.576699836120565,
        4.5851598358176355,
        4.610729834902042,
        4.692329831980163,
        4.92738982356329,
        5.085479817902509,
        5.08796981781335,
        5.100649817359311,
        5.105149817198178,
        5.112899816920671,
        5.3027498101226485,
        5.441829805142564,
        5.4870098035247885,
        5.525179802158023,
        5.583179800081197,
        5.907339788473891,
        6.19103977831535,
        6.23125977687518,
        6.240629776539665,
        6.281959775059748,
        6.294369774615378,
        6.347439772715083,
        6.48688976772175,
        6.549199765490595,
        6.662629761428969,
        6.822339755710179,
        6.884079753499434,
        6.947919751213494,
        7.015489748793992,
        7.153059743867977,
        7.450239733226753,
        8.105099709777962,
        12.195929563296236,
        13.383419520775384
    ],
    "et": [
        -603.841247901
    ],
    "fc": [
        0.0592,
        0.8576,
        1.1922,
        3.5505,
        5.0409,
        0.5749,
        15.5202,
        21.7656,
        4.3909
    ],
    "gap": 0.22026999211271808,
    "homo": -0.3058699890476101,
    "id": "AZ7_97553",
    "ir": [
        18.0634,
        6.4682,
        7.8575,
        3.8159,
        130.8742,
        14.5274,
        365.8859,
        328.6341,
        1.9851
    ],
    "lumo": -0.08559999693489202,
    "ma": [
        14.00307,
        15.99491,
        15.99491,
        31.97207,
        1.00783
    ],
    "mr": [
        1.0919,
        10.7949,
        11.7802,
        13.6572,
        12.268,
        1.1424,
        14.9159,
        13.6257,
        1.0388
    ],
    "mu": 2.552033732143837,
    "mu_x": 2.4054,
    "mu_xx=": 0.5222,
    "mu_xxx=": 1.8917,
    "mu_xxy=": 2.9214,
    "mu_xxz=": 0.0,
    "mu_xy=": 1.6742,
    "mu_xyy=": 3.2445,
    "mu_xyz=": 0.0013,
    "mu_xz=": -0.0002,
    "mu_xzz=": -4.8606,
    "mu_y": 0.8526,
    "mu_yy=": -0.7577,
    "mu_yyy=": 1.8649,
    "mu_yyz=": 0.0002,
    "mu_yz=": 0.0011,
    "mu_yzz=": 0.2276,
    "mu_z": 0.0005,
    "mu_zz=": 0.2354,
    "mu_zzz=": 0.0001,
    "na": 5,
    "ne": 40,
    "ne_down": 20,
    "ne_up": 20,
    "ni": 4,
    "oemga": [
        303.3447,
        367.2007,
        414.4561,
        664.2637,
        835.1048,
        924.1632,
        1328.9224,
        1646.5703,
        2678.5243
    ],
    "oemga0": 2678.5243,
    "qa": [
        0.294842,
        -0.230062,
        -0.229974,
        0.042288,
        0.122906
    ],
    "r2": 314.5449,