{
    "A": 20.0004,
    "B": 6.5764,
    "C": 5.08209,
    "Cv": "14.370",
    "G": -225.106142,
    "H": -225.073933,
    "P": 1.0,
    "S": 0.0001080295153446071,
    "T": 298.15,
    "U": -225.074877,
    "U0": -225.079449,
    "alpha": 21.091333333333335,
    "alpha_xx": 40.392,
    "alpha_xy": 0.171,
    "alpha_xz": 34.07,
    "alpha_yy": 0.0,
    "alpha_yz": 0.001,
    "alpha_zz": 22.882,
    "bo": [
        0,
        2,
        0,
        0,
        1,
        0,
        0,
        0,
        2,
        0,
        1,
        0,
        0,
        1,
        0,
        0,
        0,
        1,
        0,
        1,
        0,
        0,
        0,
        0,
        0,
        0,
        1,
        0,
        0,
        0,
        1,
        1,
        1,
        0,
        0,
        0,
        0,
        0,
        0,
        0,
        0,
        1,
        0,
        0,
        0,
        0,
        0,
        0,
        0,
        0,
        0,
        1,
        0,
        0,
        0,
        0,
        0,
        0,
        0,
        1,
        0,
        0,
        0,
        0
    ],
    "coords": [
        0.881754,
        -0.082193,
        0.299431,
        0.367054,
        0.993603,
        -0.08212,
        0.963564,
        2.162707,
        -0.494636,
        2.403834,
        2.080983,
        -0.463459,
        1.900107,
        -0.015852,
        0.277957,
        -0.707967,
        1.145148,
        -0.137884,
        2.669657,
        2.325843,
        -1.41333,
        2.667296,
        2.86886,
        0.12194
    ],
    "e ne": -771.2507702712,
    "e_disp": -0.0029066551999932244,
    "e_k": 223.8575099784,
    "e_nn": 121.8024305908,
    "eigs": [
        -19.195509312659922,
        -14.379369485113067,
        -14.286249488447448,
        -10.258059632686198,
        -1.1044099604540198,
        -0.9003199677619392,
        -0.8408799698903273,
        -0.6156499779552136,
        -0.5355099808248135,
        -0.524399981222633,
        -0.4845799826484812,
        -0.4163899850901834,
        -0.39324998591876514,
        -0.29434998946011065,
        -0.2804799899567584,
        -0.27904999000796293,
        0.01832999934365153,
        0.022059999210090168,
        0.0685799975443329,
        0.08071999710963183,
        0.08530999694527615,
        0.1132499959448192,
        0.19336999307593541,
        0.23390999162430604,
        0.2760699901146687,
        0.33202998811089024,
        0.34761998755265383,
        0.3651999869231609,
        0.3824699863047682,
        0.41901998499601006,
        0.4348899844277476,
        0.4603999835143025,
        0.46368998339649636,
        0.4773899829059359,
        0.5176699814636163,
        0.5348099808498786,
        0.5437299805304772,
        0.5630199798397536,
        0.5767599793477609,
        0.6325899773486373,
        0.6744499758497423,
        0.6748599758350612,
        0.711819974511622,
        0.7365199736271809,
        0.7741499722797508,
        0.8791199685210548,
        0.909899967418905,
        0.9494999660009344,
        0.9677699653467344,
        0.9979999642642786,
        1.030279963108418,
        1.0737099615533052,
        1.1124699601654129,
        1.129609959551675,
        1.1592999584885553,
        1.2038799568922642,
        1.2656799546793709,
        1.2947299536391677,
        1.2996099534644279,
        1.3739599508021525,
        1.4496499480918954,
        1.465899947510026,
        1.4704399473474608,
        1.4955599464479805,
        1.5043599461328758,
        1.5709199437495398,
        1.5819999433527945,
        1.616789942107057,
        1.7177899384905162,
        1.7788499363041204,
        1.8104299351733246,
        1.9037399318321422,
        1.974359929303428,
        2.0466399267152737,
        2.08881992520492,
        2.171899922230047,
        2.239369919814126,
        2.306389917414318,
        2.3487899158960874,
        2.38985991442548,
        2.4574999120034717,
        2.558119908400538,
        2.5864199073871896,
        2.706439903089594,
        2.8142398992295625,
        2.8985098962120786,
        2.918879895482683,
        2.942199894647656,
        2.967149893754263,
        3.020059891859697,
        3.046439890915099,
        3.058029890500092,
        3.060009890429194,
        3.1179098883559493,
        3.157299886945498,
        3.164089886702366,
        3.2033498852965705,
        3.2325498842509957,
        3.2575498833558125,
        3.293129882081788,
        3.315869881267529,
        3.3886698786607545,
        3.392609878519674,
        3.4195798775539497,
        3.4310698771425234,
        3.444229876671299,
        3.460449876090504,
        3.527159873701797,
        3.5753598719758832,
        3.5866398715719763,
        3.6388598697021175,
        3.7108098671257794,
        3.72933986646227,
        3.7452298658932905,
        3.758839865405953,
        3.8207998631873306,
        3.8769098611781807,
        3.9142298598418512,
        3.9192698596613824,
        3.9323898591915896,
        3.9511198585209186,
        4.007689856495298,
        4.058559854673779,
        4.121829852408249,
        4.158749851086242,
        4.215209849064559,
        4.254319847664134,
        4.27567984689929,
        4.3067698457860395,
        4.367429843613966,
        4.42692984148343,
        4.549589837091303,
        4.586289835777173,
        4.723639830859034,
        4.727909830706138,
        4.73232983054787,
        4.845729826487317,
        4.860469825959518,
        4.873809825481847,
        4.887749824982692,
        4.915999823971136,
        4.952749822655217,
        5.079229818126304,
        5.176359814648338,
        5.204949813624607,
        5.288689810626099,
        5.291869810512233,
        5.295679810375807,
        5.3447398086190985,
        5.430009805565807,
        5.473679804002101,
        5.4793498037990735,
        5.54306980151743,
        5.599879799483215,
        5.713309795421589,
        5.724379795025202,
        5.848079790595834,
        5.850899790494858,
        5.9496297869595995,
        5.994369785357579,
        6.055899783154354,
        6.059269783033683,
        6.239699776572966,
        6.451579768986107,
        6.553009765354169,
        6.61352976318711,
        6.6787597608513956,
        6.726999759124051,
        6.846149754857606,
        6.922399752127297,
        7.131709744632463,
        7.424629734143778,
        9.932199644354377,
        10.709959616504864,
        11.800579577452666,
        13.921209501518556
    ],
    "et": [
        -225.1420119
    ],
    "fc": [
        0.0202,
        0.1135,
        0.2789,
        1.0175,
        3.7478,
        0.8843,
        1.4826,
        0.7402,
        1.2891,
        1.4542,
        1.1552,
        1.3286,
        1.7735,
        10.916,
        6.3507,
        7.3453,
        7.528,
        8.0675
    ],
    "gap": 0.29737998935161447,
    "homo": -0.27904999000796293,
    "id": "AZ7_82518",
    "ir": [
        38.0915,
        0.4764,
        0.0456,
        56.1692,
        13.1899,
        27.9893,
        50.7068,
        64.0986,
        92.0672,
        178.3684,
        2.4019,
        16.0271,
        10.0535,
        206.634,
        15.012,
        1.6994,
        10.2779,
        5.5221
    ],
    "lumo": 0.01832999934365153,
    "ma": [
        14.00307,
        12.0,
        15.99491,
        14.00307,
        1.00783,
        1.00783,
        1.00783,
        1.00783
    ],
    "mr": [
        1.0887,
        2.204,
        4.1197,
        3.3237,
        8.2696,
        1.8942,
        2.7315,
        1.0862,
        1.4847,
        1.6067,
        1.1186,
        1.1566,
        1.114,
        6.177,
        1.0932,
        1.0483,
        1.0703,
        1.0965
    ],
    "mu": 3.310192213452264,
    "mu_x": -3.2788,
    "mu_xx=": -0.1973,
    "mu_xxx=": -29.3973,
    "mu_xxy=": 3.7246,
    "mu_xxz=": 0.0003,
    "mu_xy=": 3.7969,