{
    "A": 16.05996,
    "B": 5.53005,
    "C": 4.63895,
    "Cv": "15.521",
    "G": -250.314513,
    "H": -250.281586,
    "P": 1.0,
    "S": 0.00011043769914472856,
    "T": 298.15,
    "U": -250.28253,
    "U0": -250.287332,
    "alpha": 21.487666666666666,
    "alpha_xx": 35.316,
    "alpha_xy": 0.939,
    "alpha_xz": 31.514,
    "alpha_yy": 0.54,
    "alpha_yz": -0.386,
    "alpha_zz": 28.607,
    "bo": [
        0,
        1,
        1,
        0,
        1,
        1,
        0,
        0,
        0,
        1,
        0,
        0,
        0,
        0,
        0,
        1,
        1,
        0,
        1,
        0,
        0,
        1,
        0,
        0,
        0,
        0,
        1,
        0,
        0,
        1,
        0,
        0,
        0,
        0,
        0,
        0,
        1,
        0,
        0,
        0,
        0,
        0,
        0,
        0,
        0,
        1,
        0,
        0,
        0,
        0,
        0,
        0,
        0,
        0,
        0,
        1,
        0,
        0,
        0,
        0,
        0,
        0,
        0,
        0,
        1,
        0,
        0,
        0,
        0,
        0,
        0,
        0,
        0,
        0,
        1,
        0,
        0,
        0,
        0,
        0,
        0
    ],
    "coords": [
        -0.052035,
        0.553584,
        0.10226,
        -0.997238,
        -0.499377,
        -0.242983,
        1.19546,
        0.045634,
        0.638601,
        1.811242,
        -0.671916,
        -0.457978,
        0.218295,
        1.224386,
        -0.719352,
        -0.476459,
        1.159987,
        0.90659,
        -1.930436,
        -0.126576,
        -0.365043,
        -0.728952,
        -0.94725,
        -1.11057,
        0.960121,
        -0.738471,
        1.248476
    ],
    "e ne": -854.1655505846,
    "e_disp": -0.003757379299997865,
    "e_k": 249.0135734955,
    "e_nn": 132.2151770649,
    "eigs": [
        -24.66885911667384,
        -14.386369484862414,
        -14.307689487679736,
        -10.235619633489717,
        -1.1877599574694784,
        -0.9180399671274332,
        -0.8371199700249629,
        -0.6535899765966833,
        -0.5373799807578538,
        -0.5071899818388773,
        -0.4842099826617298,
        -0.45263998379216736,
        -0.4193599849838356,
        -0.39742998576909044,
        -0.36382998697221697,
        -0.2755199901343628,
        -0.2577399907710172,
        0.024919999107681185,
        0.03652999869195801,
        0.06515999766679398,
        0.07749999722493146,
        0.09039999676301683,
        0.12887999538515052,
        0.1720899938379155,
        0.19761999292375423,
        0.29044998959975926,
        0.3049599890801948,
        0.3563099872414881,
        0.3814799863402174,
        0.3851399862091626,
        0.4013199856297999,
        0.41866998500854263,
        0.4353999844094859,
        0.4555299836886842,
        0.4732399830545363,
        0.505719981891514,
        0.529299981047177,
        0.5297799810299896,
        0.5344099808642017,
        0.5699399795919668,
        0.6332599773246465,
        0.645429976888871,
        0.688649975341278,
        0.7427899734026688,
        0.7753899722353498,
        0.8312899702337196,
        0.8829599683835545,
        0.8965599678965749,
        0.9196199670708576,
        0.9491299660141831,
        0.9699399652690325,
        0.9911199645106332,
        1.0372499628588407,
        1.0670999617899917,
        1.117099959999625,
        1.1390799592125798,
        1.1594899584817517,
        1.183349957627389,
        1.2486599552888118,
        1.2578799549586681,
        1.2593799549049571,
        1.2984299535066806,
        1.3437599518835341,
        1.3677399510248742,
        1.443169948323927,
        1.453349947959408,
        1.4906399466241524,
        1.5339099450747695,
        1.5620999440653605,
        1.5959199428543562,
        1.622399941906178,
        1.654699940749601,
        1.7114499387175346,
        1.7708999365887885,
        1.8450699339329586,
        1.9407999305051222,
        2.0164099277977297,
        2.0386199270024483,
        2.168589922348569,
        2.2684099187742808,
        2.3204299169115834,
        2.359609915508652,
        2.4216299132878807,
        2.4813399111498247,
        2.501759910418639,
        2.57255990788348,
        2.5993299069249174,
        2.665859904542655,
        2.759549901187866,
        2.800029899738385,
        2.863029897482523,
        2.8892098965450868,
        2.9000098961583674,
        2.9418498946601885,
        2.9549098941925447,
        2.9820698932200176,
        2.9889798929725893,
        3.061949890359727,
        3.106319888770956,
        3.141349887516625,
        3.202559885324858,
        3.2379398840579943,
        3.2849598823743333,
        3.3398998804070787,
        3.3445898802391425,
        3.3682398793922985,
        3.3957398784075967,
        3.411299877850435,
        3.425979877324783,
        3.4451398766387142,
        3.467139875850953,
        3.5142498741640695,
        3.52483987378487,
        3.561819872460714,
        3.6580798690139003,
        3.66933986861071,
        3.7016098674552067,
        3.7374498661718722,
        3.771429864955139,
        3.804799863760248,
        3.84051986248121,
        3.898449860406891,
        3.9122698599120334,
        3.9354698590813033,
        3.9530198584528846,
        3.985129857303111,
        3.994009856985142,
        4.005749856564764,
        4.045619855137126,
        4.062239854542007,
        4.150559851379503,
        4.188369850025628,
        4.21365984912006,
        4.2530898477081776,
        4.268769847146718,
        4.348349844297171,
        4.364829843707066,
        4.404759842277278,
        4.480419839568095,
        4.5559298368642835,
        4.5808998359701745,
        4.6401998338468,
        4.665989832923328,
        4.734909830455487,
        4.801009828088621,
        4.82653982717446,
        4.858379826034355,
        4.92234982374376,
        4.969799822044702,
        4.992329821237962,
        5.056979818923018,
        5.073289818339001,
        5.11885981670726,
        5.169019814911164,
        5.188959814197165,
        5.233159812614481,
        5.274459811135638,
        5.36887980775471,
        5.385009807177138,
        5.445619805006856,
        5.516929802453434,
        5.587999799908606,
        5.649569797703949,
        5.709969795541186,
        5.746519794232428,
        5.826799791357815,
        5.857899790244206,
        5.892189789016373,
        5.984309785717801,
        6.079349782314671,
        6.09843978163111,
        6.147879779860795,
        6.329119773371073,
        6.822509755704092,
        6.8987397529745,
        6.906459752698066,
        6.9435197513710465,
        6.9690997504550944,
        7.209549741845221,
        7.232109741037407,
        7.479989732161485,
        8.327009701831955,
        8.33938970138866,
        8.643069690514688,
        8.69196968876371,
        9.036639676421995,
        10.750099615067557,
        11.1985595990094,
        12.020649569572546,
        12.936129536791647
    ],
    "et": [
        -250.36091053
    ],
    "fc": [
        0.047,
        0.0414,
        0.2066,
        0.4562,
        1.5479,
        0.57,
        0.7869,
        2.3504,
        1.9241,
        1.1121,
        1.3622,
        1.2279,
        1.4923,
        1.3695,
        1.4542,
        1.7524,
        5.6712,
        6.064,
        7.442,
        7.5796,
        8.2743
    ],
    "gap": 0.2826599898786984,
    "homo": -0.2577399907710172,
    "id": "AZ7_80797",