{
    "A": 18.73893,
    "B": 1.16379,
    "C": 1.13855,
    "Cv": "14.785",
    "G": -3050.2109,
    "H": -3050.174846,
    "P": 1.0,
    "S": 0.0001209257085364724,
    "T": 298.15,
    "U": -3050.175791,
    "U0": -3050.180684,
    "alpha": 49.197333333333326,
    "alpha_xx": 95.253,
    "alpha_xy": 2.496,
    "alpha_xz": 45.987,
    "alpha_yy": 5.844,
    "alpha_yz": -0.26,
    "alpha_zz": 46.495,
    "bo": [
        0,
        2,
        0,
        0,
        0,
        0,
        0,
        2,
        0,
        1,
        0,
        1,
        0,
        0,
        0,
        1,
        0,
        1,
        0,
        1,
        1,
        0,
        0,
        1,
        0,
        0,
        0,
        0,
        0,
        1,
        0,
        0,
        0,
        0,
        0,
        0,
        0,
        1,
        0,
        0,
        0,
        0,
        0,
        0,
        1,
        0,
        0,
        0,
        0
    ],
    "coords": [
        -2.654466,
        -0.230594,
        -0.163133,
        -1.250753,
        0.137796,
        0.552819,
        -0.159041,
        0.912154,
        -0.090198,
        1.518523,
        -0.149447,
        -0.04171,
        -1.055144,
        -0.165433,
        1.580073,
        -0.363076,
        1.138102,
        -1.129994,
        0.072536,
        1.815504,
        0.471441
    ],
    "e ne": -7823.926208274,
    "e_disp": -0.004445810800007166,
    "e_k": 3045.13177943,
    "e_nn": 272.3964173754,
    "eigs": [
        -482.86739270980445,
        -88.89158681702897,
        -62.515457761487916,
        -56.33171798291117,
        -56.32800798304402,
        -56.32787798304867,
        -10.263159632503582,
        -10.252869632872038,
        -8.703839688338675,
        -7.944529715527546,
        -6.533049766068884,
        -6.521219766492484,
        -6.52083976650609,
        -5.908339788438084,
        -5.906769788494302,
        -5.898949788774315,
        -2.6481999051750127,
        -2.6449399052917446,
        -2.6446499053021286,
        -2.6351999056405084,
        -2.6351999056405084,
        -0.8556899693600206,
        -0.7894499717318985,
        -0.6969599750437191,
        -0.5896099788876366,
        -0.4921199823784938,
        -0.4473199839826625,
        -0.42865998465082733,
        -0.385759986186962,
        -0.32013998853663944,
        -0.2962999893902863,
        -0.29497998943755205,
        -0.24290999130204,
        -0.10806999613030119,
        -0.018509999337206207,
        0.04285999846529758,
        0.06588999764065463,
        0.07251999740325199,
        0.11304999595198066,
        0.14516999480184903,
        0.20865999252844125,
        0.2232099920074445,
        0.2310599917263569,
        0.255449990853016,
        0.263089990579448,
        0.2637099905572474,
        0.27239999024608164,
        0.27783999005128973,
        0.2856299897723506,
        0.3303499881710465,
        0.3321099881080256,
        0.3469899875752125,
        0.35077998743950267,
        0.37576998654467736,
        0.38497998621489177,
        0.39480998586290567,
        0.40103998563982596,
        0.4163999850898253,
        0.4388799842848764,
        0.44932998391068973,
        0.4675299832589962,
        0.5046299819305441,
        0.5375199807528408,
        0.5964799786416403,
        0.6465699768480507,
        0.6599899763675162,
        0.7017899748707697,
        0.7058099747268243,
        0.7579799728587554,
        0.7751399722443016,
        0.8362199700571894,
        0.8795999685038673,
        0.9543899658258366,
        0.9802799648987847,
        0.9881699646162647,
        1.0180899635449092,
        1.036799962874954,
        1.0657399618386896,
        1.0740399615414888,
        1.0958499607605308,
        1.1416999591187644,
        1.1881899574540815,
        1.251649955181748,
        1.2670399546306728,
        1.286959953917391,
        1.3716399508852255,
        1.4062399496462918,
        1.46674994747959,
        1.4833099468866204,
        1.490449946630956,
        1.5206299455502907,
        1.5421699447790007,
        1.5530999443876263,
        1.5625499440492472,
        1.5786899434713166,
        1.583009943316629,
        1.6151099421672135,
        1.6364799414020106,
        1.6637899404241125,
        1.6681499402679925,
        1.7111299387289933,
        1.7292899380787319,
        1.7440999375484252,
        1.7554399371423701,
        1.7798999362665227,
        1.7872699360026225,
        1.807969935261411,
        1.8469899338642084,
        1.8615799333417795,
        1.892719932226739,
        1.910589931586862,
        1.9287799309355265,
        1.944809930361535,
        1.9726599293643008,
        1.9812399290570732,
        2.107639924531026,
        2.2089399209037435,
        2.2354099199559228,
        2.30099991760732,
        2.3230599168174098,
        2.3793799148007406,
        2.4231799132323792,
        2.4887699108837764,
        2.5769999077244954,
        2.632889905723223,
        2.6828899039328564,
        2.7416199018298917,
        2.7827599003567776,
        2.800459899722988,
        2.8318198986000698,
        2.8829898967678083,
        2.9079398958744154,
        2.9455798945266274,
        2.994919892759893,
        3.0154198920258426,
        3.0417398910833935,
        3.1211298882406493,
        3.1382598876272696,
        3.188289885835829,
        3.220419884685339,
        3.3074398815693846,
        3.336539880527391,
        3.3618198796221814,
        3.376979879079342,
        3.395569878413684,
        3.441149876781586,
        3.4966198747953525,
        3.591189871409053,
        3.6357198698145523,
        3.6644298687865238,
        3.7593098653891235,
        3.7770198647549753,
        3.805839863723008,
        3.8367798626151295,
        3.8865398608333566,
        3.927729859358452,
        3.997169856871991,
        4.013389856291195,
        4.0848698537316865,
        4.111759852768828,
        4.154509851238065,
        4.206039849392912,
        4.331689844893721,
        4.468449839996709,
        4.5211298381103795,
        4.702099831630325,
        4.770109829195068,
        4.86774982569884,
        4.926939823579404,
        4.978599821729597,
        5.0268498200018925,
        5.125229816479167,
        5.2381398124361604,
        5.292079810504713,
        5.339869808793481,
        5.540219801619481,
        5.83310979113187,
        10.25136963292575,
        11.985539570829742
    ],
    "et": [
        -3050.22537472
    ],
    "fc": [
        0.0193,
        0.1502,
        0.2745,
        0.8374,
        0.5638,
        0.7663,
        1.359,
        0.9168,
        2.2252,
        0.9974,
        1.7014,
        1.4316,
        5.9138,
        6.128,
        6.5434
    ],
    "gap": 0.1348399951717388,
    "homo": -0.24290999130204,
    "id": "AZ7_65206",
    "ir": [
        2.3228,
        5.9955,
        3.4785,
        21.2281,
        9.8707,
        12.2329,
        9.0592,
        3.3975,
        36.5908,
        32.0865,
        25.071,
        9.6271,
        2.8829,
        9.1362,
        0.2684
    ],
    "lumo": -0.10806999613030119,
    "ma": [
        31.97207,
        12.0,
        12.0,
        78.91834,
        1.00783,
        1.00783,
        1.00783
    ],
    "mr": [
        7.4894,
        3.7996,
        3.9139,
        4.2536,
        1.5449,
        1.5862,
        2.3981,
        1.1947,
        2.8266,
        1.158,
        1.5043,
        1.1321,
        1.0611,
        1.0868,
        1.1055
    ],
    "mu": 1.5937467615653371,
    "mu_x": 0.3297,
    "mu_xx=": -4.3964,
    "mu_xxx=": 59.0494,
    "mu_xxy=": -2.7681,
    "mu_xxz=": -2.2492,
    "mu_xy=": -1.2213,
    "mu_xyy=": 16.0569,
    "mu_xyz=": -1.5951,
    "mu_xz=": -0.3513,
    "mu_xzz=": 15.2176,
    "mu_y": 1.4284,
    "mu_yy=": 2.794,
    "mu_yyy=": -1.0884,
    "mu_yyz=": -0.3684,
    "mu_yz=": 0.3785,
    "mu_yzz=": -0.7443,