{
    "A": 34.88702,
    "B": 4.57786,
    "C": 4.42023,
    "Cv": "15.342",
    "G": -225.081438,
    "H": -225.047679,
    "P": 1.0,
    "S": 0.00011322824081839151,
    "T": 298.15,
    "U": -225.048623,
    "U0": -225.053711,
    "alpha": 23.796666666666667,
    "alpha_xx": 42.166,
    "alpha_xy": -0.344,
    "alpha_xz": 27.72,
    "alpha_yy": 1.814,
    "alpha_yz": 0.599,
    "alpha_zz": 27.41,
    "bo": [
        0,
        1,
        0,
        0,
        1,
        1,
        0,
        0,
        1,
        0,
        1,
        0,
        0,
        0,
        1,
        1,
        0,
        1,
        0,
        2,
        0,
        0,
        0,
        0,
        0,
        0,
        2,
        0,
        0,
        0,
        0,
        0,
        1,
        0,
        0,
        0,
        0,
        0,
        0,
        0,
        1,
        0,
        0,
        0,
        0,
        0,
        0,
        0,
        0,
        1,
        0,
        0,
        0,
        0,
        0,
        0,
        0,
        1,
        0,
        0,
        0,
        0,
        0,
        0
    ],
    "coords": [
        1.077909,
        -0.113282,
        0.539382,
        -0.13537,
        0.002519,
        -0.214422,
        -1.080421,
        0.962179,
        0.481655,
        -2.22539,
        0.610246,
        0.425646,
        1.909634,
        -0.119812,
        -0.029006,
        1.084902,
        -0.909447,
        1.158502,
        -0.689557,
        -0.925337,
        -0.395674,
        0.058293,
        0.492934,
        -1.172484
    ],
    "e ne": -763.8461508727,
    "e_disp": -0.00269168869999703,
    "e_k": 223.8496872168,
    "e_nn": 118.2109012983,
    "eigs": [
        -19.18608931299723,
        -14.425199483472017,
        -14.317319487334911,
        -10.233779633555601,
        -1.1626899583671684,
        -0.9114699673626875,
        -0.7527699730453117,
        -0.6108499781270889,
        -0.5317799809583749,
        -0.49772998217761466,
        -0.4887799824980903,
        -0.45957998354366447,
        -0.4187099850071104,
        -0.38295998628722266,
        -0.27605999011502685,
        -0.22005999212023764,
        -0.08418999698538038,
        0.025339999092642108,
        0.06287999774843471,
        0.07935999715832982,
        0.12070999567769647,
        0.14423999483514988,
        0.18834999325568827,
        0.25560999084728686,
        0.29084998958543634,
        0.30613998903794215,
        0.3371599879271986,
        0.38744998612644765,
        0.4017499856144027,
        0.4108399852889141,
        0.44053998422543617,
        0.4509899838512495,
        0.45674998364499925,
        0.5040899819498801,
        0.5173999814732843,
        0.5322399809419035,
        0.5364299807918708,
        0.5510999802665771,
        0.5706299795672598,
        0.5921199787977602,
        0.6463699768552122,
        0.6807899756227237,
        0.7439099733625646,
        0.7669299725382798,
        0.8276599703637002,
        0.8746099686825458,
        0.9012399677289966,
        0.9601699656188701,
        0.9847299647394421,
        1.004359964036544,
        1.0452899625709497,
        1.0648899618691259,
        1.0770699614329926,
        1.1098099602606604,
        1.1592699584896295,
        1.2195799563300893,
        1.2652299546954844,
        1.300959953416088,
        1.3215899526773829,
        1.3381399520847717,
        1.383449950462341,
        1.3915399501726595,
        1.4158099493036156,
        1.4557399478738287,
        1.480639946982226,
        1.5562499442748332,
        1.6134899422252214,
        1.628519941687037,
        1.6540599407725178,
        1.7064799388954972,
        1.7879799359771993,
        1.8019999354751806,
        1.8783999327395,
        2.0564699263632877,
        2.1129199243419636,
        2.1802299219317716,
        2.265119918892087,
        2.284059918213896,
        2.418179913411416,
        2.46345991179006,
        2.5186299098145692,
        2.621499906131069,
        2.6935199035522244,
        2.7679499008870843,
        2.796329899870872,
        2.841989898235909,
        2.894059896371421,
        2.903209896043784,
        2.9474298944603836,
        2.957049894115917,
        2.9941198927885395,
        3.038039891215881,
        3.0671098901749616,
        3.1368198876788322,
        3.1702098864832253,
        3.2131298849463747,
        3.22945988436164,
        3.287109882297348,
        3.325069880938101,
        3.3773198790671684,
        3.3910798785744594,
        3.4386698768703883,
        3.4666798758674244,
        3.503119874562605,
        3.5225498738668684,
        3.555559872684868,
        3.6156398705335633,
        3.6310098699832047,
        3.64769986938558,
        3.7091198671862937,
        3.745039865900094,
        3.7763398647793247,
        3.7909398642565373,
        3.847879862217668,
        3.881079861028864,
        3.8964098604799378,
        3.940949858885079,
        3.9639198580625847,
        3.9814298574355984,
        4.016279856187713,
        4.065089854439956,
        4.098969853226803,
        4.120899852441549,
        4.136149851895487,
        4.173399850561664,
        4.217579848979696,
        4.261049847423151,
        4.310099845666802,
        4.349409844259214,
        4.408549842141569,
        4.431589841316567,
        4.515339838317703,
        4.545609837233815,
        4.654669833328668,
        4.703349831585566,
        4.707649831431595,
        4.757199829657341,
        4.813259827649982,
        4.866729825735363,
        4.880339825248026,
        4.944709822943107,
        4.990269821311725,
        5.031949819819276,
        5.072599818363708,
        5.082309818016017,
        5.126669816427604,
        5.1626198151403315,
        5.195289813970506,
        5.236999812476981,
        5.296779810336419,
        5.375239807526975,
        5.406199806418381,
        5.46619980426994,
        5.503169802946143,
        5.584519800033216,
        5.655419797494477,
        5.693559796128784,
        5.783269792916507,
        5.83123979119883,
        5.9101797883722,
        6.003969785013829,
        6.12459978069439,
        6.1723997789828,
        6.270819775458641,
        6.2845997749652165,
        6.3608397722352645,
        6.402089770758213,
        6.594239763877833,
        6.803409756388012,
        6.869189754032605,
        6.961719750719352,
        7.089059746159646,
        8.213089705911125,
        11.628409583617618,
        12.707479544978995,
        13.150289529123148
    ],
    "et": [
        -225.114254016
    ],
    "fc": [
        0.0126,
        0.0154,
        0.463,
        0.8941,
        0.3702,
        0.655,
        1.2736,
        1.7054,
        1.075,
        1.242,
        1.4261,
        1.3913,
        15.1941,
        1.8644,
        5.5631,
        6.0727,
        7.7954,
        8.5535
    ],
    "gap": 0.13586999513485726,
    "homo": -0.22005999212023764,
    "id": "AZ7_81579",
    "ir": [
        0.1656,
        27.0942,
        1.9495,
        0.3371,
        161.1514,
        30.339,
        6.0577,
        19.6789,
        15.2468,
        21.9767,
        12.7648,
        7.7974,
        77.0744,
        42.3773,
        37.893,
        13.5264,
        4.6945,
        12.1108
    ],
    "lumo": -0.08418999698538038,
    "ma": [
        14.00307,
        12.0,
        14.00307,
        15.99491,
        1.00783,
        1.00783,
        1.00783,
        1.00783
    ],
    "mr": [
        4.8588,
        1.0919,
        4.7876,
        4.9391,
        1.4786,
        1.8068,
        2.2104,
        2.3022,
        1.3934,
        1.193,
        1.3021,
        1.1131,
        9.424,
        1.1372,
        1.0599,
        1.103,
        1.0486,
        1.0965
    ],
    "mu": 3.365269785618978,
    "mu_x": -2.8432,
    "mu_xx=": 0.2001,
    "mu_xxx=": -14.4263,
    "mu_xxy=": 1.7685,
    "mu_xxz=": -0.073,