{
    "A": 5.72101,
    "B": 1.44366,
    "C": 1.19481,
    "Cv": "18.936",
    "G": -789.083084,
    "H": -789.045124,
    "P": 1.0,
    "S": 0.00012731846386046695,
    "T": 298.15,
    "U": -789.046069,
    "U0": -789.051895,
    "alpha": 50.25966666666667,
    "alpha_xx": 94.055,
    "alpha_xy": 1.52,
    "alpha_xz": 66.835,
    "alpha_yy": -0.028,
    "alpha_yz": -0.86,
    "alpha_zz": 56.752,
    "bo": [
        0,
        1,
        1,
        1,
        1,
        0,
        0,
        0,
        1,
        0,
        0,
        0,
        0,
        1,
        1,
        0,
        1,
        0,
        0,
        0,
        0,
        0,
        0,
        1,
        1,
        0,
        0,
        0,
        0,
        0,
        0,
        0,
        1,
        0,
        0,
        0,
        0,
        0,
        0,
        0,
        0,
        1,
        0,
        0,
        0,
        0,
        0,
        0,
        0,
        1,
        0,
        0,
        0,
        0,
        0,
        0,
        0,
        0,
        1,
        0,
        0,
        0,
        0,
        0
    ],
    "coords": [
        -0.020362,
        0.266034,
        -0.470392,
        -1.105833,
        -0.239233,
        0.30194,
        1.555102,
        -0.689238,
        -0.51529,
        0.304061,
        2.373955,
        0.121814,
        -0.309055,
        0.34203,
        -1.514161,
        -1.36527,
        -1.168214,
        -0.013421,
        -0.885393,
        -0.282412,
        1.289121,
        1.82675,
        -0.602922,
        0.800389
    ],
    "e ne": -2282.512150926,
    "e_k": 602.2980394983,
    "e_nn": 244.8252158487,
    "eigs": [
        -88.8979868167998,
        -14.330169486874789,
        -10.288769631586556,
        -7.950569715311268,
        -6.825599755593447,
        -5.914979788200323,
        -5.911569788322426,
        -5.905649788534406,
        -4.827339827145815,
        -4.8147198275977034,
        -4.8141998276163225,
        -1.9091099316398568,
        -1.9053699317737762,
        -1.9049099317902476,
        -1.8941299321762508,
        -1.8941099321769668,
        -0.9272799667965734,
        -0.7698399724340804,
        -0.6965799750573258,
        -0.6252299776121794,
        -0.5257099811757253,
        -0.4817099827512482,
        -0.4301699845967583,
        -0.39208998596030165,
        -0.35503998728696345,
        -0.2778499900509317,
        -0.27011999032772244,
        -0.2575099907792529,
        -0.23878999144956622,
        -0.059669997863376255,
        0.007399999735025714,
        0.03562999872418462,
        0.042009998495733815,
        0.06319999773697636,
        0.09424999662515858,
        0.14706999473381507,
        0.16105999423287048,
        0.20028999282814866,
        0.21866999217000982,
        0.24486999123185763,
        0.24870999109435743,
        0.2507099910227428,
        0.2696999903427615,
        0.27381999019523523,
        0.28436998981746786,
        0.30433998910239535,
        0.31261998880591063,
        0.3179199886161317,
        0.3287399882286963,
        0.33152998812879386,
        0.3884199860917145,
        0.4023499855929183,
        0.4074599854099429,
        0.4334999844775198,
        0.4455199840471157,
        0.47810998288015455,
        0.5008999820641054,
        0.5049599819187276,
        0.5263499811528086,
        0.5396799806754969,
        0.5603199799364335,
        0.6050799783336971,
        0.6746999758407904,
        0.6870899753971375,
        0.7259499740056644,
        0.7474399732361647,
        0.7844699719102192,
        0.80533997116292,
        0.8098799710003548,
        0.8497399695730743,
        0.8689799688841412,
        0.9202199670493734,
        0.9252499668692623,
        0.936889966452465,
        0.9424399662537344,
        0.9523399658992415,
        0.9810099648726454,
        1.011729963772644,
        1.0476399624868025,
        1.0796599613402516,
        1.1091499602842934,
        1.1326499594428208,
        1.1567399585802223,
        1.169689958116517,
        1.1953099571991335,
        1.2196299563282988,
        1.246869955352907,
        1.258319954942913,
        1.3083299531521881,
        1.3503299516482798,
        1.3736599508128948,
        1.386159950365303,
        1.4347999486236342,
        1.473689947231087,
        1.4789099470441727,
        1.5242299454213841,
        1.5427099447596646,
        1.5449399446798142,
        1.5828099433237905,
        1.5978099427866803,
        1.6204399419763604,
        1.6328899415305589,
        1.695459939290094,
        1.7096199387830622,
        1.7256599382087126,
        1.766919936731302,
        1.8035299354203955,
        1.824019934686703,
        1.8768499327950012,
        1.9070999317118296,
        1.9547699300048937,
        1.9739299293188253,
        2.040719926927253,
        2.1003599247917037,
        2.2085899209162756,
        2.325889916716075,
        2.377049914884172,
        2.3961799141991778,
        2.4494799122906463,
        2.5165699098883327,
        2.551639908632569,
        2.569379907997347,
        2.624969906006817,
        2.7099499029639103,
        2.77965990046778,
        2.8541798977994177,
        2.878769896918915,
        2.9323598950000003,
        2.98965989294824,
        3.0082398922829396,
        3.0606198904073514,
        3.070519890052859,
        3.1027598888984302,
        3.189369885797156,
        3.247379883719973,
        3.2725498828187023,
        3.307089881581917,
        3.309949881479508,
        3.3376998804858546,
        3.349129880076577,
        3.408619877946398,
        3.422059877465148,
        3.4483998765219823,
        3.4631198759948987,
        3.4908998750001707,
        3.5243298738031315,
        3.6249298702009134,
        3.654849869129558,
        3.6838698680904294,
        3.7474698658130823,
        3.7754398648115517,
        3.7893898643120387,
        3.826489862983587,
        3.903179860237522,
        3.9395898589337772,
        3.9861398572669455,
        4.009939856414731,
        4.035099855513819,
        4.056719854739664,
        4.094719853378985,
        4.1821898502469175,
        4.192819849866285,
        4.215709849046655,
        4.273789846966966,
        4.309509845687928,
        4.38716984290713,
        4.433049841264289,
        4.635229834024762,
        4.702669831609915,
        4.735599830430779,
        4.844899826517038,
        4.897639824628559,
        4.969749822046492,
        5.013719820472043,
        5.1221098165908865,
        5.1905798141391575,
        5.388249807061122,
        5.478879803815904,
        5.625809798554731,
        5.647079797793109,
        5.694429796097631,
        5.864209790018261,
        5.922949787914939,
        6.033229783966106,
        6.172639778974206,
        6.786749756984562,
        10.084519638900204,
        12.913179537613425,
        58.28378791301275
    ],
    "et": [
        -789.105250959
    ],
    "fc": [
        0.0415,
        0.0386,
        0.0543,
        0.1217,
        0.27,
        0.4327,
        1.1335,
        0.6176,
        0.595,
        0.7895,
        2.0754,
        1.1088,
        1.3034,
        1.7444,
        4.3549,
        6.2329,
        7.4807,
        8.2098
    ],
    "gap": 0.17911999358618996,
    "homo": -0.23878999144956622,
    "id": "AZ7_83828",
    "ir": [
        4.2234,
        45.2137,
        15.3895,
        44.9663,
        9.6873,
        31.6309,
        66.2587,
        289.3917,
        26.0692,
        4.785,
        49.5104,
        28.6001,
        9.007,
        34.6755,
        1.5589,
        0.3294,
        5.6547,
        8.1951
    ],
    "lumo": -0.059669997863376255,
    "ma": [
        12.0,
        14.00307,
        31.97207,
        126.9004,
        1.00783,
        1.00783,
        1.00783,
        1.00783
    ],