{
    "A": 9.62156,
    "B": 8.17238,
    "C": 4.54119,
    "Cv": "15.643",
    "G": -216.468796,
    "H": -216.436808,
    "P": 1.0,
    "S": 0.0001072882777125076,
    "T": 298.15,
    "U": -216.437753,
    "U0": -216.442208,
    "alpha": 22.59166666666667,
    "alpha_xx": 40.339,
    "alpha_xy": -0.198,
    "alpha_xz": 34.412,
    "alpha_yy": -0.009,
    "alpha_yz": 0.002,
    "alpha_zz": 27.445,
    "bo": [
        0,
        1,
        0,
        0,
        0,
        1,
        0,
        1,
        0,
        1,
        0,
        1,
        1,
        1,
        0,
        0,
        0,
        0,
        0,
        1,
        0,
        0,
        0,
        0,
        0,
        0,
        0,
        0,
        1,
        0,
        0,
        0,
        0,
        0,
        0,
        0,
        0,
        1,
        0,
        0,
        0,
        0,
        0,
        0,
        0,
        1,
        0,
        0,
        0,
        0,
        0,
        1,
        0,
        0,
        0,
        0,
        0,
        0,
        0,
        1,
        0,
        0,
        0,
        1,
        0,
        0,
        0,
        0,
        0,
        0,
        0,
        1,
        0,
        0,
        0,
        0,
        0,
        0,
        0,
        1,
        0
    ],
    "coords": [
        0.942474,
        0.168507,
        0.236219,
        0.157316,
        1.016808,
        1.300564,
        -0.503509,
        1.733526,
        0.806132,
        -0.487986,
        0.375182,
        1.905499,
        0.821056,
        1.566116,
        1.966692,
        0.216512,
        -0.601125,
        -0.641192,
        0.727594,
        -1.104855,
        -1.280545,
        2.314683,
        0.229104,
        0.221548,
        2.74986,
        -0.305163,
        -0.449017
    ],
    "e ne": -737.1143172381,
    "e_disp": -0.0035437448999999788,
    "e_k": 215.253300803,
    "e_nn": 114.3050566484,
    "eigs": [
        -19.13855931469915,
        -19.13720931474749,
        -10.132759637172857,
        -6.777119757329387,
        -1.039399962781855,
        -1.0048899640175661,
        -0.690159975287209,
        -0.5589999799836992,
        -0.547839980383309,
        -0.43045998458637413,
        -0.40921998534692194,
        -0.37957998640825136,
        -0.3626499870144696,
        -0.3433199877066254,
        -0.3377599879057142,
        -0.3266899883021014,
        0.008919999680598563,
        0.052709998112595316,
        0.0676799975765595,
        0.07517999730800448,
        0.11944999572281371,
        0.12326999558602969,
        0.16239999418488862,
        0.1986899928854404,
        0.21151999242603228,
        0.22803999183449508,
        0.27445999017231854,
        0.28706998972078807,
        0.30701998900643174,
        0.3369399879350762,
        0.3651999869231609,
        0.41188998525131637,
        0.42003998495948663,
        0.43458998443848984,
        0.4554899836901165,
        0.4792899828379019,
        0.49115998241286885,
        0.5231999812656019,
        0.5593599799708084,
        0.5658999797366285,
        0.57934997925502,
        0.6033499783956439,
        0.6120199780851941,
        0.6664299761369171,
        0.6885899753434265,
        0.6931599751797869,
        0.725059974037533,
        0.808209971060153,
        0.8388199699640904,
        0.8549799693854437,
        0.8739299687068948,
        0.8932799680140229,
        0.9273199667951412,
        0.9692099652951719,
        1.0260299632605991,
        1.0270299632247917,
        1.066799961800734,
        1.0856699611250493,
        1.1243899597385894,
        1.1369599592884911,
        1.180209957739824,
        1.2128399565714305,
        1.2210699562767364,
        1.2846999539983155,
        1.293799953672469,
        1.3277699524560933,
        1.3308999523440166,
        1.3621899512236049,
        1.4027199497723335,
        1.403609949740465,
        1.52617994535156,
        1.5293499452380506,
        1.5603399441283814,
        1.6228099418914972,
        1.654559940754614,
        1.6825299397530828,
        1.7044699389674698,
        1.7701199366167184,
        1.7781899363277531,
        1.8105699351683118,
        1.8499499337582186,
        1.9700799294566835,
        2.006939928136825,
        2.048809926637572,
        2.0523899265093815,
        2.085039925340272,
        2.145269923183596,
        2.1923499214977866,
        2.2359899199351547,
        2.3638399153571874,
        2.374109914989446,
        2.437019912736806,
        2.4583399119733937,
        2.4632299117982956,
        2.5281899094722506,
        2.5473599087858245,
        2.5914799072060046,
        2.6403799054550263,
        2.678259904098644,
        2.7410499018503014,
        2.82465989885645,
        2.845319898116671,
        2.8610598975530634,
        2.9943598927799453,
        3.0207698918342736,
        3.064859890255528,
        3.0855898895132423,
        3.0901498893499606,
        3.1813798860832576,
        3.2003098854054244,
        3.255169883441034,
        3.286839882307016,
        3.2965898819578943,
        3.336979880511636,
        3.3631398795749163,
        3.454909876288877,
        3.462239876026409,
        3.4724398756611743,
        3.517809874036595,
        3.5509098728513724,
        3.5667398722845425,
        3.614749870565432,
        3.630029870018296,
        3.699749867521809,
        3.73094986640462,
        3.761509865310347,
        3.7635398652376586,
        3.786859864402631,
        3.7915598642343373,
        3.848569862192961,
        3.8509298621084556,
        3.886579860831924,
        3.9346598591103072,
        4.047029855086637,
        4.061919854553466,
        4.12422985232231,
        4.1479398514733195,
        4.153119851287837,
        4.162359850956976,
        4.191329849919638,
        4.212479849162314,
        4.28875984643093,
        4.30552984583044,
        4.316999845419731,
        4.398129842514681,
        4.5925598355526605,
        4.67497983260142,
        4.731539830576158,
        4.754129829767269,
        4.820279827398615,
        5.013199820490663,
        5.023499820121848,
        5.075099818274189,
        5.076559818221909,
        5.1101398170195,
        5.121519816612012,
        5.1913598141112285,
        5.261169811611517,
        5.27617981107405,
        5.376869807468609,
        5.389619807012065,
        5.399629806653635,
        5.4799598037772315,
        5.706069795680834,
        5.726799794938548,
        5.732729794726211,
        5.762379793664523,
        5.83185979117663,
        5.864929789992481,
        5.894749788924706,
        6.435829769550073,
        6.513169766780734,
        6.571179764703549,
        6.571679764685646,
        6.59276976393047,
        6.620099762951854,
        6.637139762341697,
        6.725189759188861,
        6.732939758911355,
        6.806329756283455,
        6.822749755695498,
        6.960469750764112,
        7.088589746176476,
        7.099959745769347,
        7.342379737088932,
        7.588449728277821,
        8.652019690194212,
        11.496249588349913,
        11.8743595748108,
        13.286619524241532
    ],
    "et": [
        -216.512293226
    ],
    "fc": [
        0.0014,
        0.1864,
        0.124,
        0.1799,
        0.4319,
        0.3286,
        1.2661,
        0.6685,
        0.9207,
        0.6117,
        1.129,
        1.4855,
        5.516,
        2.8023,
        1.3367,
        1.4517,
        5.6057,
        6.1069,
        6.2715,
        9.2233,
        9.2493
    ],
    "gap": 0.3356099879827,
    "homo": -0.3266899883021014,
    "id": "AZ7_04278",