{
    "A": 11.54309,
    "B": 4.40747,
    "C": 3.51281,
    "Cv": "16.974",
    "G": -569.140677,
    "H": -569.106492,
    "P": 1.0,
    "S": 0.0001146570518194851,
    "T": 298.15,
    "U": -569.107436,
    "U0": -569.11257,
    "alpha": 30.967666666666663,
    "alpha_xx": 52.796,
    "alpha_xy": -0.737,
    "alpha_xz": 43.283,
    "alpha_yy": -0.809,
    "alpha_yz": -2.091,
    "alpha_zz": 40.916,
    "bo": [
        0,
        1,
        1,
        0,
        1,
        1,
        0,
        0,
        0,
        1,
        0,
        0,
        0,
        0,
        0,
        1,
        1,
        0,
        1,
        0,
        0,
        2,
        0,
        0,
        0,
        0,
        1,
        0,
        0,
        2,
        0,
        0,
        0,
        0,
        0,
        0,
        1,
        0,
        0,
        0,
        0,
        0,
        0,
        0,
        0,
        1,
        0,
        0,
        0,
        0,
        0,
        0,
        0,
        0,
        0,
        1,
        0,
        0,
        0,
        0,
        0,
        0,
        0,
        0,
        1,
        0,
        0,
        0,
        0,
        0,
        0,
        0,
        0,
        0,
        1,
        0,
        0,
        0,
        0,
        0,
        0
    ],
    "coords": [
        -0.489506,
        -0.609259,
        -0.076131,
        -1.017432,
        0.703853,
        -0.253524,
        1.324761,
        -0.603345,
        0.473784,
        1.419237,
        0.571487,
        1.412911,
        -0.999255,
        -1.121939,
        0.739332,
        -0.556182,
        -1.212477,
        -0.981544,
        -0.644108,
        1.150956,
        -1.082167,
        -0.773404,
        1.283076,
        0.544865,
        1.735888,
        -0.162353,
        -0.777524
    ],
    "e ne": -1704.648927475,
    "e_disp": -0.005286293899985139,
    "e_k": 567.0612455203,
    "e_nn": 178.9221612854,
    "eigs": [
        -88.98529681367346,
        -19.088959316475194,
        -14.320179487232503,
        -10.23766963341631,
        -8.026509712592059,
        -5.989949785515848,
        -5.988679785561323,
        -5.984089785725678,
        -1.0086699638822143,
        -0.9098499674206953,
        -0.7356499736583333,
        -0.6407299770571655,
        -0.5289999810579192,
        -0.4759799829564242,
        -0.4513499838383589,
        -0.441109984205026,
        -0.3972399857758938,
        -0.3807599863659987,
        -0.29743998934946597,
        -0.2637999905540247,
        -0.2344999916031797,
        -0.004919999823827907,
        0.011679999581770316,
        0.04105999852975078,
        0.05327999809218514,
        0.07006999749097996,
        0.08341999701295202,
        0.12808999541343835,
        0.17502999373264194,
        0.21874999216714525,
        0.23788999148179285,
        0.2552099908616098,
        0.28117998993169324,
        0.3034099891356962,
        0.3264199883117694,
        0.33576998797697083,
        0.3459799876113779,
        0.3899299860376455,
        0.3982499857397284,
        0.4217199848993302,
        0.42549998476397854,
        0.45192998381759064,
        0.48583998260336386,
        0.48956998246980254,
        0.5107899817099708,
        0.5296199810357187,
        0.5327899809222094,
        0.5671499796918694,
        0.6055199783179419,
        0.6807899756227237,
        0.6980699750039729,
        0.7161299743572924,
        0.7414699734499345,
        0.7827599719714498,
        0.8048199711815398,
        0.8134799708714482,
        0.8295199702970987,
        0.8777799685690366,
        0.9077499674958907,
        0.9537499658487533,
        0.9993799642148645,
        1.0186499635248571,
        1.034379962961608,
        1.060229962035988,
        1.1110099602176917,
        1.1410199591431134,
        1.160989958428041,
        1.1656299582618947,
        1.2132099565581818,
        1.251909955172438,
        1.264719954713746,
        1.313229952976732,
        1.319929952736823,
        1.3957799500208365,
        1.423089949042938,
        1.4648399475479819,
        1.4800799470022783,
        1.5188499456140276,
        1.5431299447446256,
        1.5777599435046175,
        1.589309943091043,
        1.5983099427687768,
        1.6254899417955335,
        1.6739899400588776,
        1.6824799397548733,
        1.7037199389943254,
        1.737709937777234,
        1.760239936970495,
        1.800029935545721,
        1.8953899321311334,
        1.9298299308979285,
        1.9629499297119897,
        2.0006299283627698,
        2.0395799269680737,
        2.146749923130601,
        2.2449999196125305,
        2.30457991747913,
        2.3126499171901647,
        2.379769914786776,
        2.3989099141014236,
        2.4179499134196516,
        2.468529911608517,
        2.5167799098808126,
        2.5655199081355633,
        2.6420599053948695,
        2.6968499034329856,
        2.7317099021847424,
        2.817229899122499,
        2.8813498968265323,
        2.911969895730112,
        2.939829894732519,
        2.968179893717381,
        2.997359892672523,
        3.035349891312203,
        3.0475098908767855,
        3.0867698894709896,
        3.197509885505685,
        3.242489883895071,
        3.2515998835688658,
        3.282489882462778,
        3.3098998814812983,
        3.326459880888329,
        3.349109880077293,
        3.365959879473939,
        3.410169877890897,
        3.4312998771342875,
        3.4470798765692483,
        3.494969874854435,
        3.5046898745063877,
        3.557739872606808,
        3.612969870629169,
        3.636479869787339,
        3.6689798686236,
        3.7121498670777973,
        3.744959865902959,
        3.782899864544429,
        3.8135898634455017,
        3.839109862531698,
        3.8531598620286047,
        3.879599861081859,
        3.911829859927789,
        3.966089857984883,
        3.9934898570037616,
        4.002039856697609,
        4.026799855811019,
        4.0593198546465645,
        4.08186985383911,
        4.09661985331095,
        4.133429851992883,
        4.209459849270451,
        4.260549847441054,
        4.2971998461287155,
        4.330039844952803,
        4.349919844240953,
        4.393309842687272,
        4.539999837434695,
        4.653609833366623,
        4.696809831819746,
        4.725799830781692,
        4.78267982874497,
        4.841869826625534,
        4.933379823348805,
        4.944609822946688,
        5.064919818638708,
        5.083729817965172,
        5.157069815339061,
        5.185489814321417,
        5.188649814208266,
        5.243179812255692,
        5.249119812042996,
        5.276259811071185,
        5.303799810085051,
        5.363589807944131,
        5.43209980549097,
        5.457469804582538,
        5.50299980295223,
        5.525729802138329,
        5.702549795806876,
        5.7435097943402065,
        5.761549793694243,
        5.83398979110036,
        5.962299786505921,
        6.025819784231439,
        6.087619782018546,
        6.182209778631529,
        6.3303897733255985,
        6.37767977163227,
        6.696179760227633,
        6.706929759842704,
        6.817379755887784,
        6.991529749651936,
        9.075139675043411,
        11.529429587161825,
        12.961749535874262
    ],
    "et": [
        -569.180931135
    ],
    "fc": [
        0.031,
        0.1271,
        0.0946,
        0.364,
        0.7104,
        0.4403,
        0.6595,
        0.6725,
        0.7528,
        5.9447,
        0.8218,
        2.4821,
        1.1363,
        1.3956,
        1.4114,
        1.7976,
        3.2673,
        5.787,
        6.328,
        7.4596,
        8.1516
    ],
    "gap": 0.2295799917793518,
    "homo": -0.2344999916031797,
    "id": "AZ7_84117",