{
    "A": 25.98851,
    "B": 2.97939,
    "C": 2.75741,
    "Cv": "17.807",
    "G": -439.376112,
    "H": -439.340766,
    "P": 1.0,
    "S": 0.00011855106490023177,
    "T": 298.15,
    "U": -439.341711,
    "U0": -439.347204,
    "alpha": 38.961666666666666,
    "alpha_xx": 77.538,
    "alpha_xy": -9.494,
    "alpha_xz": 46.787,
    "alpha_yy": -0.011,
    "alpha_yz": 0.0,
    "alpha_zz": 39.358,
    "bo": [
        0,
        2,
        0,
        1,
        1,
        0,
        0,
        0,
        2,
        0,
        3,
        0,
        0,
        0,
        0,
        0,
        0,
        3,
        0,
        0,
        0,
        0,
        0,
        0,
        1,
        0,
        0,
        0,
        0,
        1,
        1,
        1,
        1,
        0,
        0,
        0,
        0,
        0,
        0,
        0,
        0,
        0,
        0,
        1,
        0,
        0,
        0,
        0,
        0,
        0,
        0,
        1,
        0,
        0,
        0,
        0,
        0,
        0,
        0,
        1,
        0,
        0,
        0,
        0
    ],
    "coords": [
        0.664658,
        0.517757,
        0.121931,
        1.661866,
        -0.265649,
        -0.159731,
        2.511883,
        -0.966088,
        -0.409658,
        -1.092147,
        -0.07572,
        0.030892,
        0.959159,
        1.519677,
        0.405777,
        -1.878083,
        0.731143,
        -0.937781,
        -1.762666,
        0.032158,
        1.352289,
        -1.064671,
        -1.493278,
        -0.403718
    ],
    "e ne": -1317.981935926,
    "e_disp": -0.0032682090999855973,
    "e_k": 437.6348760263,
    "e_nn": 139.9639428354,
    "eigs": [
        -66.14052763168381,
        -14.466699481986012,
        -14.39089948470021,
        -10.204809634592939,
        -5.285969810723496,
        -3.6448398694879893,
        -3.643989869518426,
        -3.643799869525229,
        -1.1205099598775219,
        -0.8517999694993112,
        -0.5800199792310289,
        -0.5400299806629643,
        -0.4918799823870875,
        -0.4755299829725375,
        -0.45023998387810504,
        -0.3596699871211754,
        -0.356189987245785,
        -0.3524499873797044,
        -0.23228999168231393,
        -0.05056999818922302,
        -0.0010899999609700038,
        0.019689999294953554,
        0.037659998651495726,
        0.06559999765103876,
        0.06919999752213235,
        0.0902799967673137,
        0.16427999411757085,
        0.17088999388088436,
        0.18792999327072737,
        0.20123999279413168,
        0.24783999112550983,
        0.2539899909052947,
        0.2673799904258345,
        0.27555999013293053,
        0.2765599900971231,
        0.3244399883826679,
        0.3662599868852051,
        0.3677599868314941,
        0.3752199865643714,
        0.4294699846218234,
        0.430619984580645,
        0.46594998331557175,
        0.4780999828805127,
        0.5248199812075939,
        0.5349899808434333,
        0.554529980143758,
        0.5816199791737373,
        0.6055599783165095,
        0.6423899769977255,
        0.6513099766783239,
        0.6872499753914083,
        0.6966599750544613,
        0.7689699724652329,
        0.7781699721358053,
        0.7983699714124972,
        0.8210599706000288,
        0.8356799700765254,
        0.8542599694112252,
        0.8712999688010682,
        0.8911199680913668,
        0.918059967126717,
        0.9498799659873276,
        0.9622699655436747,
        0.9910799645120654,
        1.0055499639939331,
        1.0354299629240102,
        1.0802299613198414,
        1.0927199608726077,
        1.1198599599007968,
        1.1599699584645644,
        1.1838099576109176,
        1.2312999559104272,
        1.246349955371527,
        1.2770399542725994,
        1.2973999535435623,
        1.3339299522355204,
        1.3617399512397184,
        1.3704199509289106,
        1.402109949794176,
        1.436319948569207,
        1.4793299470291335,
        1.48335994688483,
        1.5082799459925114,
        1.5367099449745087,
        1.5765399435483025,
        1.5809199433914665,
        1.621749941929453,
        1.66195994048964,
        1.8449799339361812,
        1.8558299335476716,
        2.007349928122144,
        2.1590399226905292,
        2.286509918126168,
        2.3073799173788694,
        2.3513399158047785,
        2.4225499132549384,
        2.4697299115655484,
        2.507949910196992,
        2.6850499038555125,
        2.7201499025986746,
        2.7534899014048584,
        2.780079900452741,
        2.795829899888776,
        2.8055898995392963,
        2.888609896566571,
        2.9370698948313474,
        2.9914098928855775,
        3.0236598917307904,
        3.0812598896682877,
        3.0878498894323174,
        3.1165498884046468,
        3.135359887731111,
        3.1413998875148343,
        3.1874698858651906,
        3.2113698850093955,
        3.2365498841077667,
        3.2890398822282396,
        3.3001198818314945,
        3.3533598799251116,
        3.3882998786740033,
        3.3959398784004353,
        3.4196198775525177,
        3.423349877418956,
        3.4572498762050876,
        3.540989873206581,
        3.542929873137115,
        3.5521198728080456,
        3.5897698714599,
        3.609409870756643,
        3.619419870398212,
        3.6382298697246758,
        3.650879869271713,
        3.6966998676310205,
        3.711689867094269,
        3.7311798663963844,
        3.7891998643188427,
        3.810079863571185,
        3.8270098629649674,
        3.880629861044978,
        3.880839861037458,
        3.889299860734528,
        3.9393498589423706,
        3.957009858310013,
        4.019789856062029,
        4.062749854523745,
        4.068039854334325,
        4.090989853512546,
        4.115939852619154,
        4.129069852149002,
        4.185269850136631,
        4.213459849127222,
        4.239339848200529,
        4.272559847011009,
        4.347459844329038,
        4.363059843770444,
        4.3792698431900074,
        4.428869841413964,
        4.534549837629845,
        4.557149836820599,
        4.638599833904092,
        4.640629833831402,
        4.662799833037553,
        4.67315983266659,
        4.764369829400603,
        4.84454982652957,
        4.901719824482465,
        4.991979821250494,
        5.083129817986656,
        5.252249811930919,
        5.268749811340099,
        5.2748198111227484,
        5.50429980290568,
        5.627429798496723,
        6.448179769107852,
        6.58674976414603,
        6.615449763118359,
        6.709999759732775,
        8.01104971314564,
        11.64653958296843,
        16.370959413799536
    ],
    "et": [
        -439.395496152
    ],
    "fc": [
        0.0015,
        0.094,
        0.1109,
        0.725,
        2.5539,
        0.3888,
        0.3336,
        0.9329,
        0.5409,
        0.5702,
        0.5935,
        1.4574,
        3.0222,
        12.7993,
        3.0194,
        3.3594,
        3.2061,
        6.4252
    ],
    "gap": 0.18171999349309093,
    "homo": -0.23228999168231393,
    "id": "AZ7_82020",
    "ir": [
        0.2921,
        1.9139,
        33.5527,
        8.3446,
        5.1201,
        21.7979,
        68.5635,
        27.6785,
        48.4356,
        244.7653,
        131.2176,
        4.818,
        103.5066,
        632.7311,
        126.2921,
        5.3728,
        119.2007,
        4.2034
    ],
    "lumo": -0.05056999818922302,
    "ma": [
        12.0,
        14.00307,
        14.00307,
        27.97693,
        1.00783,
        1.00783,
        1.00783,
        1.00783
    ],
    "mr": [
        1.2262,
        5.0445,
        1.1767,
        4.91,
        13.2023,
        1.7243,
        1.2219,
        2.5462,
        1.0422,
        1.0904,
        1.045,
        1.736,
        2.936,
        4.5002,
        1.0513,
        1.1556,
        1.0865,
        1.085
    ],