{
    "A": 14.53317,
    "B": 4.86197,
    "C": 4.58644,
    "Cv": "17.186",
    "G": -502.100168,
    "H": -502.066703,
    "P": 1.0,
    "S": 0.00011224215998651122,
    "T": 298.15,
    "U": -502.067647,
    "U0": -502.072584,
    "alpha": 37.79033333333333,
    "alpha_xx": 68.326,
    "alpha_xy": 0.985,
    "alpha_xz": 51.884,
    "alpha_yy": -1.062,
    "alpha_yz": 0.405,
    "alpha_zz": 46.107,
    "bo": [
        0,
        1,
        1,
        0,
        0,
        1,
        0,
        0,
        0,
        1,
        0,
        0,
        0,
        0,
        0,
        0,
        0,
        0,
        1,
        0,
        0,
        1,
        1,
        1,
        0,
        0,
        0,
        0,
        0,
        1,
        0,
        0,
        0,
        0,
        0,
        0,
        0,
        0,
        1,
        0,
        0,
        0,
        0,
        0,
        0,
        1,
        0,
        1,
        0,
        0,
        0,
        1,
        1,
        0,
        0,
        0,
        0,
        0,
        0,
        1,
        0,
        0,
        0,
        0,
        0,
        0,
        0,
        0,
        1,
        0,
        0,
        1,
        0,
        0,
        0,
        0,
        0,
        0,
        0,
        1,
        0
    ],
    "coords": [
        0.823351,
        0.98138,
        -0.109131,
        0.829925,
        2.153644,
        -0.224602,
        1.469208,
        -0.408758,
        -0.338926,
        1.281187,
        -1.092401,
        -1.161098,
        2.474264,
        -0.509307,
        0.06473,
        0.417566,
        -0.191747,
        0.754558,
        0.406336,
        -0.577253,
        1.761564,
        -1.148673,
        -0.117093,
        -0.188348,
        -1.798782,
        0.781986,
        0.580742
    ],
    "e ne": -1471.607497442,
    "e_disp": -0.004044037700026593,
    "e_k": 500.2860034748,
    "e_nn": 142.6397482119,
    "eigs": [
        -88.92149681595795,
        -10.199369634787733,
        -10.163989636054595,
        -7.971999714543918,
        -6.749099758332709,
        -5.9359397874498026,
        -5.932389787576918,
        -5.928539787714776,
        -0.843239969805822,
        -0.7199199742215827,
        -0.5789699792686267,
        -0.5122999816559017,
        -0.47182998310502466,
        -0.4232299848452612,
        -0.3884199860917145,
        -0.3623699870244957,
        -0.3008699892266469,
        -0.28713998971828153,
        -0.2456099912053602,
        -0.01496999946396418,
        0.006049999783365617,
        0.02550999908655486,
        0.0663299976248994,
        0.07186999742652676,
        0.10316999630575714,
        0.11566999585816544,
        0.12098999566767042,
        0.14921999465682934,
        0.16170999420959567,
        0.20893999251841522,
        0.21616999225952818,
        0.22688999187567355,
        0.24089999137401277,
        0.25073999102166855,
        0.25965999070226714,
        0.28657998973833365,
        0.3061099890390164,
        0.33114998814240065,
        0.34104998778790807,
        0.3641099869621909,
        0.3932199859198393,
        0.40802998538953267,
        0.4183199850210752,
        0.4350299844227346,
        0.44547998404854794,
        0.45965998354079995,
        0.4801999828053173,
        0.4868099825686308,
        0.504219981945225,
        0.5547699801351642,
        0.5995699785309956,
        0.6017699784522195,
        0.6416699770235067,
        0.6669699761175811,
        0.6924299752059263,
        0.7184099742756518,
        0.7394699735215492,
        0.7456999732984696,
        0.7868599718246396,
        0.8101299709914029,
        0.8359699700661413,
        0.8982999678342701,
        0.9049499675961512,
        0.9434299662182849,
        0.9643599654688374,
        0.9920499644773323,
        1.0136999637021036,
        1.0318599630518421,
        1.0539599622605,
        1.0847599611576342,
        1.1156699600508293,
        1.1441499590310364,
        1.1605499584437962,
        1.1737299579718554,
        1.2075199567619255,
        1.2253099561249132,
        1.2465099553657975,
        1.2686199545740973,
        1.2988799534905675,
        1.33314995226345,
        1.3475399517481823,
        1.413969949369501,
        1.4382299485008152,
        1.4731299472511392,
        1.5091599459610008,
        1.5315299451599906,
        1.5473799445924445,
        1.5869099431769806,
        1.6241199418445895,
        1.631689941573528,
        1.6829599397376858,
        1.6959099392739807,
        1.757089937083288,
        1.7812899362167505,
        1.79446993574481,
        1.8416399340557776,
        1.8613299333507312,
        1.864369933241877,
        1.891079932285463,
        1.909359931630905,
        1.9487299302211702,
        1.962349929733474,
        2.0061199281661874,
        2.012789927927352,
        2.046389926724226,
        2.088329925222466,
        2.1315499236748727,
        2.139779923380179,
        2.189999921581934,
        2.202679921127897,
        2.299689917654227,
        2.31739991702008,
        2.378089914846932,
        2.4158299134955636,
        2.4782399112608275,
        2.529279909433221,
        2.596209907036636,
        2.6134999064175277,
        2.640269905458965,
        2.71451990280027,
        2.770429900798282,
        2.81110989934164,
        2.8322298985853886,
        2.88787989659271,
        2.9370598948317053,
        2.9690798936851546,
        2.9904998929181614,
        3.036299891278186,
        3.0574998905190705,
        3.08531988952291,
        3.1324398878356683,
        3.153489887081924,
        3.1877498858551645,
        3.2121698849807494,
        3.2355798841424996,
        3.2527998835258973,
        3.277959882624985,
        3.300059881833643,
        3.3503998800311017,
        3.3846298788054163,
        3.39663987837537,
        3.424069877393175,
        3.458589876157106,
        3.477929875464592,
        3.5304798735829164,
        3.5655898723257207,
        3.6011298710531277,
        3.613949870594078,
        3.6350098698399753,
        3.7166798669155905,
        3.7356398662366836,
        3.744299865926592,
        3.76852986505898,
        3.8083898636316995,
        3.8225898631232353,
        3.878399861124828,
        3.918889859674989,
        3.9483898586186723,
        3.9620098581309766,
        3.982079857412323,
        4.001509856716586,
        4.030049855694646,
        4.052119854904378,
        4.09043985353224,
        4.109289852857272,
        4.155149851215148,
        4.184869850150953,
        4.202989849502124,
        4.220069848890535,
        4.258249847523412,
        4.36152984382523,
        4.411959842019465,
        4.504859838692964,
        4.570069836357968,
        4.649419833516656,
        4.676029832563823,
        4.832789826950665,
        4.858649826024687,
        4.935449823274683,
        4.958569822446818,
        5.03419981973871,
        5.04655981929613,
        5.118669816714063,
        5.190379814146319,
        5.23823981243258,
        5.33202980907421,
        5.3665698078374255,
        5.5069898028093585,
        5.631029798367817,
        5.718209795246133,
        5.940679787280075,
        9.2797796677158,
        11.222469598153245,
        12.528409551391013
    ],
    "et": [
        -502.136660193
    ],
    "fc": [
        0.0446,
        0.1707,
        0.1369,
        1.1215,
        0.2852,
        0.4197,
        0.8151,
        0.5528,
        0.6607,
        0.7223,
        0.9982,
        0.8429,
        1.0287,
        1.0334,
        3.114,
        1.4663,
        4.2603,
        4.894,
        5.8596,
        6.4414,
        6.5895
    ],
    "gap": 0.23063999174139602,
    "homo": -0.2456099912053602,
    "id": "AZ7_00027",