{
    "A": 17.64011,
    "B": 4.31681,
    "C": 3.46811,
    "Cv": "14.006",
    "G": -587.87663,
    "H": -587.843338,
    "P": 1.0,
    "S": 0.00011166191514325123,
    "T": 298.15,
    "U": -587.844282,
    "U0": -587.848936,
    "alpha": 24.430999999999997,
    "alpha_xx": 50.096,
    "alpha_xy": 2.465,
    "alpha_xz": 36.702,
    "alpha_yy": 0.004,
    "alpha_yz": -0.015,
    "alpha_zz": 23.193,
    "bo": [
        0,
        2,
        1,
        0,
        1,
        0,
        2,
        0,
        0,
        0,
        0,
        0,
        1,
        0,
        0,
        1,
        0,
        0,
        0,
        0,
        1,
        0,
        0,
        1,
        1,
        0,
        0,
        0,
        0,
        0,
        0,
        0,
        0,
        1,
        0,
        0
    ],
    "coords": [
        -0.827352,
        0.054749,
        -0.180122,
        -0.474341,
        1.162783,
        -0.467528,
        -0.049297,
        -0.934517,
        0.290601,
        1.625756,
        -0.620353,
        0.515962,
        -1.852076,
        -0.327471,
        -0.258029,
        1.577309,
        0.66481,
        0.099117
    ],
    "e ne": -1708.291250257,
    "e_disp": -0.002254131900002676,
    "e_k": 585.7281274972,
    "e_nn": 157.785547995,
    "eigs": [
        -88.94773681501837,
        -19.213949311999638,
        -19.146469314415917,
        -10.323009630360513,
        -7.995759713693135,
        -5.963539786461519,
        -5.955889786735446,
        -5.948849786987529,
        -1.1287599595821114,
        -1.0478999624774925,
        -0.7682199724920883,
        -0.6223099777167368,
        -0.553569980178133,
        -0.496589982218435,
        -0.47805998288194496,
        -0.40650998544395983,
        -0.3859499861801587,
        -0.3691199867827961,
        -0.31484998872606024,
        -0.2590599907237516,
        -0.05666999797079827,
        -0.01928999930927649,
        0.028109998993455784,
        0.06496999767359737,
        0.16310999415946542,
        0.18477999338352044,
        0.2087899925237863,
        0.24293999130096577,
        0.25408999090171397,
        0.293079989505586,
        0.293759989481237,
        0.3119199888309757,
        0.3231599884285013,
        0.3827199862958164,
        0.3901899860283355,
        0.4153599851270649,
        0.4191099849927874,
        0.4881299825213651,
        0.5159599815248469,
        0.5293699810446706,
        0.5769699793402413,
        0.6012099784722715,
        0.644079976937211,
        0.6449599769057005,
        0.726819973974512,
        0.7329899737535809,
        0.7449799733242508,
        0.8202599706286746,
        0.8261499704177694,
        0.8544399694047797,
        0.8657499689997988,
        0.9635499654978413,
        1.0106599638109577,
        1.0687299617316257,
        1.1089399602918129,
        1.1331099594263496,
        1.2196399563279408,
        1.2958799535979892,
        1.3743499507881878,
        1.400479949852542,
        1.4739299472224932,
        1.4846399468389966,
        1.4974199463813789,
        1.5395699448720999,
        1.5466399446189418,
        1.5679999438540972,
        1.6055399425098897,
        1.6568499406726152,
        1.6628799404566972,
        1.718499938465093,
        1.787899935980064,
        1.8211799347883957,
        1.842649934019612,
        1.8582799334599436,
        1.87377993290493,
        1.9024799318772592,
        1.9443699303772901,
        1.9856299288998793,
        2.034499927149975,
        2.0986199248540087,
        2.1631199225444355,
        2.205969921010091,
        2.22329992038955,
        2.2531599193203427,
        2.3316399165101833,
        2.5000999104780797,
        2.541149909008188,
        2.5519999086196785,
        2.6616899046919715,
        2.7154899027655373,
        2.719039902638421,
        2.89664989627868,
        2.92965989509668,
        2.9908898929041965,
        3.017289891958883,
        3.0676098901570583,
        3.1390498875989823,
        3.205099885233907,
        3.245849883774758,
        3.286539882317758,
        3.316069881260367,
        3.3477898801245587,
        3.406359878027323,
        3.507899874391446,
        3.581269871764262,
        3.627479870109605,
        3.6902498678619784,
        3.755809865514449,
        3.802049863858718,
        3.872559861333943,
        3.9321298592009,
        3.9786698575344266,
        3.998339856830096,
        4.072129854187873,
        4.096169853327065,
        4.217089848997241,
        4.289169846416249,
        4.384139843015626,
        4.45168984059684,
        4.62260983447665,
        4.7471498300172055,
        4.843689826560364,
        4.985429821485033,
        5.104019817238641,
        5.111609816966864,
        5.180229814509763,
        5.211469813391143,
        5.274879811120599,
        5.330969809112165,
        5.425289805734818,
        5.481249803731039,
        5.571529800498354,
        5.706779795655412,
        5.907679788461717,
        5.958059786657743,
        6.06812978271643,
        6.195809778144549,
        6.223939777137288,
        6.304949774236537,
        6.430739769732332,
        6.466109768465826,
        6.599019763706674,
        6.703009759983068,
        6.794439756709203,
        6.840629755055263,
        6.927519751943964,
        7.044619747750925,
        7.191389742495482,
        7.367389736193391,
        9.43553966213845,
        10.519539623323297,
        13.198629527392221
    ],
    "et": [
        -587.881068397
    ],
    "fc": [
        0.0137,
        0.3752,
        0.1737,
        2.8347,
        1.3646,
        0.7448,
        0.978,
        6.5756,
        1.2364,
        18.6193,
        4.2132,
        5.9562
    ],
    "gap": 0.2023899927529533,
    "homo": -0.2590599907237516,
    "id": "AZ7_87791",
    "ir": [
        8.1572,
        15.5715,
        33.4484,
        9.8852,
        1.507,
        13.2628,
        0.1157,
        246.5487,
        5.4707,
        291.0358,
        15.0291,
        22.419
    ],
    "lumo": -0.05666999797079827,
    "ma": [
        12.0,
        15.99491,
        15.99491,
        31.97207,
        1.00783,
        1.00783
    ],
    "mr": [
        1.1645,
        9.2428,
        2.3813,
        11.4672,
        4.0302,
        1.3093,
        1.6336,
        8.6981,
        1.1234,
        9.9187,
        1.0374,
        1.0919
    ],
    "mu": 0.7054614163793793,
    "mu_x": -0.1304,
    "mu_xx=": 0.4423,
    "mu_xxx=": 1.7816,
    "mu_xxy=": 6.6168,
    "mu_xxz=": -0.0133,
    "mu_xy=": 5.2341,
    "mu_xyy=": -1.2908,
    "mu_xyz=": 0.009,
    "mu_xz=": 0.0029,
    "mu_xzz=": 4.1141,
    "mu_y": 0.6933,
    "mu_yy=": 0.6498,
    "mu_yyy=": -1.3588,
    "mu_yyz=": 0.0088,
    "mu_yz=": -0.0135,
    "mu_yzz=": 0.6574,
    "mu_z": 0.0026,
    "mu_zz=": -1.0921,
    "mu_zzz=": 0.0033,
    "na": 6,
    "ne": 40,
    "ne_down": 20,
    "ne_up": 20,
    "ni": 4,
    "oemga": [
        141.146,
        262.4719,
        351.9043,
        647.7423,
        758.0925,
        982.595,
        1008.0022,
        1132.7397,
        1366.7206,
        1784.9659,
        2625.4932,
        3042.728
    ],
    "oemga0": 3042.728,
    "qa": [
        0.262835,
        -0.300126,
        -0.251836,
        0.077607,
        0.093033,
        0.118487
    ],
    "r2": 340.1354,