{
    "A": 12.14274,
    "B": 4.69688,
    "C": 3.43935,
    "Cv": "17.771",
    "G": -511.683078,
    "H": -511.648885,
    "P": 1.0,
    "S": 0.00011468388395108546,
    "T": 298.15,
    "U": -511.649829,
    "U0": -511.655106,
    "alpha": 29.602333333333334,
    "alpha_xx": 57.495,
    "alpha_xy": 5.642,
    "alpha_xz": 56.445,
    "alpha_yy": -1.15,
    "alpha_yz": 1.133,
    "alpha_zz": 32.462,
    "bo": [
        0,
        2,
        0,
        0,
        1,
        1,
        0,
        0,
        2,
        0,
        1,
        0,
        0,
        0,
        0,
        0,
        0,
        1,
        0,
        1,
        0,
        0,
        1,
        0,
        0,
        0,
        1,
        0,
        0,
        0,
        0,
        1,
        1,
        0,
        0,
        0,
        0,
        0,
        0,
        0,
        1,
        0,
        0,
        0,
        0,
        0,
        0,
        0,
        0,
        0,
        1,
        0,
        0,
        0,
        0,
        0,
        0,
        0,
        0,
        1,
        0,
        0,
        0,
        0
    ],
    "coords": [
        1.44448,
        0.468485,
        -0.043778,
        0.80173,
        -1.056183,
        -0.021957,
        -0.889376,
        -0.860035,
        0.200368,
        -1.505092,
        0.40361,
        -0.028041,
        2.5213,
        0.549306,
        -0.100577,
        0.872082,
        1.383877,
        -0.008939,
        -1.457483,
        -1.569934,
        -0.244952,
        -1.787641,
        0.680875,
        0.851709
    ],
    "e ne": -1532.419789772,
    "e_disp": -0.003030481100012139,
    "e_k": 509.7174891232,
    "e_nn": 160.4436875511,
    "eigs": [
        -77.09815723932026,
        -19.171679313513213,
        -14.372249485368014,
        -10.16603963598119,
        -6.560529765084898,
        -4.723309830870852,
        -4.72246983090093,
        -4.717529831077818,
        -1.0751499615017428,
        -0.8293599703028278,
        -0.707469974667384,
        -0.5638899798086013,
        -0.5331499809093188,
        -0.46810998323822794,
        -0.44869998393324834,
        -0.4020199856047348,
        -0.32307998843136587,
        -0.3058999890465359,
        -0.28001998997322974,
        -0.22989999176789344,
        -0.03864999861604646,
        0.008909999680956635,
        0.030819998896417903,
        0.07422999734202144,
        0.09261999668352452,
        0.10982999606728028,
        0.11599999584634901,
        0.15638999440009071,
        0.25800999076134923,
        0.2668599904444543,
        0.2746999901637248,
        0.2852399897863155,
        0.3142499887475447,
        0.332059988109816,
        0.3495599874831876,
        0.3663399868823405,
        0.3790799864261551,
        0.4100999853154115,
        0.42467998479334057,
        0.4527599837878705,
        0.46657998329301315,
        0.4757999829628695,
        0.4978499821733178,
        0.5265299811463634,
        0.5569499800571042,
        0.583009979123965,
        0.6001799785091532,
        0.6157599779512747,
        0.6363599772136437,
        0.6601899763603548,
        0.6839399755099306,
        0.7258899740078129,
        0.7629199726818672,
        0.7786999721168274,
        0.8483999696210561,
        0.8740299687033141,
        0.9029899676663337,
        0.925709966852791,
        1.0022299641128136,
        1.031339963070462,
        1.0453099625702336,
        1.0620799619697445,
        1.1073899603473143,
        1.1638199583267064,
        1.183869957608769,
        1.2106399566502066,
        1.2332999558388127,
        1.2748999543492272,
        1.3061199532313224,
        1.3239799525918032,
        1.3322799522946025,
        1.3520699515859753,
        1.3563899514312876,
        1.4226699490579775,
        1.4666799474820964,
        1.5015899462320623,
        1.5188999456122372,
        1.5842299432729443,
        1.593879942927403,
        1.5987399427533797,
        1.6260799417744072,
        1.6574799406500567,
        1.666179940338533,
        1.7026899390312071,
        1.7481099374048379,
        1.8664299331681138,
        1.8829599325762185,
        1.9444099303758577,
        1.9611899297750106,
        1.9851999289152766,
        2.0789799255572645,
        2.102749924706124,
        2.1270699238352897,
        2.20061992120166,
        2.2320899200748032,
        2.306809917399279,
        2.4079499137777254,
        2.5031599103685087,
        2.5237999096294454,
        2.5728299078738117,
        2.6739399042533316,
        2.7119199028933694,
        2.7610499011341547,
        2.8038198996026753,
        2.99017989292962,
        3.0038698924394174,
        3.0386498911940385,
        3.0619598903593697,
        3.087079889459889,
        3.1002498889883063,
        3.116949888390324,
        3.1762898862655162,
        3.2106998850333865,
        3.2492498836530137,
        3.2752198827230967,
        3.2826198824581225,
        3.3313398807135894,
        3.3689398793672334,
        3.395889878402226,
        3.408209877961079,
        3.445989876608278,
        3.4587698761506602,
        3.5140998741694407,
        3.5837698716747433,
        3.6486298693522796,
        3.7019998674412418,
        3.7125798670624004,
        3.751579865665914,
        3.774379864849507,
        3.799459863951459,
        3.865959861570271,
        3.8957598605032127,
        3.933899859137521,
        3.945409858725378,
        3.9565898583250525,
        3.998379856828664,
        4.029169855726155,
        4.040459855321892,
        4.07553985406577,
        4.114449852672506,
        4.151309851352647,
        4.181099850285947,
        4.246619847939851,
        4.36381984374323,
        4.408629842138704,
        4.5321798377147084,
        4.609589834942861,
        4.734119830483774,
        4.7611898295144695,
        4.795139828298812,
        4.844569826528854,
        4.8978298246217555,
        4.905699824339952,
        4.9392698231378995,
        5.033779819753748,
        5.057689818897594,
        5.197489813891729,
        5.232429812640621,
        5.310799809834401,
        5.375739807509072,
        5.40977980629019,
        5.508649802749918,
        5.570459800536667,
        5.659099797362704,
        5.742349794381744,
        5.775629793190075,
        5.8154797917631535,
        6.03433978392636,
        6.350159772617687,
        6.395139771007073,
        6.553539765335191,
        6.601519763617155,
        6.674809760992836,
        6.763149757829616,
        7.020689748607794,
        7.180209742895808,
        7.363449736334472,
        10.266199632394725,
        11.29759959546304,
        11.485989588717297
    ],
    "et": [
        -511.711322287
    ],
    "fc": [
        0.0762,
        0.1448,
        0.0582,
        0.3465,
        0.2906,
        0.2712,
        0.4663,
        0.8194,
        0.6533,
        3.4064,
        3.0633,
        1.2624,
        1.4212,
        1.3322,
        6.1495,
        6.9271,
        7.9136,
        8.9393
    ],
    "gap": 0.191249993151847,
    "homo": -0.22989999176789344,
    "id": "AZ7_89665",
    "ir": [
        2.4222,
        3.3625,
        41.5012,
        13.2115,
        216.0234,
        5.6348,
        67.2601,
        23.3984,
        20.1519,
        9.2368,
        20.0205,
        50.1265,
        18.0474,
        0.3329,
        0.5203,
        0.1033,
        21.7008,
        49.5125
    ],
    "lumo": -0.03864999861604646,
    "ma": [
        12.0,
        30.97376,
        14.00307,
        15.99491,
        1.00783,
        1.00783,
        1.00783,
        1.00783
    ],
    "mr": [
        3.3958,
        4.3773,
        1.1448,
        3.0762,
        1.8346,
        1.0807,
        1.2966,
        2.2144,
        1.5719,
        5.7606,
        4.9095,
        1.1632,
        1.2123,
        1.0968,
        1.0536,
        1.1163,
        1.0765,
        1.0682
    ],