{
    "A": 38.65716,
    "B": 4.22834,
    "C": 3.90488,
    "Cv": "10.737",
    "G": -310.191246,
    "H": -310.160468,
    "P": 1.0,
    "S": 0.00010322991782659056,
    "T": 298.15,
    "U": -310.161412,
    "U0": -310.165057,
    "alpha": 14.809666666666667,
    "alpha_xx": 28.909,
    "alpha_xy": 0.393,
    "alpha_xz": 20.638,
    "alpha_yy": -0.061,
    "alpha_yz": 1.587,
    "alpha_zz": 15.581,
    "bo": [
        0,
        1,
        0,
        0,
        0,
        0,
        1,
        0,
        1,
        0,
        1,
        0,
        0,
        1,
        0,
        1,
        0,
        1,
        0,
        0,
        1,
        0,
        0,
        0,
        0,
        1,
        0,
        0,
        0,
        0,
        0,
        0,
        1,
        0,
        0,
        0
    ],
    "coords": [
        -1.709396,
        -0.148654,
        0.023985,
        -0.479162,
        0.528921,
        -0.186579,
        0.479677,
        -0.528248,
        0.187265,
        1.710022,
        0.148276,
        -0.026018,
        -0.450285,
        1.141302,
        0.632518,
        0.44906,
        -1.141609,
        -0.631045
    ],
    "e ne": -989.5664120445,
    "e_disp": -0.0018218798000049219,
    "e_k": 308.6793853946,
    "e_nn": 127.0183226355,
    "eigs": [
        -24.71100911516456,
        -24.710929115167428,
        -14.447739482664918,
        -14.447619482669216,
        -1.248509955294183,
        -1.2276999560393336,
        -0.9474199660754137,
        -0.7753199722378563,
        -0.5844199790734766,
        -0.5523899802203857,
        -0.5170099814872492,
        -0.5017099820351014,
        -0.45029998387595654,
        -0.42900998463829476,
        -0.3933399859155425,
        -0.35870998715555047,
        -0.2730499902228069,
        -0.018959999321092907,
        0.0327699988265936,
        0.04384999842984832,
        0.06502999767144894,
        0.11087999602968258,
        0.34003998782407346,
        0.36702998685763344,
        0.3834099862711093,
        0.4027999855768051,
        0.4069799854271304,
        0.46603998331234914,
        0.5219899813089287,
        0.5236199812505627,
        0.5620499798744868,
        0.6430499769740926,
        0.6527199766278355,
        0.6629299762622428,
        0.723009974110938,
        0.788839971753741,
        0.8209599706036094,
        0.8444499697624951,
        0.8801099684856054,
        0.9048999675979417,
        0.9350099665197827,
        1.0152199636476764,
        1.1132599601371251,
        1.1532999587033994,
        1.272069954450562,
        1.2732399544086674,
        1.3096199531059967,
        1.3779599506589233,
        1.4359799485813816,
        1.4716699473034178,
        1.5025999461958968,
        1.6385999413260992,
        1.6490299409526288,
        1.667519940290551,
        1.7839999361197125,
        1.7904199358898294,
        1.9508199301463327,
        1.9682899295207785,
        2.0114099279767665,
        2.033909927171101,
        2.211459920813509,
        2.241939919722101,
        2.2820299182865846,
        2.3031899175289015,
        2.3642599153421475,
        2.4737399114219603,
        2.5728799078720215,
        2.637799905547409,
        2.839439898327218,
        3.0266498916237263,
        3.07576988986487,
        3.083129889601328,
        3.128519887976033,
        3.1620298867761294,
        3.231539884287161,
        3.298669881883415,
        3.3874798787033655,
        3.406249878031262,
        3.503749874540046,
        3.56651987229242,
        3.6088498707766954,
        3.61883987041898,
        3.7567098654822226,
        3.8023798638469017,
        3.8100298635729755,
        3.848149862208,
        3.866229861560603,
        3.901259860306272,
        3.9749698576669137,
        3.994489856967954,
        4.059939854624364,
        4.089669853559812,
        4.128419852172278,
        4.242629848082722,
        4.461139840258461,
        4.473059839831637,
        4.532409837706472,
        4.565109836535572,
        4.620109834566169,
        4.642999833746539,
        4.651109833456141,
        4.696189831841946,
        4.769879829203304,
        4.791939828413395,
        4.931529823415049,
        4.970319822026082,
        5.146599815713964,
        5.1613498151858055,
        5.194969813981964,
        5.296439810348593,
        5.413979806139799,
        5.46910980416574,
        5.567819800631199,
        5.607999799192459,
        5.630159798398969,
        5.828709791289422,
        5.851609790469434,
        5.942649787209535,
        6.044429783565064,
        6.447039769148673,
        6.853929754579026,
        6.855969754505979,
        6.860509754343412,
        6.866589754125704,
        6.907759752651516,
        6.9146097524062355,
        6.924289752059622,
        6.962189750702523,
        7.1758297430526445,
        7.213719741695904,
        7.218279741532622,
        7.238029740825428,
        7.459249732904129,
        7.485959731947716,
        8.263019704123264,
        8.270139703868319,
        8.287799703235962,
        8.314199702290647,
        8.582239692692848,
        8.640109690620678,
        8.661179689866218,
        8.684019689048379,
        8.860699682721938,
        8.91297968084993,
        9.951259643671888,
        10.60467962027466,
        10.89393960991703,
        11.164289600236517
    ],
    "et": [
        -310.201152781
    ],
    "fc": [
        0.0402,
        0.566,
        1.6165,
        6.1987,
        6.6433,
        7.05,
        0.8638,
        1.2934,
        1.2734,
        1.452,
        7.2916,
        7.3617
    ],
    "gap": 0.254089990901714,
    "homo": -0.2730499902228069,
    "id": "AZ7_97418",
    "ir": [
        16.9547,
        8.3603,
        0.0,
        0.0021,
        119.9707,
        0.0004,
        111.4636,
        0.0001,
        39.647,
        0.0,
        0.0,
        8.8703
    ],
    "lumo": -0.018959999321092907,
    "ma": [
        18.9984,
        14.00307,
        14.00307,
        18.9984,
        1.00783,
        1.00783
    ],
    "mr": [
        5.94,
        9.2718,
        12.3689,
        12.3489,
        12.2394,
        11.9871,
        1.1191,
        1.2374,
        1.1061,
        1.095,
        1.0779,
        1.0768
    ],
    "mu": 0.0039051248379533272,
    "mu_x": -0.003,
    "mu_xx=": -3.299,
    "mu_xxx=": -0.0042,
    "mu_xxy=": 0.003,
    "mu_xxz=": 0.0012,
    "mu_xy=": -1.1486,
    "mu_xyy=": -0.0022,
    "mu_xyz=": -0.002,
    "mu_xz=": -1.2392,
    "mu_xzz=": -0.005,
    "mu_y": -0.0007,
    "mu_yy=": 2.8841,
    "mu_yyy=": -0.0081,
    "mu_yyz=": 0.0013,
    "mu_yz=": 3.462,
    "mu_yzz=": 0.0053,
    "mu_z": 0.0024,
    "mu_zz=": 0.4149,
    "mu_zzz=": -0.0069,
    "na": 6,
    "ne": 34,
    "ne_down": 17,
    "ne_up": 17,
    "ni": 4,
    "oemga": [
        -107.1636,
        321.8942,
        470.9722,
        923.0227,
        959.8102,
        999.1112,
        1144.6112,
        1331.9032,
        1397.8033,
        1500.213,
        3388.4825,
        3406.4276
    ],
    "oemga0": 3406.4276,
    "qa": [
        -0.203469,
        0.049749,
        0.049636,
        -0.203443,
        0.15379,
        0.153737
    ],
    "r2": 279.789,