{
    "A": 8.99589,
    "B": 4.46439,
    "C": 3.22669,
    "Cv": "16.670",
    "G": -614.552287,
    "H": -614.518526,
    "P": 1.0,
    "S": 0.00011323494885133926,
    "T": 298.15,
    "U": -614.519471,
    "U0": -614.524405,
    "alpha": 28.261333333333337,
    "alpha_xx": 51.694,
    "alpha_xy": -0.051,
    "alpha_xz": 40.803,
    "alpha_yy": -1.291,
    "alpha_yz": 0.703,
    "alpha_zz": 34.381,
    "bo": [
        0,
        1,
        0,
        0,
        1,
        1,
        1,
        0,
        0,
        1,
        0,
        1,
        1,
        0,
        0,
        0,
        1,
        0,
        0,
        1,
        0,
        0,
        0,
        0,
        0,
        0,
        1,
        0,
        1,
        0,
        0,
        0,
        0,
        0,
        0,
        0,
        1,
        0,
        0,
        0,
        0,
        0,
        0,
        0,
        0,
        1,
        0,
        0,
        0,
        0,
        0,
        0,
        0,
        0,
        1,
        0,
        0,
        0,
        0,
        0,
        0,
        0,
        0,
        0,
        1,
        0,
        0,
        0,
        0,
        0,
        0,
        0,
        0,
        0,
        1,
        0,
        0,
        0,
        0,
        0,
        0
    ],
    "coords": [
        -1.229425,
        -1.099567,
        -0.10056,
        -0.450822,
        0.097073,
        0.380036,
        -0.95679,
        1.238959,
        -0.208829,
        1.353007,
        -0.11889,
        -0.055496,
        -2.273304,
        -0.985087,
        0.196799,
        -1.17852,
        -1.164934,
        -1.186231,
        -0.832949,
        -2.01509,
        0.332334,
        -0.415186,
        0.167743,
        1.466388,
        -0.499708,
        2.011009,
        0.142145
    ],
    "e ne": -1787.112696895,
    "e_disp": -0.005202168300002086,
    "e_k": 612.4917076492,
    "e_nn": 165.9377770937,
    "eigs": [
        -101.5331763643673,
        -19.15940931395257,
        -10.292889631439028,
        -10.17850963553467,
        -9.439369662001306,
        -7.201699742126308,
        -7.193889742405964,
        -7.193629742415273,
        -1.0674999617756686,
        -0.8307399702534137,
        -0.7496599731566725,
        -0.623369977678781,
        -0.5556999801018634,
        -0.47329998305238785,
        -0.44652998401095023,
        -0.4062299854539859,
        -0.3914099859846506,
        -0.3705199867326659,
        -0.3162099886773622,
        -0.2976499893419465,
        -0.29231998953279953,
        0.008299999702799111,
        0.03248999883661965,
        0.059549997867673135,
        0.08050999711715137,
        0.10740999615393405,
        0.1216599956436795,
        0.16044999425471296,
        0.1751799937272709,
        0.23958999142092036,
        0.26624999046629677,
        0.28270998987690804,
        0.3029199891532418,
        0.3233999884199075,
        0.3440999876786957,
        0.362319987026286,
        0.36338998698797215,
        0.37856998644441686,
        0.4166399850812315,
        0.43593998439014997,
        0.44998998388705685,
        0.4595899835433065,
        0.46562998332703015,
        0.47236998308568867,
        0.48025998280316884,
        0.500949982062315,
        0.521539981325042,
        0.5349699808441494,
        0.6041599783666399,
        0.6159399779448295,
        0.6603399763549838,
        0.6743899758518906,
        0.71455997441351,
        0.7591799728157865,
        0.7625899726936836,
        0.8240799704918905,
        0.8590299692404242,
        0.8828399683878515,
        0.9118499673490806,
        0.9613699655759013,
        1.0032899640748578,
        1.0186499635248571,
        1.0485099624556502,
        1.0553699622100117,
        1.0692099617144382,
        1.089549960986117,
        1.1228499597937327,
        1.1511199587814593,
        1.1847299575779748,
        1.1936899572571409,
        1.2429899554918395,
        1.3013999534003329,
        1.3109099530598052,
        1.3232899526165105,
        1.3444999518570366,
        1.404169949720413,
        1.4668199474770833,
        1.489479946665689,
        1.5277799452942682,
        1.5615299440857706,
        1.7903299358930522,
        1.8360799342548664,
        1.8805699326617984,
        1.9383299305935666,
        1.945599930333247,
        1.959799929824783,
        1.9640199296736762,
        2.0291799273404703,
        2.04936992661752,
        2.088479925217095,
        2.1028399247029013,
        2.111529924391736,
        2.1145299242843136,
        2.1454199231782254,
        2.1838299218028654,
        2.1939999214387047,
        2.2314699200970036,
        2.2534499193099586,
        2.2599899190757786,
        2.3042099174923782,
        2.3457499160049413,
        2.3646799153271085,
        2.4217299132843,
        2.484789911026289,
        2.504219910330553,
        2.5340599092620626,
        2.6193399062084124,
        2.647039905216549,
        2.6676999044767693,
        2.743239901771884,
        2.7871199002006573,
        2.80783989945873,
        2.854519897787243,
        2.922839895340886,
        2.9476098944539384,
        2.96972989366188,
        3.0059598923645803,
        3.0324998914142536,
        3.0338498913659135,
        3.0775398898014914,
        3.0967898891121997,
        3.158529886901455,
        3.1715598864348853,
        3.2008798853850147,
        3.2274298844343297,
        3.2957198819890463,
        3.3030898817251466,
        3.3532398799294083,
        3.4069898780047643,
        3.4265198773054473,
        3.436459876949522,
        3.4658298758978607,
        3.500209874666804,
        3.5570098726329475,
        3.5954298712572297,
        3.632209869940236,
        3.6871098679744136,
        3.7248498666230443,
        3.7477898658016247,
        3.778139864714871,
        3.7882198643539335,
        3.8393598625227465,
        3.8553198619512608,
        3.8907298606833236,
        3.9137798598579643,
        3.9633898580815625,
        3.992459857040643,
        4.004989856591977,
        4.061229854578173,
        4.075359854072215,
        4.102399853103985,
        4.111749852769186,
        4.176109850464627,
        4.196539849733082,
        4.2694798471212945,
        4.287699846468885,
        4.3212398452679075,
        4.405779842240755,
        4.435129841189809,
        4.486279839358264,
        4.662259833056889,
        4.744069830127491,
        4.791339828434879,
        4.809949827768504,
        4.851669826274622,
        4.8684298256744905,
        4.912949824080348,
        5.07499981827777,
        5.088529817793297,
        5.151759815529199,
        5.188339814219367,
        5.226909812838278,
        5.253949811870047,
        5.330619809124698,
        5.356899808183682,
        5.405219806453472,
        5.505209802873095,
        5.616079798903137,
        5.695299796066479,
        5.836459791011915,
        5.8534997904017585,
        5.952809786845733,
        6.13601978028547,
        6.452899768938841,
        6.615369763121223,
        6.671289761118878,
        6.688339760508362,
        6.832129755359626,
        6.9378097515755055,
        7.173489743136433,
        7.3899597353852196,
        10.711209616460103,
        12.181249563821888,
        13.51232951615946
    ],
    "et": [
        -614.595446369
    ],
    "fc": [
        0.0378,
        0.1678,
        0.2758,
        0.1537,
        0.3747,
        0.8351,
        1.1683,
        1.0038,
        1.0512,
        2.0578,
        1.1761,
        1.1896,
        1.4195,
        1.8369,
        1.3556,
        1.3659,
        5.655,
        6.02,
        6.2676,
        6.3931,
        9.0812
    ],
    "gap": 0.30061998923559863,
    "homo": -0.29231998953279953,
    "id": "AZ7_60358",