{
    "A": 38.29178,
    "B": 2.64788,
    "C": 2.52998,
    "Cv": "17.316",
    "G": -491.866265,
    "H": -491.831432,
    "P": 1.0,
    "S": 0.00011683045446919973,
    "T": 298.15,
    "U": -491.832376,
    "U0": -491.837785,
    "alpha": 37.35466666666667,
    "alpha_xx": 72.716,
    "alpha_xy": -1.694,
    "alpha_xz": 47.639,
    "alpha_yy": 0.014,
    "alpha_yz": -0.007,
    "alpha_zz": 39.334,
    "bo": [
        0,
        2,
        1,
        0,
        1,
        0,
        0,
        0,
        0,
        2,
        0,
        0,
        0,
        0,
        1,
        0,
        0,
        0,
        1,
        0,
        0,
        1,
        0,
        0,
        1,
        0,
        0,
        0,
        0,
        1,
        0,
        0,
        0,
        0,
        1,
        1,
        1,
        0,
        0,
        0,
        0,
        0,
        0,
        0,
        0,
        0,
        1,
        0,
        0,
        0,
        0,
        0,
        0,
        0,
        0,
        0,
        1,
        0,
        0,
        0,
        0,
        0,
        0,
        0,
        0,
        0,
        1,
        0,
        0,
        0,
        0,
        0,
        0,
        0,
        0,
        1,
        0,
        0,
        0,
        0,
        0
    ],
    "coords": [
        0.785512,
        0.256431,
        0.497736,
        2.020493,
        0.015666,
        0.664382,
        -0.110108,
        -0.742174,
        0.181173,
        -1.8074,
        -0.625905,
        -0.080302,
        0.313593,
        1.239409,
        0.582077,
        2.528204,
        0.865099,
        0.890677,
        0.307209,
        -1.657961,
        0.097285,
        -1.852438,
        0.492801,
        -0.962123,
        -2.185064,
        0.156634,
        1.049347
    ],
    "e ne": -1473.610942298,
    "e_disp": -0.0033639900000252965,
    "e_k": 489.9676707824,
    "e_nn": 155.5131282725,
    "eigs": [
        -77.11574723869045,
        -14.33967948653426,
        -14.285259488482893,
        -10.24627963310801,
        -6.576849764500522,
        -4.740209830265708,
        -4.738119830340545,
        -4.734269830478404,
        -0.9498599659880438,
        -0.8599099692089136,
        -0.6571999764674188,
        -0.6146699779903048,
        -0.5137499816039811,
        -0.467689983253267,
        -0.4289199846415174,
        -0.4213299849132951,
        -0.3602899870989749,
        -0.2800299899728717,
        -0.27184999026577567,
        -0.25075999102095237,
        -0.0037799998646482697,
        0.0016199999419921156,
        0.03935999859062326,
        0.05392999806891037,
        0.05908999788414451,
        0.07761999722063456,
        0.1060399962029901,
        0.18369999342219237,
        0.20338999271714592,
        0.22020999211486653,
        0.23030999175321243,
        0.26493999051320444,
        0.2683899903896691,
        0.2732399902160035,
        0.30704998900535746,
        0.32742998827560393,
        0.3694699867702636,
        0.3744699865912269,
        0.377189986493831,
        0.3882099860992341,
        0.42830998466335996,
        0.46426998337572817,
        0.48491998263630665,
        0.4990599821299909,
        0.5041299819484477,
        0.5317299809601653,
        0.5442799805107831,
        0.5624699798594477,
        0.5675799796764722,
        0.5909399788400128,
        0.658119976434476,
        0.6589599764043979,
        0.6710799759704129,
        0.7403699734893227,
        0.7634899726614571,
        0.7702199724204737,
        0.7938399715747044,
        0.8385099699751907,
        0.8491299695949168,
        0.8759899686331317,
        0.8862099682671808,
        0.9445299661788968,
        0.9693099652915911,
        0.9751799650814021,
        1.019879963480814,
        1.0562699621777853,
        1.0795499613441903,
        1.116379960025406,
        1.1545199586597144,
        1.1904799573720826,
        1.216169956452192,
        1.2523599551563245,
        1.280279954156584,
        1.281069954128296,
        1.3076999531747469,
        1.3421399519415422,
        1.3616699512422246,
        1.376259950719796,
        1.386059950368884,
        1.444079948291342,
        1.4882299467104483,
        1.4996199463026028,
        1.5456699446536752,
        1.5553699443063436,
        1.6111299423097267,
        1.6199499419939059,
        1.6375899413622645,
        1.6859699396299057,
        1.7179899384833546,
        1.727249938151779,
        1.7558899371262566,
        1.795799935697186,
        1.8366899342330238,
        1.8966799320849417,
        1.9137299314744267,
        1.9222999311675577,
        2.0666799259976947,
        2.095519924965011,
        2.125269923899743,
        2.3472699159505144,
        2.3879899144924392,
        2.4657299117087774,
        2.5575399084213055,
        2.568889908014893,
        2.6492199051384895,
        2.6534199049880987,
        2.6789999040721466,
        2.6947699035074653,
        2.7416399018291755,
        2.7507899015015376,
        2.8568598977034543,
        2.9214098953920904,
        2.95010989436442,
        2.965499893813345,
        3.010909892187334,
        3.021319891814579,
        3.043999891002469,
        3.1404398875492094,
        3.1596998868595603,
        3.195089885592339,
        3.2015098853624555,
        3.2714498828580907,
        3.279949882553728,
        3.306669881596956,
        3.3334698806373195,
        3.3398998804070787,
        3.3884398786689904,
        3.4136898777648548,
        3.436649876942719,
        3.4554998762677505,
        3.4675998758344817,
        3.496269874807885,
        3.5052298744870516,
        3.5392498732688864,
        3.5774698719003295,
        3.62485987020342,
        3.6466798694221034,
        3.687669867954361,
        3.7009598674784816,
        3.7121598670774394,
        3.7403498660680303,
        3.7961598640696232,
        3.8330098627501226,
        3.8642598616311434,
        3.900489860333844,
        3.9258198594268436,
        3.950559858540971,
        3.969329857868867,
        3.9849398573099144,
        4.062259854541292,
        4.070819854234781,
        4.077079854010626,
        4.136969851866125,
        4.186729850084352,
        4.189589849981943,
        4.235299848345189,
        4.243849848039037,
        4.2734798469780655,
        4.341879844528844,
        4.431339841325519,
        4.457339840394529,
        4.513059838399345,
        4.545239837247064,
        4.646209833631597,
        4.676689832540189,
        4.710629831324889,
        4.7887098285290515,
        4.799189828153791,
        4.861219825932662,
        4.88409982511339,
        4.918599823878037,
        4.957499822485131,
        4.991079821282722,
        5.095739817535126,
        5.127139816410775,
        5.167299814972752,
        5.226379812857255,
        5.333859809008683,
        5.345719808584008,
        5.371979807643707,
        5.554029801124981,
        5.6564797974565195,
        5.693359796135946,
        5.758819793791997,
        5.853959790385288,
        5.92035978800768,
        5.957219786687823,
        6.037289783820728,
        6.382309771466482,
        6.5085597669458055,
        6.655339761690004,
        9.735049651413792,
        12.102609566637778,
        13.822589505049875
    ],
    "et": [
        -491.90386411
    ],
    "fc": [
        0.0216,
        0.0253,
        0.1418,
        1.0824,
        0.2268,
        0.505,
        0.842,
        0.5263,
        0.8077,
        0.8625,
        1.1991,
        0.8174,
        1.6128,
        1.5167,
        1.8976,
        8.3585,
        3.3576,
        3.3368,
        5.9245,
        7.8075,
        8.114
    ],
    "gap": 0.2469799911563041,
    "homo": -0.25075999102095237,
    "id": "AZ7_81741",