{
    "A": 43.9064,
    "B": 4.37273,
    "C": 4.08708,
    "Cv": "15.136",
    "G": -191.808679,
    "H": -191.776646,
    "P": 1.0,
    "S": 0.0001074392084521638,
    "T": 298.15,
    "U": -191.77759,
    "U0": -191.782226,
    "alpha": 30.820000000000004,
    "alpha_xx": 66.561,
    "alpha_xy": -6.142,
    "alpha_xz": 31.234,
    "alpha_yy": 0.007,
    "alpha_yz": 0.005,
    "alpha_zz": 25.892,
    "bo": [
        0,
        2,
        0,
        0,
        1,
        1,
        0,
        0,
        2,
        0,
        2,
        0,
        0,
        0,
        0,
        0,
        0,
        2,
        0,
        1,
        0,
        0,
        1,
        0,
        0,
        0,
        1,
        0,
        0,
        0,
        0,
        1,
        1,
        0,
        0,
        0,
        0,
        0,
        0,
        0,
        1,
        0,
        0,
        0,
        0,
        0,
        0,
        0,
        0,
        0,
        1,
        0,
        0,
        0,
        0,
        0,
        0,
        0,
        0,
        1,
        0,
        0,
        0,
        0
    ],
    "coords": [
        1.538121,
        -0.140255,
        0.172167,
        0.289348,
        0.186169,
        -0.005441,
        -0.959807,
        0.51823,
        -0.183927,
        -2.04581,
        -0.322183,
        -0.138364,
        2.001914,
        -0.117297,
        1.153835,
        2.173182,
        -0.445147,
        -0.654289,
        -1.25709,
        1.537072,
        -0.394548,
        -1.739858,
        -1.216789,
        0.050467
    ],
    "e ne": -652.4649934878,
    "e_disp": -0.00205008999999734,
    "e_k": 190.7185027575,
    "e_nn": 102.2202102004,
    "eigs": [
        -19.15692931404137,
        -10.23486963351657,
        -10.187289635220285,
        -10.178699635527868,
        -1.0562199621795754,
        -0.7856199718690406,
        -0.7009199749019219,
        -0.5885199789266666,
        -0.489369982476964,
        -0.47267998307458836,
        -0.4476399839712041,
        -0.38739998612823806,
        -0.3844099862353019,
        -0.28308998986330125,
        -0.23246999167586863,
        -0.015879999431379504,
        0.0277399990067045,
        0.0486899982565408,
        0.06398999770868857,
        0.09078999674905197,
        0.12419999555272887,
        0.1947799930254471,
        0.2110399924432198,
        0.26785999040864694,
        0.2882199896796096,
        0.29317998950200524,
        0.301939989188333,
        0.36405998696398123,
        0.3864799861611808,
        0.389309986059846,
        0.4093599853419089,
        0.4508899838548303,
        0.45710998363210864,
        0.4586799835758911,
        0.4782599828747835,
        0.4953699822621199,
        0.510509981719997,
        0.523859981241969,
        0.5488899803457113,
        0.5984699785703835,
        0.6078999782327205,
        0.6196999778101939,
        0.6821499755740257,
        0.7083399746362316,
        0.7498399731502271,
        0.7642899726328113,
        0.8210999705985964,
        0.8405499699021438,
        0.8788499685307228,
        0.9073899675087813,
        0.9083899674729741,
        0.9450699661595608,
        0.9664299653947163,
        1.044309962606041,
        1.0783899613857268,
        1.0885399610222826,
        1.1233099597772613,
        1.2015599569753372,
        1.2035599569037227,
        1.2592499549096121,
        1.265699954678655,
        1.3031899533362379,
        1.3088599531332101,
        1.3431999519035862,
        1.4003299498579134,
        1.4480999481473966,
        1.4607799476933598,
        1.5049899461103173,
        1.5883099431268501,
        1.5994299427286724,
        1.7428799375921102,
        1.803299935428631,
        1.8836099325529438,
        1.9869299288533298,
        2.0378099270314527,
        2.0682399259418354,
        2.1392199234002303,
        2.2087999209087563,
        2.2102599208564775,
        2.2322999200672835,
        2.2576699191588516,
        2.3356999163648053,
        2.421649913287165,
        2.442879912526975,
        2.451679912211871,
        2.5074299102156115,
        2.5234299096426938,
        2.603229906785269,
        2.607679906625926,
        2.648979905147083,
        2.6915199036238393,
        2.715119902778786,
        2.757899901246948,
        2.7812899004094143,
        2.79579989988985,
        2.8127398992832737,
        2.8442198981560587,
        2.853589897820544,
        2.8621998975122427,
        2.878809896917483,
        2.8917898964527033,
        2.966959893761066,
        2.9821798932160783,
        3.04202989107301,
        3.077259889811517,
        3.1055298887992437,
        3.195739885569064,
        3.205819885208126,
        3.22218988462196,
        3.2364598841109893,
        3.266769883025669,
        3.286699882312029,
        3.297159881937484,
        3.3160298812617994,
        3.32552988092163,
        3.437919876897243,
        3.487789875111531,
        3.510499874298347,
        3.5228198738572005,
        3.5837398716758178,
        3.5959098712400426,
        3.659919868948015,
        3.676439868356477,
        3.7090498671888,
        3.755129865538798,
        3.7817798645845326,
        3.8070198636807557,
        3.84565986229716,
        3.9049098601755756,
        3.9205698596148326,
        3.9575898582892455,
        3.9600398582015166,
        4.028419855753011,
        4.058789854665543,
        4.074329854109096,
        4.155429851205121,
        4.172979850576703,
        4.223289848775236,
        4.281159846703066,
        4.3814998431101575,
        4.415799841881966,
        4.634369834055556,
        4.717439831081041,
        4.743819830136444,
        4.798859828165607,
        4.812539827675764,
        4.85285982623201,
        4.862519825886112,
        4.929489823488096,
        4.9952698211326885,
        5.026569820011919,
        5.085859817888902,
        5.116559816789617,
        5.145159815765528,
        5.307889809938599,
        5.3886698070460834,
        5.413249806165937,
        5.507459802792529,
        5.755339793916606,
        5.885939789240168,
        5.890769789067219,
        5.999279785181765,
        6.117259780957215,
        6.431909769690438,
        6.442729769303003,
        6.603809763535157,
        6.715199759546577,
        6.747659758384271,
        6.7522697582191995,
        7.017949748705906,
        7.132629744599521,
        7.389599735398109,
        8.833089683710579,
        11.928539572870761,
        13.879729503003844,
        14.323179487125081
    ],
    "et": [
        -191.842962181
    ],
    "fc": [
        0.1067,
        0.1054,
        0.1157,
        1.1378,
        0.3597,
        0.5646,
        0.672,
        2.4494,
        0.894,
        1.4014,
        1.535,
        1.4067,
        2.0314,
        25.0575,
        5.9376,
        6.5326,
        6.4808,
        9.0334
    ],
    "gap": 0.21658999224448913,
    "homo": -0.23246999167586863,
    "id": "AZ7_40440",
    "ir": [
        0.6357,
        2.636,
        105.3033,
        21.0628,
        0.541,
        26.4831,
        36.0522,
        122.7729,
        1.5372,
        124.0416,
        3.8903,
        55.762,
        55.1225,
        29.3403,
        19.0062,
        7.1483,
        3.7111,
        37.525
    ],
    "lumo": -0.015879999431379504,
    "ma": [
        12.0,
        12.0,
        12.0,
        15.99491,
        1.00783,
        1.00783,
        1.00783,
        1.00783
    ],
    "mr": [
        3.9738,
        2.5505,
        1.1461,
        4.8917,
        1.511,
        1.1864,
        1.3203,
        4.2707,
        1.4122,
        1.6738,
        1.5875,
        1.1936,
        1.5298,
        10.1041,
        1.0563,
        1.115,
        1.0897,
        1.0657
    ],
    "mu": 1.1818850070967142,
    "mu_x": 0.9257,
    "mu_xx=": -1.209,
    "mu_xxx=": 5.1469,
    "mu_xxy=": -3.37,
    "mu_xxz=": 0.0109,