{
    "A": 25.57371,
    "B": 1.58829,
    "C": 1.51087,
    "Cv": "15.193",
    "G": -411.719203,
    "H": -411.684147,
    "P": 1.0,
    "S": 0.00011757840013415165,
    "T": 298.15,
    "U": -411.685091,
    "U0": -411.689835,
    "alpha": 51.912,
    "alpha_xx": 111.97,
    "alpha_xy": 9.17,
    "alpha_xz": 52.841,
    "alpha_yy": -0.001,
    "alpha_yz": 0.006,
    "alpha_zz": 43.767,
    "bo": [
        0,
        2,
        0,
        0,
        1,
        1,
        0,
        2,
        0,
        2,
        0,
        0,
        0,
        0,
        0,
        2,
        0,
        1,
        0,
        0,
        1,
        0,
        0,
        1,
        0,
        0,
        0,
        0,
        1,
        0,
        0,
        0,
        0,
        0,
        0,
        1,
        0,
        0,
        0,
        0,
        0,
        0,
        0,
        0,
        1,
        0,
        0,
        0,
        0
    ],
    "coords": [
        -1.392865,
        -0.044626,
        -0.006709,
        -0.093827,
        -0.117579,
        0.046224,
        1.194675,
        -0.18764,
        0.095355,
        2.448379,
        1.417778,
        -0.527256,
        -1.938458,
        -0.362426,
        -0.88753,
        -1.970779,
        0.333892,
        0.828246,
        1.752874,
        -1.039401,
        0.451672
    ],
    "e ne": -1186.603418077,
    "e_k": 225.9134752138,
    "e_nn": 146.6018132229,
    "eigs": [
        -10.225209633862471,
        -10.207709634489097,
        -10.196729634882264,
        -6.834509755274404,
        -4.8366998268106585,
        -4.823249827292266,
        -4.823039827299786,
        -1.9185699313011195,
        -1.9141899314579554,
        -1.914099931461178,
        -1.9025699318740368,
        -1.9025699318740368,
        -0.8158699707858688,
        -0.7399299735050778,
        -0.6706199759868843,
        -0.5339099808821053,
        -0.4809399827788198,
        -0.461149983487447,
        -0.4021099856015121,
        -0.31783998861899637,
        -0.28393998983286506,
        -0.26295999058410297,
        -0.24499999122720267,
        -0.062119997775648285,
        -0.006229999776920296,
        0.018539999336131992,
        0.05760999793713937,
        0.09968999643036668,
        0.113959995919396,
        0.13979999499413442,
        0.18129999350812998,
        0.19809999290656674,
        0.24079999137759348,
        0.25033999103599147,
        0.25047999103097845,
        0.2643399905346888,
        0.28077998994601616,
        0.28504998979311885,
        0.29565998941320304,
        0.3314299881323746,
        0.35207998739295315,
        0.36036998709611034,
        0.38311998628149346,
        0.4091399853497865,
        0.41634998509161564,
        0.445879984034225,
        0.45622998366361917,
        0.4733899830491652,
        0.508869981778721,
        0.514869981563877,
        0.5262699811556734,
        0.5362699807976,
        0.5744399794308339,
        0.6095699781729221,
        0.6623199762840852,
        0.6624999762776399,
        0.7493599731674148,
        0.7863999718411109,
        0.7988699713945935,
        0.8411599698803013,
        0.8562699693392524,
        0.887679968214544,
        0.9039999676301683,
        0.9106499673920495,
        0.9334899665742099,
        0.9348499665255119,
        0.9489199660217027,
        0.9810899648697807,
        1.0339399629773631,
        1.051699962341425,
        1.0694199617069187,
        1.1037499604776528,
        1.128279959599299,
        1.1332599594209782,
        1.1587799585071752,
        1.2206299562924916,
        1.2397499556078553,
        1.292499953719018,
        1.3007399534239659,
        1.3521599515827527,
        1.3588299513439175,
        1.376079950726241,
        1.3802899505754922,
        1.4072299496108427,
        1.4229099490493835,
        1.4251999489673848,
        1.478179947070312,
        1.5382199449204395,
        1.5835699432965769,
        1.6295799416490813,
        1.700789939099241,
        1.7910699358665545,
        2.0703599258659238,
        2.1483599230729515,
        2.1598599226611674,
        2.2034399211006837,
        2.247529919521938,
        2.30556991744368,
        2.382109914702987,
        2.412089913629483,
        2.451979912201128,
        2.4557199120672086,
        2.486529910963985,
        2.4892699108658727,
        2.554069908545557,
        2.5680599080446127,
        2.596349907031623,
        2.647549905198287,
        2.700219903312315,
        2.7473299016254313,
        2.755279901340763,
        2.7990198997745503,
        2.8092098994096735,
        2.8160198991658256,
        2.8312098986219123,
        2.840619898284965,
        2.8611798975487663,
        2.897199896258986,
        2.9233798953215495,
        2.964149893861685,
        2.984759893123696,
        3.050839890757547,
        3.0954598891598235,
        3.132379887837817,
        3.211409885007963,
        3.216199884836446,
        3.260509883249823,
        3.2984398818916505,
        3.310139881472705,
        3.344959880225893,
        3.350979880010333,
        3.4070198780036898,
        3.490589875011271,
        3.536409873370579,
        3.5624998724363657,
        3.6724998684975585,
        3.691679867810774,
        3.7129598670487933,
        3.787639864374702,
        3.80729986367073,
        3.922109859559689,
        3.9394298589395067,
        3.966429857972708,
        3.98065985746317,
        4.035389855503434,
        4.0677598543443505,
        4.096439853317397,
        4.226659848654565,
        4.301079845989783,
        4.390289842795411,
        4.424789841560058,
        4.68618983220002,
        4.769369829221566,
        4.816499827533965,
        4.841059826654538,
        4.874889825443176,
        4.9251198236445735,
        4.988719821367226,
        5.037569819618038,
        5.082799817998472,
        5.131169816266472,
        5.294289810425579,
        5.402339806556596,
        5.5374698017179504,
        5.745869794255703,
        5.894179788945117,
        6.108829781259072,
        8.602309691974195,
        13.8276995048669,
        14.329239486908088,
        58.27197791343563
    ],
    "et": [
        -411.735610505
    ],
    "fc": [
        0.063,
        0.1198,
        0.7527,
        0.2408,
        1.1873,
        0.4537,
        0.6191,
        0.9202,
        1.0212,
        1.7333,
        1.6425,
        23.6218,
        6.0628,
        6.6979,
        6.6245
    ],
    "gap": 0.1828799934515544,
    "homo": -0.24499999122720267,
    "id": "AZ7_33906",
    "ir": [
        0.5189,
        8.2733,
        3.2275,
        5.9067,
        26.8597,
        22.2262,
        48.5597,
        0.3909,
        9.8743,
        55.4956,
        7.0329,
        10.2633,
        1.3024,
        0.5079,
        6.8
    ],
    "lumo": -0.062119997775648285,
    "ma": [
        12.0,
        12.0,
        12.0,
        126.9004,
        1.00783,
        1.00783,
        1.00783
    ],
    "mr": [
        4.7663,
        1.8984,
        8.1883,
        1.5775,
        5.0544,
        1.1045,
        1.3194,
        1.5045,
        1.4133,
        2.0082,
        1.3014,
        9.6799,
        1.0573,
        1.1151,
        1.0943
    ],
    "mu": 1.4442294623777763,
    "mu_x": -1.4287,
    "mu_xx=": 3.9143,
    "mu_xxx=": 31.3204,
    "mu_xxy=": -14.11,
    "mu_xxz=": 0.0141,
    "mu_xy=": 0.7113,
    "mu_xyy=": 15.4126,
    "mu_xyz=": -0.0135,
    "mu_xz=": -0.0029,
    "mu_xzz=": 12.5111,
    "mu_y": 0.2112,
    "mu_yy=": -0.9137,
    "mu_yyy=": 1.3031,
    "mu_yyz=": -0.0263,
    "mu_yz=": -0.0007,
    "mu_yzz=": -3.0952,
    "mu_z": -0.0031,
    "mu_zz=": -3.0006,
    "mu_zzz=": 0.0026,
    "na": 7,
    "ne": 46,
    "ne_down": 23,
    "ne_up": 23,
    "ni": 4,