{
    "A": 95.78165,
    "B": 3.55076,
    "C": 3.49772,
    "Cv": "15.713",
    "G": -142.026944,
    "H": -141.994399,
    "P": 1.0,
    "S": 0.00010915646486667429,
    "T": 298.15,
    "U": -141.995343,
    "U0": -142.00033,
    "alpha": 39.086,
    "alpha_xx": 84.491,
    "alpha_xy": -0.051,
    "alpha_xz": 36.952,
    "alpha_yy": 0.065,
    "alpha_yz": 0.001,
    "alpha_zz": 32.702,
    "bo": [
        0,
        1,
        1,
        1,
        0,
        0,
        0,
        0,
        0,
        1,
        0,
        0,
        0,
        0,
        0,
        0,
        0,
        0,
        1,
        0,
        0,
        0,
        0,
        0,
        0,
        0,
        0,
        1,
        0,
        0,
        0,
        3,
        0,
        0,
        0,
        0,
        0,
        0,
        0,
        3,
        0,
        1,
        0,
        0,
        0,
        0,
        0,
        0,
        0,
        1,
        0,
        1,
        1,
        1,
        0,
        0,
        0,
        0,
        0,
        1,
        0,
        0,
        0,
        0,
        0,
        0,
        0,
        0,
        1,
        0,
        0,
        0,
        0,
        0,
        0,
        0,
        0,
        1,
        0,
        0,
        0
    ],
    "coords": [
        1.155758,
        -0.092792,
        0.033865,
        0.553119,
        -0.941316,
        0.612138,
        0.55739,
        0.75565,
        -0.548946,
        2.649784,
        -0.092819,
        0.039777,
        3.863165,
        -0.092754,
        0.046768,
        5.313557,
        -0.092538,
        0.046479,
        5.720057,
        -0.721919,
        0.840059,
        5.683753,
        -0.474221,
        -0.908287,
        5.706117,
        0.919208,
        0.167147
    ],
    "e ne": -500.9072366886,
    "e_disp": -0.0020966550000025563,
    "e_k": 141.1320836178,
    "e_nn": 86.2593653938,
    "eigs": [
        -10.204949634587926,
        -10.19267963502728,
        -10.154599636390826,
        -6.750759758273268,
        -0.7942499715600233,
        -0.7135199744507497,
        -0.5501899802991618,
        -0.47664998293243327,
        -0.4459199840327927,
        -0.4453099840546352,
        -0.3890899860677236,
        -0.36088998707749054,
        -0.29147998956287774,
        -0.262679990594129,
        -0.07639999726431952,
        0.03417999877610526,
        0.0362999987001937,
        0.07590999728186512,
        0.10267999632330273,
        0.10998999606155112,
        0.11814999576936326,
        0.1295799953600854,
        0.15557999442909468,
        0.1589299943091401,
        0.17121999386906794,
        0.20789999255565483,
        0.22204999204898104,
        0.25164999098908386,
        0.26586999047990356,
        0.27778999005308014,
        0.30236998917293584,
        0.3542399873156093,
        0.3735699866234535,
        0.4021899855986475,
        0.4258999847496556,
        0.42992998460535203,
        0.4348999844273896,
        0.44834998394578096,
        0.47370998303770684,
        0.4749499829933057,
        0.4926499823595159,
        0.5136899816061296,
        0.5601499799425208,
        0.5660299797319737,
        0.5703699795765699,
        0.6193499778227265,
        0.6661499761469432,
        0.6780799757197616,
        0.6918099752281268,
        0.7168799743304369,
        0.7707699724007796,
        0.7787299721157533,
        0.7931299716001275,
        0.8535599694362902,
        0.8574899692955674,
        0.8916599680720309,
        0.9419799662702056,
        0.9544499658236881,
        0.9891199645822478,
        0.9926699644551318,
        1.0060199639771037,
        1.0083399638940307,
        1.059189962073228,
        1.0767899614430185,
        1.1223299598123526,
        1.1350099593583156,
        1.1872599574873821,
        1.2253099561249132,
        1.2459299553865657,
        1.279989954166968,
        1.2855099539693113,
        1.2899999538085367,
        1.324579952570319,
        1.3325599522845764,
        1.378439950641736,
        1.3950599500466179,
        1.4490999481115894,
        1.4577099478032882,
        1.501229946244953,
        1.5039999461457665,
        1.5455699446572557,
        1.6770099399507394,
        1.754599937172448,
        1.8015899354898615,
        1.8092599352152192,
        1.9487199302215281,
        1.977509929190635,
        1.9846999289331801,
        1.9852999289116957,
        2.0148399278539473,
        2.0195799276842203,
        2.0498499266003325,
        2.0971499249066454,
        2.204619921058431,
        2.2337499200153634,
        2.249869919438149,
        2.3161999170630483,
        2.3515999157954686,
        2.365409915300969,
        2.4515399122168833,
        2.4639199117735884,
        2.5075999102095246,
        2.5376999091317236,
        2.5577299084145024,
        2.567399908068246,
        2.592829907157665,
        2.6272099059266085,
        2.668859904435233,
        2.6729299042894974,
        2.739079901920842,
        2.7487099015760177,
        2.773059900704109,
        2.8254398988285208,
        2.844339898151762,
        2.8584698976458043,
        2.888329896576597,
        2.8940898963703465,
        2.9345198949226563,
        2.9441698945771155,
        2.9603898939963202,
        2.9878298930137674,
        3.0032998924598275,
        3.030799891475126,
        3.0816998896525325,
        3.1116398885804606,
        3.1562198869841698,
        3.165539886650446,
        3.17609988627232,
        3.1979298854906455,
        3.2090398850928263,
        3.2948898820187664,
        3.3180698811887526,
        3.359149879717787,
        3.3671398794316865,
        3.3984898783091264,
        3.4438498766849057,
        3.484699875222176,
        3.5243198738034893,
        3.565859872316053,
        3.5940798713055697,
        3.6330698699094417,
        3.6478898693787767,
        3.670199868579915,
        3.740289866070179,
        3.7773498647431594,
        3.834719862688892,
        3.871709861364379,
        3.8873198608054262,
        3.8933898605880763,
        3.913629859863336,
        3.9914698570760923,
        4.003849856632797,
        4.013379856291554,
        4.0306698556724445,
        4.074419854105874,
        4.1882198500309995,
        4.198869849649651,
        4.216349849023739,
        4.229709848545353,
        4.260769847433177,
        4.291499846332818,
        4.364809843707782,
        4.441779840951691,
        4.501279838821155,
        4.534419837634499,
        4.589839835650056,
        4.599439835306307,
        4.717099831093216,
        4.722809830888756,
        4.835619826849329,
        4.888819824944379,
        4.962069822321491,
        5.001809820898508,
        5.053269819055863,
        5.141029815913411,
        5.15866981528177,
        5.204069813656116,
        5.291659810519752,
        5.3067498099794195,
        5.374479807554189,
        5.411799806217859,
        5.503129802947574,
        5.587969799909681,
        5.710779795512181,
        5.8213397915533225,
        5.837739790966083,
        7.1448897441605235,
        10.228499633744665,
        13.638799511630905,
        16.600029405597148
    ],
    "et": [
        -142.066968746
    ],
    "fc": [
        0.0016,
        0.0518,
        0.0488,
        0.2896,
        0.4091,
        1.0925,
        0.6827,
        0.824,
        0.9374,
        0.9103,
        1.6695,
        1.5483,
        1.4483,
        1.3124,
        1.3406,
        35.1964,
        4.1539,
        4.6786,
        5.5534,
        6.1213,
        6.1656
    ],
    "gap": 0.1862799933298095,
    "homo": -0.262679990594129,
    "id": "AZ7_00958",