{
    "A": 10.4346,
    "B": 2.56244,
    "C": 2.21364,
    "Cv": "19.339",
    "G": -908.160645,
    "H": -908.124696,
    "P": 1.0,
    "S": 0.00012057353681057617,
    "T": 298.15,
    "U": -908.12564,
    "U0": -908.131351,
    "alpha": 36.231,
    "alpha_xx": 68.723,
    "alpha_xy": -0.351,
    "alpha_xz": 52.279,
    "alpha_yy": -0.161,
    "alpha_yz": 0.851,
    "alpha_zz": 40.131,
    "bo": [
        0,
        1,
        0,
        0,
        1,
        1,
        0,
        0,
        1,
        0,
        1,
        0,
        0,
        0,
        0,
        0,
        0,
        1,
        0,
        1,
        0,
        0,
        1,
        0,
        0,
        0,
        1,
        0,
        0,
        0,
        0,
        1,
        1,
        0,
        0,
        0,
        0,
        0,
        0,
        0,
        1,
        0,
        0,
        0,
        0,
        0,
        0,
        0,
        0,
        0,
        1,
        0,
        0,
        0,
        0,
        0,
        0,
        0,
        0,
        1,
        0,
        0,
        0,
        0
    ],
    "coords": [
        -1.225043,
        0.651676,
        -0.035126,
        -0.722602,
        -0.571278,
        -1.11368,
        0.755921,
        -1.116606,
        -0.489067,
        2.144489,
        -0.101129,
        -0.450005,
        -2.050533,
        0.418436,
        0.497791,
        -1.295708,
        1.563471,
        -0.462988,
        0.663784,
        -1.67517,
        0.349126,
        1.729692,
        0.830601,
        0.444122
    ],
    "e ne": -2599.143550654,
    "e_disp": -0.0035094399000001886,
    "e_k": 905.2712833578,
    "e_nn": 222.3340008324,
    "eigs": [
        -88.92761681573883,
        -88.90662681649044,
        -14.354749485994642,
        -14.333169486767366,
        -7.972919714510975,
        -7.956109715112896,
        -5.9390397873388,
        -5.9349897874838184,
        -5.926349787793194,
        -5.921919787951821,
        -5.917019788127277,
        -5.910349788366111,
        -0.9372299664402904,
        -0.88002996848847,
        -0.7223499741345709,
        -0.6417299770213583,
        -0.5153599815463313,
        -0.4977899821754662,
        -0.47246998308210797,
        -0.4205099849426571,
        -0.36078998708107124,
        -0.28473998980421916,
        -0.27656999009676503,
        -0.2512799910023326,
        -0.23597999155018484,
        -0.011179999599673984,
        0.0062499997762041504,
        0.04468999839977015,
        0.06383999771405965,
        0.074289997339873,
        0.0842699969825158,
        0.09293999667206619,
        0.21739999221548514,
        0.2550199908684132,
        0.26606999047274205,
        0.2677499904125858,
        0.27778999005308014,
        0.287349989710762,
        0.29251998952563807,
        0.31473998872999903,
        0.33093998814992026,
        0.33867998787277137,
        0.34443998766652123,
        0.3653399869181479,
        0.383449986269677,
        0.43377998446749383,
        0.44225998416384754,
        0.4741199830230258,
        0.4940699823086695,
        0.5015299820415469,
        0.5200699813776788,
        0.532569980930087,
        0.556159980085392,
        0.5628799798447667,
        0.5806699792077542,
        0.6528899766217484,
        0.67557997580928,
        0.7233299740994796,
        0.7429399733972979,
        0.7630699726764961,
        0.7790699721035788,
        0.7970499714597629,
        0.8154699708001918,
        0.8336899701477821,
        0.904569967609758,
        0.9291699667288976,
        1.0024199641060103,
        1.0243499633207553,
        1.0426099626669134,
        1.11914995992622,
        1.1668799582171356,
        1.2004599570147254,
        1.2283899560146265,
        1.2457399553933695,
        1.2939799536660233,
        1.3381599520840555,
        1.3796499505984088,
        1.3912699501823276,
        1.4188399491951194,
        1.480909946972558,
        1.4826499469102534,
        1.4971599463906888,
        1.5311499451735975,
        1.559729944150224,
        1.5788099434670197,
        1.587659943150125,
        1.593509942940652,
        1.6092799423759703,
        1.639289941301392,
        1.668479940256176,
        1.6824099397573797,
        1.6937499393513247,
        1.7010299390906474,
        1.7598899369830274,
        1.7818799361956241,
        1.811459935136443,
        1.8194699348496262,
        1.86692993315021,
        1.8716499329811995,
        1.9062699317415495,
        1.9474699302662875,
        1.9521199300997831,
        1.9733399293399516,
        2.0295999273254304,
        2.044279926799779,
        2.1179799241607786,
        2.1363199235040717,
        2.1617099225949232,
        2.2464899195591777,
        2.347419915945143,
        2.367039915242603,
        2.3899099144236895,
        2.4244499131869044,
        2.503109910370299,
        2.509679910135045,
        2.578089907685465,
        2.6226599060895324,
        2.739789901895419,
        3.0356998912996698,
        3.0716198900134706,
        3.093239889239316,
        3.1745898863263893,
        3.2222098846212437,
        3.250239883617564,
        3.2597598832766783,
        3.2853798823592943,
        3.3103098814666176,
        3.3525698799533994,
        3.3812898789250125,
        3.404849878081392,
        3.461419876055771,
        3.5619398724564175,
        3.5648198723532927,
        3.613689870603388,
        3.655399869109864,
        3.6689898686232425,
        3.6883398679303703,
        3.729279866464418,
        3.7455898658804,
        3.8008898639002546,
        3.848689862188664,
        3.8849198608913644,
        3.905879860140842,
        3.9322098591980352,
        3.9445498587561727,
        3.988169857194257,
        4.002539856679705,
        4.035189855510596,
        4.0500698549777825,
        4.065289854432796,
        4.12645985224246,
        4.211869849184156,
        4.233939848393887,
        4.263919847320383,
        4.278819846786854,
        4.324879845137569,
        4.428639841422199,
        4.466899840052211,
        4.513209838393973,
        4.614139834779938,
        4.669359832802658,
        4.747289830012191,
        4.7622298294772305,
        4.801089828085757,
        4.908809824228591,
        4.952069822679566,
        5.0842998179447605,
        5.11921981669437,
        5.339069808822128,
        5.420009805923882,
        5.532199801906655,
        5.584089800048613,
        5.586759799953008,
        5.598619799528333,
        5.658909797369508,
        5.680399796600009,
        5.694489796095483,
        5.74824979417048,
        5.825329791410451,
        5.970739786203707,
        5.999369785178543,
        6.724239759222878,
        10.019829641216582,
        11.673599581999483
    ],
    "et": [
        -908.184262399
    ],
    "fc": [
        0.0364,
        0.098,
        0.0936,
        0.3643,
        0.149,
        0.233,
        0.3474,
        0.8639,
        1.8558,
        1.0423,
        0.6733,
        0.7592,
        1.1132,
        1.65,
        4.0622,
        7.6074,
        7.8845,
        8.5032
    ],
    "gap": 0.22479999195051087,
    "homo": -0.23597999155018484,
    "id": "AZ7_97982",
    "ir": [
        1.2372,
        9.2674,
        14.178,
        4.1447,
        27.334,
        125.8462,
        43.8103,
        29.8477,
        25.6367,
        58.2868,
        6.6291,
        2.3812,
        5.3525,
        11.5247,
        20.1453,
        7.2409,
        14.8985,
        21.8662
    ],
    "lumo": -0.011179999599673984,
    "ma": [
        14.00307,
        31.97207,
        14.00307,
        31.97207,
        1.00783,
        1.00783,
        1.00783,
        1.00783
    ],