{
    "A": 28.96001,
    "B": 2.61679,
    "C": 2.56389,
    "Cv": "16.161",
    "G": -532.030626,
    "H": -531.996258,
    "P": 1.0,
    "S": 0.00011527083682700721,
    "T": 298.15,
    "U": -531.997203,
    "U0": -532.002295,
    "alpha": 35.556000000000004,
    "alpha_xx": 72.796,
    "alpha_xy": 0.938,
    "alpha_xz": 41.065,
    "alpha_yy": -5.007,
    "alpha_yz": -2.035,
    "alpha_zz": 38.879,
    "bo": [
        0,
        1,
        0,
        0,
        1,
        1,
        0,
        0,
        0,
        1,
        0,
        1,
        0,
        0,
        0,
        1,
        1,
        0,
        0,
        1,
        0,
        2,
        0,
        0,
        0,
        0,
        1,
        0,
        0,
        2,
        0,
        0,
        0,
        0,
        0,
        0,
        1,
        0,
        0,
        0,
        0,
        0,
        0,
        0,
        0,
        1,
        0,
        0,
        0,
        0,
        0,
        0,
        0,
        0,
        0,
        1,
        0,
        0,
        0,
        0,
        0,
        0,
        0,
        0,
        1,
        0,
        0,
        0,
        0,
        0,
        0,
        0,
        0,
        0,
        1,
        0,
        0,
        0,
        0,
        0,
        0
    ],
    "coords": [
        -2.170081,
        0.310871,
        0.170592,
        -1.016058,
        -0.531437,
        -0.144761,
        0.199991,
        0.316594,
        -0.371589,
        1.698883,
        -0.00769,
        0.148287,
        -2.117546,
        0.644338,
        1.125443,
        -3.031929,
        -0.21168,
        0.082577,
        -0.786383,
        -1.313177,
        0.586818,
        -1.223872,
        -1.03474,
        -1.09745,
        -0.003706,
        1.220594,
        -0.945808
    ],
    "e ne": -1553.375047259,
    "e_disp": -0.00412813709999682,
    "e_k": 530.1393040451,
    "e_nn": 147.7069041348,
    "eigs": [
        -88.87216681772433,
        -14.31252948750643,
        -10.241369633283822,
        -10.217039634155018,
        -7.925409716212181,
        -5.889069789128093,
        -5.887639789179297,
        -5.879949789454654,
        -0.9028899676699144,
        -0.7995799713691701,
        -0.6851299754673198,
        -0.5692099796181063,
        -0.5113699816892026,
        -0.4715799831139765,
        -0.4235199848348771,
        -0.41524998513100375,
        -0.37173998668898095,
        -0.30277998915825477,
        -0.26158999063315896,
        -0.22541999192831033,
        -0.08376999700041947,
        0.029199998954425786,
        0.06636999762346711,
        0.07550999729618804,
        0.08887999681744398,
        0.10309999630826366,
        0.12726999544280035,
        0.16960999392671777,
        0.17712999365744658,
        0.2553299908573129,
        0.2747499901619344,
        0.28382998983680385,
        0.30483998908449167,
        0.3080299889702663,
        0.3127099888026879,
        0.34100998778934033,
        0.34777998754692463,
        0.3653399869181479,
        0.3937299859015776,
        0.3977099857590644,
        0.4121699852412903,
        0.42679998471742897,
        0.4420099841727994,
        0.459789983536145,
        0.46786998324682166,
        0.49781998217439194,
        0.502029982023643,
        0.5199999813801853,
        0.529709981032496,
        0.5412799806182051,
        0.5948299787007223,
        0.6390199771183962,
        0.6848299754780622,
        0.704209974784116,
        0.7361199736415038,
        0.7914399716606421,
        0.8168699707500614,
        0.8551199693804308,
        0.8860499682729099,
        0.9029199676688402,
        0.9465899661051338,
        0.9862899646835827,
        0.9952599643623908,
        1.0218099634117062,
        1.0460299625444522,
        1.089679960981462,
        1.1009799605768393,
        1.1226399598012524,
        1.1543299586665179,
        1.1881499574555137,
        1.203219956915897,
        1.2360099557417747,
        1.295529953610522,
        1.3071499531944408,
        1.3212399526899155,
        1.3555799514602915,
        1.3805299505668984,
        1.4210299491167016,
        1.467949947436621,
        1.488399946704361,
        1.5569399442501262,
        1.566259943916402,
        1.586579943188797,
        1.600599942686778,
        1.615759942143939,
        1.6573799406536374,
        1.671859940135147,
        1.6816499397845937,
        1.704759938957086,
        1.7557999371294795,
        1.7805899362418156,
        1.8082599352510265,
        1.8500099337560703,
        1.8871999324243955,
        1.9131299314959112,
        1.9400799305309036,
        1.982559929009808,
        2.0093499280505296,
        2.2249999203286777,
        2.237569919878579,
        2.2617599190124,
        2.3081499173512974,
        2.394379914263631,
        2.399799914069555,
        2.4267399131049054,
        2.500659910458027,
        2.544779908878207,
        2.596519907025536,
        2.6695999044087357,
        2.687749903758833,
        2.7322599021650484,
        2.7693599008365957,
        2.819169899053033,
        2.8340098985216517,
        2.8876298966016627,
        2.921209895399252,
        2.928849895125684,
        2.96074989398343,
        3.004589892413636,
        3.0343098913494426,
        3.0491198908191355,
        3.100859888966464,
        3.1082698887011317,
        3.12486988810673,
        3.1667998866053284,
        3.2510398835889185,
        3.276269882685499,
        3.2811298825114754,
        3.3204098811049634,
        3.3442298802520325,
        3.381239878926803,
        3.389709878623515,
        3.4131098777856237,
        3.4237198774057074,
        3.4432098767078227,
        3.4725398756575934,
        3.48061987536827,
        3.5349598734224994,
        3.587219871551208,
        3.6420598695875337,
        3.671109868547331,
        3.710369867141535,
        3.720599866775226,
        3.764409865206506,
        3.7886398643388945,
        3.8188798632560803,
        3.8525298620511634,
        3.879099861099763,
        3.9090198600284074,
        3.940679858894747,
        3.978139857553404,
        4.010749856385727,
        4.017239856153338,
        4.064269854469318,
        4.08975985355659,
        4.132579852023319,
        4.171899850615375,
        4.224009848749454,
        4.265929847248411,
        4.294499846225396,
        4.31979984531947,
        4.392699842709114,
        4.411239842045248,
        4.434379841216665,
        4.512599838415816,
        4.650359833482997,
        4.722459830901287,
        4.785679828637549,
        4.827199827150828,
        4.898239824607074,
        4.92530982363777,
        4.963299822277449,
        5.029889819893039,
        5.047589819259248,
        5.073089818346162,
        5.125769816459831,
        5.238949812407157,
        5.265069811471869,
        5.337799808867601,
        5.4165698060470575,
        5.451639804791295,
        5.517179802444482,
        5.563539800784454,
        5.668399797029696,
        5.771429793340466,
        5.852299790444727,
        5.885979789238736,
        5.9905497854943635,
        6.097979781647581,
        6.137909780217794,
        6.842909754973622,
        10.286639631662826,
        12.018729569641296,
        12.904649537918862
    ],
    "et": [
        -532.073711926
    ],
    "fc": [
        0.0123,
        0.0472,
        0.1887,
        0.4349,
        0.4485,
        0.5434,
        0.856,
        1.844,
        1.7574,
        1.0638,
        1.458,
        1.2473,
        1.3906,
        1.8989,
        1.384,
        1.7705,
        5.5451,
        5.9205,
        6.0788,
        7.5706,
        8.2576
    ],
    "gap": 0.14164999492789088,
    "homo": -0.22541999192831033,
    "id": "AZ7_67637",