{
    "A": 9.94145,
    "B": 9.55553,
    "C": 4.87233,
    "Cv": "13.549",
    "G": -280.655778,
    "H": -280.624233,
    "P": 1.0,
    "S": 0.00010580244843197774,
    "T": 298.15,
    "U": -280.625177,
    "U0": -280.629326,
    "alpha": 13.967999999999998,
    "alpha_xx": 25.483,
    "alpha_xy": -0.001,
    "alpha_xz": 21.76,
    "alpha_yy": -0.001,
    "alpha_yz": 0.0,
    "alpha_zz": 16.422,
    "bo": [
        0,
        1,
        0,
        0,
        1,
        1,
        1,
        0,
        1,
        1,
        0,
        0,
        0,
        1,
        0,
        0,
        0,
        0,
        0,
        1,
        0,
        0,
        0,
        0,
        1,
        0,
        0,
        0,
        0,
        0,
        1,
        0,
        0,
        0,
        0,
        0
    ],
    "coords": [
        0.970774,
        -0.075074,
        -0.012972,
        0.355485,
        0.342726,
        1.16747,
        -0.615119,
        0.171866,
        1.359616,
        0.85003,
        0.83821,
        1.887275,
        0.290017,
        -0.730827,
        -0.954112,
        2.262314,
        0.165899,
        -0.243277
    ],
    "e ne": -890.7343161461,
    "e_disp": -0.001734375399990995,
    "e_k": 279.237448555,
    "e_nn": 112.5021404292,
    "eigs": [
        -24.678599116325078,
        -24.678599116325078,
        -14.321009487202781,
        -6.836489755203506,
        -1.2197999563222115,
        -1.1923699573044066,
        -0.883449968366009,
        -0.5702099795822989,
        -0.5454499804688886,
        -0.5222499812996187,
        -0.4904699824375759,
        -0.47753998290056476,
        -0.42308998485027427,
        -0.4180599850303851,
        -0.405539985478693,
        -0.30233998917401006,
        0.02594999907079963,
        0.06709999759732775,
        0.08363999700507442,
        0.10394999627782742,
        0.1441099948398048,
        0.17104999387515518,
        0.1772499936531497,
        0.28265998987869845,
        0.33910998785737434,
        0.3677499868318522,
        0.43819998430922535,
        0.4488499839278772,
        0.48610998259369587,
        0.5023099820136171,
        0.5198799813844822,
        0.5328099809214933,
        0.5369599807728929,
        0.5830699791218166,
        0.6143299780024793,
        0.7009599749004898,
        0.7406299734800127,
        0.793899971572556,
        0.8553199693732694,
        0.885359968297617,
        0.8905999681099865,
        0.8915599680756114,
        0.9036799676416266,
        0.9639399654838765,
        1.000529964173686,
        1.087659961053793,
        1.1322699594564278,
        1.2331099558456158,
        1.2652099546962003,
        1.2959499535954826,
        1.3243299525792709,
        1.3307899523479554,
        1.347169951761431,
        1.402259949788805,
        1.5315999451574842,
        1.5446999446884082,
        1.6225199419018812,
        1.6746199400363189,
        1.7291599380833869,
        1.7546299371713738,
        1.7682499366836784,
        1.8500099337560703,
        1.8561699335354973,
        1.8662199331756335,
        1.9397799305416457,
        2.0638899260975974,
        2.126099923870023,
        2.130799923701728,
        2.2281399202162424,
        2.250129919428839,
        2.2521299193572246,
        2.339699916221576,
        2.4497999122791887,
        2.545289908859946,
        2.5822299075372226,
        2.836949898416378,
        2.856459897717777,
        2.889459896536135,
        2.9512898943221675,
        2.964399893852733,
        2.9707698936246403,
        3.0334098913816687,
        3.1038698888586844,
        3.16493988667193,
        3.211719884996863,
        3.277369882646111,
        3.285349882360369,
        3.3889098786521608,
        3.5139398741751693,
        3.566349872298507,
        3.743359865960251,
        3.7684398650622026,
        3.866969861534106,
        3.8762998612000232,
        4.021889855986833,
        4.028399855753728,
        4.082699853809389,
        4.15479985122768,
        4.186099850106911,
        4.301089845989425,
        4.499599838881311,
        4.571049836322876,
        4.609399834949666,
        4.68171983236008,
        4.722349830905226,
        4.767079829303564,
        4.778749828885692,
        4.939569823127157,
        4.944289822958146,
        5.199339813825485,
        5.346749808547126,
        5.526659802105028,
        5.554929801092755,
        5.579939800197213,
        5.691169796214362,
        5.704429795739558,
        5.762149793672759,
        6.027629784166627,
        6.31596977384194,
        6.837559755165192,
        6.851559754663889,
        6.856819754475542,
        6.875919753791622,
        6.8829997535381064,
        6.91633975234429,
        6.991529749651936,
        7.002319749265576,
        7.014919748814402,
        7.03581974806603,
        7.109829745415928,
        7.165609743418594,
        7.217869741547303,
        7.265049739857913,
        7.553679729522842,
        8.215039705841303,
        8.310029702439962,
        8.403679699086606,
        8.413749698726027,
        8.433129698032081,
        8.769059686003322,
        8.802379684810221,
        8.80885968457819,
        8.92345968047467,
        9.196679670691388,
        9.30338966687039,
        11.392029592081753,
        11.49763958830014,
        13.357749521694556
    ],
    "et": [
        -280.665912638
    ],
    "fc": [
        0.2448,
        0.1303,
        1.5385,
        0.1813,
        2.8553,
        3.8409,
        0.7529,
        9.6045,
        4.1663,
        2.2005,
        8.09,
        8.9537
    ],
    "gap": 0.3282899882448097,
    "homo": -0.30233998917401006,
    "id": "AZ7_05188",
    "ir": [
        0.0633,
        192.604,
        14.6542,
        0.0002,
        55.3384,
        10.139,
        0.0032,
        334.49,
        252.3903,
        237.5966,
        44.1154,
        43.5238
    ],
    "lumo": 0.02594999907079963,
    "ma": [
        11.00931,
        14.00307,
        1.00783,
        1.00783,
        18.9984,
        18.9984
    ],
    "mr": [
        2.9143,
        1.2152,
        11.7366,
        1.0357,
        11.2647,
        8.61,
        1.5524,
        8.2946,
        3.4303,
        1.4009,
        1.0493,
        1.0996
    ],
    "mu": 2.7319011438922893,
    "mu_x": 2.7319,
    "mu_xx=": 2.458,
    "mu_xxx=": 4.3198,
    "mu_xxy=": 0.0007,
    "mu_xxz=": 0.01,
    "mu_xy=": -0.0011,
    "mu_xyy=": 4.074,
    "mu_xyz=": 0.0011,
    "mu_xz=": 0.0051,
    "mu_xzz=": -4.2546,
    "mu_y": -0.0007,
    "mu_yy=": -1.6717,
    "mu_yyy=": -0.0024,
    "mu_yyz=": 0.0019,
    "mu_yz=": 0.0007,
    "mu_yzz=": 0.001,
    "mu_z": 0.0024,
    "mu_zz=": -0.7864,
    "mu_zzz=": 0.0021,
    "na": 6,
    "ne": 32,
    "ne_down": 16,
    "ne_up": 16,
    "ni": 4,
    "oemga": [
        377.6215,
        426.6619,
        471.6922,
        545.0223,
        655.9011,
        870.1445,
        907.2914,
        1401.8911,
        1435.7777,
        1632.8087,
        3617.4322,
        3717.5017
    ],
    "oemga0": 3717.5017,
    "qa": [
        0.35884,
        -0.238504,
        0.166172,
        0.166176,
        -0.226337,
        -0.226348
    ],
    "r2": 241.2473,