{
    "A": 26.64597,
    "B": 3.01009,
    "C": 2.79268,
    "Cv": "18.057",
    "G": -439.43055,
    "H": -439.395072,
    "P": 1.0,
    "S": 0.00011899379506944507,
    "T": 298.15,
    "U": -439.396016,
    "U0": -439.401685,
    "alpha": 33.705000000000005,
    "alpha_xx": 62.619,
    "alpha_xy": 5.661,
    "alpha_xz": 43.003,
    "alpha_yy": -0.001,
    "alpha_yz": -0.002,
    "alpha_zz": 38.497,
    "bo": [
        0,
        3,
        1,
        0,
        0,
        0,
        0,
        0,
        3,
        0,
        0,
        0,
        0,
        0,
        0,
        0,
        1,
        0,
        0,
        1,
        1,
        0,
        0,
        0,
        0,
        0,
        1,
        0,
        0,
        1,
        1,
        1,
        0,
        0,
        1,
        0,
        0,
        0,
        0,
        0,
        0,
        0,
        0,
        1,
        0,
        0,
        0,
        0,
        0,
        0,
        0,
        1,
        0,
        0,
        0,
        0,
        0,
        0,
        0,
        1,
        0,
        0,
        0,
        0
    ],
    "coords": [
        1.68987,
        -0.117199,
        -0.087555,
        2.663664,
        -0.730866,
        -0.201824,
        0.542928,
        0.55191,
        0.040776,
        -1.062848,
        -0.185235,
        0.024528,
        0.642038,
        1.549837,
        0.153353,
        -1.29733,
        -0.87237,
        -1.264523,
        -1.985901,
        0.957501,
        0.199741,
        -1.192421,
        -1.153577,
        1.135502
    ],
    "e ne": -1319.994210753,
    "e_disp": -0.003149913399994375,
    "e_k": 437.6706005624,
    "e_nn": 140.7368147073,
    "eigs": [
        -66.17367763049681,
        -14.369349485471856,
        -14.301079487916423,
        -10.234529633528744,
        -5.317669809588403,
        -3.677549868316732,
        -3.6754698683912106,
        -3.6749598684094726,
        -0.9593899656467999,
        -0.8817999684250911,
        -0.6136199780279025,
        -0.5838699790931707,
        -0.46516998334350146,
        -0.4217199848993302,
        -0.3782999864540848,
        -0.3653099869192221,
        -0.3587699871534021,
        -0.3291699882132992,
        -0.2732799902145713,
        -0.021399999233723006,
        0.012499999552408301,
        0.03014999892040882,
        0.03985999857271958,
        0.05261999811581798,
        0.07860999718518531,
        0.0986799964665321,
        0.12426999555022236,
        0.16657999403521398,
        0.1745499937498295,
        0.186479993322648,
        0.20151999278410565,
        0.2314299917131082,
        0.24542999121180553,
        0.28972998962554053,
        0.2997699892660348,
        0.3078599889763535,
        0.33219998810480295,
        0.3482599875297372,
        0.35934998713263383,
        0.44558998404460914,
        0.45479998371482355,
        0.45637998365824795,
        0.4791699828421988,
        0.5371299807668056,
        0.5494699803249431,
        0.5545199801441161,
        0.5596299799611405,
        0.6256599775967822,
        0.6316299773830123,
        0.6472399768240599,
        0.6489299767635455,
        0.6631899762529327,
        0.702409974848569,
        0.7471999732447584,
        0.7961099714934217,
        0.8033599712338184,
        0.8197699706462201,
        0.874049968702598,
        0.8779799685618752,
        0.9238999669176022,
        0.9365599664642813,
        0.9825199648185762,
        0.9891099645826059,
        1.0028699640898968,
        1.036009962903242,
        1.070199961678989,
        1.0816499612689952,
        1.122819959794807,
        1.154989958642885,
        1.1588999585028783,
        1.2180699563841582,
        1.2230899562044053,
        1.2528299551394952,
        1.3073399531876373,
        1.3120499530189849,
        1.3261399525144595,
        1.3687899509872765,
        1.3774999506753947,
        1.3841399504376337,
        1.4636899475891603,
        1.501329946241372,
        1.5234999454475235,
        1.5506599444749962,
        1.5788799434645135,
        1.6359299414217048,
        1.6394099412970953,
        1.7031999390129453,
        1.751369937288106,
        1.8413499340661619,
        1.8620699333242337,
        1.959349929840896,
        2.0539999264517315,
        2.0585299262895247,
        2.1507099229888045,
        2.275999918502503,
        2.3086599173330358,
        2.4430399125212454,
        2.4932699107226433,
        2.592229907179149,
        2.6274999059162245,
        2.669029904429146,
        2.7462999016623133,
        2.7702299008054436,
        2.7872199001970768,
        2.8209598989889373,
        2.8402598982978557,
        2.916869895554656,
        2.9468998944793614,
        2.960449893994172,
        2.979399893315623,
        2.9903098929249654,
        3.1191898883101157,
        3.130849887892602,
        3.1591098868806866,
        3.171919886421995,
        3.215749884852559,
        3.2557098834216984,
        3.3178198811977047,
        3.328139880828173,
        3.3413298803558744,
        3.356339879818406,
        3.409689877908084,
        3.4267698772964947,
        3.4438498766849057,
        3.4630498759974047,
        3.527109873703587,
        3.538329873301829,
        3.547619872969179,
        3.5720398720947637,
        3.573969872025655,
        3.643269869544207,
        3.6459098694496754,
        3.723189866682485,
        3.7454398658857713,
        3.846509862266724,
        3.8517798620780193,
        3.8629898616766187,
        3.9266998593953333,
        3.961459858150671,
        3.97110985780513,
        3.9908698570975774,
        3.9923898570431495,
        4.003039856661802,
        4.0268698558085125,
        4.076849854018863,
        4.098389853247572,
        4.150909851366971,
        4.181879850258017,
        4.230569848514558,
        4.269559847118431,
        4.290139846381515,
        4.342869844493394,
        4.378759843208269,
        4.554879836901881,
        4.56182983665302,
        4.607509835017342,
        4.618029834640648,
        4.630849834181598,
        4.734759830460858,
        4.769529829215837,
        4.770879829167497,
        4.838619826741907,
        4.844329826537448,
        4.911379824136566,
        5.0817998180342805,
        5.18954981417604,
        5.259099811685639,
        5.391379806949044,
        5.579649800207597,
        5.588769799881035,
        5.675029796792293,
        5.773279793274223,
        5.898289788797948,
        6.000079785153119,
        6.366069772047992,
        6.459259768711107,
        6.480009767968104,
        8.01000971318288,
        12.576899549654717,
        15.200729455702353
    ],
    "et": [
        -439.451229063
    ],
    "fc": [
        0.0029,
        0.0856,
        0.0434,
        0.8001,
        1.4953,
        0.4592,
        0.3435,
        0.9614,
        0.5468,
        0.5858,
        0.6032,
        3.172,
        1.5236,
        3.052,
        3.1443,
        3.1675,
        37.5594,
        8.13
    ],
    "gap": 0.2518799909808483,
    "homo": -0.2732799902145713,
    "id": "AZ7_82024",
    "ir": [
        7.7201,
        7.4781,
        65.128,
        6.0055,
        4.8538,
        41.8479,
        29.6117,
        42.4559,
        70.1578,
        208.6558,
        107.7251,
        54.8443,
        78.5604,
        66.9283,
        108.4143,
        98.5873,
        162.0532,
        66.4517
    ],
    "lumo": -0.021399999233723006,
    "ma": [
        12.0,
        14.00307,
        14.00307,
        27.97693,
        1.00783,
        1.00783,
        1.00783,
        1.00783
    ],
    "mr": [
        1.1472,
        5.4373,
        1.3516,
        5.3793,
        9.0433,
        1.8531,
        1.1736,
        2.4386,
        1.0502,
        1.0904,
        1.0535,
        4.0964,
        1.3804,
        1.0235,
        1.0528,
        1.0517,
        11.6467,
        1.0745
    ],