{
    "A": 15.05741,
    "B": 13.73509,
    "C": 7.66809,
    "Cv": "11.669",
    "G": -187.950655,
    "H": -187.920791,
    "P": 1.0,
    "S": 0.00010016434680531091,
    "T": 298.15,
    "U": -187.921735,
    "U0": -187.925301,
    "alpha": 21.968666666666664,
    "alpha_xx": 39.535,
    "alpha_xy": 2.2,
    "alpha_xz": 40.045,
    "alpha_yy": -0.465,
    "alpha_yz": -0.504,
    "alpha_zz": 26.836,
    "bo": [
        0,
        2,
        0,
        1,
        1,
        0,
        0,
        0,
        2,
        0,
        1,
        0,
        0,
        0,
        0,
        0,
        0,
        1,
        0,
        1,
        0,
        1,
        0,
        0,
        1,
        0,
        1,
        0,
        0,
        0,
        1,
        1,
        1,
        0,
        0,
        0,
        0,
        0,
        0,
        0,
        0,
        0,
        1,
        0,
        0,
        0,
        0,
        0,
        0,
        0,
        0,
        1,
        0,
        0,
        0,
        0,
        0,
        0,
        0,
        1,
        0,
        0,
        0,
        0
    ],
    "coords": [
        0.809352,
        0.57285,
        0.023042,
        0.777689,
        -0.71605,
        0.011853,
        -0.660677,
        -0.742846,
        -0.139793,
        -0.674887,
        0.749037,
        0.010167,
        1.683732,
        1.207948,
        -0.009803,
        -1.087959,
        -1.263463,
        0.622095,
        -1.129479,
        1.274859,
        -0.830417,
        -1.108884,
        1.102606,
        0.94662
    ],
    "e ne": -669.8634512919,
    "e_disp": -0.002302592599988884,
    "e_k": 186.8351247848,
    "e_nn": 115.9537234935,
    "eigs": [
        -14.343329486403562,
        -14.34305948641323,
        -10.218959634086264,
        -10.209129634438252,
        -1.0259599632631056,
        -0.7760799722106427,
        -0.7128699744740243,
        -0.5606799799235428,
        -0.5054699819004659,
        -0.47976998282071437,
        -0.45670998364643156,
        -0.3895299860519684,
        -0.3331899880693537,
        -0.28026998996427793,
        -0.24611999118709849,
        -0.010599999620442238,
        0.03491999874960783,
        0.06043999783580461,
        0.07790999721025044,
        0.09511999659400619,
        0.10633999619224789,
        0.13980999499377633,
        0.2188899921621322,
        0.24105999136828357,
        0.26303999058123834,
        0.3085199889527207,
        0.3202799885316264,
        0.35122998742338934,
        0.37131998670401994,
        0.3940299858908354,
        0.41475998514854934,
        0.4433999841230273,
        0.44516998405964825,
        0.45715998363031823,
        0.47402998302624855,
        0.5053999819029724,
        0.523169981266676,
        0.5417199806024499,
        0.5529599801999755,
        0.5621699798701899,
        0.5969499786248108,
        0.6454399768885131,
        0.7150599743956063,
        0.7480299732150385,
        0.7582299728498036,
        0.8693899688694601,
        0.889439968151523,
        0.9056999675692957,
        0.9591299656561099,
        0.9708999652346575,
        0.9867899646656788,
        0.9968899643040249,
        1.0313199630711782,
        1.0745299615239432,
        1.0986499606602702,
        1.1332799594202623,
        1.1497699588297992,
        1.2277299560382593,
        1.240289955588519,
        1.2494399552608824,
        1.3045699532868238,
        1.3187499527790756,
        1.350599951638612,
        1.3883099502883172,
        1.4167099492713888,
        1.45828994778252,
        1.517039945678839,
        1.5327399451166637,
        1.5808999433921824,
        1.6359799414199143,
        1.7067199388869037,
        1.7226299383172088,
        1.7584099370360222,
        1.8106899351640147,
        1.8461399338946445,
        1.900619931943861,
        2.1507099229888045,
        2.193639921451595,
        2.2529199193289364,
        2.3111999172420847,
        2.3689499151742113,
        2.4255999131457258,
        2.510229910115351,
        2.5792299076446445,
        2.5954699070631335,
        2.660699904727421,
        2.707159903063812,
        2.739619901901506,
        2.781149900414427,
        2.7843599002994854,
        2.8216298989649466,
        2.8747498970628613,
        2.8967798962740257,
        2.9087698958446953,
        2.9129998956932304,
        2.980489893276593,
        3.0124298921329067,
        3.033419891381311,
        3.0473298908832307,
        3.0632998903113875,
        3.134579887759041,
        3.170149886485374,
        3.188679885821864,
        3.229379884364505,
        3.2545598834628766,
        3.271299882863462,
        3.3081598815436033,
        3.3186398811683424,
        3.3884498786686326,
        3.4167498776552847,
        3.439489876841026,
        3.480479875373283,
        3.5255298737601626,
        3.5641198723783574,
        3.6361398697995133,
        3.652059869229461,
        3.662779868845606,
        3.6981698675783843,
        3.717009866903774,
        3.758339865423857,
        3.7836398645179314,
        3.816769863331634,
        3.8345898626935475,
        3.8521498620647705,
        3.9038598602131733,
        3.9219598595650607,
        3.980269857477135,
        4.029579855711475,
        4.033199855581852,
        4.059369854644775,
        4.1021198531140115,
        4.1450098515782345,
        4.159119851072992,
        4.1984898496632574,
        4.275069846921133,
        4.327249845052705,
        4.394629842640008,
        4.471869839874248,
        4.517519838239644,
        4.584619835836971,
        4.645269833665257,
        4.70056983168511,
        4.737739830354152,
        4.762139829480453,
        4.819019827443732,
        4.829209827078855,
        4.858669826023971,
        4.8766898253787225,
        4.908459824241123,
        4.944439822952776,
        4.993669821189981,
        5.030709819863676,
        5.069959818458238,
        5.115369816832228,
        5.185169814332876,
        5.208719813489612,
        5.27939981095875,
        5.330329809135082,
        5.366959807823459,
        5.430099805562585,
        5.458609804541718,
        5.486589803539828,
        5.6202597987534615,
        5.702559795806518,
        5.753869793969243,
        5.8555297903290695,
        5.905989788522231,
        5.921739787958266,
        6.002199785077208,
        6.0412997836771405,
        6.304949774236537,
        6.576179764524513,
        9.210949670180419,
        10.939899608271325,
        12.214469562632368,
        12.925779537162251
    ],
    "et": [
        -187.988485223
    ],
    "fc": [
        0.2201,
        0.4252,
        0.6366,
        1.9865,
        0.7672,
        2.9415,
        1.2397,
        1.0347,
        1.0806,
        1.2808,
        1.5508,
        1.3997,
        1.4291,
        10.3951,
        5.775,
        6.2633,
        6.5975,
        7.6329
    ],
    "gap": 0.23551999156665626,
    "homo": -0.24611999118709849,
    "id": "AZ7_10714",
    "ir": [
        8.7768,
        129.7414,
        28.7053,
        1.2706,
        2.6132,
        3.6075,
        11.1111,
        4.245,
        9.002,
        1.8369,
        15.9644,
        19.2837,
        3.5653,
        3.0725,
        24.5737,
        12.7775,
        8.9032,
        1.0284
    ],
    "lumo": -0.010599999620442238,
    "ma": [
        12.0,
        14.00307,
        14.00307,
        12.0,
        1.00783,
        1.00783,
        1.00783,
        1.00783
    ],
    "mr": [
        2.0393,
        1.4282,
        1.6177,
        3.9517,
        1.4833,
        5.2654,
        2.0924,
        1.5679,
        1.386,
        1.4424,
        1.584,
        1.341,
        1.1237,
        6.7982,
        1.0563,
        1.109,
        1.0987,
        1.0759
    ],
    "mu": 2.8208036319460454,
    "mu_x": -1.2228,
    "mu_xx=": 0.4613,
    "mu_xxx=": -1.1965,
    "mu_xxy=": 3.5797,
    "mu_xxz=": 1.718,