{
    "A": 17.0003,
    "B": 3.90061,
    "C": 3.61924,
    "Cv": "15.772",
    "G": -532.010753,
    "H": -531.977388,
    "P": 1.0,
    "S": 0.00011190675834312736,
    "T": 298.15,
    "U": -531.978333,
    "U0": -531.983098,
    "alpha": 33.088,
    "alpha_xx": 59.06,
    "alpha_xy": -0.421,
    "alpha_xz": 44.574,
    "alpha_yy": -0.61,
    "alpha_yz": 0.074,
    "alpha_zz": 40.814,
    "bo": [
        0,
        1,
        1,
        0,
        1,
        1,
        0,
        0,
        0,
        1,
        0,
        1,
        1,
        0,
        0,
        1,
        0,
        0,
        1,
        1,
        0,
        0,
        0,
        0,
        0,
        1,
        0,
        0,
        1,
        0,
        0,
        0,
        0,
        0,
        0,
        1,
        1,
        0,
        0,
        0,
        0,
        0,
        0,
        0,
        0,
        1,
        0,
        0,
        0,
        0,
        0,
        0,
        0,
        0,
        0,
        1,
        0,
        0,
        0,
        0,
        0,
        0,
        0,
        0,
        0,
        1,
        0,
        0,
        0,
        0,
        0,
        0,
        0,
        0,
        0,
        1,
        0,
        0,
        0,
        0,
        0
    ],
    "coords": [
        -0.907366,
        -0.32178,
        -0.233888,
        0.215403,
        0.606005,
        0.034896,
        -0.674978,
        0.197631,
        1.121228,
        1.918853,
        -0.008299,
        0.049595,
        -0.658435,
        -1.354043,
        -0.444824,
        -1.800845,
        0.050893,
        -0.719472,
        0.127523,
        1.648998,
        -0.238551,
        -0.226034,
        -0.512248,
        1.691799,
        2.005878,
        -0.307157,
        -1.260784
    ],
    "e ne": -1573.999052965,
    "e_disp": -0.003938925300019491,
    "e_k": 530.0881808495,
    "e_nn": 158.2210398436,
    "eigs": [
        -88.89249681699638,
        -14.32551948704129,
        -10.239419633353648,
        -10.210699634382033,
        -7.944909715513938,
        -5.909409788399771,
        -5.905969788522948,
        -5.899949788738507,
        -0.9739799651243708,
        -0.7550999729618806,
        -0.6639099762271515,
        -0.606749978273899,
        -0.5062599818721781,
        -0.4886499825027452,
        -0.4178399850382627,
        -0.3725099866614092,
        -0.3613599870606611,
        -0.32729998828025886,
        -0.2667899904469609,
        -0.2505499910284719,
        0.00505999981881488,
        0.03679999868229003,
        0.05724999795003002,
        0.061189997808949105,
        0.08222999705556275,
        0.1026299963250931,
        0.11903999573749471,
        0.1547999944570244,
        0.18720999329650861,
        0.22839999182160445,
        0.2479399911219291,
        0.26484999051642705,
        0.28437998981710977,
        0.3006299892352406,
        0.3196799885531108,
        0.3302799881735531,
        0.3522999873850755,
        0.36416998696004244,
        0.37971998640323834,
        0.386999986142561,
        0.40848998537306136,
        0.4230499848517065,
        0.42832998466264377,
        0.4613199834813597,
        0.47496998299258963,
        0.47940998283360503,
        0.5066099818596456,
        0.5510199802694417,
        0.5536599801749104,
        0.5805799792109768,
        0.6355499772426475,
        0.6863399754239929,
        0.6977299750161474,
        0.7252599740303716,
        0.7612799727405912,
        0.8061299711346323,
        0.8353099700897741,
        0.8654299690112572,
        0.8922899680494721,
        0.9121299673390546,
        0.9423599662565988,
        0.9769599650176651,
        0.9832899647910045,
        1.0045299640304566,
        1.0484699624570823,
        1.0786999613746266,
        1.1134899601288895,
        1.1299299595402168,
        1.1596899584745906,
        1.1930699572793417,
        1.218499956368761,
        1.2261099560962672,
        1.2429699554925553,
        1.2685999545748134,
        1.308379953150398,
        1.3581399513686245,
        1.395859950017972,
        1.4387299484829117,
        1.4618699476543298,
        1.498919946327668,
        1.5390699448900034,
        1.5544399443396446,
        1.594729942896967,
        1.612729942252435,
        1.675979939987621,
        1.6790199398787666,
        1.705129938943837,
        1.721379938361968,
        1.7584599370342318,
        1.7952799357158058,
        1.7987899355901218,
        1.8287099345187667,
        1.8690799330732244,
        1.9268899310032024,
        1.9522899300936962,
        1.989909928746624,
        2.0637099261040426,
        2.1222199240089554,
        2.2080199209366858,
        2.264599918910707,
        2.298549917695048,
        2.3675999152225513,
        2.404829913889444,
        2.4458999124188368,
        2.456359912044292,
        2.4825799111054234,
        2.539939909051515,
        2.590639907236083,
        2.6248299060118305,
        2.6695699044098102,
        2.7636599010406977,
        2.794819899924941,
        2.7984798997938864,
        2.8361298984457397,
        2.860279897580993,
        2.9117698957372733,
        2.9213698953935228,
        2.9917398928737606,
        3.0039398924369114,
        3.047889890863179,
        3.059529890446381,
        3.1019998889256435,
        3.1542198870557847,
        3.190279885764572,
        3.2360598841253125,
        3.244289883830618,
        3.260789883239797,
        3.298349881894873,
        3.3258298809108875,
        3.330729880735432,
        3.3402098803959777,
        3.390549878593437,
        3.415749877691092,
        3.4545198763028417,
        3.5096098743302155,
        3.51663987407849,
        3.548609872933729,
        3.5780298718802777,
        3.5896998714624058,
        3.6318498699531268,
        3.675189868401237,
        3.72082986676699,
        3.740279866070537,
        3.7709298649730423,
        3.802919863827565,
        3.8392198625277594,
        3.841539862444687,
        3.903339860231793,
        3.937179859020073,
        3.9834498573632673,
        4.000839856740578,
        4.023479855929899,
        4.051629854921924,
        4.061939854552749,
        4.08690985365864,
        4.099699853200665,
        4.129029852150436,
        4.171679850623253,
        4.2103498492385825,
        4.238599848227025,
        4.267729847183958,
        4.395589842605633,
        4.414619841924218,
        4.474029839796905,
        4.494779839053903,
        4.5095898385235955,
        4.65384983335803,
        4.6715498327242395,
        4.760059829554932,
        4.773269829081918,
        4.83722982679168,
        4.961479822342619,
        5.0268798200008185,
        5.079969818099808,
        5.125089816484181,
        5.182879814414874,
        5.192339814076137,
        5.251029811974604,
        5.292849810477141,
        5.317669809588403,
        5.344489808628052,
        5.434329805411119,
        5.496049803201091,
        5.674239796820582,
        5.677379796708147,
        5.769909793394894,
        5.784299792879627,
        5.906609788500031,
        5.9189797880570945,
        6.036749783840063,
        6.434359769602709,
        10.380059628317705,
        11.37867959255978,
        12.843719540100603
    ],
    "et": [
        -532.052334184
    ],
    "fc": [
        0.0124,
        0.1688,
        0.3008,
        0.8008,
        1.1184,
        1.4778,
        0.6618,
        0.5977,
        0.8923,
        0.9389,
        0.9475,
        1.0332,
        1.4387,
        1.7667,
        1.4026,
        1.5502,
        4.3238,
        5.9661,
        6.3552,
        6.718,
        7.7183
    ],
    "gap": 0.2556099908472868,
    "homo": -0.2505499910284719,
    "id": "AZ7_09676",