{
    "A": 9.82482,
    "B": 4.94791,
    "C": 3.35867,
    "Cv": "15.104",
    "G": -593.47031,
    "H": -593.437077,
    "P": 1.0,
    "S": 0.0001114640281737234,
    "T": 298.15,
    "U": -593.438021,
    "U0": -593.442648,
    "alpha": 28.076999999999998,
    "alpha_xx": 54.689,
    "alpha_xy": -4.351,
    "alpha_xz": 46.18,
    "alpha_yy": -0.002,
    "alpha_yz": 0.002,
    "alpha_zz": 29.544,
    "bo": [
        0,
        1,
        0,
        0,
        1,
        1,
        1,
        0,
        1,
        0,
        2,
        1,
        0,
        0,
        0,
        0,
        0,
        2,
        0,
        0,
        0,
        0,
        0,
        1,
        0,
        1,
        0,
        0,
        0,
        0,
        0,
        0,
        1,
        0,
        0,
        0,
        0,
        0,
        0,
        0,
        1,
        0,
        0,
        0,
        0,
        0,
        0,
        0,
        1,
        0,
        0,
        0,
        0,
        0,
        0,
        0,
        0,
        0,
        1,
        0,
        0,
        0,
        0,
        0
    ],
    "coords": [
        1.231918,
        -1.088253,
        -1.5e-05,
        0.454856,
        0.193561,
        6e-05,
        0.848331,
        1.380002,
        -0.000115,
        -1.305011,
        -0.089644,
        0.000158,
        0.977317,
        -1.682385,
        0.878225,
        2.302268,
        -0.884104,
        -0.000184,
        0.977047,
        -1.682394,
        -0.87817,
        1.866912,
        1.426539,
        -0.000213
    ],
    "e ne": -1703.229687354,
    "e_disp": -0.0038165665999940757,
    "e_k": 591.4890143468,
    "e_nn": 149.6624212991,
    "eigs": [
        -101.55506636358348,
        -14.318419487295525,
        -10.285869631690394,
        -10.200679634740824,
        -9.461059661224644,
        -7.2236497413403375,
        -7.2157897416217835,
        -7.214849741655441,
        -0.947779966062523,
        -0.8330199701717729,
        -0.7519599730743155,
        -0.578939979269701,
        -0.49913998212712624,
        -0.46436998337214735,
        -0.4582499835912882,
        -0.4058599854672346,
        -0.3651199869260255,
        -0.3141899887496931,
        -0.30015998925207,
        -0.2914599895635938,
        -0.017669999367284375,
        0.015149999457518859,
        0.0388899986074527,
        0.07314999738069339,
        0.1031499963064733,
        0.10354999629215035,
        0.16587999406027912,
        0.23029999175357052,
        0.23725999150435145,
        0.24189999133820544,
        0.28571998976912794,
        0.30268998916147744,
        0.3260399883253762,
        0.33940998784663207,
        0.3534699873431809,
        0.35906998714265986,
        0.40983998532472143,
        0.4215399849057756,
        0.4224799848721167,
        0.43275998450401726,
        0.4498799838909957,
        0.4557499836808066,
        0.4732099830556105,
        0.49908998212891664,
        0.5102999817275164,
        0.5351899808362719,
        0.5430199805559004,
        0.5894799788922915,
        0.6217699777360728,
        0.6385999771334351,
        0.707619974662013,
        0.718379974276726,
        0.7488299731863926,
        0.786269971845766,
        0.8481899696285756,
        0.8531699694502551,
        0.909349967438599,
        0.9855799647090058,
        0.9903599645378468,
        0.9930699644408089,
        1.0207599634493036,
        1.0233299633572788,
        1.053849962264439,
        1.0785099613814302,
        1.133709959404865,
        1.1442699590267396,
        1.187789957468404,
        1.277109954270093,
        1.29089995377631,
        1.296739953567195,
        1.3509499516260797,
        1.3528299515587616,
        1.4500399480779305,
        1.4858599467953117,
        1.4921699465693674,
        1.556849944253349,
        1.5687499438272419,
        1.6755399400033761,
        1.7460299374793171,
        1.863689933266226,
        1.9159399313952927,
        1.923519931123873,
        1.9242399310980918,
        1.9661899295959742,
        2.041489926899682,
        2.0712299258347713,
        2.0758299256700576,
        2.091599925105376,
        2.091979925091769,
        2.115049924265694,
        2.189889921585873,
        2.1949199214057624,
        2.221829920442187,
        2.2298099201564443,
        2.2641299189275363,
        2.308609917334826,
        2.364379915337851,
        2.3922799143388263,
        2.399509914079939,
        2.400829914032674,
        2.521729909703567,
        2.534959909229835,
        2.6486599051585418,
        2.7151799027766375,
        2.761159901130216,
        2.7723899007281,
        2.7764899005812897,
        2.803289899621653,
        2.852369897864229,
        2.8757598970266955,
        2.94434989457067,
        2.9852998931043597,
        2.9861398930742813,
        3.042219891066206,
        3.0465998909093703,
        3.1152698884504804,
        3.12081988825175,
        3.179489886150933,
        3.1916998857137253,
        3.244839883810924,
        3.2830098824441576,
        3.2914598821415852,
        3.317449881210953,
        3.378899879010592,
        3.3803698789579557,
        3.4126998778003044,
        3.4136198777673616,
        3.4445998766580503,
        3.4457698766161555,
        3.5142498741640695,
        3.54855987293552,
        3.563149872413091,
        3.644109869514129,
        3.7498998657260705,
        3.7683698650647095,
        3.809149863604486,
        3.826179862994687,
        3.8490298621764896,
        3.888679860756729,
        3.895059860528278,
        3.9680098579161327,
        4.050829854950569,
        4.064149854473615,
        4.076229854041062,
        4.0782298539694475,
        4.154719851230545,
        4.1743898505262145,
        4.24671984793627,
        4.2702598470933655,
        4.292999846279106,
        4.395699842601693,
        4.456249840433559,
        4.613379834807152,
        4.644069833708225,
        4.701669831645723,
        4.794549828319937,
        4.811769827703334,
        4.913069824076052,
        4.997999821034935,
        5.042749819432556,
        5.043449819407491,
        5.090669817716669,
        5.127589816394661,
        5.144929815773762,
        5.204189813651819,
        5.255979811797358,
        5.296809810335344,
        5.377169807457867,
        5.4670298042402194,
        5.5240098021999176,
        5.622789798662869,
        5.658289797391709,
        5.799879792321748,
        5.8091297919905305,
        5.8511497904859056,
        6.050369783352368,
        6.414789770303459,
        8.447699697510368,
        13.47464951750868,
        13.954689500319727
    ],
    "et": [
        -593.50207638
    ],
    "fc": [
        0.0183,
        0.2616,
        0.8496,
        0.4717,
        0.7663,
        0.4684,
        1.7363,
        0.8168,
        1.0378,
        1.5981,
        1.4501,
        1.3253,
        1.3677,
        15.3067,
        5.6148,
        6.2392,
        6.3107,
        7.565
    ],
    "gap": 0.27378999019630945,
    "homo": -0.2914599895635938,
    "id": "AZ7_51019",
    "ir": [
        0.0552,
        1.206,
        0.2289,
        0.0029,
        104.9414,
        50.7921,
        71.526,
        56.2821,
        7.8463,
        98.0398,
        15.4661,
        10.6643,
        19.5918,
        172.1645,
        5.1976,
        3.089,
        12.2528,
        3.2847
    ],
    "lumo": -0.017669999367284375,
    "ma": [
        12.0,
        12.0,
        14.00307,
        34.96885,
        1.00783,
        1.00783,
        1.00783,
        1.00783
    ],
    "mr": [
        1.0503,
        3.4575,
        6.9248,
        3.1991,
        3.4608,
        1.1091,
        3.2596,
        1.255,
        1.5338,
        1.7039,
        1.2377,
        1.0425,
        1.0592,
        8.6284,
        1.0338,
        1.1005,
        1.1044,
        1.0745
    ],
    "mu": 3.235620019408954,