{
    "A": 11.65585,
    "B": 3.68181,
    "C": 3.22915,
    "Cv": "19.165",
    "G": -532.829518,
    "H": -532.793624,
    "P": 1.0,
    "S": 0.00012038906590637187,
    "T": 298.15,
    "U": -532.794568,
    "U0": -532.800486,
    "alpha": 30.001666666666665,
    "alpha_xx": 52.665,
    "alpha_xy": -0.958,
    "alpha_xz": 44.336,
    "alpha_yy": -3.036,
    "alpha_yz": -2.701,
    "alpha_zz": 40.376,
    "bo": [
        0,
        1,
        0,
        0,
        1,
        0,
        0,
        0,
        0,
        1,
        0,
        1,
        0,
        0,
        1,
        1,
        0,
        0,
        0,
        1,
        0,
        1,
        0,
        0,
        0,
        1,
        0,
        0,
        0,
        1,
        0,
        0,
        0,
        0,
        0,
        1,
        1,
        0,
        0,
        0,
        0,
        0,
        0,
        0,
        0,
        0,
        1,
        0,
        0,
        0,
        0,
        0,
        0,
        0,
        0,
        1,
        0,
        0,
        0,
        0,
        0,
        0,
        0,
        0,
        0,
        1,
        0,
        0,
        0,
        0,
        0,
        0,
        0,
        0,
        0,
        1,
        0,
        0,
        0,
        0,
        0
    ],
    "coords": [
        -1.067581,
        1.316937,
        -0.473501,
        -0.636622,
        0.103585,
        0.134778,
        0.253182,
        -0.898265,
        -1.151559,
        1.801485,
        -0.277456,
        -1.014418,
        -1.417518,
        1.89693,
        0.209042,
        0.039896,
        0.286723,
        0.976164,
        -1.48143,
        -0.502228,
        0.490695,
        0.428657,
        -2.006081,
        -0.270522,
        2.079932,
        0.080055,
        -1.861778
    ],
    "e ne": -1612.730168628,
    "e_disp": -0.0036301504999869394,
    "e_k": 530.7886712617,
    "e_nn": 174.9675179997,
    "eigs": [
        -77.11105723885836,
        -19.136349314778286,
        -19.129179315035024,
        -10.221859633982424,
        -6.570179764739357,
        -4.734029830486997,
        -4.731409830580812,
        -4.727329830726906,
        -1.0251699632913933,
        -1.015139963650541,
        -0.7106499745535166,
        -0.5943999787161195,
        -0.5209599813458102,
        -0.482959982706489,
        -0.4447999840728969,
        -0.4070499854246239,
        -0.4007299856509262,
        -0.352649987372543,
        -0.30263998916326784,
        -0.2822699898926633,
        -0.24495999122863496,
        0.0022899999180012003,
        0.019189999312857222,
        0.05321999809433358,
        0.06946999751246437,
        0.08259999704231406,
        0.10014999641389531,
        0.10533999622805523,
        0.14788999470445308,
        0.24890999108719597,
        0.260629990667534,
        0.28428998982033243,
        0.2935399894891146,
        0.3121899888213078,
        0.3299099881868018,
        0.3418099877606945,
        0.3448299876525563,
        0.385759986186962,
        0.413299985200828,
        0.4225599848692521,
        0.42422998480945384,
        0.4504399838709436,
        0.4661099833098426,
        0.4909299824211045,
        0.5296399810350025,
        0.6002299785073627,
        0.603059978406028,
        0.6318599773747766,
        0.6416899770227905,
        0.6591999763958042,
        0.6723999759231473,
        0.6879199753674174,
        0.7215299741639329,
        0.7546499729779939,
        0.7736799722965804,
        0.7944999715510714,
        0.8367599700378534,
        0.862319969122618,
        0.9087099674615157,
        0.9375899664273998,
        0.9745499651039607,
        1.004109964045496,
        1.0308999630862172,
        1.042819962659394,
        1.0922099608908695,
        1.1044199604536618,
        1.1445899590152813,
        1.153219958706264,
        1.2199899563154082,
        1.266499954650009,
        1.2790899541991947,
        1.3101999530852284,
        1.3282799524378317,
        1.3585699513532277,
        1.3743499507881878,
        1.4009699498349966,
        1.4290999488277363,
        1.4391899484664399,
        1.4642199475701825,
        1.523979945430336,
        1.5347199450457654,
        1.566269943916044,
        1.6437799411406173,
        1.6503699409046468,
        1.7107399387429578,
        1.7476599374209512,
        1.7890899359374535,
        1.8466799338753088,
        1.9033799318450328,
        1.9516899301151802,
        1.9813799290520606,
        2.0109599279928796,
        2.0566999263550523,
        2.0920799250881887,
        2.1204399240726923,
        2.1372199234718456,
        2.1726299222039076,
        2.21831992056787,
        2.237619919876789,
        2.3423299161274027,
        2.3815999147212485,
        2.4970499105872914,
        2.53030990939634,
        2.610319906531395,
        2.6258599059749486,
        2.7419999018162846,
        2.822669898927707,
        2.852909897844893,
        2.906779895915952,
        2.961799893945832,
        2.9966098926993787,
        3.0192898918872686,
        3.0372798912430947,
        3.092519889265097,
        3.1305898879019125,
        3.1564198869770084,
        3.2413598839355333,
        3.256849883380878,
        3.281919882483188,
        3.309579881492757,
        3.333979880619058,
        3.349359880068341,
        3.374739879159551,
        3.399409878276184,
        3.4160098776817818,
        3.463199875992034,
        3.489329875056388,
        3.524949873780931,
        3.6177698704572943,
        3.6283298700791686,
        3.6601098689412117,
        3.666409868715625,
        3.7189298668350235,
        3.735409866244919,
        3.7644598652047163,
        3.777919864722749,
        3.8111698635321556,
        3.82769986294026,
        3.8458198622914304,
        3.9453498587275266,
        3.967469857935469,
        3.9804898574692573,
        4.005179856585174,
        4.018569856105714,
        4.069189854293146,
        4.105839852980807,
        4.144939851580741,
        4.159749851050434,
        4.170689850658701,
        4.279459846763938,
        4.312589845577641,
        4.3418298445306345,
        4.4212598416864575,
        4.5290298378275,
        4.566639836480787,
        4.6489298335342015,
        4.682929832316752,
        4.718769831033417,
        4.808879827806818,
        4.87402982547397,
        4.948029822824227,
        5.044879819356287,
        5.0907598177134465,
        5.193679814028155,
        5.239139812400354,
        5.250589811990359,
        5.339299808813891,
        5.401479806587391,
        5.472049804060467,
        5.4901398034127125,
        5.534749801815347,
        5.675079796790504,
        5.84343979076198,
        5.942669787208818,
        6.101169781533356,
        6.4084597705301185,
        6.462289768602611,
        6.540789765791735,
        6.5550497652811215,
        6.574109764598635,
        6.63330976247884,
        6.638589762289778,
        6.660979761488051,
        6.689619760462529,
        6.700089760087626,
        6.851479754666753,
        6.932969751748814,
        7.014099748843764,
        7.109859745414854,
        7.2494897404150755,
        7.377519735830663,
        11.150879600716694,
        11.462319589564856,
        11.967339571481435
    ],
    "et": [
        -532.865912609
    ],
    "fc": [
        0.0293,
        0.0337,
        0.0382,
        0.0952,
        0.2477,
        0.7543,
        2.1872,
        0.6086,
        0.6342,
        0.6256,
        3.0242,
        0.8281,
        0.8895,
        0.9801,
        1.537,
        1.3954,
        3.3383,
        5.4708,
        5.9274,
        9.1462,
        9.3113
    ],
    "gap": 0.24724999114663615,
    "homo": -0.24495999122863496,
    "id": "AZ7_88127",