{
    "A": 20.21599,
    "B": 6.24509,
    "C": 4.77118,
    "Cv": "17.290",
    "G": -175.325678,
    "H": -175.292064,
    "P": 1.0,
    "S": 0.00011274190843535145,
    "T": 298.15,
    "U": -175.293008,
    "U0": -175.29832,
    "alpha": 32.32,
    "alpha_xx": 70.138,
    "alpha_xy": -1.242,
    "alpha_xz": 43.903,
    "alpha_yy": 0.002,
    "alpha_yz": -0.002,
    "alpha_zz": 26.82,
    "bo": [
        0,
        1,
        0,
        0,
        1,
        1,
        0,
        0,
        0,
        1,
        0,
        2,
        0,
        0,
        0,
        1,
        0,
        0,
        0,
        2,
        0,
        1,
        0,
        0,
        0,
        0,
        0,
        0,
        0,
        1,
        0,
        0,
        0,
        0,
        1,
        1,
        1,
        0,
        0,
        0,
        0,
        0,
        0,
        0,
        0,
        1,
        0,
        0,
        0,
        0,
        0,
        0,
        0,
        0,
        0,
        1,
        0,
        0,
        0,
        0,
        0,
        0,
        0,
        0,
        0,
        0,
        1,
        0,
        0,
        0,
        0,
        0,
        0,
        0,
        0,
        1,
        0,
        0,
        0,
        0,
        0
    ],
    "coords": [
        1.302593,
        -0.445963,
        0.294965,
        0.457618,
        0.812486,
        0.214315,
        -0.812971,
        0.921339,
        -0.115304,
        -1.521859,
        -0.129602,
        -0.429474,
        2.447827,
        -0.374262,
        0.611058,
        0.86212,
        -1.532164,
        0.050318,
        0.88384,
        1.784153,
        0.442714,
        -2.482225,
        0.03033,
        -0.669525,
        -1.136943,
        -1.066315,
        -0.435488
    ],
    "e ne": -619.9037050198,
    "e_disp": -0.0032781438000029084,
    "e_k": 174.2814343834,
    "e_nn": 106.0251826959,
    "eigs": [
        -14.377229485189696,
        -14.375529485250565,
        -10.1693096358641,
        -6.729739759025938,
        -1.0279699631911328,
        -0.8096699710078742,
        -0.638909977122335,
        -0.565559979748803,
        -0.5268599811345469,
        -0.43824998430743495,
        -0.4166699850801573,
        -0.3889599860723785,
        -0.3283099882440935,
        -0.2724599902439332,
        -0.24467999123866102,
        -0.08144999708349247,
        0.028549998977700556,
        0.0573199979475235,
        0.07454999733056311,
        0.08883999681887626,
        0.12535999551119237,
        0.15379999449283172,
        0.1661099940520434,
        0.18761999328182763,
        0.19513999301255644,
        0.21574999227456723,
        0.27545999013651123,
        0.28373998984002646,
        0.3034699891335477,
        0.3453399876342946,
        0.36668998686980797,
        0.3784399864490718,
        0.38879998607810773,
        0.4221199848850073,
        0.4345499844399221,
        0.4465999840084437,
        0.46190998346023343,
        0.4773199829084424,
        0.5017599820333111,
        0.5096599817504331,
        0.5355199808244554,
        0.5521299802296956,
        0.5712899795436269,
        0.5888699789141341,
        0.6064099782860733,
        0.6253199776089566,
        0.6815699755947939,
        0.7102499745678396,
        0.7352999736708657,
        0.742079973428092,
        0.7934699715879532,
        0.8300499702781207,
        0.9015999677161058,
        0.9146899672473878,
        0.935379966506534,
        0.9595099656425029,
        0.9828999648049694,
        1.0252699632878126,
        1.0458799625498234,
        1.0572099621441262,
        1.093909960829997,
        1.1212199598520987,
        1.1291299595688626,
        1.1937899572535604,
        1.240719955573122,
        1.2531599551276789,
        1.2556899550370861,
        1.3150299529122789,
        1.3286099524260155,
        1.3526399515655652,
        1.408809949554267,
        1.432639948700978,
        1.4469299481892914,
        1.4873899467405263,
        1.5326199451209608,
        1.545119944673369,
        1.5853099432342723,
        1.587099943170177,
        1.6805199398250559,
        1.700789939099241,
        1.7312099380099817,
        1.815969934974952,
        1.8581699334638826,
        1.8935099321984512,
        1.897349932060951,
        1.9173499313448044,
        1.9747799292883887,
        1.9884799287978285,
        2.0293599273340246,
        2.0528299264936267,
        2.0697799258866922,
        2.126649923850329,
        2.167589922384377,
        2.3293799165911078,
        2.3413599161621357,
        2.4571799120149302,
        2.460619911891753,
        2.504399910324108,
        2.538239909112387,
        2.610259906533543,
        2.752049901456421,
        2.778169900521133,
        2.797299899836139,
        2.8418098982423547,
        2.867989897304918,
        2.8777598969550806,
        2.9398198947328775,
        3.047979890859956,
        3.089249889382187,
        3.096099889136907,
        3.1313098878761307,
        3.1696898865018452,
        3.1839798859901585,
        3.19815988548241,
        3.2566298833887553,
        3.2653698830757993,
        3.2974898819256677,
        3.3413098803565897,
        3.388209878677226,
        3.396719878372506,
        3.4556598762620214,
        3.4671198758516693,
        3.479019875425562,
        3.5314398735485413,
        3.5537698727489637,
        3.561979872454985,
        3.5746298720020224,
        3.608159870801402,
        3.656319869076921,
        3.697269867610611,
        3.723959866654913,
        3.7278298665163385,
        3.780239864639676,
        3.7948198641176054,
        3.830019862857187,
        3.8612998617371335,
        3.879309861092243,
        3.9113098599464085,
        3.9788698575272647,
        4.002239856690447,
        4.033279855578988,
        4.0375998554243,
        4.046339855111343,
        4.0602498546132635,
        4.075349854072574,
        4.080669853882077,
        4.189969849968336,
        4.20965984926329,
        4.251889847751146,
        4.3145698455067425,
        4.355369844045803,
        4.362379843794794,
        4.4038598423095054,
        4.451499840603644,
        4.471379839891794,
        4.474099839794397,
        4.608979834964704,
        4.6179598346431545,
        4.662619833043999,
        4.685889832210762,
        4.7388898303129725,
        4.776249828975211,
        4.777219828940478,
        4.842539826601543,
        4.858829826018241,
        4.94991982275655,
        4.99542982112696,
        5.0194098202683,
        5.114229816873047,
        5.217219813185251,
        5.22567981288232,
        5.2919898105079355,
        5.3434998086635,
        5.472649804038982,
        5.5477898013484195,
        5.601559799423059,
        5.6095297991376745,
        5.67479979680053,
        5.697379795992,
        5.7790597930672565,
        5.949809786953154,
        6.023679784308066,
        6.218159777344256,
        6.624199762805045,
        6.7697297575940025,
        6.964129750633057,
        9.518729659159638,
        10.351869629327112,
        12.294689559759904,
        14.063609496419593
    ],
    "et": [
        -175.36640608
    ],
    "fc": [
        0.0089,
        0.0461,
        0.1596,
        0.1025,
        0.4102,
        0.4383,
        0.787,
        0.5394,
        0.8707,
        1.6653,
        1.7417,
        1.4849,
        1.2243,
        2.0927,
        6.5792,
        1.7949,
        4.082,
        4.5723,
        6.2653,
        7.4905,
        8.8379
    ],
    "gap": 0.16322999415516853,
    "homo": -0.24467999123866102,
    "id": "AZ7_04062",