{
    "A": 12.66863,
    "B": 4.56472,
    "C": 3.35563,
    "Cv": "14.910",
    "G": -555.66107,
    "H": -555.627556,
    "P": 1.0,
    "S": 0.00011240650679177694,
    "T": 298.15,
    "U": -555.6285,
    "U0": -555.633262,
    "alpha": 27.387666666666664,
    "alpha_xx": 55.548,
    "alpha_xy": -2.131,
    "alpha_xz": 36.842,
    "alpha_yy": 0.001,
    "alpha_yz": 0.0,
    "alpha_zz": 26.614,
    "bo": [
        0,
        2,
        0,
        1,
        1,
        0,
        2,
        0,
        1,
        0,
        0,
        0,
        0,
        1,
        0,
        0,
        0,
        1,
        1,
        0,
        0,
        0,
        0,
        0,
        1,
        0,
        0,
        0,
        0,
        0,
        0,
        0,
        1,
        0,
        0,
        0
    ],
    "coords": [
        -1.03477,
        -0.171975,
        0.164161,
        0.470605,
        -0.846527,
        -0.092935,
        1.443414,
        0.489707,
        -0.224113,
        -1.343147,
        1.13009,
        0.240019,
        -1.891508,
        -0.825764,
        0.290015,
        2.355405,
        0.224469,
        -0.377147
    ],
    "e ne": -1634.461438488,
    "e_disp": -0.0016337405000115268,
    "e_k": 553.5587963247,
    "e_nn": 157.579023753,
    "eigs": [
        -77.12128723849206,
        -24.699129115589955,
        -19.158209313995535,
        -10.259629632629983,
        -6.581889764320053,
        -4.745369830080943,
        -4.742659830177979,
        -4.73948983029149,
        -1.230079955954112,
        -1.0386399628090686,
        -0.7253699740264327,
        -0.6019299784464901,
        -0.5332799809046638,
        -0.49244998236667736,
        -0.4665899832926551,
        -0.45266998379109324,
        -0.3787999864361812,
        -0.3772599864913244,
        -0.295529989417858,
        -0.23891999144491127,
        -0.04469999839941208,
        -0.01896999932073484,
        0.057519997940362035,
        0.0678299975711884,
        0.11128999601500159,
        0.14990999463212226,
        0.2516799909880097,
        0.255309990858029,
        0.2631899905758672,
        0.3092399889269394,
        0.3301299881789242,
        0.34589998761424245,
        0.3483999875247241,
        0.37491998657511355,
        0.3767299865103023,
        0.3928399859334461,
        0.4318299845373181,
        0.48557998261267377,
        0.5082099818023539,
        0.5475999803919027,
        0.6034899783906307,
        0.6186299778485077,
        0.6564399764946324,
        0.6623899762815788,
        0.7240499740736983,
        0.7350799736787433,
        0.7675599725157212,
        0.854539969401199,
        0.8545899693994087,
        0.875819968639219,
        0.9419599662709218,
        0.9940699644050014,
        1.0098299638406778,
        1.0401299627557155,
        1.1091099602857255,
        1.154039958676902,
        1.2164199564432403,
        1.2536699551094173,
        1.2965999535722081,
        1.2984799535048903,
        1.3324899522870828,
        1.3593299513260138,
        1.3911999501848342,
        1.4207399491270853,
        1.449279948105144,
        1.4588599477621098,
        1.5710099437463172,
        1.5818699433574495,
        1.6110799423115172,
        1.6539999407746662,
        1.735429937858875,
        1.800559935526743,
        1.8138499350508637,
        1.8483399338158686,
        1.995099928560784,
        2.004189928235295,
        2.049099926627188,
        2.119679924099906,
        2.1303499237178416,
        2.1491999230428736,
        2.1788899219797537,
        2.221149920466536,
        2.2793399183829064,
        2.3056999174390254,
        2.35736991558886,
        2.4296799129996316,
        2.573789907839436,
        2.615569906343406,
        2.7072699030598733,
        2.7883799001555403,
        2.817429899115337,
        3.001679892517836,
        3.026429891631604,
        3.034679891336193,
        3.140189887558161,
        3.169929886493251,
        3.230099884338724,
        3.2402598839749217,
        3.273459882786118,
        3.317289881216682,
        3.3992798782808387,
        3.401029878218176,
        3.4262898773136827,
        3.428979877217361,
        3.514729874146882,
        3.675179868401595,
        3.697359867607388,
        3.726919866548923,
        3.7604298653490194,
        3.847169862243091,
        3.8703098614145093,
        3.9355998590766488,
        4.0991098532217904,
        4.103409853067819,
        4.130149852110331,
        4.418949841769172,
        4.577929836076523,
        4.709109831379315,
        4.7779798289132644,
        4.7794298288613435,
        4.860099825972767,
        4.971729821975593,
        5.070949818422789,
        5.172879814772949,
        5.201349813753512,
        5.266689811413861,
        5.42358980579569,
        5.514589802537222,
        5.9464097870748995,
        6.369909771910492,
        6.505629767050721,
        6.507769766974093,
        6.528479766232523,
        6.621379762906022,
        6.661089761484112,
        6.859899754365255,
        6.86131975431441,
        6.96066975075695,
        6.989169749736441,
        7.008569749041778,
        7.202269742105898,
        7.216089741611041,
        7.288979739001044,
        7.439859733598433,
        8.309339702464671,
        8.332599701631791,
        8.740099687040303,
        8.835059683640038,
        8.85328968298727,
        10.276359632030925,
        11.03193960497562,
        11.29899959541291
    ],
    "et": [
        -555.666044905
    ],
    "fc": [
        0.1639,
        0.0435,
        0.296,
        1.4161,
        0.4204,
        3.9638,
        2.7414,
        0.7384,
        1.959,
        2.3165,
        6.3788,
        9.2751
    ],
    "gap": 0.1942199930454992,
    "homo": -0.23891999144491127,
    "id": "AZ7_89956",
    "ir": [
        0.8209,
        83.4633,
        6.8202,
        18.0244,
        43.5931,
        121.1787,
        33.4339,
        113.8267,
        126.5933,
        51.2309,
        4.4159,
        138.8448
    ],
    "lumo": -0.04469999839941208,
    "ma": [
        12.0,
        30.97376,
        15.99491,
        18.9984,
        1.00783,
        1.00783
    ],
    "mr": [
        8.8295,
        1.2113,
        3.7463,
        8.9385,
        1.2546,
        10.5739,
        6.1857,
        1.131,
        2.3092,
        1.9695,
        1.0875,
        1.0669
    ],
    "mu": 1.8237978451571875,
    "mu_x": -1.5603,
    "mu_xx=": 4.1297,
    "mu_xxx=": -9.6037,
    "mu_xxy=": 6.8492,
    "mu_xxz=": 0.0006,
    "mu_xy=": -4.0645,
    "mu_xyy=": 4.3849,
    "mu_xyz=": -0.0004,
    "mu_xz=": 0.0,
    "mu_xzz=": 2.0766,
    "mu_y": -0.9443,
    "mu_yy=": -1.9274,
    "mu_yyy=": 8.8679,
    "mu_yyz=": 0.0,
    "mu_yz=": 0.0001,
    "mu_yzz=": 4.4943,
    "mu_z": 0.0,
    "mu_zz=": -2.2024,
    "mu_zzz=": -0.0006,
    "na": 6,
    "ne": 40,
    "ne_down": 20,
    "ne_up": 20,
    "ni": 4,
    "oemga": [
        177.4856,
        247.0241,
        366.2152,
        518.5413,
        754.1244,
        797.6542,
        867.2987,
        1052.6729,
        1199.9264,
        1412.8911,
        3155.1546,
        3841.2583
    ],
    "oemga0": 3841.2583,
    "qa": [
        0.004465,
        0.217168,
        -0.357177,
        -0.164218,
        0.095347,
        0.204416
    ],
    "r2": 342.5146,