{
    "A": 13.23653,
    "B": 4.00036,
    "C": 3.47154,
    "Cv": "18.148",
    "G": -569.157375,
    "H": -569.121978,
    "P": 1.0,
    "S": 0.0001187221197383499,
    "T": 298.15,
    "U": -569.122922,
    "U0": -569.128577,
    "alpha": 30.135999999999996,
    "alpha_xx": 56.16,
    "alpha_xy": -1.593,
    "alpha_xz": 42.175,
    "alpha_yy": -0.874,
    "alpha_yz": 1.072,
    "alpha_zz": 35.122,
    "bo": [
        0,
        1,
        0,
        0,
        1,
        1,
        1,
        0,
        0,
        1,
        0,
        1,
        0,
        0,
        0,
        0,
        0,
        0,
        0,
        1,
        0,
        1,
        0,
        0,
        0,
        0,
        0,
        0,
        0,
        1,
        0,
        0,
        0,
        0,
        1,
        1,
        1,
        0,
        0,
        0,
        0,
        0,
        0,
        0,
        0,
        1,
        0,
        0,
        0,
        0,
        0,
        0,
        0,
        0,
        1,
        0,
        0,
        0,
        0,
        0,
        0,
        0,
        0,
        0,
        0,
        0,
        1,
        0,
        0,
        0,
        0,
        0,
        0,
        0,
        0,
        1,
        0,
        0,
        0,
        0,
        0
    ],
    "coords": [
        1.8084,
        0.449167,
        -0.195979,
        0.868662,
        -0.316136,
        0.559851,
        -0.611954,
        -0.603203,
        -0.191221,
        -1.57077,
        0.733554,
        0.053276,
        2.744481,
        0.428487,
        0.361669,
        1.483601,
        1.48864,
        -0.300422,
        1.963715,
        0.020343,
        -1.188556,
        -1.864376,
        0.917129,
        1.002252,
        -1.3553,
        1.569668,
        -0.469767
    ],
    "e ne": -1702.619244327,
    "e_disp": -0.0039836419999801365,
    "e_k": 567.067312271,
    "e_nn": 177.6798047205,
    "eigs": [
        -88.93368681552147,
        -19.145319314457097,
        -14.339149486553238,
        -10.21595963419369,
        -7.977209714357362,
        -5.944309787150094,
        -5.9393397873280565,
        -5.929889787666436,
        -1.0311099630786977,
        -0.9030399676645432,
        -0.7150799743948902,
        -0.6375699771703168,
        -0.5208399813501071,
        -0.5035699819684998,
        -0.4565299836528769,
        -0.4463499840173956,
        -0.39099998599933167,
        -0.35418998731739965,
        -0.29255998952420575,
        -0.2799699899750201,
        -0.2274799918545472,
        0.012219999562434353,
        0.017559999371223177,
        0.0518399981437477,
        0.08774999685790627,
        0.09525999658899316,
        0.11389999592154443,
        0.12551999550546317,
        0.14405999484159515,
        0.24373999127231993,
        0.2600499906883023,
        0.2658999904788294,
        0.29446998945581376,
        0.3005499892381051,
        0.3125399888087752,
        0.34033998781333125,
        0.36428998695574555,
        0.3826099862997552,
        0.42089998492869224,
        0.43883998428630866,
        0.4479499839601039,
        0.4603899835146606,
        0.46608998331055873,
        0.4834499826889434,
        0.5009999820605247,
        0.5168999814911881,
        0.526569981144931,
        0.5544099801480548,
        0.5912899788274804,
        0.6206399777765349,
        0.6751499758246771,
        0.6841799755013369,
        0.7522699730632154,
        0.7760899722102846,
        0.7916099716545548,
        0.8351499700955033,
        0.8704699688307881,
        0.8995899677880785,
        0.9356699664961499,
        0.9598399656306866,
        0.9711199652267799,
        1.0026999640959842,
        1.028219963182181,
        1.0573299621398295,
        1.0740499615411307,
        1.1034299604891111,
        1.1395399591961084,
        1.1944399572302855,
        1.2127499565746531,
        1.257619954967978,
        1.269629954537932,
        1.2937699536735427,
        1.3142099529416411,
        1.3441199518706435,
        1.409909949514879,
        1.4190999491858096,
        1.4754799471669917,
        1.5063399460619775,
        1.5300199452140597,
        1.546199944634697,
        1.575149943598075,
        1.5943599429102155,
        1.6210099419559503,
        1.6724799401129464,
        1.691929939416494,
        1.7278899381288622,
        1.7711599365794788,
        1.7797799362708193,
        1.8315499344170738,
        1.9080799316767383,
        1.9178599313265425,
        1.960889929785753,
        2.031329927263484,
        2.061919926168138,
        2.122829923987113,
        2.1468999231252304,
        2.1801399219349946,
        2.268219918781084,
        2.278589918409762,
        2.293419917878739,
        2.383509914652856,
        2.45115991223049,
        2.4830299110893104,
        2.5692299080027183,
        2.580309907605973,
        2.655939904897864,
        2.7081299030290795,
        2.7943298999424866,
        2.8071998994816463,
        2.8791398969056665,
        2.9151198956173188,
        2.9757698934456034,
        3.000159892572263,
        3.016219891997197,
        3.054919890611453,
        3.0585098904829047,
        3.109619888652792,
        3.139279887590746,
        3.174869886316363,
        3.2274598844332556,
        3.290739882167367,
        3.2991998818644372,
        3.3303898807476062,
        3.386329878744544,
        3.4037098781222124,
        3.4164598776656687,
        3.427039877286827,
        3.4729498756429127,
        3.4852198752035566,
        3.5096098743302155,
        3.613569870607685,
        3.6393598696842138,
        3.6495898693179045,
        3.7186298668457662,
        3.7540798655763963,
        3.786309864422326,
        3.813929863433327,
        3.8355098626606052,
        3.8677898615047437,
        3.9108398599632377,
        3.93923985894631,
        3.98963985714162,
        4.027079855800993,
        4.051079854941617,
        4.066239854398778,
        4.0718198541989725,
        4.083629853776089,
        4.210149849245744,
        4.229209848563257,
        4.242599848083796,
        4.264499847299615,
        4.273779846967324,
        4.31460984550531,
        4.441509840961359,
        4.525919837938862,
        4.660749833110959,
        4.681649832362585,
        4.692409831977298,
        4.720269830979706,
        4.789539828499332,
        4.834829826877618,
        4.919689823839008,
        4.93719982321202,
        5.015159820420481,
        5.059019818849971,
        5.128269816370313,
        5.159869815238801,
        5.190329814148111,
        5.23055981270758,
        5.302699810124439,
        5.332899809043059,
        5.442199805129316,
        5.501589803002718,
        5.548119801336603,
        5.603619799349295,
        5.6697597969809985,
        5.69862979594724,
        5.736489794591575,
        5.777279793130994,
        5.810039791957945,
        5.854719790358073,
        5.906259788512563,
        6.008159784863796,
        6.0188797844799415,
        6.121289780812913,
        6.575209764559247,
        6.653059761771646,
        6.696399760219754,
        6.825549755595238,
        7.05938974722205,
        7.211169741787213,
        9.55051965802132,
        11.946079572242699,
        13.026239533565047
    ],
    "et": [
        -569.197650074
    ],
    "fc": [
        0.0116,
        0.0168,
        0.184,
        0.2154,
        0.2772,
        0.2239,
        2.1365,
        2.0259,
        5.5668,
        0.7551,
        1.0255,
        1.131,
        1.4174,
        1.3708,
        1.387,
        1.6647,
        5.4645,
        6.0831,
        6.2324,
        7.5482,
        8.483
    ],
    "gap": 0.23969999141698156,
    "homo": -0.2274799918545472,
    "id": "AZ7_88510",