{
    "A": 50.88681,
    "B": 2.65227,
    "C": 2.54867,
    "Cv": "15.024",
    "G": -567.944412,
    "H": -567.911182,
    "P": 1.0,
    "S": 0.00011145396612444476,
    "T": 298.15,
    "U": -567.912126,
    "U0": -567.916904,
    "alpha": 32.93666666666667,
    "alpha_xx": 74.125,
    "alpha_xy": -1.989,
    "alpha_xz": 35.779,
    "alpha_yy": -2.363,
    "alpha_yz": 0.426,
    "alpha_zz": 27.048,
    "bo": [
        0,
        1,
        0,
        0,
        1,
        0,
        0,
        1,
        0,
        1,
        0,
        0,
        1,
        0,
        0,
        1,
        0,
        2,
        0,
        0,
        1,
        0,
        0,
        2,
        0,
        0,
        0,
        0,
        1,
        0,
        0,
        0,
        0,
        0,
        0,
        0,
        1,
        0,
        0,
        0,
        0,
        0,
        0,
        0,
        1,
        0,
        0,
        0,
        0
    ],
    "coords": [
        -1.437082,
        -0.489248,
        -0.073008,
        -0.320403,
        0.358321,
        -0.075352,
        0.88565,
        -0.14708,
        0.224062,
        2.201915,
        0.755934,
        0.608907,
        -1.697213,
        -0.562757,
        -1.000637,
        -0.53616,
        1.317581,
        0.163994,
        0.903392,
        -1.23275,
        0.152134
    ],
    "e ne": -1643.490436814,
    "e_disp": -0.0027674202999889985,
    "e_k": 565.910672834,
    "e_nn": 149.3187329452,
    "eigs": [
        -88.84981681852463,
        -19.204599312334434,
        -14.42210948358266,
        -10.268849632299837,
        -7.903329717002807,
        -5.867089789915138,
        -5.864299790015039,
        -5.858969790205893,
        -1.1227999597955232,
        -0.9122799673336836,
        -0.7452099733160151,
        -0.6411499770421265,
        -0.5867399789904038,
        -0.49725998219444406,
        -0.491539982399262,
        -0.3855399861948397,
        -0.36788998682683915,
        -0.3520299873947435,
        -0.2447799912350803,
        -0.22359999199347966,
        -0.051059998171677425,
        0.007459999732877273,
        0.04276999846852025,
        0.0591199978830703,
        0.08853999682961847,
        0.14675999474491536,
        0.19513999301255644,
        0.25717999079106935,
        0.2824899898847857,
        0.2931099895045117,
        0.3220699884675313,
        0.34340998770340275,
        0.34532998763465267,
        0.3650299869292482,
        0.37205998667752255,
        0.38795998610818594,
        0.4020199856047348,
        0.42032998494910245,
        0.439199984273418,
        0.4627699834294391,
        0.47341998304809096,
        0.5042699819434346,
        0.560379979934285,
        0.5791099792636136,
        0.5970299786219461,
        0.623909977659445,
        0.6407899770550172,
        0.6549799765469111,
        0.6826199755571962,
        0.7447399733328445,
        0.7888199717544572,
        0.8164099707665328,
        0.8838499683516862,
        0.9095899674300053,
        0.9870799646552947,
        1.0004299641772667,
        1.0232799633590692,
        1.0522999623199403,
        1.1125099601639807,
        1.1298399595434394,
        1.217699956397407,
        1.2635399547559987,
        1.335989952161757,
        1.3437299518846084,
        1.3828199504848995,
        1.4214199491027364,
        1.4380299485079764,
        1.5173399456680965,
        1.541589944799769,
        1.5752299435952102,
        1.5914199430154894,
        1.6200999419885351,
        1.6847299396743067,
        1.6992199391554583,
        1.7041499389789285,
        1.7592299370066604,
        1.793199935790285,
        1.8328199343715983,
        1.838919934153174,
        1.8814399326306457,
        1.898459932021205,
        1.9185199313029095,
        1.9431199304220492,
        1.96886992950001,
        1.9716799293993919,
        2.016419927797372,
        2.074279925725559,
        2.113809924310095,
        2.2240099203641264,
        2.2985299176957636,
        2.3855499145798094,
        2.4592299119415246,
        2.522899909661672,
        2.618349906243862,
        2.665759904546236,
        2.7422599018069747,
        2.7880499001673567,
        2.83856989835837,
        2.9294198951052737,
        2.973019893544074,
        3.014739892050192,
        3.0592998904546165,
        3.1059398887845626,
        3.148049887276716,
        3.1847298859633026,
        3.220399884686055,
        3.2481398836927595,
        3.2760798826923025,
        3.283339882432341,
        3.3154698812818513,
        3.3483498801045064,
        3.3763098791033332,
        3.3935998784842245,
        3.477359875485002,
        3.5027798745747796,
        3.5858198716013385,
        3.5945698712880243,
        3.644549869498374,
        3.686339868001985,
        3.730039866437204,
        3.752469865634046,
        3.8611598617421463,
        3.883119860955817,
        3.9242598594827034,
        3.972389857759296,
        4.070899854231915,
        4.085889853695164,
        4.116399852602681,
        4.176219850460687,
        4.199469849628167,
        4.283559846617127,
        4.307489845760258,
        4.452679840561391,
        4.558549836770469,
        4.5737398362265544,
        4.694849831889928,
        4.7690498292330235,
        4.795299828293082,
        4.840869826661342,
        4.930199823462672,
        4.946729822870777,
        5.000919820930377,
        5.076309818230863,
        5.162039815161099,
        5.242779812270015,
        5.323809809368546,
        5.413229806166655,
        5.496389803188916,
        5.561869800844251,
        5.679949796616122,
        5.763159793636593,
        5.91433978822324,
        6.2660397756298005,
        6.325579773497832,
        6.373049771798057,
        6.401769770769671,
        6.542449765732294,
        6.566839764858954,
        6.649769761889452,
        6.796769756625773,
        7.031659748214987,
        7.215859741619277,
        7.3662697362334955,
        10.072999639312703,
        11.381819592447346,
        12.484029552980143
    ],
    "et": [
        -567.964355526
    ],
    "fc": [
        0.0754,
        0.2381,
        0.1038,
        0.7177,
        0.3025,
        0.7073,
        1.9691,
        5.1755,
        1.9848,
        1.3365,
        1.3273,
        2.5187,
        6.1788,
        7.9965,
        8.8437
    ],
    "gap": 0.17253999382180224,
    "homo": -0.22359999199347966,
    "id": "AZ7_96111",
    "ir": [
        2.0582,
        1.2253,
        100.6025,
        15.6606,
        179.6096,
        25.9859,
        20.6207,
        135.8829,
        40.3546,
        22.9885,
        76.3858,
        151.1664,
        8.5934,
        42.5801,
        67.3689
    ],
    "lumo": -0.051059998171677425,
    "ma": [
        15.99491,
        14.00307,
        12.0,
        31.97207,
        1.00783,
        1.00783,
        1.00783
    ],
    "mr": [
        5.3678,
        4.3771,
        1.2912,
        5.4337,
        1.4408,
        1.3803,
        3.1964,
        8.282,
        1.9991,
        1.2953,
        1.1307,
        1.8749,
        1.0868,
        1.078,
        1.0683
    ],
    "mu": 3.9486396771546524,
    "mu_x": -3.7579,
    "mu_xx=": -0.8913,
    "mu_xxx=": -30.2571,
    "mu_xxy=": -2.9021,
    "mu_xxz=": 11.1112,
    "mu_xy=": 0.75,
    "mu_xyy=": -8.8086,
    "mu_xyz=": -0.8911,
    "mu_xz=": -3.905,
    "mu_xzz=": -7.3859,
    "mu_y": -0.408,
    "mu_yy=": 1.5809,
    "mu_yyy=": -1.8951,
    "mu_yyz=": -0.38,
    "mu_yz=": 0.664,
    "mu_yzz=": -0.0717,
    "mu_z": 1.1417,
    "mu_zz=": -0.6896,
    "mu_zzz=": 0.5079,
    "na": 7,
    "ne": 40,
    "ne_down": 20,
    "ne_up": 20,
    "ni": 4,