{
    "A": 12.47497,
    "B": 5.054,
    "C": 3.71039,
    "Cv": "16.391",
    "G": -548.026355,
    "H": -547.992847,
    "P": 1.0,
    "S": 0.00011238638269321966,
    "T": 298.15,
    "U": -547.993792,
    "U0": -547.998724,
    "alpha": 30.034333333333333,
    "alpha_xx": 57.354,
    "alpha_xy": -0.289,
    "alpha_xz": 53.617,
    "alpha_yy": 0.199,
    "alpha_yz": -2.86,
    "alpha_zz": 32.55,
    "bo": [
        0,
        2,
        0,
        0,
        0,
        1,
        0,
        0,
        2,
        0,
        1,
        0,
        0,
        0,
        1,
        0,
        0,
        1,
        0,
        1,
        2,
        0,
        0,
        0,
        0,
        0,
        1,
        0,
        0,
        0,
        0,
        0,
        0,
        0,
        2,
        0,
        0,
        0,
        0,
        1,
        1,
        0,
        0,
        0,
        0,
        0,
        0,
        0,
        0,
        1,
        0,
        0,
        0,
        0,
        0,
        0,
        0,
        0,
        0,
        0,
        1,
        0,
        0,
        0
    ],
    "coords": [
        1.722097,
        0.599264,
        -0.003649,
        1.148043,
        -0.503079,
        -0.008592,
        -0.72938,
        -0.524707,
        -0.103614,
        -0.809425,
        -1.186748,
        1.100992,
        -1.068573,
        1.013699,
        0.169101,
        0.999528,
        1.347978,
        -0.014519,
        1.640757,
        -1.472535,
        0.018431,
        -1.736396,
        1.27263,
        -0.553554
    ],
    "e ne": -1618.59260984,
    "e_disp": -0.0032105422999961775,
    "e_k": 546.030245388,
    "e_nn": 161.549759684,
    "eigs": [
        -88.98520681367667,
        -14.32540948704523,
        -14.287299488409849,
        -10.24902963300954,
        -8.029099712499319,
        -5.991779785450321,
        -5.990909785481473,
        -5.987369785608231,
        -0.9461299661216052,
        -0.8919399680620047,
        -0.7150599743956063,
        -0.6071699782588598,
        -0.5015099820422629,
        -0.4756799829671664,
        -0.4444599840850714,
        -0.4307799845749158,
        -0.3493299874914233,
        -0.295119989432539,
        -0.2659399904773971,
        -0.2434799912816298,
        -0.033899998786131307,
        -0.001049999962402297,
        0.00469999983170552,
        0.03567999872239425,
        0.06817999755865584,
        0.08879999682030856,
        0.1247799955319606,
        0.19763999292303813,
        0.22019999211522462,
        0.24813999111476764,
        0.2565999908118376,
        0.28565998977127643,
        0.30572998905262316,
        0.3301699881774919,
        0.3429099877213064,
        0.36358998698081074,
        0.37617998652999635,
        0.405529985479051,
        0.4303999845885226,
        0.4311399845620252,
        0.47449998300941904,
        0.4916999823935329,
        0.5110799816995867,
        0.524399981222633,
        0.5531799801920979,
        0.5700799795869539,
        0.591049978836074,
        0.6127099780604871,
        0.620909977766867,
        0.6837799755156597,
        0.699979974935581,
        0.72327997410127,
        0.752589973051757,
        0.8145799708320601,
        0.8256699704349569,
        0.8414899698684848,
        0.858909969244721,
        0.9087199674611576,
        0.9229499669516193,
        0.9623199655418844,
        0.9867099646685434,
        1.057949962117629,
        1.1059399603992348,
        1.1237499597615062,
        1.201719956969608,
        1.2154299564786897,
        1.2528299551394952,
        1.2765099542915774,
        1.3132099529774484,
        1.337529952106614,
        1.4110499494740585,
        1.4609799476861982,
        1.4721899472847981,
        1.4883899467047192,
        1.5045499461260727,
        1.5323899451291965,
        1.5652499439525673,
        1.599919942711127,
        1.6131299422381118,
        1.6592299405873938,
        1.6813199397964098,
        1.7009699390927957,
        1.773719936487812,
        1.8312899344263835,
        1.8566799335172355,
        1.8697099330506657,
        1.8786799327294739,
        1.9328399307901485,
        1.9924099286571058,
        2.0653399260456764,
        2.0779899255927137,
        2.137159923473994,
        2.1541799228645533,
        2.189219921609864,
        2.3548799156780205,
        2.4038599139241774,
        2.4092799137301015,
        2.4764799113238487,
        2.524669909598293,
        2.5358599091976086,
        2.5956199070577624,
        2.7073999030552187,
        2.740549901868205,
        2.82465989885645,
        2.8918198964516297,
        2.9292698951106444,
        2.9500298943672845,
        2.991679892875909,
        3.044909890969884,
        3.0728698899687115,
        3.1323098878403233,
        3.1531598870937403,
        3.15647988697486,
        3.207289885155489,
        3.2210298846634964,
        3.249299883651223,
        3.306279881610921,
        3.3177998811984204,
        3.348459880100568,
        3.3632098795724095,
        3.3893298786371218,
        3.4297698771890732,
        3.44900987650014,
        3.4753998755551843,
        3.5256698737551497,
        3.5596298725391327,
        3.599229871121162,
        3.645719869456479,
        3.673679868455306,
        3.7221398667200822,
        3.733929866297914,
        3.801809863867312,
        3.855349861950187,
        3.8665398615495032,
        3.8792798610933175,
        3.887789860788597,
        3.9348998591017135,
        3.9456798587157103,
        3.9785498575387233,
        3.9960798569110207,
        4.015719856207765,
        4.041299855291813,
        4.089529853564825,
        4.153839851262055,
        4.179959850326767,
        4.240119848172599,
        4.31081984564102,
        4.345449844401011,
        4.371109843482196,
        4.465059840118096,
        4.498589838917477,
        4.509769838517149,
        4.671889832712066,
        4.697619831790742,
        4.72885983067212,
        4.812969827660366,
        4.850119826330124,
        4.860199825969185,
        4.915939823973285,
        4.957819822473673,
        4.973679821905769,
        5.009239820632461,
        5.0875998178265975,
        5.185919814306021,
        5.294349810423431,
        5.3691398077454,
        5.480029803774724,
        5.559269800937351,
        5.600559799458866,
        5.618419798819347,
        5.639449798066319,
        5.663079797220192,
        5.820779791573375,
        5.8983897887943675,
        5.977219785971675,
        6.18277977861112,
        6.46643976845401,
        9.653829654322063,
        9.889729645875116,
        13.624669512136864
    ],
    "et": [
        -548.05387236
    ],
    "fc": [
        0.111,
        0.1039,
        0.0894,
        1.0983,
        0.5721,
        0.3644,
        1.0886,
        1.2732,
        0.6968,
        0.8165,
        0.8634,
        1.0091,
        1.3486,
        15.2437,
        3.4603,
        6.2815,
        6.3261,
        7.6975
    ],
    "gap": 0.2095799924954985,
    "homo": -0.2434799912816298,
    "id": "AZ7_83946",
    "ir": [
        3.3473,
        6.5591,
        25.5026,
        2.1868,
        6.7978,
        7.9225,
        63.1215,
        21.9429,
        13.0478,
        52.1891,
        47.7356,
        47.4126,
        160.1855,
        75.1868,
        76.4109,
        15.5329,
        29.1628,
        10.489
    ],
    "lumo": -0.033899998786131307,
    "ma": [
        14.00307,
        12.0,
        31.97207,
        1.00783,
        14.00307,
        1.00783,
        1.00783,
        1.00783
    ],
    "mr": [
        4.1958,
        2.6123,
        1.3881,
        8.3883,
        2.3211,
        1.2648,
        2.3206,
        2.5984,
        1.1121,
        1.0807,
        1.0904,
        1.1142,
        1.2539,
        8.7525,
        1.0393,
        1.0966,
        1.0695,
        1.0751
    ],
    "mu": 3.0514503354962215,