{
    "A": 19.43278,
    "B": 3.51834,
    "C": 3.03608,
    "Cv": "14.180",
    "G": -551.946188,
    "H": -551.91316,
    "P": 1.0,
    "S": 0.0001107764548048246,
    "T": 298.15,
    "U": -551.914104,
    "U0": -551.918633,
    "alpha": 31.891666666666666,
    "alpha_xx": 65.279,
    "alpha_xy": -0.608,
    "alpha_xz": 45.141,
    "alpha_yy": -0.002,
    "alpha_yz": -0.006,
    "alpha_zz": 30.398,
    "bo": [
        0,
        1,
        0,
        0,
        1,
        1,
        1,
        0,
        1,
        0,
        1,
        0,
        0,
        0,
        0,
        0,
        0,
        1,
        0,
        2,
        0,
        0,
        0,
        1,
        0,
        0,
        2,
        0,
        0,
        0,
        0,
        0,
        1,
        0,
        0,
        0,
        0,
        0,
        0,
        0,
        1,
        0,
        0,
        0,
        0,
        0,
        0,
        0,
        1,
        0,
        0,
        0,
        0,
        0,
        0,
        0,
        0,
        0,
        1,
        0,
        0,
        0,
        0,
        0
    ],
    "coords": [
        -1.195509,
        -0.245072,
        0.127309,
        0.204787,
        -0.164517,
        1.294365,
        1.537339,
        0.301027,
        0.203009,
        2.665141,
        0.467682,
        0.56466,
        -0.849609,
        0.007558,
        -0.874881,
        -1.605665,
        -1.251454,
        0.120259,
        -1.961495,
        0.46408,
        0.429718,
        1.205011,
        0.420695,
        -0.846485
    ],
    "e ne": -1611.487544801,
    "e_disp": -0.002613650000000689,
    "e_k": 549.9492533242,
    "e_nn": 152.7339299926,
    "eigs": [
        -88.91124681632499,
        -19.13718931474821,
        -10.28998963154287,
        -10.218389634106675,
        -7.962699714876925,
        -5.926789787777438,
        -5.922989787913507,
        -5.918989788056736,
        -1.0669799617942888,
        -0.8122799709144171,
        -0.6891299753240905,
        -0.5895599788894269,
        -0.4824399827251088,
        -0.4644499833692828,
        -0.45252998379610626,
        -0.4225999848678198,
        -0.4121099852434388,
        -0.35623998724399464,
        -0.27297999022531344,
        -0.2642999905361211,
        -0.03478999875426278,
        0.008549999693847277,
        0.03253999883482929,
        0.06097999781646865,
        0.07281999739250979,
        0.08896999681422131,
        0.15108999458986958,
        0.17196999384221245,
        0.21825999218469086,
        0.2202399921137923,
        0.24682999116167523,
        0.25125999100304874,
        0.2888199896581252,
        0.3240699883959166,
        0.3276799882666521,
        0.34798998753940513,
        0.3658899868984538,
        0.3696199867648925,
        0.4089799853555157,
        0.4141599851700337,
        0.4196299849741676,
        0.4515999838294071,
        0.453239983770683,
        0.47763998289698406,
        0.5186399814288832,
        0.5491799803353272,
        0.5951899786878316,
        0.6407699770557331,
        0.6788299756929062,
        0.6974899750247413,
        0.7020799748603855,
        0.7212299741746752,
        0.7308299738309245,
        0.7859999718554339,
        0.8316099702222612,
        0.856459969332449,
        0.9184099671141845,
        0.921869966990291,
        0.9644999654638244,
        0.9663399653979389,
        1.005289964003243,
        1.0175499635642453,
        1.0432799626429226,
        1.050709962376874,
        1.090779960942074,
        1.1000899606087078,
        1.147059958926837,
        1.2760599543076907,
        1.2826699540710043,
        1.2829499540609781,
        1.2911299537680745,
        1.337119952121295,
        1.411399949461526,
        1.5071699460322572,
        1.5094699459499006,
        1.5261299453533503,
        1.5708899437506136,
        1.5990599427419212,
        1.6401999412688075,
        1.6454799410797447,
        1.6700199402010327,
        1.7191599384414602,
        1.7463699374671426,
        1.8128799350855966,
        1.8280699345416833,
        1.8422999340321449,
        1.8978499320430475,
        1.961799929753168,
        2.002319928302255,
        2.03379992717504,
        2.049069926628262,
        2.1142999242925495,
        2.1416899233117865,
        2.181559921884148,
        2.1878999216571295,
        2.217319920603678,
        2.2476599195172833,
        2.311089917246024,
        2.341739916148529,
        2.4919199107709833,
        2.5340499092624205,
        2.6446499053021286,
        2.6952399034906356,
        2.705939903107497,
        2.746499901655152,
        2.7715399007585355,
        2.7747499006435943,
        2.865759897384769,
        2.896429896286558,
        2.9410598946884763,
        2.9562998941427727,
        2.9847998931222635,
        3.0105698921995083,
        3.0174998919513634,
        3.0436498910150016,
        3.044559890982417,
        3.1018998889292244,
        3.135759887716788,
        3.2466998837443226,
        3.26697988301815,
        3.2860198823363778,
        3.3042998816818194,
        3.3362798805367007,
        3.368599879379408,
        3.3788898790109507,
        3.3840598788258265,
        3.3862698787466927,
        3.478919875429143,
        3.5420098731700578,
        3.546859872996392,
        3.601439871042028,
        3.6199898703778017,
        3.7158198669463847,
        3.7442198659294563,
        3.779939864650418,
        3.8144698634139913,
        3.838479862554257,
        3.947249858659493,
        3.957259858301062,
        4.008709856458774,
        4.038199855402816,
        4.042769855239176,
        4.056779854737515,
        4.1047898530184055,
        4.206569849373935,
        4.2225598488013745,
        4.382329843080437,
        4.429509841391047,
        4.560149836713177,
        4.6350398340315655,
        4.703329831586283,
        4.704559831542239,
        4.756439829684554,
        4.892429824815116,
        4.90786982426225,
        4.991059821283438,
        5.010149820599876,
        5.051519819118526,
        5.115289816835092,
        5.183459814394106,
        5.190659814136294,
        5.207539813531865,
        5.21046981342695,
        5.267739811376264,
        5.313469809738794,
        5.601859799412316,
        5.735549794625234,
        5.770359793378781,
        5.794659792508663,
        6.146029779927038,
        6.188449778408091,
        6.332519773249328,
        6.377909771624034,
        6.628609762647135,
        6.797839756587459,
        6.926109751994452,
        7.000419749333608,
        9.45350966149499,
        12.535179551148598,
        12.803149541553307
    ],
    "et": [
        -551.975274569
    ],
    "fc": [
        0.0029,
        0.0495,
        0.1455,
        1.2568,
        2.0096,
        1.5056,
        0.7806,
        0.7367,
        0.684,
        1.2002,
        1.2838,
        1.3198,
        1.3745,
        20.2719,
        5.3283,
        5.6219,
        6.3181,
        6.4279
    ],
    "gap": 0.2295099917818583,
    "homo": -0.2642999905361211,
    "id": "AZ7_92264",
    "ir": [
        0.0045,
        7.9966,
        3.8925,
        0.7333,
        1.8612,
        128.5728,
        2.456,
        1.7963,
        2.265,
        17.6689,
        1.0483,
        5.0803,
        8.2001,
        416.098,
        77.0349,
        18.9662,
        4.8529,
        4.2164
    ],
    "lumo": -0.03478999875426278,
    "ma": [
        12.0,
        31.97207,
        12.0,
        15.99491,
        1.00783,
        1.00783,
        1.00783,
        1.00783
    ],
    "mr": [
        1.1082,
        2.5077,
        3.9658,
        10.4543,
        6.8312,
        4.4035,
        1.5557,
        1.3002,
        1.2029,
        1.1315,
        1.1581,
        1.0514,
        1.0524,
        10.8615,
        1.0882,
        1.0322,
        1.1012,
        1.1075
    ],
    "mu": 3.7403066318150975,