{
    "A": 13.75462,
    "B": 3.49798,
    "C": 2.90597,
    "Cv": "17.542",
    "G": -495.688247,
    "H": -495.652237,
    "P": 1.0,
    "S": 0.00012077813181276578,
    "T": 298.15,
    "U": -495.653181,
    "U0": -495.658801,
    "alpha": 33.529333333333334,
    "alpha_xx": 58.586,
    "alpha_xy": -3.501,
    "alpha_xz": 54.057,
    "alpha_yy": -0.005,
    "alpha_yz": 0.002,
    "alpha_zz": 42.007,
    "bo": [
        0,
        1,
        0,
        1,
        1,
        1,
        0,
        0,
        0,
        1,
        0,
        2,
        0,
        0,
        0,
        1,
        0,
        0,
        0,
        2,
        0,
        0,
        0,
        0,
        0,
        0,
        0,
        1,
        0,
        0,
        0,
        0,
        0,
        0,
        1,
        1,
        1,
        0,
        0,
        0,
        0,
        0,
        0,
        0,
        0,
        1,
        0,
        0,
        0,
        0,
        0,
        0,
        0,
        0,
        0,
        1,
        0,
        0,
        0,
        0,
        0,
        0,
        0,
        0,
        0,
        0,
        1,
        0,
        0,
        0,
        0,
        0,
        0,
        0,
        0,
        1,
        0,
        0,
        0,
        0,
        0
    ],
    "coords": [
        -0.113014,
        -0.634639,
        0.261914,
        -1.119372,
        0.3074,
        -0.357088,
        -0.882693,
        1.400747,
        -0.795539,
        1.674667,
        -0.091624,
        0.37292,
        -0.466331,
        -0.886381,
        1.26774,
        -0.159017,
        -1.580929,
        -0.287835,
        -2.154373,
        -0.09597,
        -0.38511,
        1.425521,
        1.208358,
        0.886389,
        1.794613,
        0.373039,
        -0.963391
    ],
    "e ne": -1479.04208582,
    "e_disp": -0.0043750995999971565,
    "e_k": 493.7759153248,
    "e_nn": 153.166032268,
    "eigs": [
        -77.08545723977502,
        -19.137109314751072,
        -10.2738496321208,
        -10.202019634692842,
        -6.549759765470543,
        -4.712019831275117,
        -4.711529831292662,
        -4.707279831444843,
        -1.0622699619629412,
        -0.7734899723033837,
        -0.6371099771867881,
        -0.5624699798594477,
        -0.4909499824203884,
        -0.4679299832446733,
        -0.4481299839536585,
        -0.38634998616583577,
        -0.3651199869260255,
        -0.36150998705528997,
        -0.2764199901021362,
        -0.25980999069689603,
        -0.03679999868229003,
        0.01356999951409445,
        0.035689998722036174,
        0.044029998423402994,
        0.05052999819065531,
        0.07929999716047825,
        0.09827999648085503,
        0.17341999379029177,
        0.1822099934755453,
        0.19865999288651462,
        0.2296999917750549,
        0.23024999175536087,
        0.2493999910696504,
        0.2923499895317253,
        0.313939988758645,
        0.3203799885280457,
        0.3233899884202656,
        0.36715998685297846,
        0.369539986767757,
        0.39163998597641486,
        0.4226299848667456,
        0.4253399847697077,
        0.4390899842773568,
        0.4513899838369266,
        0.4638399833911252,
        0.49570998224994545,
        0.5278499810990976,
        0.5415899806071048,
        0.6009599784812234,
        0.6162999779319388,
        0.6202099777919322,
        0.6394099771044314,
        0.6629499762615266,
        0.7013199748875991,
        0.741139973461751,
        0.7812899720240865,
        0.808189971060869,
        0.8217799705742473,
        0.8514699695111275,
        0.9387399663862215,
        0.9439899661982328,
        0.963039965516103,
        0.9697999652740456,
        0.9704399652511287,
        1.0091899638635946,
        1.0620599619704607,
        1.0646699618770035,
        1.0823599612435717,
        1.0900599609678554,
        1.1424899590904767,
        1.1547499586514787,
        1.2041699568818802,
        1.2305599559369247,
        1.2351099557740013,
        1.2478799553167417,
        1.3028399533487702,
        1.3032199533351636,
        1.3252799525452537,
        1.3952399500401724,
        1.4504599480628917,
        1.4592499477481449,
        1.473389947241829,
        1.5392699448828417,
        1.5479599445716763,
        1.5788399434659455,
        1.6054599425127545,
        1.6670599403070223,
        1.6712999401551993,
        1.7167699385270396,
        1.7461099374764526,
        1.7589299370174025,
        1.7888699359453308,
        1.8294999344904788,
        1.931159930850305,
        1.9548299300027454,
        2.0621699261591857,
        2.1221299240121776,
        2.1225599239967807,
        2.1516199229562196,
        2.1954599213864263,
        2.2324799200608383,
        2.306009917427925,
        2.3763599149088788,
        2.4029299139574785,
        2.4678699116321496,
        2.526539909531333,
        2.5806699075930823,
        2.6557099049060997,
        2.66385990461427,
        2.686209903813976,
        2.7570599012770263,
        2.769629900826928,
        2.798399899796751,
        2.8513898978993204,
        2.923769895307585,
        2.932369894999642,
        2.974649893485708,
        2.9916998928751926,
        3.025139891677796,
        3.0436598910146437,
        3.067009890178542,
        3.092049889281927,
        3.1594998868667217,
        3.1877698858544483,
        3.2170398848063675,
        3.23858988403472,
        3.246329883757571,
        3.2681498829762545,
        3.3366298805241685,
        3.397919878329537,
        3.3980598783245237,
        3.409449877916678,
        3.4298598771858506,
        3.462489876017457,
        3.4781098754581463,
        3.4979898747462967,
        3.5667098722856165,
        3.622319870294371,
        3.6396098696752612,
        3.671499868533366,
        3.7028798674097314,
        3.709809867161587,
        3.7353998662452765,
        3.7410298660436814,
        3.8058998637208594,
        3.832679862761939,
        3.8901598607037338,
        3.938309858979611,
        3.945109858736121,
        3.983339857367206,
        4.003039856661802,
        4.023449855930974,
        4.031709855635206,
        4.070929854230841,
        4.11031985282039,
        4.1242798523205195,
        4.142569851665604,
        4.188729850012737,
        4.251759847755801,
        4.292919846281971,
        4.303499845903129,
        4.341779844532425,
        4.374849843348276,
        4.43782984109313,
        4.537519837523496,
        4.625579834370303,
        4.73948983029149,
        4.747419830007536,
        4.802689828028465,
        4.8625998258832475,
        4.913589824057432,
        4.999809820970123,
        5.028139819955701,
        5.086139817878877,
        5.198679813849119,
        5.221699813024834,
        5.233579812599442,
        5.33659980891057,
        5.504679802892074,
        5.635579798204893,
        5.721499795128326,
        5.798679792364717,
        5.8751597896261725,
        6.200259777985207,
        6.229769776928532,
        6.351229772579373,
        6.406759770590992,
        6.770399757570012,
        6.823249755677594,
        6.997029749454995,
        7.005959749135236,
        9.710509652292505,
        11.879799574616008,
        12.995139534678653
    ],
    "et": [
        -495.722153696
    ],
    "fc": [
        0.002,
        0.0175,
        0.1729,
        0.2233,
        1.2345,
        0.6644,
        0.4525,
        0.7483,
        1.0369,
        0.8963,
        0.7425,
        1.0771,
        1.5664,
        1.2943,
        1.3425,
        19.7547,
        3.4713,
        3.5139,
        5.1974,
        5.6904,
        5.9966
    ],
    "gap": 0.223009992014606,
    "homo": -0.25980999069689603,
    "id": "AZ7_63156",