{
    "A": 20.36084,
    "B": 1.70694,
    "C": 1.59077,
    "Cv": "13.509",
    "G": -427.820553,
    "H": -427.785842,
    "P": 1.0,
    "S": 0.00011642126446424854,
    "T": 298.15,
    "U": -427.786786,
    "U0": -427.791245,
    "alpha": 40.10633333333334,
    "alpha_xx": 79.177,
    "alpha_xy": 0.939,
    "alpha_xz": 49.403,
    "alpha_yy": 0.0,
    "alpha_yz": 0.0,
    "alpha_zz": 41.142,
    "bo": [
        0,
        1,
        0,
        1,
        1,
        1,
        1,
        0,
        3,
        0,
        0,
        0,
        0,
        3,
        0,
        0,
        0,
        0,
        1,
        0,
        0,
        0,
        0,
        0,
        1,
        0,
        0,
        0,
        0,
        0,
        1,
        0,
        0,
        0,
        0,
        0
    ],
    "coords": [
        -0.32986,
        -0.293533,
        0.008048,
        1.039456,
        0.15753,
        -0.002764,
        2.138809,
        0.498802,
        -0.010813,
        -1.737936,
        1.377531,
        -0.043748,
        -0.556825,
        -0.843926,
        0.915146,
        -0.553644,
        -0.896405,
        -0.865868
    ],
    "e ne": -1228.027873321,
    "e_k": 241.9393683326,
    "e_nn": 148.224600139,
    "eigs": [
        -14.330829486851156,
        -10.276379632030206,
        -10.22967963370241,
        -6.854099754572938,
        -4.85710982607983,
        -4.842359826607988,
        -4.842229826612643,
        -1.93865993058175,
        -1.9341499307432413,
        -1.934019930747896,
        -1.9214399311983523,
        -1.9214399311983523,
        -0.9263299668305904,
        -0.8106699709720669,
        -0.6923499752087908,
        -0.5428799805609135,
        -0.5010699820580181,
        -0.42297998485421306,
        -0.37967998640467066,
        -0.35113998742661207,
        -0.3385699878767103,
        -0.2818299899084185,
        -0.28082998994422587,
        -0.08588999692450791,
        0.01052999962294875,
        0.011409999591438296,
        0.07062999747092785,
        0.08711999688046489,
        0.1197099957135038,
        0.1438299948498309,
        0.14925999465539702,
        0.20091999280559003,
        0.21684999223517917,
        0.23283999166261987,
        0.2636399905597539,
        0.2802999899632037,
        0.2901699896097853,
        0.2934799894912631,
        0.309839988905455,
        0.33410998803641095,
        0.3456499876231943,
        0.40831998537914854,
        0.4096399853318829,
        0.43802998431531254,
        0.4489999839225061,
        0.48130998276557113,
        0.4881599825202908,
        0.5560799800882567,
        0.5572699800456459,
        0.6021299784393288,
        0.6088199781997777,
        0.6653999761737986,
        0.6744299758504583,
        0.6969299750447934,
        0.7576299728712881,
        0.805459971158623,
        0.8314299702287066,
        0.9055799675735927,
        0.9095299674321535,
        0.9166899671757731,
        0.9343399665437736,
        0.9422999662587473,
        0.9786999649553603,
        0.9789799649453341,
        1.0210999634371292,
        1.0561899621806496,
        1.0668599617985854,
        1.117649959979931,
        1.1276599596214996,
        1.1596799584749486,
        1.18999995738927,
        1.2583399549421967,
        1.2620799548082773,
        1.3070099531994537,
        1.316349952865013,
        1.33750995210733,
        1.350449951643983,
        1.3829999504784543,
        1.3882399502908238,
        1.4616399476625654,
        1.4869399467566398,
        1.517179945673826,
        1.5804699434075795,
        1.7237999382753142,
        1.7338299379161666,
        1.8245999346659347,
        1.9898699287480563,
        2.050169926588874,
        2.0814899254673884,
        2.13272992363262,
        2.263309918956898,
        2.2819599182890915,
        2.4250799131643457,
        2.4585199119669485,
        2.4782599112601114,
        2.587889907334553,
        2.5994299069213365,
        2.6115999064855613,
        2.6459699052548635,
        2.6669399045039834,
        2.6843799038795035,
        2.7280899023143643,
        2.8086498994297258,
        2.8319198985964893,
        2.8619998975194045,
        2.9171998955428395,
        2.930339895072331,
        2.9770298934004864,
        2.9863298930674786,
        3.054689890619689,
        3.069879890075775,
        3.1552998870171125,
        3.1876998858569547,
        3.198329885476323,
        3.224809884528145,
        3.308259881540023,
        3.3403898803895333,
        3.394659878446269,
        3.5025198745840895,
        3.546929872993886,
        3.6672898686841147,
        3.705809867304816,
        3.719729866806378,
        3.793149864177403,
        3.863429861660864,
        3.875069861244066,
        3.9430298588105996,
        3.9564798583289913,
        3.9623698581180857,
        4.026589855818538,
        4.078059853975535,
        4.169729850693077,
        4.275819846894277,
        4.353759844103453,
        4.499139838897782,
        4.514889838333817,
        4.534159837643809,
        4.600929835252954,
        4.618979834606631,
        4.793339828363264,
        4.821479827355645,
        4.917739823908832,
        4.984579821515469,
        5.095039817560191,
        5.113829816887371,
        5.162189815155728,
        5.228859812768453,
        5.265069811471869,
        5.670059796970256,
        5.795339792484314,
        6.063669782876131,
        6.088929781971638,
        6.153899779645235,
        7.699329724307503,
        12.519989551692511,
        15.322699451334932,
        58.2513879141729
    ],
    "et": [
        -427.82702939
    ],
    "fc": [
        0.1467,
        0.2682,
        1.0638,
        1.1464,
        0.5413,
        2.7578,
        0.9133,
        0.9963,
        1.3922,
        40.905,
        6.0022,
        6.5546
    ],
    "gap": 0.19493999301971796,
    "homo": -0.28082998994422587,
    "id": "AZ7_54350",
    "ir": [
        3.5025,
        0.2653,
        5.5718,
        6.2261,
        2.8223,
        4.6797,
        0.2597,
        26.668,
        5.0843,
        2.9888,
        0.6816,
        3.287
    ],
    "lumo": -0.08588999692450791,
    "ma": [
        12.0,
        12.0,
        14.00307,
        126.9004,
        1.00783,
        1.00783
    ],
    "mr": [
        11.497,
        3.4309,
        11.3315,
        5.4125,
        1.3925,
        5.0517,
        1.1522,
        1.214,
        1.1084,
        12.5793,
        1.0554,
        1.1097
    ],
    "mu": 3.3117863276485697,
    "mu_x": 2.0038,
    "mu_xx=": -7.334,
    "mu_xxx=": 92.3885,
    "mu_xxy=": 10.8154,
    "mu_xxz=": 0.0,
    "mu_xy=": -7.0687,
    "mu_xyy=": 14.892,
    "mu_xyz=": -0.0001,
    "mu_xz=": 0.0,
    "mu_xzz=": 12.0265,
    "mu_y": 2.6368,
    "mu_yy=": 4.2394,
    "mu_yyy=": 1.3924,
    "mu_yyz=": 0.0,
    "mu_yz=": 0.0,
    "mu_yzz=": 1.1851,
    "mu_z": 0.0,
    "mu_zz=": 3.0946,
    "mu_zzz=": 0.0001,
    "na": 6,
    "ne": 46,
    "ne_down": 23,
    "ne_up": 23,
    "ni": 4,
    "oemga": [
        147.1606,
        364.2453,
        399.1644,
        599.5689,
        812.2916,
        962.5828,
        1159.8837,
        1180.2257,
        1460.0985,
        2349.2822,
        3106.9031,
        3166.244
    ],
    "oemga0": 3166.244,
    "qa": [
        -0.233266,
        -0.084347,
        -0.028681,
        0.029273,
        0.158509,
        0.158512
    ],
    "r2": 600.8545,