{
    "A": 15.44992,
    "B": 4.06726,
    "C": 3.21967,
    "Cv": "16.568",
    "G": -443.242081,
    "H": -443.207834,
    "P": 1.0,
    "S": 0.00011486500083848224,
    "T": 298.15,
    "U": -443.208778,
    "U0": -443.213957,
    "alpha": 31.786999999999995,
    "alpha_xx": 63.117,
    "alpha_xy": -6.473,
    "alpha_xz": 53.919,
    "alpha_yy": 0.0,
    "alpha_yz": -0.001,
    "alpha_zz": 32.244,
    "bo": [
        0,
        2,
        0,
        0,
        0,
        1,
        1,
        0,
        2,
        0,
        1,
        0,
        0,
        0,
        0,
        1,
        0,
        1,
        0,
        1,
        2,
        0,
        0,
        0,
        0,
        0,
        1,
        0,
        0,
        0,
        0,
        0,
        0,
        0,
        2,
        0,
        0,
        0,
        0,
        0,
        1,
        0,
        0,
        0,
        0,
        0,
        0,
        0,
        1,
        0,
        0,
        0,
        0,
        0,
        0,
        0,
        0,
        1,
        0,
        0,
        0,
        0,
        0,
        0
    ],
    "coords": [
        1.871014,
        0.556648,
        5.5e-05,
        1.110591,
        -0.541113,
        0.000112,
        -0.733028,
        -0.423946,
        0.000109,
        -1.367973,
        -1.766894,
        0.000131,
        -1.526632,
        0.883412,
        5.1e-05,
        1.428675,
        1.545978,
        7e-06,
        2.954358,
        0.507706,
        4.4e-05,
        1.58239,
        -1.520018,
        0.000155
    ],
    "e ne": -1334.808197194,
    "e_disp": -0.0030344131999981983,
    "e_k": 441.4889188876,
    "e_nn": 142.6663192452,
    "eigs": [
        -66.1573176310826,
        -19.076609316917416,
        -10.212869634304333,
        -10.195649634920935,
        -5.302819810120142,
        -3.666169868724219,
        -3.659089868977735,
        -3.657689869027865,
        -0.9088999674547124,
        -0.7927399716140925,
        -0.6096399781704156,
        -0.5091799817676206,
        -0.4790699828457795,
        -0.4234899848359513,
        -0.360959987074984,
        -0.3348299880106297,
        -0.3296299881968278,
        -0.29268998951955083,
        -0.27481999015942793,
        -0.08818999684215105,
        0.007079999746484061,
        0.008129999708886358,
        0.040869998536554174,
        0.0584099979084935,
        0.0905799967565715,
        0.1143399959057892,
        0.14926999465503896,
        0.1704599938962815,
        0.21044999246434612,
        0.21794999219579111,
        0.23492999158778255,
        0.2399799914069555,
        0.2584299907463101,
        0.29832998931759747,
        0.30173998919549444,
        0.32081998851229043,
        0.3466299875881031,
        0.37173998668898095,
        0.3797299864028803,
        0.41436998516251417,
        0.4499299838892053,
        0.4663599833008908,
        0.483499982687153,
        0.49021998244652776,
        0.5147199815692479,
        0.5540099801623778,
        0.5733599794695058,
        0.6163299779308646,
        0.6417299770213583,
        0.6520099766532589,
        0.6797299756606794,
        0.7257999740110356,
        0.7443099733482418,
        0.7541899729944653,
        0.8116599709366178,
        0.8156099707951786,
        0.8343299701248653,
        0.8744999686864847,
        0.9331699665856683,
        0.9682299653302631,
        0.9693699652894426,
        0.9864199646789276,
        1.0060799639749554,
        1.0060899639745973,
        1.0287799631621288,
        1.0566699621634623,
        1.0807499613012217,
        1.0841699611787605,
        1.1025899605191893,
        1.1482899588827942,
        1.1880099574605267,
        1.2064199568013136,
        1.2198899563189887,
        1.2569899549905368,
        1.2718199544595137,
        1.2901499538031653,
        1.316099952873965,
        1.3249899525556377,
        1.3734399508207726,
        1.4509599480449877,
        1.4563799478509118,
        1.463059947611719,
        1.4753799471705724,
        1.5496799445100875,
        1.6256299417905202,
        1.7329299379483931,
        1.7483899373948117,
        1.7609399369454297,
        1.8752099328537253,
        2.0003399283731533,
        2.0675299259672584,
        2.1016399247458706,
        2.1902999215711922,
        2.2167899206226553,
        2.2496499194460267,
        2.251469919380857,
        2.2842899182056606,
        2.3604899154771415,
        2.383499914653215,
        2.4659899116994675,
        2.4785299112504435,
        2.5984099069578597,
        2.6253199059942847,
        2.6537499049762823,
        2.742049901814494,
        2.7675199009024816,
        2.781019900419082,
        2.8434998981818405,
        2.8497198979591185,
        2.87624989700915,
        2.9259198952305994,
        2.9326098949910486,
        2.9492798943941403,
        3.010039892218486,
        3.040469891128869,
        3.114379888482349,
        3.1242898881274983,
        3.1504498871907782,
        3.219899884703959,
        3.2199798847010945,
        3.277799882630714,
        3.280339882539763,
        3.2983598818945152,
        3.3573898797808086,
        3.454619876299261,
        3.46130987605971,
        3.4994198746950924,
        3.514159874167292,
        3.5248298737852277,
        3.6161998705135114,
        3.6809498681949866,
        3.6892898678963535,
        3.7067998672693667,
        3.7839998645050406,
        3.8312198628142182,
        3.8560898619236896,
        3.8599898617840407,
        3.869149861456046,
        3.913949859851877,
        3.9162098597709525,
        4.004939856593768,
        4.008909856451613,
        4.042079855263884,
        4.077469853996662,
        4.146089851539562,
        4.159459851060818,
        4.237369848271069,
        4.3337398448203155,
        4.389309842830502,
        4.453549840530239,
        4.596679835405134,
        4.643899833714313,
        4.646969833604383,
        4.742329830189796,
        4.868499825671985,
        4.904449824384711,
        4.9162498239621835,
        4.919659823840082,
        5.0256598200445035,
        5.049279819198735,
        5.164069815088411,
        5.194879813985187,
        5.20231981371878,
        5.265969811439644,
        5.2922198104997005,
        5.3293098091716065,
        5.389819807004904,
        5.441249805163333,
        5.482579803683415,
        5.781449792981678,
        5.8207297915751655,
        6.034829783908815,
        6.3524897725342555,
        6.39890977087208,
        6.675699760960967,
        6.833579755307705,
        6.876419753773718,
        8.995109677909074,
        10.382259628238929,
        13.607959512735203
    ],
    "et": [
        -443.267815462
    ],
    "fc": [
        0.0231,
        0.0624,
        0.1212,
        0.5652,
        0.3345,
        0.8658,
        0.4972,
        0.7493,
        0.7661,
        0.7624,
        10.7223,
        1.3599,
        1.5694,
        5.4837,
        3.017,
        6.0656,
        6.2523,
        6.7496
    ],
    "gap": 0.18662999331727687,
    "homo": -0.27481999015942793,
    "id": "AZ7_67604",
    "ir": [
        5.0994,
        12.0268,
        0.2639,
        46.8724,
        61.6116,
        25.1271,
        73.9778,
        1.7426,
        0.3003,
        42.1012,
        95.5174,
        0.2558,
        35.3707,
        20.5451,
        140.606,
        8.178,
        7.9076,
        2.5662
    ],
    "lumo": -0.08818999684215105,
    "ma": [
        12.0,
        12.0,
        27.97693,
        1.00783,
        15.99491,
        1.00783,
        1.00783,
        1.00783
    ],
    "mr": [
        2.1538,
        4.1805,
        1.192,
        5.1217,
        1.5123,
        3.3262,
        1.1399,
        1.1985,
        1.2087,
        1.1896,
        12.1379,
        1.3742,
        1.2918,
        3.4724,
        1.0448,
        1.0616,
        1.0858,
        1.1166
    ],