{
    "A": 13.88453,
    "B": 5.28268,
    "C": 3.82672,
    "Cv": "14.634",
    "G": -547.682611,
    "H": -547.649607,
    "P": 1.0,
    "S": 0.0001106959584102142,
    "T": 298.15,
    "U": -547.650551,
    "U0": -547.655186,
    "alpha": 24.342333333333332,
    "alpha_xx": 48.336,
    "alpha_xy": 0.173,
    "alpha_xz": 38.374,
    "alpha_yy": 0.0,
    "alpha_yz": 0.0,
    "alpha_zz": 24.691,
    "bo": [
        0,
        1,
        1,
        0,
        1,
        0,
        1,
        0,
        0,
        0,
        0,
        1,
        1,
        0,
        0,
        2,
        0,
        0,
        0,
        0,
        2,
        0,
        0,
        0,
        1,
        0,
        0,
        0,
        0,
        0,
        0,
        1,
        0,
        0,
        0,
        0
    ],
    "coords": [
        -0.447617,
        -0.565799,
        -0.112337,
        -0.98903,
        0.708735,
        -0.304924,
        1.141357,
        -0.77526,
        0.350788,
        1.65728,
        0.628186,
        0.459242,
        -1.140632,
        -1.276772,
        -0.292048,
        -0.221358,
        1.28091,
        -0.100721
    ],
    "e ne": -1631.952978548,
    "e_disp": -0.0017451478999817027,
    "e_k": 545.5585692291,
    "e_nn": 166.797747056,
    "eigs": [
        -77.15397723732153,
        -19.18875931290162,
        -19.113049315612596,
        -14.407709484098287,
        -6.611229763269466,
        -4.774649829032503,
        -4.7732798290815595,
        -4.768489829253076,
        -1.1070299603602047,
        -0.9855299647107962,
        -0.8452399697342072,
        -0.628409977498312,
        -0.5400499806622482,
        -0.4834699826882273,
        -0.438519984297767,
        -0.4024899855879054,
        -0.35497998728911184,
        -0.35451998730558326,
        -0.2890699896491734,
        -0.2596999907008348,
        -0.07028999748310236,
        -0.005249999812011486,
        0.031209998882453044,
        0.08422999698394808,
        0.10249999632974806,
        0.13680999510119835,
        0.23250999167443628,
        0.2540399909035044,
        0.26843999038787875,
        0.32356998841382034,
        0.3251499883572447,
        0.3504999874495287,
        0.3611199870692548,
        0.37433998659588186,
        0.41683998507407005,
        0.4787599828568798,
        0.4815699827562612,
        0.5225799812878024,
        0.5629099798436925,
        0.5846699790645249,
        0.5928599787712628,
        0.6221099777238982,
        0.6640599762217805,
        0.6922999752105813,
        0.7294899738789064,
        0.7606199727642241,
        0.7865599718353818,
        0.7939299715714817,
        0.824429970479358,
        0.9563899657542219,
        0.9982999642535364,
        1.0281699631839714,
        1.139699959190379,
        1.1492399588487772,
        1.193989957246399,
        1.2126299565789502,
        1.2487199552866632,
        1.276449954293726,
        1.288289953869767,
        1.313239952976374,
        1.33589995216498,
        1.3798699505905312,
        1.4101599495059272,
        1.412749949413186,
        1.4337899486597996,
        1.5045799461249985,
        1.5685699438336869,
        1.6413799412265548,
        1.6529899408108315,
        1.6777699399235257,
        1.7431299375831586,
        1.7969699356552913,
        1.8094299352091319,
        1.8127999350884614,
        1.9324999308023234,
        1.9728999293557068,
        1.9873599288379327,
        2.001489928331975,
        2.0680699259479227,
        2.098829924846489,
        2.2623599189909154,
        2.2770199184659794,
        2.3205899169058544,
        2.3880499144902907,
        2.5323099093247246,
        2.605709906696467,
        2.8116398993226617,
        2.886489896642482,
        3.1508098871778873,
        3.164549886685895,
        3.203259885299793,
        3.203789885280815,
        3.2925498821025556,
        3.3224498810319165,
        3.349389880067267,
        3.526269873733665,
        3.555899872672694,
        3.6622798688635094,
        3.7173798668905254,
        3.7465898658445926,
        3.768669865053967,
        3.7932898641723902,
        3.8688798614657136,
        3.8766398611878494,
        3.967099857948717,
        3.9771798575877795,
        4.009689856423683,
        4.155449851204406,
        4.168489850737478,
        4.179689850336436,
        4.330009844953876,
        4.33713984469857,
        4.4733698398205375,
        4.600789835257967,
        4.6343998340544825,
        4.698569831756726,
        4.758919829595753,
        4.890509824883865,
        4.904039824399392,
        5.132209816229231,
        5.153969815450064,
        5.173749814741795,
        5.183549814390884,
        5.213349813323825,
        5.285359810745338,
        5.325489809308391,
        5.3717398076523,
        5.426859805678601,
        5.439029805242825,
        5.529519802002619,
        5.5653298007203595,
        5.6143397989654416,
        5.758949793787342,
        5.829179791272593,
        6.002219785076492,
        6.289659774784031,
        6.349049772657433,
        6.349919772626281,
        6.380889771517328,
        6.562489765014716,
        6.612489763224349,
        6.6418097621744785,
        6.707139759835184,
        6.724549759211778,
        6.776059757367343,
        6.910989752535859,
        7.041669747856556,
        7.215729741623931,
        7.308729738293849,
        9.027949676733162,
        10.362779628936456,
        11.569289585734547
    ],
    "et": [
        -547.689467689
    ],
    "fc": [
        0.1915,
        0.4957,
        0.1159,
        0.17,
        1.908,
        2.1008,
        3.7669,
        10.4572,
        1.2636,
        1.6724,
        7.9187,
        8.2704
    ],
    "gap": 0.18940999321773247,
    "homo": -0.2596999907008348,
    "id": "AZ7_97591",
    "ir": [
        16.7283,
        31.3268,
        113.039,
        47.8642,
        29.6672,
        52.0167,
        31.5764,
        100.3019,
        82.8844,
        39.5479,
        34.4283,
        74.6254
    ],
    "lumo": -0.07028999748310236,
    "ma": [
        14.00307,
        15.99491,
        30.97376,
        15.99491,
        1.00783,
        1.00783
    ],
    "mr": [
        7.1108,
        10.1451,
        1.1367,
        1.0879,
        9.8353,
        5.8326,
        5.6751,
        12.5256,
        1.2558,
        1.1927,
        1.0653,
        1.0794
    ],
    "mu": 2.816553924568106,
    "mu_x": 1.1004,
    "mu_xx=": -2.4202,
    "mu_xxx=": 2.3784,
    "mu_xxy=": -5.8634,
    "mu_xxz=": 0.0018,
    "mu_xy=": 0.1647,
    "mu_xyy=": 11.9937,
    "mu_xyz=": -0.0009,
    "mu_xz=": 0.0015,
    "mu_xzz=": 0.011,
    "mu_y": -2.5927,
    "mu_yy=": 2.1206,
    "mu_yyy=": 1.3885,
    "mu_yyz=": 0.0033,
    "mu_yz=": 0.0,
    "mu_yzz=": 1.4086,
    "mu_z": 0.0016,
    "mu_zz=": 0.2996,
    "mu_zzz=": 0.001,
    "na": 6,
    "ne": 40,
    "ne_down": 20,
    "ne_up": 20,
    "ni": 4,
    "oemga": [
        213.7832,
        287.9685,
        416.0028,
        515.0172,
        573.8138,
        781.8816,
        1061.4077,
        1190.3759,
        1306.8182,
        1542.6632,
        3551.9064,
        3606.1731
    ],
    "oemga0": 3606.1731,
    "qa": [
        -0.087532,
        -0.276146,
        0.451361,
        -0.492012,
        0.162731,
        0.241597
    ],
    "r2": 312.2704,