{
    "A": 160.85029,
    "B": 1.25345,
    "C": 1.25345,
    "Cv": "15.563",
    "G": -411.711423,
    "H": -411.676007,
    "P": 1.0,
    "S": 0.00011878584605063859,
    "T": 298.15,
    "U": -411.676951,
    "U0": -411.682159,
    "alpha": 52.447333333333326,
    "alpha_xx": 49.613,
    "alpha_xy": 6.247,
    "alpha_xz": 50.528,
    "alpha_yy": 16.578,
    "alpha_yz": 17.836,
    "alpha_zz": 91.151,
    "bo": [
        0,
        1,
        0,
        0,
        1,
        1,
        1,
        1,
        0,
        3,
        0,
        0,
        0,
        0,
        0,
        3,
        0,
        1,
        0,
        0,
        0,
        0,
        0,
        1,
        0,
        0,
        0,
        0,
        1,
        0,
        0,
        0,
        0,
        0,
        0,
        1,
        0,
        0,
        0,
        0,
        0,
        0,
        1,
        0,
        0,
        0,
        0,
        0,
        0
    ],
    "coords": [
        -1.07391,
        0.099969,
        -0.14606,
        0.364657,
        -0.033904,
        -0.314792,
        1.554837,
        -0.144699,
        -0.454405,
        3.535743,
        -0.32912,
        -0.686712,
        -1.534116,
        0.527158,
        -1.039184,
        -1.537628,
        -0.870879,
        0.039295,
        -1.309583,
        0.751476,
        0.697681
    ],
    "e ne": -1177.888042219,
    "e_k": 225.9272927612,
    "e_nn": 142.3132833205,
    "eigs": [
        -10.197259634863284,
        -10.191539635068102,
        -10.180099635477736,
        -6.856159754499175,
        -4.859229826003919,
        -4.844359826536373,
        -4.844349826536732,
        -1.941509930479699,
        -1.936059930674849,
        -1.936059930674849,
        -1.923379931128886,
        -1.923379931128886,
        -0.7914999716584935,
        -0.7454499733074214,
        -0.6846499754845075,
        -0.4839299826717559,
        -0.4372399843436004,
        -0.43722998434395843,
        -0.42898998463901095,
        -0.3210299885047709,
        -0.3210299885047709,
        -0.2468899911595268,
        -0.2468899911595268,
        -0.03360999879651544,
        0.03544999873062994,
        0.03544999873062994,
        0.042629998473533263,
        0.11109999602180497,
        0.1157999958535105,
        0.1157999958535105,
        0.16692999402268138,
        0.20243999275116292,
        0.24533999121502817,
        0.24536999121395395,
        0.25291999094360856,
        0.25292999094325047,
        0.27156999027580175,
        0.2821099898983924,
        0.2821099898983924,
        0.29746998934839175,
        0.29747998934803366,
        0.391349985986799,
        0.391349985986799,
        0.4054199854829898,
        0.44157998418819655,
        0.44157998418819655,
        0.4544899837259238,
        0.5101199817339618,
        0.5161599815176854,
        0.5161599815176854,
        0.5346499808556078,
        0.6006799784912494,
        0.6006899784908913,
        0.678289975712242,
        0.7107199745510101,
        0.7107199745510101,
        0.7278499739376304,
        0.7954099715184868,
        0.7954099715184868,
        0.8642799690524356,
        0.8642999690517194,
        0.8648899690305932,
        0.8800099684891862,
        0.9134799672907147,
        0.9134899672903566,
        0.9158599672054932,
        0.9737799651315323,
        0.9737899651311743,
        1.0238499633386589,
        1.0238799633375846,
        1.071699961625278,
        1.1242699597428865,
        1.1242999597418122,
        1.1425299590890443,
        1.2495499552569433,
        1.2624499547950288,
        1.2624699547943126,
        1.3004799534332756,
        1.3185499527862372,
        1.3185499527862372,
        1.3393799520403704,
        1.3393899520400123,
        1.4139399493705753,
        1.413969949369501,
        1.4312999487489602,
        1.4417299483754893,
        1.4417399483751314,
        1.4959199464350899,
        1.6687799402454335,
        1.6687899402450759,
        1.6736099400724844,
        2.015369927834969,
        2.0153899278342533,
        2.1288699237708366,
        2.2289399201875963,
        2.2289699201865223,
        2.232889920046157,
        2.4181699134117745,
        2.4181699134117745,
        2.4682599116181847,
        2.512339910039797,
        2.5273499095023295,
        2.5289399094453957,
        2.5289599094446795,
        2.5338699092688652,
        2.610369906529604,
        2.610369906529604,
        2.6852999038465604,
        2.7319999021743584,
        2.7320099021739996,
        2.77399990067045,
        2.841789898243071,
        2.841789898243071,
        2.8659098973793977,
        2.8659298973786815,
        2.8970198962654314,
        2.947489894458235,
        2.955859894158528,
        2.974909893476398,
        2.97491989347604,
        3.0452998909559197,
        3.045309890955562,
        3.112329888555754,
        3.112349888555038,
        3.1257498880752195,
        3.1257798880741454,
        3.189509885792144,
        3.274699882741717,
        3.274729882740642,
        3.3034798817111817,
        3.3715298792744925,
        3.4400998768191835,
        3.4401398768177507,
        3.5053598744823966,
        3.5054098744806064,
        3.600679871069241,
        3.712639867060252,
        3.7126998670581033,
        3.768259865068648,
        3.8845998609028225,
        3.8845998609028225,
        3.909579860008355,
        3.909579860008355,
        3.909929859995823,
        4.083569853778237,
        4.202059849535426,
        4.202069849535068,
        4.248139847885423,
        4.369659843534116,
        4.3846598429970065,
        4.384699842995573,
        4.692269831982311,
        4.8036398279944486,
        4.803649827994091,
        4.866649825738228,
        5.060599818793396,
        5.1352198161214515,
        5.135239816120736,
        5.166589814998177,
        5.302609810127661,
        5.302669810125513,
        5.321629809446606,
        5.3617598080096585,
        5.361779808008942,
        5.529879801989729,
        5.819259791627801,
        5.819289791626727,
        6.766209757720045,
        13.594669513211084,
        16.50327940906151,
        58.25142791417147
    ],
    "et": [
        -411.728697045
    ],
    "fc": [
        0.0634,
        0.0643,
        0.4146,
        0.4163,
        0.6374,
        3.2581,
        0.9123,
        0.9124,
        1.4589,
        1.3348,
        1.335,
        36.9135,
        5.5674,
        6.1508,
        6.1514
    ],
    "gap": 0.21327999236301137,
    "homo": -0.2468899911595268,
    "id": "AZ7_33909",
    "ir": [
        8.3458,
        8.3398,
        0.0006,
        0.0007,
        0.4206,
        0.0014,
        1.3182,
        1.3175,
        4.2063,
        7.52,
        7.5187,
        0.0012,
        28.2235,
        7.7335,
        7.7342
    ],
    "lumo": -0.03360999879651544,
    "ma": [
        12.0,
        12.0,
        12.0,
        126.9004,
        1.00783,
        1.00783,
        1.00783
    ],
    "mr": [
        4.5649,
        4.556,
        5.1953,
        5.2104,
        6.7561,
        5.2295,
        1.3972,
        1.3971,
        1.2356,
        1.039,
        1.039,
        11.867,
        1.0338,
        1.1009,
        1.1009
    ],
    "mu": 0.9460781415929659,
    "mu_x": 0.2946,
    "mu_xx=": -2.9608,
    "mu_xxx=": -15.2489,
    "mu_xxy=": -5.0002,
    "mu_xxz=": -12.2868,
    "mu_xy=": 1.3068,
    "mu_xyy=": -3.738,
    "mu_xyz=": 2.3153,
    "mu_xz=": 3.4685,
    "mu_xzz=": 1.1902,
    "mu_y": 0.317,
    "mu_yy=": -2.7692,
    "mu_yyy=": -15.6128,
    "mu_yyz=": -12.4418,
    "mu_yz=": 3.7317,
    "mu_yzz=": 1.4674,
    "mu_z": 0.8413,
    "mu_zz=": 5.73,
    "mu_zzz=": -26.0892,
    "na": 7,
    "ne": 46,
    "ne_down": 23,
    "ne_up": 23,
    "ni": 4,