{
    "A": 58.65121,
    "B": 3.16474,
    "C": 3.00272,
    "Cv": "9.954",
    "G": -566.748974,
    "H": -566.718186,
    "P": 1.0,
    "S": 0.00010326345799104334,
    "T": 298.15,
    "U": -566.71913,
    "U0": -566.722647,
    "alpha": 28.697666666666667,
    "alpha_xx": 63.284,
    "alpha_xy": -2.633,
    "alpha_xz": 31.832,
    "alpha_yy": 0.0,
    "alpha_yz": 0.0,
    "alpha_zz": 22.809,
    "bo": [
        0,
        2,
        1,
        0,
        1,
        2,
        0,
        0,
        0,
        0,
        1,
        0,
        0,
        2,
        0,
        0,
        0,
        2,
        0,
        0,
        1,
        0,
        0,
        0,
        0
    ],
    "coords": [
        -0.570479,
        -0.003466,
        -0.035134,
        -1.607091,
        -0.59312,
        -0.013181,
        0.686238,
        -0.707821,
        0.146713,
        1.960007,
        0.21721,
        0.090567,
        -0.468675,
        1.087198,
        -0.188966
    ],
    "e ne": -1612.502831721,
    "e_disp": -0.0014077428000121017,
    "e_k": 564.6883519253,
    "e_nn": 135.5110636621,
    "eigs": [
        -88.9617168145178,
        -19.167669313656802,
        -14.405589484174198,
        -10.310879630794854,
        -8.010749713156383,
        -5.976899785983133,
        -5.97324978611383,
        -5.963169786474769,
        -1.0984999606656414,
        -0.9619599655547751,
        -0.7077699746566418,
        -0.5978899785911519,
        -0.507079981842816,
        -0.48111998277237444,
        -0.45753998361671144,
        -0.37616998653035444,
        -0.3760799865335771,
        -0.31502998871961496,
        -0.249319991072515,
        -0.17486999373837114,
        -0.02749999901529826,
        0.025029999103742376,
        0.06980999750028986,
        0.16313999415839123,
        0.17584999370327997,
        0.22832999182411098,
        0.24130999135933176,
        0.2817099899127154,
        0.2862299897508662,
        0.2924199895292188,
        0.31515998871496,
        0.3384199878820814,
        0.3777399864741369,
        0.391899985967105,
        0.4004599856605942,
        0.4263599847331842,
        0.45500998370730406,
        0.5006999820712669,
        0.5048699819219503,
        0.5577699800277421,
        0.6073499782524144,
        0.6305599774213263,
        0.6914499752410175,
        0.703649974804168,
        0.7082899746380219,
        0.7798299720763652,
        0.8024699712656871,
        0.8761499686274026,
        0.9515599659271714,
        0.9706999652418189,
        1.0127599637357625,
        1.1090799602867998,
        1.1485699588727682,
        1.2491799552701919,
        1.260469954865927,
        1.2914399537569738,
        1.3635699511741908,
        1.4348799486207695,
        1.4937499465127917,
        1.4947399464773425,
        1.524959945395245,
        1.5270599453200495,
        1.565009943961161,
        1.6077799424296815,
        1.620069941989609,
        1.650649940894621,
        1.6782599399059803,
        1.7556199371359247,
        1.7593499370023633,
        1.8481899338212397,
        1.8735599329128074,
        1.8955899321239722,
        1.9050899317838021,
        1.9152899314185672,
        1.966349929590245,
        2.0452799267639716,
        2.069079925911757,
        2.117589924174743,
        2.141219923328616,
        2.2279899202216136,
        2.400919914029451,
        2.4882099109038283,
        2.503109910370299,
        2.5316199093494323,
        2.6630799046421996,
        2.767839900891023,
        2.824179898873638,
        2.9124498957129243,
        2.9292698951106444,
        2.9474798944585934,
        3.0682998901323506,
        3.115409888445467,
        3.166709886608551,
        3.2195098847179238,
        3.238819884026484,
        3.282299882469581,
        3.3853098787810674,
        3.480219875382593,
        3.5413598731933327,
        3.6991098675447254,
        3.7812898646020785,
        3.79224986420963,
        3.922689859538921,
        3.940129858914441,
        4.094429853389369,
        4.1543198512448685,
        4.165299850851704,
        4.2762898468774475,
        4.343349844476207,
        4.447649840741502,
        4.473959839799411,
        4.5301198377884715,
        4.594589835479972,
        4.625399834376748,
        4.781529828786148,
        4.843809826556067,
        4.951289822707496,
        5.005199820777122,
        5.037179819632004,
        5.073589818328258,
        5.153519815466177,
        5.212159813366435,
        5.278229811000645,
        5.425839805715124,
        5.51592980248924,
        5.668119797039723,
        5.825349791409736,
        6.1474897798747605,
        6.177599778796601,
        6.312679773959746,
        6.369649771919803,
        6.773019757476197,
        6.840069755075315,
        6.965339750589731,
        7.002439749261279,
        8.342169701289116,
        10.162949636091835,
        13.0464295328421
    ],
    "et": [
        -566.745481562
    ],
    "fc": [
        0.0072,
        0.5414,
        2.5084,
        4.8527,
        0.9301,
        10.8409,
        1.2199,
        20.0234,
        5.4967
    ],
    "gap": 0.07444999733414387,
    "homo": -0.249319991072515,
    "id": "AZ7_87546",
    "ir": [
        7.0446,
        3.0086,
        1.8519,
        105.7624,
        2.2136,
        6.4801,
        1.4971,
        162.5566,
        52.4692
    ],
    "lumo": -0.17486999373837114,
    "ma": [
        12.0,
        15.99491,
        14.00307,
        31.97207,
        1.00783
    ],
    "mr": [
        4.7325,
        7.8824,
        14.7724,
        8.7115,
        1.6124,
        15.4657,
        1.1162,
        10.4123,
        1.0912
    ],
    "mu": 2.6362920779003223,
    "mu_x": -1.9042,
    "mu_xx=": -2.7464,
    "mu_xxx=": -12.2809,
    "mu_xxy=": 3.5208,
    "mu_xxz=": 0.0008,
    "mu_xy=": 0.4379,
    "mu_xyy=": 3.903,
    "mu_xyz=": -0.0001,
    "mu_xz=": 0.0004,
    "mu_xzz=": 0.7062,
    "mu_y": 1.8232,
    "mu_yy=": -0.5624,
    "mu_yyy=": 1.6162,
    "mu_yyz=": 0.0,
    "mu_yz=": 0.0003,
    "mu_yzz=": -0.0832,
    "mu_z": 0.0002,
    "mu_zz=": 3.3088,
    "mu_zzz=": -0.0003,
    "na": 5,
    "ne": 38,
    "ne_down": 19,
    "ne_up": 19,
    "ni": 4,
    "oemga": [
        -50.8657,
        341.4334,
        536.8487,
        972.3475,
        989.4719,
        1090.7442,
        1361.9123,
        1806.6352,
        2923.9142
    ],
    "oemga0": 2923.9142,
    "qa": [
        0.20566,
        -0.189192,
        -0.16225,
        0.116106,
        0.029676
    ],
    "r2": 373.4618,