{
    "A": 10.08636,
    "B": 9.78162,
    "C": 5.60082,
    "Cv": "16.858",
    "G": -262.17711,
    "H": -262.144164,
    "P": 1.0,
    "S": 0.00011050142545711258,
    "T": 298.15,
    "U": -262.145108,
    "U0": -262.150114,
    "alpha": 19.792666666666666,
    "alpha_xx": 32.923,
    "alpha_xy": -0.186,
    "alpha_xz": 29.993,
    "alpha_yy": 0.512,
    "alpha_yz": -1.654,
    "alpha_zz": 25.943,
    "bo": [
        0,
        1,
        0,
        0,
        1,
        1,
        0,
        0,
        1,
        0,
        1,
        1,
        0,
        0,
        0,
        0,
        0,
        1,
        0,
        0,
        0,
        0,
        1,
        0,
        0,
        1,
        0,
        0,
        0,
        0,
        0,
        1,
        1,
        0,
        0,
        0,
        0,
        0,
        0,
        0,
        1,
        0,
        0,
        0,
        0,
        0,
        0,
        0,
        0,
        0,
        1,
        0,
        0,
        0,
        0,
        0,
        0,
        0,
        0,
        1,
        0,
        0,
        0,
        0
    ],
    "coords": [
        0.293399,
        -0.795546,
        0.811695,
        0.54759,
        0.155528,
        -0.185176,
        0.253025,
        -0.414904,
        -1.433364,
        -0.450103,
        1.195977,
        0.017446,
        -0.700001,
        -0.780501,
        1.051721,
        0.81715,
        -0.503985,
        1.628212,
        -0.646994,
        -0.780978,
        -1.370707,
        -0.114068,
        1.92451,
        -0.519827
    ],
    "e ne": -893.9619560169,
    "e_disp": -0.003275551900003393,
    "e_k": 260.785714567,
    "e_nn": 138.3390408168,
    "eigs": [
        -19.16133931388346,
        -19.160799313902796,
        -14.452939482478723,
        -14.343869486384229,
        -1.1340299593934067,
        -1.010769963807019,
        -0.9249899668785722,
        -0.7117899745126963,
        -0.5712999795432689,
        -0.5373499807589279,
        -0.5184499814356867,
        -0.43860998429454434,
        -0.4231199848492,
        -0.3453099876353688,
        -0.31099998886391855,
        -0.28475998980350303,
        -0.26705999043729284,
        0.027149999027830825,
        0.04947999822825302,
        0.06334999773160527,
        0.08797999684967057,
        0.1102099960536735,
        0.14198999491571634,
        0.19352999307020627,
        0.34737998756124766,
        0.3669799868594238,
        0.3731899866370603,
        0.40817998538416156,
        0.42387998482198636,
        0.439339984268405,
        0.45255998379503204,
        0.4763399829435336,
        0.5078599818148863,
        0.5287199810679453,
        0.5503199802945068,
        0.5786999792782946,
        0.5924899787845115,
        0.6249099776236375,
        0.6340399772967168,
        0.68019997564385,
        0.6827399755528994,
        0.7199299742212246,
        0.7379199735770506,
        0.7974999714436496,
        0.8219899705667278,
        0.8723099687649027,
        0.9585199656779524,
        1.0093599638575073,
        1.0461699625394394,
        1.1092299602814286,
        1.15402995867726,
        1.1616999584026177,
        1.2081999567375767,
        1.23037995594337,
        1.2775599542539797,
        1.3280299524467838,
        1.3451499518337622,
        1.3798099505926795,
        1.4741399472149737,
        1.5226799454768856,
        1.5597699441487916,
        1.5851299432407173,
        1.6141599422012307,
        1.68152993978889,
        1.6857999396359928,
        1.731729937991362,
        1.7800599362607936,
        1.8058399353376804,
        1.8602299333901195,
        1.9433299304145297,
        2.029169927340828,
        2.04448992679226,
        2.0789799255572645,
        2.1514899229608746,
        2.1544899228534526,
        2.2582999191362934,
        2.452929912167111,
        2.5242099096147643,
        2.5635299082068204,
        2.6355899056265435,
        2.9254598952470707,
        2.9895398929525365,
        3.0243198917071576,
        3.068909890110508,
        3.1440798874188713,
        3.1610698868105045,
        3.1903798857609913,
        3.2036998852840375,
        3.240859883953437,
        3.268009882981268,
        3.303029881727295,
        3.3150398812972486,
        3.3608398796572727,
        3.381439878919642,
        3.439429876843174,
        3.448329876524489,
        3.4655798759068124,
        3.526939873709675,
        3.5541098727367895,
        3.584249871657556,
        3.612169870657815,
        3.6360698698020197,
        3.6475398693913093,
        3.7140498670097637,
        3.741779866016826,
        3.751729865660543,
        3.7610998653250283,
        3.816659863335573,
        3.8328798627547775,
        3.9120298599206276,
        3.927739859358094,
        3.9732098577299344,
        3.992969857022382,
        4.0363798554679855,
        4.050979854945198,
        4.086639853668308,
        4.142389851672049,
        4.166169850820551,
        4.201299849562639,
        4.228959848572208,
        4.254269847665925,
        4.331899844886202,
        4.419289841756998,
        4.557719836800188,
        4.566419836488665,
        4.603289835168448,
        4.629419834232802,
        4.700029831704446,
        4.7811398288001135,
        4.822909827304441,
        4.86037982596274,
        4.877099825364042,
        4.9526398226591555,
        5.010689820580541,
        5.081139818057913,
        5.126449816435483,
        5.161019815197622,
        5.193989814017056,
        5.225589812885543,
        5.411759806219291,
        5.418759805968639,
        5.449669804861835,
        5.575869800342949,
        5.603139799366483,
        5.664789797158961,
        5.701179795855932,
        5.750639794084901,
        5.802709792220413,
        5.873859789672721,
        5.938209787368519,
        5.968689786277111,
        6.030589784060638,
        6.141079780104285,
        6.312029773983021,
        6.344499772820357,
        6.401739770770745,
        6.410389770461011,
        6.54397976567751,
        6.578149764453972,
        6.583359764267416,
        6.633019762489224,
        6.679229760834567,
        6.707599759818714,
        6.7490497583344995,
        6.76716975768567,
        6.893019753179317,
        6.909599752585631,
        7.062859747097798,
        7.149979743978264,
        7.2028897420836975,
        7.3352697373435225,
        7.401509734971644,
        9.511949659402411,
        11.320329594649142,
        11.715659580493426,
        12.401549555933533
    ],
    "et": [
        -262.21003609
    ],
    "fc": [
        0.0232,
        0.0633,
        0.079,
        0.4738,
        0.8449,
        0.7599,
        1.8021,
        2.2551,
        2.5312,
        1.3575,
        1.14,
        1.3282,
        1.7045,
        1.762,
        7.1413,
        8.0629,
        8.2646,
        8.9739
    ],
    "gap": 0.29420998946512367,
    "homo": -0.26705999043729284,
    "id": "AZ7_97476",
    "ir": [
        42.9336,
        106.8895,
        55.7247,
        59.0005,
        10.0903,
        27.2406,
        19.855,
        80.5107,
        220.5763,
        36.7803,
        29.1146,
        45.0738,
        45.3064,
        19.7012,
        3.4368,
        11.2295,
        1.9055,
        50.5749
    ],
    "lumo": 0.027149999027830825,
    "ma": [
        14.00307,
        14.00307,
        15.99491,
        15.99491,
        1.00783,
        1.00783,
        1.00783,
        1.00783
    ],
    "mr": [
        1.0932,
        1.0888,
        1.1595,
        3.2336,
        4.5244,
        3.7142,
        4.8795,
        5.13,
        5.4139,
        1.8051,
        1.1457,
        1.2325,
        1.3393,
        1.0811,
        1.0558,
        1.0845,
        1.0659,
        1.0669
    ],
    "mu": 1.8767051499902696,
    "mu_x": 0.5443,
    "mu_xx=": 2.3275,
    "mu_xxx=": 2.5036,
    "mu_xxy=": 7.8722,
    "mu_xxz=": -1.121,