{
    "A": 9.95094,
    "B": 9.61152,
    "C": 5.5288,
    "Cv": "12.413",
    "G": -290.175141,
    "H": -290.144013,
    "P": 1.0,
    "S": 0.00010440382357881538,
    "T": 298.15,
    "U": -290.144958,
    "U0": -290.148843,
    "alpha": 15.653666666666666,
    "alpha_xx": 23.142,
    "alpha_xy": -0.001,
    "alpha_xz": 20.641,
    "alpha_yy": 0.0,
    "alpha_yz": 0.495,
    "alpha_zz": 23.819,
    "bo": [
        0,
        1,
        0,
        0,
        1,
        0,
        0,
        1,
        0,
        1,
        1,
        0,
        1,
        0,
        0,
        1,
        0,
        0,
        0,
        0,
        1,
        0,
        1,
        0,
        0,
        0,
        0,
        0,
        1,
        0,
        0,
        0,
        0,
        0,
        0,
        0,
        1,
        0,
        0,
        0,
        0,
        0,
        0,
        0,
        1,
        0,
        0,
        0,
        0
    ],
    "coords": [
        1.054787,
        -0.281126,
        -0.628974,
        -0.03595,
        0.409082,
        -0.150676,
        -1.218654,
        -0.294715,
        -0.123576,
        0.248449,
        0.844978,
        1.141037,
        1.30108,
        -0.970292,
        0.000839,
        -0.182679,
        1.27693,
        -0.788364,
        -1.167033,
        -0.984857,
        0.549714
    ],
    "e ne": -957.2199368336,
    "e_disp": -0.003048261700001831,
    "e_k": 288.7134155211,
    "e_nn": 135.2698154983,
    "eigs": [
        -24.677369116369118,
        -19.158139313998042,
        -19.158139313998042,
        -10.355269629205369,
        -1.221079956276378,
        -1.0824699612396331,
        -1.0343899629612496,
        -0.699839974940594,
        -0.5770899793359445,
        -0.5619499798780675,
        -0.5249299812036551,
        -0.4476899839694137,
        -0.4136499851882955,
        -0.38794998610854403,
        -0.37267998665532204,
        -0.3527599873686042,
        -0.3151899887138858,
        0.015549999443195925,
        0.06268999775523809,
        0.07446999733342767,
        0.1385899950374613,
        0.20752999256890356,
        0.230779991736383,
        0.3005399892384632,
        0.31848998859572153,
        0.32261998844783724,
        0.37141998670043924,
        0.4025499855857569,
        0.4038199855402816,
        0.4459199840327927,
        0.5299799810228281,
        0.5317999809576588,
        0.595689978669928,
        0.6100699781550185,
        0.6175999778853893,
        0.6584699764219435,
        0.6715799759525093,
        0.6953899750999366,
        0.6980199750057633,
        0.7895199717293921,
        0.790889971680336,
        0.8638899690664006,
        0.8862999682639581,
        0.966599965388629,
        1.0511999623593284,
        1.0814199612772308,
        1.1320599594639473,
        1.1524699587331195,
        1.1742799579521614,
        1.1881299574562298,
        1.1980499571010212,
        1.2896999538192788,
        1.3321499522992573,
        1.3552399514724658,
        1.3929399501225295,
        1.6374799413662036,
        1.6869399395951727,
        1.7619699369085482,
        1.8033699354261243,
        1.844709933945849,
        1.8954099321304172,
        1.9402299305255324,
        1.9508099301466908,
        1.9732599293428161,
        2.0138399278897543,
        2.105509924607296,
        2.1495799230292665,
        2.204859921049837,
        2.225899920296451,
        2.28101991832275,
        2.3321199164929958,
        2.3977099141443925,
        2.5990399069353014,
        2.610409906528172,
        2.6670299045007604,
        2.678209904100435,
        2.856449897718135,
        2.8864198966449894,
        2.917519895531381,
        3.0255398916634726,
        3.0586798904768173,
        3.0943198892006443,
        3.143729887431404,
        3.154109887059724,
        3.2067798851737512,
        3.2338098842058787,
        3.2835998824230312,
        3.2983298818955893,
        3.3551398798613747,
        3.370069879326771,
        3.399729878264725,
        3.4687298757940193,
        3.497319874770288,
        3.6033698709729194,
        3.6194098703985698,
        3.700849867482421,
        3.7098698671594383,
        3.758629865413473,
        3.8110198635375263,
        3.823589863087428,
        3.860159861777954,
        3.932149859200184,
        3.9803198574753442,
        4.006169856549725,
        4.029959855697868,
        4.131889852048027,
        4.134379851958866,
        4.190659849943629,
        4.250929847785521,
        4.4716898398806935,
        4.56239983663261,
        4.5941498354957275,
        4.707369831441621,
        4.75158982985822,
        4.817489827498517,
        4.826139827188783,
        4.896279824677257,
        4.940389823097795,
        5.0566898189334015,
        5.182159814440656,
        5.245099812186942,
        5.357259808170791,
        5.475069803952328,
        5.581469800142429,
        5.6121997990420684,
        5.730939794790306,
        5.8772197895524085,
        6.0858097820833565,
        6.132019780428699,
        6.167659779152526,
        6.411189770432365,
        6.459159768714688,
        6.571969764675262,
        6.592169763951954,
        6.61778976303457,
        6.642639762144757,
        6.664199761372751,
        6.671679761104913,
        6.720739759348205,
        6.734799758844753,
        6.836649755197776,
        6.892649753192565,
        6.899059752963041,
        6.976439750192268,
        7.014909748814762,
        7.066279746975337,
        7.081019746447537,
        7.106739745526573,
        7.255649740194503,
        7.3198097378971045,
        7.335599737331706,
        7.389359735406703,
        7.42888973399124,
        8.372529700202005,
        8.38199969986291,
        8.840899683430923,
        8.841239683418749,
        8.944189679732384,
        10.874879610599518,
        11.299009595412553,
        11.527469587232009,
        12.644569547231633
    ],
    "et": [
        -290.197302418
    ],
    "fc": [
        0.0044,
        0.0767,
        1.2689,
        1.3708,
        0.7786,
        2.8811,
        3.3922,
        2.5559,
        1.1708,
        1.3198,
        1.3916,
        1.717,
        6.3072,
        8.9546,
        8.9609
    ],
    "gap": 0.3307399881570817,
    "homo": -0.3151899887138858,
    "id": "AZ7_87700",
    "ir": [
        37.523,
        161.3688,
        23.8458,
        34.1621,
        26.0641,
        104.1717,
        223.4908,
        443.3294,
        0.9071,
        6.9726,
        62.5156,
        41.7453,
        21.6749,
        15.7417,
        57.2582
    ],
    "lumo": 0.015549999443195925,
    "ma": [
        15.99491,
        12.0,
        15.99491,
        18.9984,
        1.00783,
        1.00783,
        1.00783
    ],
    "mr": [
        1.0839,
        1.1099,
        7.8317,
        8.2104,
        3.2155,
        5.5133,
        5.2657,
        3.3211,
        1.3605,
        1.2571,
        1.151,
        1.4151,
        1.0907,
        1.0653,
        1.0647
    ],
    "mu": 1.7353567529473588,
    "mu_x": -0.0005,
    "mu_xx=": -1.7202,
    "mu_xxx=": 0.007,
    "mu_xxy=": 2.6587,
    "mu_xxz=": -6.9303,
    "mu_xy=": -0.0009,
    "mu_xyy=": -0.0016,
    "mu_xyz=": 0.003,
    "mu_xz=": 0.001,
    "mu_xzz=": -0.0013,
    "mu_y": -0.398,
    "mu_yy=": -3.6599,
    "mu_yyy=": 3.9283,
    "mu_yyz=": -1.4788,
    "mu_yz=": 1.9462,
    "mu_yzz=": -0.7918,
    "mu_z": -1.6891,
    "mu_zz=": 5.3801,
    "mu_zzz=": -4.134,
    "na": 7,
    "ne": 34,
    "ne_down": 17,
    "ne_up": 17,
    "ni": 4,
    "oemga": [
        -83.2983,
        342.4418,
        524.3984,
        532.3188,
        641.0813,
        941.783,
        1045.6484,
        1142.896,
        1208.5477,
        1334.9244,
        1432.5136,
        1435.0465,
        3132.8506,
        3777.1704,
        3779.4364
    ],
    "oemga0": 3779.4364,