{
    "A": 10.16242,
    "B": 2.8231,
    "C": 2.30572,
    "Cv": "12.015",
    "G": -2812.481655,
    "H": -2812.448294,
    "P": 1.0,
    "S": 0.00011189334227818512,
    "T": 298.15,
    "U": -2812.449238,
    "U0": -2812.453249,
    "alpha": 23.77433333333333,
    "alpha_xx": 42.992,
    "alpha_xy": 0.0,
    "alpha_xz": 26.854,
    "alpha_yy": 2.296,
    "alpha_yz": 0.0,
    "alpha_zz": 26.035,
    "bo": [
        0,
        1,
        0,
        0,
        0,
        1,
        0,
        1,
        1,
        1,
        0,
        1,
        0,
        0,
        0,
        0,
        1,
        0,
        0,
        0,
        0,
        1,
        0,
        0,
        0
    ],
    "coords": [
        1.508732,
        -1.087653,
        -0.162382,
        0.939751,
        0.0,
        0.373324,
        1.508727,
        1.087655,
        -0.162387,
        -0.984424,
        1e-06,
        -0.019273,
        1.061255,
        4e-06,
        1.452927
    ],
    "e ne": -7230.932823948,
    "e_disp": -0.0017172356000401123,
    "e_k": 2807.843893455,
    "e_nn": 256.3967767573,
    "eigs": [
        -482.8750327095308,
        -62.52341776120289,
        -56.339537982631164,
        -56.335937982760065,
        -56.33590798276114,
        -24.727329114580186,
        -24.727329114580186,
        -10.402789627503802,
        -8.712049688044699,
        -6.540949765786005,
        -6.5294697661970735,
        -6.529369766200654,
        -2.656239904887122,
        -2.6529699050042117,
        -2.6528899050070764,
        -2.643699905336146,
        -2.643699905336146,
        -1.2989199534891351,
        -1.2381599556647889,
        -0.82007997063512,
        -0.7031699748213555,
        -0.5935399787469138,
        -0.5869299789836002,
        -0.5428199805630618,
        -0.46191998345987534,
        -0.4458099840367315,
        -0.4397099842551563,
        -0.3652999869195802,
        -0.31018998889292243,
        -0.3098299889058131,
        -0.03323999880976415,
        0.0527799981100888,
        0.08904999681135672,
        0.12003999570168737,
        0.21989999212596684,
        0.24732999114377158,
        0.24982999105425324,
        0.2723699902471559,
        0.2905799895951043,
        0.3208399885115743,
        0.32162998848328656,
        0.3527599873686042,
        0.3543399873120286,
        0.40391998553670083,
        0.4057099854726057,
        0.4503699838734501,
        0.5249099812043713,
        0.5769499793409574,
        0.6512099766819047,
        0.7209299741854172,
        0.7455099733052729,
        0.783409971948175,
        0.8243299704829388,
        0.8310699702415972,
        0.8850099683101496,
        0.892729968033717,
        1.0222199633970248,
        1.0558399621931822,
        1.0644099618863134,
        1.0776199614132986,
        1.1160499600372227,
        1.3510699516217826,
        1.4419699483668957,
        1.4539899479364915,
        1.472179947285156,
        1.4731299472511392,
        1.486519946771679,
        1.5305799451940076,
        1.538579944907549,
        1.5838599432861928,
        1.653909940777889,
        1.7041199389800028,
        1.7106399387465387,
        1.7248199382387905,
        1.7537099372043168,
        1.80505993536561,
        1.8314899344192224,
        1.8349899342938962,
        1.8881599323900204,
        1.929509930909387,
        2.0312099272677813,
        2.061779926173151,
        2.0645299260746808,
        2.1111999244035524,
        2.2055699210244137,
        2.3298699165735623,
        2.351529915797975,
        2.3924099143341713,
        2.4469299123819557,
        2.4600999119103726,
        2.594749907088915,
        2.6796399040492305,
        2.821979898952414,
        2.9833598931738257,
        3.000159892572263,
        3.0417298910837514,
        3.064309890275222,
        3.173119886379026,
        3.2134198849359907,
        3.2582298833314636,
        3.330609880739728,
        3.3971498783571086,
        3.423929877398188,
        3.466289875881389,
        3.4999298746768304,
        3.664269868792253,
        3.7218598667301084,
        3.750409865707809,
        3.9643298580479036,
        3.9706998578198105,
        4.590749835617472,
        4.720829830959655,
        4.73217983055324,
        4.7451498300888195,
        4.781259828795816,
        4.836029826834649,
        4.845709826488034,
        5.002699820866639,
        5.900539788717381,
        5.924499787859437,
        6.820079755791103,
        6.822049755720563,
        6.824859755619944,
        6.831339755387913,
        6.847859754796376,
        6.87979975365269,
        6.918079752281985,
        7.0310697482361135,
        7.05481974738569,
        7.213399741707362,
        7.237039740860877,
        7.300029738605373,
        7.36639973622884,
        7.472009732447227,
        8.253989704446607,
        8.293489703032217,
        8.335879701514344,
        8.342359701282312,
        8.673269689433306,
        8.691929688765141,
        8.759109686359604,
        8.839049683497167,
        8.934129680092605,
        9.023699676885341,
        10.585599620957865,
        11.053569604201106,
        11.507789587936696
    ],
    "et": [
        -2812.47579412
    ],
    "fc": [
        0.8777,
        1.3655,
        2.7469,
        1.2958,
        7.6457,
        5.4229,
        1.1332,
        1.2743,
        6.2741
    ],
    "gap": 0.27658999009604895,
    "homo": -0.3098299889058131,
    "id": "AZ7_69809",
    "ir": [
        0.2543,
        1.054,
        7.0813,
        127.5973,
        278.7354,
        216.0891,
        79.1323,
        12.4344,
        11.7845
    ],
    "lumo": -0.03323999880976415,
    "ma": [
        18.9984,
        12.0,
        18.9984,
        78.91834,
        1.00783
    ],
    "mr": [
        15.8437,
        24.4787,
        13.936,
        4.6363,
        10.6337,
        7.1847,
        1.1644,
        1.1594,
        1.089
    ],
    "mu": 1.3984167511868557,
    "mu_x": 0.213,
    "mu_xx=": 0.1952,
    "mu_xxx=": -13.5208,
    "mu_xxy=": 0.0,
    "mu_xxz=": 0.0188,
    "mu_xy=": 0.0,
    "mu_xyy=": -4.1398,
    "mu_xyz=": 0.0,
    "mu_xz=": 2.1396,
    "mu_xzz=": 0.1449,
    "mu_y": 0.0,
    "mu_yy=": -1.7958,
    "mu_yyy=": 0.0,
    "mu_yyz=": -0.8144,
    "mu_yz=": 0.0,
    "mu_yzz=": 0.0,
    "mu_z": 1.3821,
    "mu_zz=": 1.6007,
    "mu_zzz=": -0.2331,
    "na": 5,
    "ne": 60,
    "ne_down": 30,
    "ne_up": 30,
    "ni": 4,
    "oemga": [
        306.6375,
        307.6993,
        578.4028,
        688.7466,
        1104.6924,
        1131.8446,
        1285.2237,
        1365.8109,
        3127.0039
    ],
    "oemga0": 3127.0039,
    "qa": [
        -0.154898,
        0.341222,
        -0.154899,
        -0.100442,
        0.069018
    ],
    "r2": 454.7823,