{
    "A": 37.93465,
    "B": 2.79182,
    "C": 2.65978,
    "Cv": "17.927",
    "G": -491.824444,
    "H": -491.788015,
    "P": 1.0,
    "S": 0.00012218346469916187,
    "T": 298.15,
    "U": -491.788959,
    "U0": -491.794617,
    "alpha": 39.91833333333333,
    "alpha_xx": 79.907,
    "alpha_xy": 2.59,
    "alpha_xz": 48.42,
    "alpha_yy": 0.218,
    "alpha_yz": 0.08,
    "alpha_zz": 39.63,
    "bo": [
        0,
        2,
        0,
        0,
        1,
        1,
        0,
        0,
        0,
        2,
        0,
        1,
        0,
        0,
        0,
        0,
        0,
        0,
        0,
        1,
        0,
        1,
        0,
        0,
        1,
        0,
        0,
        0,
        0,
        1,
        0,
        0,
        0,
        0,
        1,
        1,
        1,
        0,
        0,
        0,
        0,
        0,
        0,
        0,
        0,
        1,
        0,
        0,
        0,
        0,
        0,
        0,
        0,
        0,
        0,
        0,
        1,
        0,
        0,
        0,
        0,
        0,
        0,
        0,
        0,
        0,
        1,
        0,
        0,
        0,
        0,
        0,
        0,
        0,
        0,
        1,
        0,
        0,
        0,
        0,
        0
    ],
    "coords": [
        1.723562,
        0.386543,
        -0.085587,
        0.460972,
        0.461357,
        -0.225467,
        -0.321546,
        -0.432897,
        0.429028,
        -2.030759,
        -0.492204,
        0.295073,
        2.215341,
        -0.36667,
        0.535606,
        2.334474,
        1.107824,
        -0.610566,
        0.136992,
        -1.142922,
        0.990237,
        -2.178833,
        -0.403545,
        -1.118364,
        -2.340203,
        0.882514,
        0.494269
    ],
    "e ne": -1476.945910058,
    "e_disp": -0.0031838825999841447,
    "e_k": 489.9103349165,
    "e_nn": 157.2292896546,
    "eigs": [
        -77.10398723911152,
        -14.357689485889368,
        -14.355869485954539,
        -10.198889634804917,
        -6.565499764906936,
        -4.728999830667108,
        -4.726689830749823,
        -4.722869830886607,
        -1.0034699640684126,
        -0.8184099706949182,
        -0.6454599768877969,
        -0.6152599779691784,
        -0.5183399814396255,
        -0.48185998274587705,
        -0.4245299847987116,
        -0.41203998524594526,
        -0.365049986928532,
        -0.28554998977521523,
        -0.2690699903653201,
        -0.23774999148680584,
        -0.014959999464322254,
        0.0071299997446936944,
        0.04547999837148236,
        0.05513999802558349,
        0.06205999777779672,
        0.08349999701008744,
        0.11603999584491674,
        0.1506099946070571,
        0.19502999301649526,
        0.22413999197414372,
        0.24368999127411026,
        0.2731999902174358,
        0.2814599899216672,
        0.29848998931186826,
        0.300429989242402,
        0.31417998875005115,
        0.3376399879100111,
        0.3622399870291506,
        0.3764099865217607,
        0.3776299864780757,
        0.43421998445173854,
        0.45712998363139246,
        0.46677998328585163,
        0.47844998286798,
        0.48539998261911904,
        0.518949981417783,
        0.5374199807564215,
        0.5680799796585686,
        0.570999979554011,
        0.6443999769257526,
        0.6597199763771842,
        0.6644699762070995,
        0.6950399751124691,
        0.7551999729582998,
        0.8007699713265596,
        0.8064699711224578,
        0.8152399708084274,
        0.8299299702824176,
        0.8380099699930944,
        0.8614499691537705,
        0.8958399679223561,
        0.9348999665237215,
        0.9710799652282123,
        0.9981799642578333,
        1.0225299633859246,
        1.0259299632641798,
        1.0727999615858899,
        1.0806799613037281,
        1.095529960771989,
        1.1701299581007618,
        1.2068699567852004,
        1.2286499560053166,
        1.2498099552476334,
        1.2819399540971437,
        1.285859953956779,
        1.3036599533194084,
        1.343379951897141,
        1.3636599511709682,
        1.408239949574677,
        1.4290199488306006,
        1.4516299480209969,
        1.4652699475325848,
        1.5169599456817038,
        1.532439945127406,
        1.605899942496999,
        1.6179299420662367,
        1.6483099409784099,
        1.6798799398479722,
        1.7036699389961159,
        1.7267599381693246,
        1.8484299338126458,
        1.8529099336522292,
        1.8709099330076973,
        1.8912199322804497,
        1.9529299300707794,
        2.019649927681714,
        2.0526999264982817,
        2.071849925812571,
        2.0964799249306365,
        2.236259919925487,
        2.356879915606406,
        2.418439913402106,
        2.5053499102900907,
        2.568839908016683,
        2.61828990624601,
        2.636199905604701,
        2.6496599051227343,
        2.6805199040177197,
        2.717659902687835,
        2.7598499011771236,
        2.8737098971001007,
        2.877959896947919,
        2.9428198946254556,
        2.9595398940267565,
        2.971269893606737,
        3.002329892494561,
        3.019229891889417,
        3.1032398888812422,
        3.168409886547679,
        3.2017498853538617,
        3.220419884685339,
        3.242859883881822,
        3.2621398831914568,
        3.2880898822622564,
        3.3103498814651853,
        3.3301198807572745,
        3.3640698795416153,
        3.388409878670064,
        3.3992298782826293,
        3.446609876586078,
        3.4491198764962014,
        3.484479875230054,
        3.5792398718369505,
        3.6180698704465515,
        3.630179870012925,
        3.6466398694235367,
        3.6730898684764326,
        3.7019998674412418,
        3.711179867112531,
        3.723359866676397,
        3.776299864780757,
        3.797429864024148,
        3.8062398637086856,
        3.8527898620418544,
        3.9093998600148008,
        3.917759859715451,
        3.9458098587110557,
        3.9605898581818226,
        3.993249857012356,
        3.9971398568730647,
        4.039929855340869,
        4.075909854052521,
        4.148989851435721,
        4.162939850936208,
        4.185389850132334,
        4.217049848998674,
        4.229079848567911,
        4.277269846842356,
        4.283329846625364,
        4.358059843949481,
        4.420819841702213,
        4.514049838363895,
        4.585559835803313,
        4.654709833327235,
        4.661909833069422,
        4.708069831416556,
        4.7393798302954275,
        4.8081098278343894,
        4.857299826073026,
        4.866939825727844,
        4.870989825582825,
        4.91954982384402,
        4.926119823608766,
        5.020639820224257,
        5.0432898194132205,
        5.088459817795804,
        5.1487598156366206,
        5.276399811066172,
        5.294129810431309,
        5.383559807229059,
        5.5045198028978035,
        5.621699798701899,
        5.655199797502354,
        5.677429796706357,
        5.741629794407524,
        5.816519791725914,
        5.910109788374705,
        5.9322597875815735,
        6.132569780409006,
        6.571909764677411,
        6.751069758262168,
        9.821359648323263,
        11.581239585306648,
        13.506919516353177
    ],
    "et": [
        -491.858816687
    ],
    "fc": [
        0.0007,
        0.035,
        0.1425,
        0.1259,
        0.5397,
        0.4373,
        0.8309,
        0.5151,
        0.7178,
        0.8055,
        2.8721,
        0.8155,
        1.4603,
        1.4231,
        1.6486,
        8.4255,
        3.3753,
        3.3834,
        5.745,
        6.6617,
        7.6724
    ],
    "gap": 0.2227899920224836,
    "homo": -0.23774999148680584,
    "id": "AZ7_81739",