{
    "A": 29.61509,
    "B": 2.72077,
    "C": 2.59775,
    "Cv": "13.751",
    "G": -613.353007,
    "H": -613.318958,
    "P": 1.0,
    "S": 0.0001142009055847576,
    "T": 298.15,
    "U": -613.319902,
    "U0": -613.324561,
    "alpha": 26.870666666666665,
    "alpha_xx": 50.626,
    "alpha_xy": -2.957,
    "alpha_xz": 34.615,
    "alpha_yy": 1.074,
    "alpha_yz": -1.718,
    "alpha_zz": 28.912,
    "bo": [
        0,
        2,
        0,
        0,
        0,
        0,
        0,
        2,
        0,
        1,
        0,
        1,
        0,
        0,
        0,
        1,
        0,
        1,
        0,
        1,
        1,
        0,
        0,
        1,
        0,
        0,
        0,
        0,
        0,
        1,
        0,
        0,
        0,
        0,
        0,
        0,
        0,
        1,
        0,
        0,
        0,
        0,
        0,
        0,
        1,
        0,
        0,
        0,
        0
    ],
    "coords": [
        -2.250086,
        -0.081673,
        -0.231783,
        -1.164688,
        -0.303339,
        0.230242,
        -0.023265,
        0.68735,
        0.137868,
        1.54551,
        -0.172403,
        -0.07899,
        -0.931908,
        -1.242296,
        0.767821,
        0.045734,
        1.25353,
        1.067053,
        -0.173732,
        1.36487,
        -0.696881
    ],
    "e ne": -1737.707113661,
    "e_disp": -0.003395245200010777,
    "e_k": 611.2930222351,
    "e_nn": 142.7330554869,
    "eigs": [
        -101.56586636319676,
        -19.152109314213963,
        -10.287089631646712,
        -10.254949632797558,
        -9.471369660855473,
        -7.234639740946815,
        -7.225459741275525,
        -7.2252197412841195,
        -1.0776499614122244,
        -0.8750099686682228,
        -0.7304499738445315,
        -0.6077899782366593,
        -0.5056199818950947,
        -0.4777499828930452,
        -0.4720399830975051,
        -0.42832998466264377,
        -0.3989599857143052,
        -0.3285699882347836,
        -0.31781998861971245,
        -0.2810599899359901,
        -0.05815999791744534,
        0.007869999718196265,
        0.04876999825367622,
        0.06736999758765977,
        0.08831999683749608,
        0.14907999466184232,
        0.17901999358977072,
        0.2328499916622618,
        0.27813999004054757,
        0.2962299893927928,
        0.3009099892252145,
        0.3082799889613144,
        0.33331998806469876,
        0.35184998740118884,
        0.3708099867222817,
        0.39493998585825074,
        0.4144599851592915,
        0.4265699847256647,
        0.4306499845795707,
        0.4543699837302207,
        0.46310998341726467,
        0.48583998260336386,
        0.5108199817088966,
        0.5313399809741302,
        0.578509979285098,
        0.6088399781990615,
        0.6704099759944038,
        0.6912699752474628,
        0.7067499746931653,
        0.7423099734198564,
        0.754219972993391,
        0.8385099699751907,
        0.8945799679674734,
        0.9365599664642813,
        0.9567499657413313,
        0.9987099642388555,
        1.0196799634879756,
        1.028599963168574,
        1.0670799617907079,
        1.0990099606473795,
        1.1060099603967284,
        1.143939959038556,
        1.166979958213555,
        1.241439955547341,
        1.2653599546908292,
        1.3206199527121159,
        1.3415199519637426,
        1.3943999500702509,
        1.4870999467509107,
        1.6054599425127545,
        1.68567993964029,
        1.7394699377142133,
        1.8647799332271962,
        1.9017299319041148,
        1.92832993095164,
        1.9442099303830191,
        1.9547199300066842,
        1.9909499287093844,
        2.001629928326962,
        2.015939927814559,
        2.0553899264019595,
        2.0750699256972713,
        2.0850799253388397,
        2.1248099239162146,
        2.1447499232022165,
        2.1603699226429054,
        2.2202399204991203,
        2.2304599201331694,
        2.244439919632583,
        2.2622499189948537,
        2.282639918264742,
        2.3325799164765244,
        2.374439914977629,
        2.4484399123278866,
        2.4814499111458863,
        2.5086799101708523,
        2.5828599075146643,
        2.63873990551375,
        2.683369903915669,
        2.7184399026599055,
        2.825059898842128,
        2.859259897617516,
        2.8788498969160505,
        2.908659895848634,
        2.942849894624381,
        2.994379892779229,
        3.01254989212861,
        3.072949889965847,
        3.112469888550741,
        3.1429998874575427,
        3.1808498861022354,
        3.2035698852886925,
        3.261259883222967,
        3.329479880780191,
        3.3462298801804176,
        3.4190698775722117,
        3.442999876715342,
        3.4892898750578207,
        3.52852987365274,
        3.6318698699524106,
        3.66025986893584,
        3.6723598685025713,
        3.7333098663201145,
        3.7478998657976854,
        3.8195098632335225,
        3.8560898619236896,
        3.887659860793252,
        3.965199858016751,
        3.9895798571437684,
        4.048369855038655,
        4.0629298545173,
        4.108369852890215,
        4.15058985137843,
        4.215859849041284,
        4.259599847475071,
        4.28750984647569,
        4.393189842691569,
        4.504479838706572,
        4.645339833662749,
        4.757369829651254,
        4.793819828346077,
        4.8163698275386215,
        4.88928982492755,
        4.970109822033601,
        5.010629820582688,
        5.066399818585713,
        5.1348698161339845,
        5.2044098136439425,
        5.230119812723336,
        5.253089811900842,
        5.303979810078606,
        5.473299804015707,
        5.651499797634841,
        5.777989793105571,
        5.806029792101533,
        6.166099779208385,
        6.177829778788365,
        6.33625977311541,
        6.386679771310003,
        6.764529757780201,
        6.798569756561319,
        6.964999750601905,
        6.998339749408088,
        9.782019649731922,
        11.682859581667906,
        12.989179534892067
    ],
    "et": [
        -613.37149701
    ],
    "fc": [
        0.006,
        0.1961,
        0.6336,
        0.5414,
        1.0061,
        0.9282,
        2.004,
        1.0349,
        1.1634,
        1.3825,
        1.3437,
        19.8372,
        5.4415,
        5.8667,
        6.4324
    ],
    "gap": 0.22289999201854474,
    "homo": -0.2810599899359901,
    "id": "AZ7_60356",
    "ir": [
        14.1851,
        10.4143,
        10.3991,
        19.4588,
        16.9433,
        5.9789,
        32.8,
        5.322,
        16.4964,
        4.2423,
        11.1065,
        167.2825,
        65.0147,
        8.0532,
        0.8247
    ],
    "lumo": -0.05815999791744534,
    "ma": [
        15.99491,
        12.0,
        12.0,
        34.96885,
        1.00783,
        1.00783,
        1.00783
    ],
    "mr": [
        4.0205,
        3.9559,
        5.0951,
        1.9048,
        2.6856,
        1.5079,
        3.1226,
        1.2508,
        1.2437,
        1.1769,
        1.0879,
        10.2127,
        1.0862,
        1.0614,
        1.1036
    ],
    "mu": 1.5092939640772436,
    "mu_x": 0.7747,
    "mu_xx=": -6.5504,
    "mu_xxx=": 16.6739,
    "mu_xxy=": -1.6232,
    "mu_xxz=": 2.3412,
    "mu_xy=": 0.149,
    "mu_xyy=": -1.1392,
    "mu_xyz=": 0.4836,
    "mu_xz=": -1.5653,
    "mu_xzz=": -1.7356,
    "mu_y": 0.6987,
    "mu_yy=": 3.7061,
    "mu_yyy=": 0.5457,
    "mu_yyz=": 0.2179,
    "mu_yz=": 0.0266,
    "mu_yzz=": 1.0721,
    "mu_z": 1.0907,
    "mu_zz=": 2.8444,
    "mu_zzz=": -0.1634,
    "na": 7,
    "ne": 40,
    "ne_down": 20,
    "ne_up": 20,
    "ni": 4,