{
    "A": 9.55726,
    "B": 2.81702,
    "C": 2.29965,
    "Cv": "15.935",
    "G": -2764.417402,
    "H": -2764.382235,
    "P": 1.0,
    "S": 0.0001179506959584145,
    "T": 298.15,
    "U": -2764.383179,
    "U0": -2764.38821,
    "alpha": 29.808000000000003,
    "alpha_xx": 54.148,
    "alpha_xy": 0.0,
    "alpha_xz": 35.409,
    "alpha_yy": 0.499,
    "alpha_yz": 0.0,
    "alpha_zz": 34.777,
    "bo": [
        0,
        1,
        0,
        0,
        1,
        0,
        0,
        1,
        0,
        1,
        1,
        0,
        1,
        0,
        0,
        1,
        0,
        0,
        0,
        0,
        1,
        0,
        1,
        0,
        0,
        0,
        0,
        0,
        1,
        0,
        0,
        0,
        0,
        0,
        0,
        0,
        1,
        0,
        0,
        0,
        0,
        0,
        0,
        0,
        1,
        0,
        0,
        0,
        0
    ],
    "coords": [
        1.085397,
        -0.536733,
        0.462547,
        -0.075587,
        0.183052,
        0.390078,
        -1.195772,
        -0.500209,
        0.003319,
        0.203692,
        1.782303,
        -0.869941,
        1.378139,
        -0.800726,
        -0.418397,
        -0.262898,
        0.633169,
        1.356226,
        -1.13277,
        -0.760756,
        -0.923832
    ],
    "e ne": -7108.9789444,
    "e_disp": -0.004159053199998652,
    "e_k": 2759.916076588,
    "e_nn": 254.1940422803,
    "eigs": [
        -482.8474727105177,
        -62.49591776218759,
        -56.31166798362911,
        -56.30869798373546,
        -56.30851798374191,
        -19.174439313414386,
        -19.174439313414386,
        -10.344839629578837,
        -8.684389689035129,
        -6.512089766819405,
        -6.502659767157068,
        -6.502129767176047,
        -2.6275399059147926,
        -2.625039906004311,
        -2.624609906019708,
        -2.617059906290053,
        -2.6170499062904113,
        -1.1157299600486812,
        -1.0480599624717635,
        -0.7777099721522768,
        -0.6964699750612647,
        -0.5865799789961329,
        -0.515669981535231,
        -0.5004599820798606,
        -0.41583998510987735,
        -0.3980099857483222,
        -0.3418499877592622,
        -0.3164899886673362,
        -0.28994998961766294,
        -0.28077998994601616,
        -0.029569998941177074,
        0.015169999456802712,
        0.05417999805995853,
        0.06814999755973006,
        0.16971999392277892,
        0.180069993552173,
        0.23699999151366136,
        0.26781999041007926,
        0.27173999026971446,
        0.29663998937811187,
        0.2985499893097198,
        0.33635998795584443,
        0.3407199877997245,
        0.3462099876031422,
        0.3726199866574704,
        0.37861998644262645,
        0.38869998608168843,
        0.4110999852796042,
        0.43722998434395843,
        0.46331998340974506,
        0.5258199811717865,
        0.5802899792213609,
        0.5946199787082419,
        0.6096399781704156,
        0.6356099772404992,
        0.6753699758167995,
        0.683339975531415,
        0.7123499744926441,
        0.7676499725124986,
        0.7811399720294574,
        0.7861599718497047,
        0.882509968399668,
        0.9637599654903217,
        1.0173399635717646,
        1.0695499617022637,
        1.0800999613244964,
        1.1206999598707186,
        1.1396599591918113,
        1.157839958540834,
        1.2169499564242625,
        1.277659954250399,
        1.3216599526748765,
        1.352269951578814,
        1.3950499500469757,
        1.4928199465460927,
        1.4962399464236316,
        1.4982699463509428,
        1.5277099452967746,
        1.5461699446357713,
        1.57496994360452,
        1.5773299435200148,
        1.7035699389996968,
        1.7060299389116105,
        1.7234499382878468,
        1.7385799377460818,
        1.7514299372859574,
        1.7949899357261898,
        1.823349934710694,
        1.8426599340192542,
        1.8725499329489728,
        1.9061599317454885,
        1.9527499300772244,
        2.0011299283448656,
        2.0067899281421964,
        2.0224299275821696,
        2.0313999272609777,
        2.1892799216077155,
        2.2415999197342757,
        2.2545199192716447,
        2.3069199173953403,
        2.401569914006176,
        2.50523991029403,
        2.6859199038243595,
        2.6916199036202584,
        2.769059900847338,
        2.827419898757622,
        2.922489895353418,
        2.9354198948904298,
        3.0349798913254515,
        3.0509398907539667,
        3.0748298898985293,
        3.0798498897187763,
        3.133349887803084,
        3.142719887467569,
        3.1573498869437078,
        3.2731898827957857,
        3.318359881178369,
        3.358669879734975,
        3.396589878377161,
        3.434609877015766,
        3.459889876110556,
        3.5216698738983787,
        3.598949871131188,
        3.6838498680911456,
        3.689519867888117,
        3.7017698674494772,
        3.806129863712624,
        3.8210198631794525,
        3.836969862608326,
        3.880149861062165,
        3.930889859245301,
        3.980389857472838,
        4.027259855794548,
        4.072039854191096,
        4.114779852660689,
        4.123369852353105,
        4.193159849854111,
        4.26457984729675,
        4.514569838345275,
        4.624559834406826,
        4.647489833585764,
        4.710869831316295,
        4.786609828604247,
        4.8460398264762174,
        4.879639825273092,
        5.057079818919437,
        5.193059814050355,
        5.2702998112845965,
        5.3324398090595295,
        5.467159804235565,
        5.580019800194349,
        5.625459798567264,
        5.722389795096458,
        6.112279781135537,
        6.184689778542727,
        6.194059778207213,
        6.404689770665113,
        6.446859769155117,
        6.558759765148277,
        6.594449763870314,
        6.617499763044954,
        6.650469761864386,
        6.656829761636652,
        6.686449760576038,
        6.745719758453738,
        6.760039757940976,
        6.892219753207963,
        6.989829749712809,
        7.081169746442167,
        7.1164297451796,
        7.376649735861815,
        7.380319735730402,
        10.440829626141692,
        11.59951958465209,
        12.534169551184762
    ],
    "et": [
        -2764.43492389
    ],
    "fc": [
        0.0143,
        0.1934,
        0.4427,
        0.1368,
        0.5628,
        1.4444,
        4.0241,
        2.2314,
        0.9249,
        1.2523,
        1.6195,
        1.3631,
        6.477,
        8.9641,
        8.9666
    ],
    "gap": 0.2512099910048391,
    "homo": -0.28077998994601616,
    "id": "AZ7_87618",
    "ir": [
        15.7142,
        75.9033,
        12.6123,
        114.1638,
        49.2895,
        213.5301,
        327.9015,
        383.5997,
        24.6284,
        2.173,
        74.7222,
        44.1917,
        2.8406,
        22.5585,
        72.9718
    ],
    "lumo": -0.029569998941177074,
    "ma": [
        15.99491,
        12.0,
        15.99491,
        78.91834,
        1.00783,
        1.00783,
        1.00783
    ],
    "mr": [
        1.1109,
        4.1412,
        6.7273,
        1.2944,
        2.9439,
        6.9468,
        6.4652,
        2.8416,
        1.111,
        1.453,
        1.3831,
        1.1294,
        1.0908,
        1.0656,
        1.0653
    ],
    "mu": 1.9596017580110505,
    "mu_x": 1.0974,
    "mu_xx=": -2.8179,
    "mu_xxx=": -27.5827,
    "mu_xxy=": -0.0011,
    "mu_xxz=": -5.1804,
    "mu_xy=": -0.0002,
    "mu_xyy=": -7.0408,
    "mu_xyz=": 0.0004,
    "mu_xz=": -2.4686,
    "mu_xzz=": 2.6406,
    "mu_y": 0.0002,
    "mu_yy=": -1.9331,
    "mu_yyy=": 0.0014,
    "mu_yyz=": -6.9503,
    "mu_yz=": -0.0002,
    "mu_yzz=": -0.0002,
    "mu_z": -1.6235,
    "mu_zz=": 4.751,
    "mu_zzz=": -3.4262,
    "na": 7,
    "ne": 60,
    "ne_down": 30,
    "ne_up": 30,