{
    "A": 25.34877,
    "B": 3.45212,
    "C": 3.09734,
    "Cv": "17.464",
    "G": -491.874027,
    "H": -491.839225,
    "P": 1.0,
    "S": 0.0001167264799597965,
    "T": 298.15,
    "U": -491.840169,
    "U0": -491.845648,
    "alpha": 36.01133333333333,
    "alpha_xx": 72.177,
    "alpha_xy": -1.178,
    "alpha_xz": 45.674,
    "alpha_yy": -0.003,
    "alpha_yz": 0.001,
    "alpha_zz": 35.86,
    "bo": [
        0,
        1,
        0,
        0,
        1,
        1,
        1,
        0,
        0,
        1,
        0,
        1,
        0,
        0,
        0,
        0,
        1,
        0,
        0,
        1,
        0,
        2,
        0,
        0,
        0,
        0,
        0,
        0,
        0,
        2,
        0,
        0,
        0,
        0,
        0,
        1,
        1,
        0,
        0,
        0,
        0,
        0,
        0,
        0,
        0,
        1,
        0,
        0,
        0,
        0,
        0,
        0,
        0,
        0,
        1,
        0,
        0,
        0,
        0,
        0,
        0,
        0,
        0,
        0,
        1,
        0,
        0,
        0,
        0,
        0,
        0,
        0,
        0,
        0,
        0,
        1,
        0,
        0,
        0,
        0,
        0
    ],
    "coords": [
        -1.447857,
        0.223025,
        -0.363764,
        -0.124887,
        -0.087625,
        0.147054,
        1.29449,
        0.081352,
        -0.711605,
        2.401432,
        -0.386562,
        0.304693,
        -2.095479,
        -0.657103,
        -0.367838,
        -1.360753,
        0.579386,
        -1.390509,
        -1.933169,
        1.006572,
        0.223283,
        -0.060473,
        -0.431688,
        1.096761,
        3.326697,
        -0.327357,
        -0.110398
    ],
    "e ne": -1486.701820045,
    "e_disp": -0.002665988999979163,
    "e_k": 489.9733284094,
    "e_nn": 161.856802306,
    "eigs": [
        -77.1138572387581,
        -14.33090948684829,
        -14.276709488789049,
        -10.212459634319014,
        -6.573569764617971,
        -4.736939830382798,
        -4.735109830448325,
        -4.730979830596209,
        -0.9154999672183839,
        -0.8272399703787393,
        -0.6921499752159525,
        -0.5752599794014719,
        -0.4992199821242617,
        -0.44740998397943976,
        -0.4308999845706189,
        -0.39538998584213747,
        -0.3565999872311039,
        -0.3249299883651223,
        -0.2418299913407119,
        -0.2417099913450088,
        -0.04168999850719216,
        0.02561999908261605,
        0.05732999794716542,
        0.06711999759661161,
        0.08767999686041276,
        0.1033799962982376,
        0.11472999589182432,
        0.1422199949074807,
        0.1584799943252534,
        0.2254799919261619,
        0.22915999179439087,
        0.2710599902940635,
        0.29127998957003914,
        0.3013599892091013,
        0.33921998785343555,
        0.34310998771414497,
        0.36035998709646844,
        0.3753699865590003,
        0.4001599856713364,
        0.4184499850164202,
        0.4465799840091598,
        0.45284998378464786,
        0.4588999835680135,
        0.48299998270505673,
        0.4979599821693789,
        0.5124999816487402,
        0.5337199808889086,
        0.545949980450985,
        0.5467899804209068,
        0.6184799778538788,
        0.6267799775566779,
        0.6491599767553097,
        0.7154299743823577,
        0.7362599736364909,
        0.7578199728644847,
        0.8060199711385709,
        0.8406199698996373,
        0.8500099695634064,
        0.8788699685300067,
        0.8933799680104421,
        0.9277099667811762,
        0.9865599646739145,
        0.9890799645836801,
        1.0199699634775916,
        1.045119962577037,
        1.0757799614791839,
        1.1557799586145971,
        1.1641099583163221,
        1.1977199571128374,
        1.2037399568972773,
        1.2057899568238721,
        1.235679955753591,
        1.2644699547226979,
        1.2772299542657963,
        1.316409952862865,
        1.3215099526802472,
        1.3396299520314185,
        1.3450899518359103,
        1.3943399500723992,
        1.410739949485159,
        1.4382099485015314,
        1.4528499479773118,
        1.4805499469854488,
        1.4936899465149402,
        1.5187799456165343,
        1.5661699439196246,
        1.6215399419369723,
        1.699009939162978,
        1.7264599381800667,
        1.7496399373500529,
        1.7601499369737175,
        1.7643299368240428,
        1.8133499350687672,
        1.9134199314855271,
        1.9392399305609818,
        2.019519927686369,
        2.020019927668465,
        2.0841499253721407,
        2.204009921080273,
        2.2372499198900377,
        2.25620991921113,
        2.3213899168772083,
        2.516339909896568,
        2.5368599091618016,
        2.5601699083271323,
        2.6701399043894,
        2.679029904071073,
        2.7809699004208728,
        2.806979899489524,
        2.8255698988238653,
        2.851209897905765,
        2.891629896458433,
        2.9360598948675127,
        2.948989894404524,
        2.9898498929414363,
        3.0135998920910123,
        3.058939890467508,
        3.065259890241205,
        3.1896698857864147,
        3.1926998856779183,
        3.238669884031855,
        3.2812298825078945,
        3.29983988184152,
        3.3368498805162905,
        3.346539880169318,
        3.360549879667657,
        3.388679878660396,
        3.4245798773749137,
        3.4653998759132576,
        3.4897198750424234,
        3.511469874263614,
        3.5378198733200907,
        3.5940798713055697,
        3.6366898697798193,
        3.671919868518327,
        3.714099867007974,
        3.7462198658578414,
        3.7699998650063433,
        3.796459864058881,
        3.8818198610023664,
        3.895479860513239,
        3.9039198602110248,
        3.926519859401779,
        3.991959857058547,
        4.003609856641392,
        4.041219855294678,
        4.058249854684878,
        4.0885798535988425,
        4.109499852849752,
        4.133949851974263,
        4.162939850936208,
        4.195109849784286,
        4.234979848356648,
        4.303379845907426,
        4.3241698451629915,
        4.377919843238347,
        4.398879842487826,
        4.447929840731476,
        4.507959838581962,
        4.56187983665123,
        4.576159836139901,
        4.637859833930588,
        4.690119832059297,
        4.716119831128307,
        4.748899829954542,
        4.8364398268199675,
        4.888729824947601,
        4.906049824327418,
        4.928089823538226,
        4.934899823294377,
        5.040559819510975,
        5.1059598171691745,
        5.120009816666082,
        5.16769981495843,
        5.209139813474573,
        5.225899812874443,
        5.251299811964937,
        5.347689808513468,
        5.357559808160049,
        5.401099806600996,
        5.512399802615641,
        5.619799798769932,
        5.648299797749424,
        5.676149796752189,
        5.687789796335392,
        5.750829794078098,
        5.8120597918856145,
        5.8633897900476235,
        5.973159786117052,
        6.015149784613502,
        6.319999773697637,
        10.026759640968434,
        11.04601960447145,
        13.236989526018652
    ],
    "et": [
        -491.915140203
    ],
    "fc": [
        0.026,
        0.021,
        0.1168,
        0.5063,
        0.2044,
        0.3012,
        1.0252,
        0.7389,
        3.4204,
        1.1633,
        2.1786,
        0.9908,
        1.7502,
        1.4524,
        1.3552,
        1.4347,
        5.5101,
        6.0706,
        6.1912,
        7.8851,
        7.9428
    ],
    "gap": 0.20001999283781666,
    "homo": -0.2417099913450088,
    "id": "AZ7_83055",