{
    "A": 40.86762,
    "B": 2.48834,
    "C": 2.37576,
    "Cv": "17.838",
    "G": -491.813753,
    "H": -491.778006,
    "P": 1.0,
    "S": 0.00011989602549057472,
    "T": 298.15,
    "U": -491.77895,
    "U0": -491.784494,
    "alpha": 42.19333333333333,
    "alpha_xx": 90.175,
    "alpha_xy": 3.758,
    "alpha_xz": 49.54,
    "alpha_yy": -0.001,
    "alpha_yz": 0.001,
    "alpha_zz": 36.406,
    "bo": [
        0,
        2,
        1,
        0,
        1,
        0,
        0,
        0,
        0,
        2,
        0,
        0,
        0,
        0,
        1,
        0,
        0,
        0,
        1,
        0,
        0,
        1,
        0,
        0,
        1,
        0,
        0,
        0,
        0,
        1,
        0,
        0,
        0,
        0,
        1,
        1,
        1,
        0,
        0,
        0,
        0,
        0,
        0,
        0,
        0,
        0,
        1,
        0,
        0,
        0,
        0,
        0,
        0,
        0,
        0,
        0,
        1,
        0,
        0,
        0,
        0,
        0,
        0,
        0,
        0,
        0,
        1,
        0,
        0,
        0,
        0,
        0,
        0,
        0,
        0,
        1,
        0,
        0,
        0,
        0,
        0
    ],
    "coords": [
        0.57487,
        -0.620794,
        -0.0945,
        2.273011,
        -0.826779,
        -0.099477,
        -0.183984,
        0.466682,
        0.159776,
        -1.586636,
        0.504329,
        0.130434,
        -0.021674,
        -1.497485,
        -0.33312,
        2.583138,
        0.527593,
        0.252402,
        0.251183,
        1.342894,
        0.393626,
        -1.922799,
        0.25384,
        -0.793165,
        -1.967109,
        -0.150279,
        0.805362
    ],
    "e ne": -1467.843020133,
    "e_disp": -0.003640715199992428,
    "e_k": 489.9323486935,
    "e_nn": 152.5184914255,
    "eigs": [
        -77.04853724109704,
        -14.379069485123809,
        -14.355649485962417,
        -10.227829633768655,
        -6.513939766753162,
        -4.6764498325487835,
        -4.673739832645821,
        -4.6727998326794795,
        -1.007769963914441,
        -0.8287299703253863,
        -0.6880299753634785,
        -0.5924799787848696,
        -0.5335199808960701,
        -0.5276199811073333,
        -0.4756699829675245,
        -0.36328998699155285,
        -0.3493299874914233,
        -0.2968799893695181,
        -0.2692599903585167,
        -0.20181999277336343,
        -0.02930999895048698,
        0.022489999194693015,
        0.03465999875891774,
        0.06168999779104544,
        0.0740599973481087,
        0.09223999669713133,
        0.09749999650878474,
        0.18304999344546713,
        0.21642999225021828,
        0.23759999149217695,
        0.27530999014188234,
        0.28677998973117214,
        0.29821998932153626,
        0.3075799889863796,
        0.31497998872140526,
        0.3393299878494967,
        0.3607099870839358,
        0.3696499867638182,
        0.3790599864268712,
        0.39934998570034036,
        0.40029998566632335,
        0.41724998505938904,
        0.453109983775338,
        0.4618199834634561,
        0.49246998236596123,
        0.5060699818789816,
        0.5244899812194104,
        0.5381099807317143,
        0.556019980090405,
        0.5785899792822335,
        0.606589978279628,
        0.6109799781224338,
        0.6756699758060573,
        0.700249974925913,
        0.739899973506152,
        0.7540599729991201,
        0.8436199697922152,
        0.8440899697753858,
        0.8990999678056243,
        0.9138299672781822,
        0.9178199671353108,
        0.9506299659604721,
        0.9815699648525933,
        1.0214799634235223,
        1.0403599627474798,
        1.0414399627088078,
        1.09189996090197,
        1.1260299596798655,
        1.166679958224297,
        1.1937699572542766,
        1.2244799561546331,
        1.2734899543997158,
        1.285049953985783,
        1.2932899536907305,
        1.3344199522179745,
        1.3506999516350313,
        1.358779951345708,
        1.382659950490629,
        1.448889948119109,
        1.464009947577702,
        1.4864599467738273,
        1.5093999459524072,
        1.5200699455703428,
        1.5389299448950164,
        1.5916199430083278,
        1.59266994297073,
        1.611789942286094,
        1.627699941716399,
        1.6596999405705641,
        1.6764099399722239,
        1.7480599374066281,
        1.7564899371047726,
        1.8239799346881354,
        1.824009934687061,
        1.9158199313995894,
        1.958719929863455,
        1.9825899290087337,
        2.078789925564068,
        2.202679921127897,
        2.2059899210093747,
        2.357819915572747,
        2.3719999150649986,
        2.467829911633582,
        2.503459910357767,
        2.5859699074033036,
        2.6489899051467254,
        2.726449902373089,
        2.734199902095582,
        2.7530599014202553,
        2.8141498992327856,
        2.9362398948610675,
        2.981469893241502,
        3.016329891993258,
        3.018669891909469,
        3.040359891132808,
        3.0654998902326116,
        3.1199398882832603,
        3.1205998882596275,
        3.1671698865920797,
        3.1773998862257704,
        3.20282988531519,
        3.2260498844837437,
        3.2488998836655463,
        3.272879882806886,
        3.2964798819618326,
        3.3113498814293783,
        3.3499998800454245,
        3.4001498782496866,
        3.4129398777917106,
        3.425989877324425,
        3.450259876455381,
        3.4540798763185965,
        3.5003198746628654,
        3.512469874227806,
        3.57710987191322,
        3.5915898713947305,
        3.630559869999318,
        3.700779867484927,
        3.716329866928123,
        3.7635198652383752,
        3.771109864966597,
        3.7816598645888297,
        3.8310998628185153,
        3.876779861182836,
        3.893039860600609,
        3.897129860454157,
        3.9441198587715696,
        3.9626298581087758,
        3.9656798579995636,
        4.033369855575765,
        4.048729855025765,
        4.099779853197799,
        4.107199852932109,
        4.137689851840344,
        4.168909850722439,
        4.190209849959743,
        4.234479848374551,
        4.261839847394864,
        4.354379844081252,
        4.40284984234567,
        4.513559838381441,
        4.570349836347942,
        4.679669832433484,
        4.70134983165718,
        4.7625498294657715,
        4.779819828847379,
        4.797749828205353,
        4.853379826213391,
        4.89359982477322,
        4.894299824748156,
        5.022979820140467,
        5.058899818854268,
        5.149929815594727,
        5.193069814049997,
        5.256029811795568,
        5.273009811187559,
        5.4058098064323445,
        5.461999804420331,
        5.508499802755289,
        5.527509802074593,
        5.636739798163356,
        5.758279793811333,
        5.867249789909408,
        5.946339787077405,
        5.977419785964514,
        6.003239785039969,
        6.064229782856079,
        6.351569772567198,
        6.483469767844211,
        6.668129761232028,
        6.716219759510054,
        10.211689634346586,
        11.94166957240061,
        13.161059528737503
    ],
    "et": [
        -491.8531265
    ],
    "fc": [
        0.002,
        0.1673,
        0.0572,
        0.6022,
        0.1917,
        0.2362,
        0.6544,
        0.7545,
        0.5934,
        1.0973,
        2.687,
        1.8675,
        1.1723,
        1.6357,
        2.2834,
        1.7789,
        3.2204,
        6.2568,
        7.3443,
        8.0818,
        8.3017
    ],
    "gap": 0.17250999382287646,
    "homo": -0.20181999277336343,
    "id": "AZ7_89580",