{
    "A": 14.91412,
    "B": 3.75359,
    "C": 3.40999,
    "Cv": "19.034",
    "G": -585.107686,
    "H": -585.072576,
    "P": 1.0,
    "S": 0.00011775951702135777,
    "T": 298.15,
    "U": -585.073521,
    "U0": -585.079231,
    "alpha": 31.19666666666667,
    "alpha_xx": 61.326,
    "alpha_xy": 0.427,
    "alpha_xz": 39.245,
    "alpha_yy": -1.435,
    "alpha_yz": -0.862,
    "alpha_zz": 33.699,
    "bo": [
        0,
        1,
        0,
        0,
        1,
        1,
        0,
        0,
        1,
        0,
        2,
        0,
        0,
        0,
        1,
        0,
        0,
        2,
        0,
        1,
        0,
        0,
        0,
        0,
        0,
        0,
        1,
        0,
        0,
        0,
        0,
        1,
        1,
        0,
        0,
        0,
        0,
        0,
        0,
        0,
        1,
        0,
        0,
        0,
        0,
        0,
        0,
        0,
        0,
        1,
        0,
        0,
        0,
        0,
        0,
        0,
        0,
        0,
        0,
        1,
        0,
        0,
        0,
        0
    ],
    "coords": [
        -1.357981,
        -0.379457,
        0.137568,
        -0.079959,
        0.699553,
        -0.36619,
        1.365123,
        0.344151,
        0.251408,
        2.038439,
        -0.440119,
        -0.78387,
        -2.163336,
        -0.321465,
        -0.474971,
        -1.617155,
        -0.313637,
        1.114543,
        -0.303758,
        1.719066,
        0.494984,
        2.118627,
        -1.308092,
        -0.373472
    ],
    "e ne": -1739.657673204,
    "e_disp": -0.0026487862000124096,
    "e_k": 582.962824941,
    "e_nn": 177.1051140874,
    "eigs": [
        -88.99695681325595,
        -19.13115931496413,
        -14.335159486696108,
        -14.329079486913818,
        -8.038009712180274,
        -6.001729785094038,
        -6.000159785150255,
        -5.995239785326427,
        -1.0315499630629426,
        -0.922989966950187,
        -0.8247999704661093,
        -0.6511899766826209,
        -0.5302199810142343,
        -0.4998899821002708,
        -0.4753799829779086,
        -0.44113998420395173,
        -0.37659998651495724,
        -0.3320099881116064,
        -0.29714998935985015,
        -0.24374999127196184,
        -0.21676999223804377,
        -0.01686999939593024,
        0.01695999939270758,
        0.03823999863072747,
        0.06064999782828507,
        0.06365999772050498,
        0.0868999968883425,
        0.131269995299571,
        0.2133699923597887,
        0.2617599906270717,
        0.2690399903663943,
        0.30603998904152285,
        0.33343998806040187,
        0.34629998759991953,
        0.3656299869077637,
        0.3938999858954903,
        0.423929984820196,
        0.4427699841455858,
        0.467279983267948,
        0.4767199829299268,
        0.49299998234698333,
        0.5111399816974384,
        0.5209099813476006,
        0.56377997981254,
        0.5694699796087964,
        0.6219299777303434,
        0.6492399767524452,
        0.6713799759596707,
        0.69737997502868,
        0.7064499747039075,
        0.7465499732680333,
        0.7861299718507789,
        0.7979299714282524,
        0.823049970528772,
        0.8460599697048453,
        0.8836799683577733,
        0.9204399670414957,
        0.9365599664642813,
        1.0453599625684433,
        1.0709199616532077,
        1.1669199582157035,
        1.1890299574240033,
        1.2201699563089627,
        1.231319955909711,
        1.2427199555015074,
        1.285049953985783,
        1.324029952590013,
        1.3448499518445043,
        1.3832399504698607,
        1.4460699482200856,
        1.479379947027343,
        1.5080799459996728,
        1.5190499456068662,
        1.5699799437831985,
        1.6080299424207296,
        1.6163999421210222,
        1.621039941954876,
        1.6577299406411048,
        1.7314899379999558,
        1.7598199369855339,
        1.8256799346272627,
        1.88031993267075,
        1.9006799319417125,
        1.920259931240605,
        1.9640999296708115,
        2.005599928184807,
        2.0442199268019277,
        2.063509926111204,
        2.082549925429432,
        2.1314899236770213,
        2.182359921855502,
        2.270579918696579,
        2.301249917598368,
        2.3897499144294185,
        2.448099912340061,
        2.4663499116865766,
        2.53928990907479,
        2.6169499062939923,
        2.6341799056770316,
        3.0406898911209916,
        3.053459890663732,
        3.0723498899873314,
        3.1400098875646067,
        3.1653398866576072,
        3.225049884519551,
        3.2399398839863793,
        3.264269883115187,
        3.2681998829744647,
        3.2804898825343924,
        3.302219881756299,
        3.3782998790320766,
        3.3945398784505656,
        3.4401498768173933,
        3.468649875796884,
        3.572359872083305,
        3.5830898716990927,
        3.5919398713821975,
        3.622409870291148,
        3.6761098683682936,
        3.712779867055239,
        3.7294298664590464,
        3.7476098658080694,
        3.805769863725515,
        3.8116798635138935,
        3.8247098630473237,
        3.8735298612992097,
        3.918519859688238,
        3.9307798592492396,
        3.9575898582892455,
        3.9728998577410346,
        3.981669857427004,
        4.041879855271045,
        4.064459854462515,
        4.100239853181329,
        4.1340798519696085,
        4.163009850933702,
        4.19393984982618,
        4.216539849016936,
        4.272419847016022,
        4.316979845420446,
        4.369259843548439,
        4.406639842209961,
        4.446009840800226,
        4.524359837994721,
        4.604239835134431,
        4.6423198337708875,
        4.719689831000474,
        4.777739828921858,
        4.791729828420914,
        4.840599826671009,
        4.871289825572082,
        4.954659822586824,
        5.0282998199499715,
        5.088159817806545,
        5.122609816572982,
        5.22806981279674,
        5.309519809880233,
        5.4756398039319185,
        5.516929802453434,
        5.5859797999809375,
        5.648509797741904,
        5.671539796917262,
        5.699869795902839,
        5.755029793927707,
        5.819669791613121,
        5.846169790664226,
        5.997359785250515,
        6.217789777357504,
        6.414249770322795,
        6.516819766650037,
        6.610359763300618,
        6.627839762674705,
        6.693139760336487,
        6.735439758821837,
        6.867759754083809,
        7.0084497490460755,
        7.2607997400100945,
        8.348829701050638,
        11.090209602889123,
        11.635379583368039
    ],
    "et": [
        -585.133022626
    ],
    "fc": [
        0.0388,
        0.0411,
        0.0724,
        0.2025,
        0.3043,
        0.3509,
        0.572,
        0.8883,
        0.692,
        2.7469,
        0.8615,
        0.7743,
        1.1787,
        1.5687,
        4.0936,
        7.4213,
        8.4084,
        9.0114
    ],
    "gap": 0.19989999284211354,
    "homo": -0.21676999223804377,
    "id": "AZ7_97967",
    "ir": [
        10.6564,
        6.9314,
        103.1704,
        40.9034,
        5.4973,
        198.8288,
        102.0904,
        56.039,
        10.281,
        8.9104,
        5.5709,
        17.6644,
        51.6449,
        15.5707,
        11.1863,
        1.5921,
        16.3022,
        38.441
    ],
    "lumo": -0.01686999939593024,
    "ma": [
        14.00307,
        31.97207,
        14.00307,
        15.99491,
        1.00783,
        1.00783,
        1.00783,
        1.00783
    ],
    "mr": [
        3.255,
        1.3871,
        1.5088,
        2.5005,
        3.0009,
        2.6068,
        1.9211,
        2.5275,
        1.5864,
        5.6699,
        1.3562,
        1.1318,
        1.1347,
        1.0986,
        1.0379,
        1.0443,
        1.1007,
        1.0679
    ],