{
    "A": 36.94803,
    "B": 3.7142,
    "C": 3.44776,
    "Cv": "12.485",
    "G": -567.954927,
    "H": -567.922806,
    "P": 1.0,
    "S": 0.00010773436189824246,
    "T": 298.15,
    "U": -567.92375,
    "U0": -567.927959,
    "alpha": 30.247,
    "alpha_xx": 62.806,
    "alpha_xy": 1.192,
    "alpha_xz": 32.861,
    "alpha_yy": 0.001,
    "alpha_yz": 0.001,
    "alpha_zz": 27.934,
    "bo": [
        0,
        1,
        1,
        1,
        1,
        0,
        0,
        1,
        0,
        0,
        0,
        0,
        0,
        0,
        1,
        0,
        0,
        0,
        0,
        0,
        0,
        1,
        0,
        0,
        0,
        0,
        0,
        0,
        1,
        0,
        0,
        0,
        0,
        2,
        0,
        0,
        0,
        0,
        0,
        2,
        0,
        2,
        0,
        0,
        0,
        0,
        0,
        2,
        0
    ],
    "coords": [
        0.995446,
        -0.026819,
        -0.100238,
        0.601174,
        0.949723,
        0.190094,
        0.601404,
        -0.277076,
        -1.087899,
        0.627791,
        -0.765077,
        0.608479,
        2.462713,
        -0.064605,
        -0.063485,
        3.235818,
        0.88967,
        -0.981064,
        4.691353,
        0.769185,
        -0.864687
    ],
    "e ne": -1672.210373531,
    "e_disp": -0.0023458589000142638,
    "e_k": 565.8538291446,
    "e_nn": 164.2591400521,
    "eigs": [
        -89.02335681231062,
        -19.140959314613212,
        -14.351599486107437,
        -10.22458963388467,
        -8.062339711309082,
        -6.0252897842504165,
        -6.024369784283359,
        -6.02104978440224,
        -1.0702699616764826,
        -0.932649966604288,
        -0.7331099737492839,
        -0.5875999789596094,
        -0.487729982535688,
        -0.47306998306062353,
        -0.46818998323536337,
        -0.42121998491723395,
        -0.41128998527280075,
        -0.3286399882322771,
        -0.2921299895396029,
        -0.27943998999399805,
        -0.10159999636197466,
        0.02374999914957577,
        0.059369997874118466,
        0.08358999700686477,
        0.10069999639420127,
        0.10144999636734575,
        0.1357399951395122,
        0.23185999169771107,
        0.23785999148286704,
        0.2594499907097867,
        0.2727899902321168,
        0.2928399895141797,
        0.329739988192889,
        0.3652599869210124,
        0.3661699868884278,
        0.4104499853028789,
        0.4163699850908995,
        0.44065998422113933,
        0.4425399841538215,
        0.4610599834906697,
        0.48300998270469864,
        0.5310699809837981,
        0.5313799809726978,
        0.5777599793119536,
        0.6097899781650447,
        0.6434399769601278,
        0.672429975922073,
        0.6916299752345721,
        0.7537999730084302,
        0.839689969932938,
        0.851959969493582,
        0.8562299693406847,
        0.9098699674199792,
        0.957319965720921,
        0.9738799651279516,
        1.0069199639448771,
        1.0567299621613138,
        1.1152499600658685,
        1.143529959053237,
        1.1456099589787578,
        1.2452599554105568,
        1.2560699550234795,
        1.2874099539012775,
        1.2936799536767654,
        1.3021299533741935,
        1.3841399504376337,
        1.3990599499033884,
        1.421739949091278,
        1.4490799481123056,
        1.4642999475673177,
        1.4983699463473619,
        1.500389946275031,
        1.5584999441942666,
        1.6198599419971287,
        1.63247994154524,
        1.6377799413554612,
        1.7122699386881728,
        1.7520699372630408,
        1.8207099348052254,
        1.8354899342759927,
        1.8798899326861471,
        1.9065599317311654,
        1.9145599314447068,
        2.118049924158272,
        2.1819799218691087,
        2.2029199211193036,
        2.2239999203644847,
        2.305249917455139,
        2.322649916832091,
        2.3734299150137943,
        2.4231099132348857,
        2.4438699124915257,
        2.5603399083210454,
        2.593049907149787,
        2.6498999051141405,
        2.748479901584253,
        2.772399900727742,
        2.824879898848572,
        2.827749898745805,
        2.918669895490203,
        2.9276198951697268,
        2.9787998933371074,
        3.012939892114645,
        3.043619891016076,
        3.1048498888235923,
        3.2240098845567906,
        3.2800198825512217,
        3.2912398821494633,
        3.372879879226152,
        3.415449877701834,
        3.462809876005999,
        3.4907998750037517,
        3.5644098723679734,
        3.660759868917937,
        3.661619868887142,
        3.732259866357712,
        3.7342898662850232,
        3.7854198644541937,
        3.8511198621016516,
        3.863969861641528,
        3.964409858045039,
        3.9838298573496607,
        4.017539856142596,
        4.0686298543131985,
        4.097559853277292,
        4.100009853189564,
        4.172139850606781,
        4.243959848035098,
        4.391109842766049,
        4.409459842108984,
        4.484539839420569,
        4.488239839288083,
        4.671159832738205,
        4.790939828449202,
        4.799159828154865,
        4.8514498262825,
        4.873569825490441,
        4.998879821003424,
        5.062269818733597,
        5.0998398173883155,
        5.120329816654624,
        5.124059816521061,
        5.154799815420344,
        5.1555198153945625,
        5.20184981373561,
        5.203449813678317,
        5.212859813341371,
        5.23278981262773,
        5.305719810016302,
        5.330649809123624,
        5.377779807436024,
        5.385429807162098,
        5.478509803829151,
        5.544869801452977,
        5.571359800504441,
        5.7546697939405975,
        5.783619792903975,
        5.844069790739422,
        6.262569775754051,
        6.288119774839175,
        6.62806976266647,
        6.684839760633688,
        6.911369752522252,
        8.601409692006422,
        9.0829596747634,
        13.070799531969472
    ],
    "et": [
        -567.973844749
    ],
    "fc": [
        0.0337,
        0.1497,
        0.1713,
        1.2056,
        3.5524,
        1.3062,
        0.9205,
        3.1214,
        8.4612,
        1.3726,
        1.3885,
        1.396,
        5.5421,
        6.1212,
        6.2757
    ],
    "gap": 0.1778399936320234,
    "homo": -0.27943998999399805,
    "id": "AZ7_84120",
    "ir": [
        1.3545,
        0.0192,
        0.9747,
        13.9928,
        26.8956,
        0.2749,
        0.0249,
        10.1227,
        225.4169,
        7.2328,
        2.4374,
        7.9411,
        34.9033,
        18.562,
        14.2996
    ],
    "lumo": -0.10159999636197466,
    "ma": [
        12.0,
        1.00783,
        1.00783,
        1.00783,
        14.00307,
        31.97207,
        15.99491
    ],
    "mr": [
        1.2518,
        4.6142,
        4.6949,
        8.167,
        7.9165,
        1.8631,
        1.2871,
        3.7346,
        8.895,
        1.1222,
        1.0661,
        1.0417,
        1.0358,
        1.1034,
        1.0994
    ],
    "mu": 3.688362774999227,
    "mu_x": 3.0206,
    "mu_xx=": -0.7401,
    "mu_xxx=": 11.9687,
    "mu_xxy=": -1.7085,
    "mu_xxz=": 0.0003,
    "mu_xy=": 0.9467,
    "mu_xyy=": -1.9808,
    "mu_xyz=": -0.0006,
    "mu_xz=": 0.0004,
    "mu_xzz=": -2.4916,
    "mu_y": -2.1166,
    "mu_yy=": -0.9679,
    "mu_yyy=": -1.2954,
    "mu_yyz=": -0.0014,
    "mu_yz=": -0.0001,
    "mu_yzz=": -0.9908,
    "mu_z": 0.0002,
    "mu_zz=": 1.708,
    "mu_zzz=": 0.0023,
    "na": 7,
    "ne": 40,
    "ne_down": 20,
    "ne_up": 20,
    "ni": 4,