{
    "A": 10.9543,
    "B": 10.44766,
    "C": 5.34749,
    "Cv": "11.981",
    "G": -277.049141,
    "H": -277.018413,
    "P": 1.0,
    "S": 0.00010306221700489863,
    "T": 298.15,
    "U": -277.019357,
    "U0": -277.023077,
    "alpha": 13.374333333333333,
    "alpha_xx": 16.304,
    "alpha_xy": 0.0,
    "alpha_xz": 33.618,
    "alpha_yy": 0.0,
    "alpha_yz": 0.0,
    "alpha_zz": 23.819,
    "bo": [
        0,
        2,
        0,
        0,
        1,
        1,
        2,
        0,
        1,
        1,
        0,
        0,
        0,
        1,
        0,
        0,
        0,
        0,
        0,
        1,
        0,
        0,
        0,
        0,
        1,
        0,
        0,
        0,
        0,
        0,
        1,
        0,
        0,
        0,
        0,
        0
    ],
    "coords": [
        -1.382477,
        -1.4e-05,
        -1e-06,
        -0.066726,
        -1e-06,
        3.3e-05,
        0.695723,
        1.080674,
        -9e-06,
        0.695745,
        -1.08066,
        -9e-06,
        -1.917509,
        0.934665,
        -2.5e-05,
        -1.917491,
        -0.934703,
        -2.5e-05
    ],
    "e ne": -891.119120282,
    "e_disp": -0.001569003499994892,
    "e_k": 275.6513329396,
    "e_nn": 117.6890860385,
    "eigs": [
        -24.72505911466147,
        -24.725049114661825,
        -10.348929629432385,
        -10.181769635417941,
        -1.2958599535987054,
        -1.2356199557557395,
        -0.790889971680336,
        -0.648159976791117,
        -0.587649978957819,
        -0.5307299809959726,
        -0.5294999810400156,
        -0.45445998372699803,
        -0.45236998380183535,
        -0.441519984190345,
        -0.41865998500890067,
        -0.2735899902034709,
        0.013579999513736377,
        0.059149997881996076,
        0.08384999699755487,
        0.12992999534755284,
        0.16593999405813067,
        0.1867899933115477,
        0.27958998998862694,
        0.29816998932332656,
        0.3308599881527848,
        0.34693998757700284,
        0.3596699871211754,
        0.45841998358520103,
        0.4588199835708781,
        0.48825998251671016,
        0.5060899818782654,
        0.5184199814367608,
        0.5588099799905026,
        0.6389799771198285,
        0.7079699746494803,
        0.7465499732680333,
        0.7646499726199206,
        0.7879299717863257,
        0.8296499702924437,
        0.8608699691745387,
        0.8660499689890566,
        0.8733099687290954,
        0.8856799682861586,
        0.9893899645725798,
        1.0724799615973484,
        1.1054199604178547,
        1.1242299597443188,
        1.2029999569237748,
        1.2453999554055437,
        1.2513099551939222,
        1.2758199543162845,
        1.4236199490239603,
        1.5671899438831012,
        1.5987699427523054,
        1.639709941286353,
        1.7396799377066936,
        1.807249935287192,
        1.9089399316459439,
        1.937129930636535,
        1.9877299288246841,
        2.018679927716447,
        2.060019926236172,
        2.1997499212328124,
        2.205319921033366,
        2.2851099181762984,
        2.289119918032711,
        2.336159916348334,
        2.3691799151659754,
        2.458699911960503,
        2.4933499107197785,
        2.5611599082916836,
        2.585499907420133,
        2.6651599045677203,
        2.6865599038014434,
        2.731819902180803,
        2.7519699014592858,
        2.805969899525689,
        2.816129899161887,
        2.878559896926435,
        2.9532998942501942,
        2.978029893364679,
        3.0083098922804328,
        3.1259098880694904,
        3.1357498877171457,
        3.233279884224857,
        3.2624598831799982,
        3.2823498824677904,
        3.292959882087875,
        3.3195698811350414,
        3.3300298807604967,
        3.348319880105581,
        3.412739877798872,
        3.5074298744082752,
        3.6343798698625345,
        3.648349869362306,
        3.746269865856051,
        3.8010398638948835,
        3.8871898608100817,
        3.9358798590666226,
        4.0179698561271975,
        4.075189854078302,
        4.105159853005156,
        4.138579851808475,
        4.310349845657849,
        4.4261898415099274,
        4.603439835163077,
        4.681599832364377,
        4.702349831621373,
        4.8145498276037895,
        4.865279825787285,
        4.873839825480774,
        4.917069823932822,
        4.93734982320665,
        5.015849820395774,
        5.025759820040923,
        5.310569809842636,
        5.66306979722055,
        5.895469788898926,
        6.053549783238501,
        6.071919782580721,
        6.821639755735244,
        6.828569755487099,
        6.833219755320595,
        6.833579755307705,
        6.837859755154449,
        6.948519751192009,
        6.9668897505342295,
        7.054969747380318,
        7.167419743353784,
        7.18779974262403,
        7.234539740950396,
        7.338029737244694,
        7.428389734009143,
        7.9768197143713255,
        8.249669704601294,
        8.318809702125574,
        8.334609701559819,
        8.354299700854773,
        8.607229691798022,
        8.749179686715173,
        8.760499686309833,
        8.870959682354554,
        8.9963796778636,
        9.069059675261121,
        10.051089640097242,
        11.36718959297121,
        11.620459583902285,
        13.756949507400268
    ],
    "et": [
        -277.05963841
    ],
    "fc": [
        0.288,
        2.2188,
        1.5433,
        0.32,
        0.5524,
        3.5046,
        0.9669,
        6.5014,
        1.3631,
        14.2551,
        6.3581,
        7.146
    ],
    "gap": 0.2871699897172073,
    "homo": -0.2735899902034709,
    "id": "AZ7_47828",
    "ir": [
        0.8115,
        4.2035,
        0.0827,
        0.0,
        73.4909,
        73.9022,
        22.6353,
        222.7993,
        3.3105,
        298.5762,
        5.9107,
        0.1054
    ],
    "lumo": 0.013579999513736377,
    "ma": [
        12.0,
        12.0,
        18.9984,
        18.9984,
        1.00783,
        1.00783
    ],
    "mr": [
        2.5322,
        12.4499,
        6.4817,
        1.0456,
        1.3549,
        6.765,
        1.7811,
        6.4529,
        1.1613,
        7.6989,
        1.0599,
        1.1202
    ],
    "mu": 1.1808,
    "mu_x": 0.0,
    "mu_xx=": -0.8088,
    "mu_xxx=": -0.0002,
    "mu_xxy=": 5.9146,
    "mu_xxz=": 0.0,
    "mu_xy=": 0.0002,
    "mu_xyy=": -0.0004,
    "mu_xyz=": 0.0,
    "mu_xz=": 0.0,
    "mu_xzz=": -0.0001,
    "mu_y": -1.1808,
    "mu_yy=": 1.1426,
    "mu_yyy=": 7.4658,
    "mu_yyz=": 0.0,
    "mu_yz=": 0.0,
    "mu_yzz=": 0.7218,
    "mu_z": 0.0,
    "mu_zz=": -0.3338,
    "mu_zzz=": 0.0,
    "na": 6,
    "ne": 32,
    "ne_down": 16,
    "ne_up": 16,
    "ni": 4,
    "oemga": [
        439.3927,
        549.9878,
        635.7103,
        720.6735,
        831.8643,
        937.6991,
        959.8881,
        1307.678,
        1411.4745,
        1772.7445,
        3190.9084,
        3290.5337
    ],
    "oemga0": 3290.5337,
    "qa": [
        -0.37126,
        0.375299,
        -0.142044,
        -0.142044,
        0.140025,
        0.140025
    ],
    "r2": 228.1524,