{
    "A": 16.29897,
    "B": 3.47793,
    "C": 3.09337,
    "Cv": "14.829",
    "G": -613.078912,
    "H": -613.044886,
    "P": 1.0,
    "S": 0.0001141237632061921,
    "T": 298.15,
    "U": -613.04583,
    "U0": -613.050699,
    "alpha": 24.82166666666667,
    "alpha_xx": 45.787,
    "alpha_xy": 3.031,
    "alpha_xz": 32.526,
    "alpha_yy": -1.368,
    "alpha_yz": 1.751,
    "alpha_zz": 30.046,
    "bo": [
        0,
        1,
        0,
        0,
        0,
        0,
        0,
        1,
        0,
        1,
        0,
        1,
        1,
        0,
        0,
        1,
        0,
        1,
        0,
        0,
        0,
        0,
        0,
        1,
        0,
        0,
        0,
        1,
        0,
        1,
        0,
        0,
        0,
        0,
        0,
        0,
        1,
        0,
        0,
        0,
        0,
        0,
        0,
        0,
        0,
        1,
        0,
        0,
        0
    ],
    "coords": [
        1.708236,
        -0.695738,
        -0.098851,
        1.106064,
        0.485946,
        0.279337,
        -0.076814,
        0.688169,
        -0.425804,
        -1.375815,
        -0.292536,
        0.042426,
        0.937678,
        0.435753,
        1.356811,
        1.764374,
        1.308016,
        -0.004136,
        -2.000318,
        0.630993,
        0.80827
    ],
    "e ne": -1796.282012546,
    "e_disp": -0.0031239133000156016,
    "e_k": 610.8675121677,
    "e_nn": 170.7071610117,
    "eigs": [
        -88.93954681531164,
        -24.675209116446464,
        -19.183719313082094,
        -10.30763963091087,
        -7.9872297139985715,
        -5.954319786791664,
        -5.9479497870197555,
        -5.940539787285089,
        -1.211809956608312,
        -1.0656599618415543,
        -0.7595499728025379,
        -0.6646499762006541,
        -0.5388099807066493,
        -0.5257199811753672,
        -0.5154599815427506,
        -0.4410199842082487,
        -0.40800998539024885,
        -0.39214998595815315,
        -0.34298998771844186,
        -0.32179998847719926,
        -0.2599199906929572,
        -0.040459998551235186,
        0.015819999433527944,
        0.05709999795540111,
        0.09372999664377839,
        0.10707999616575045,
        0.1453899947939714,
        0.21957999213742516,
        0.26444999053075,
        0.2774699900645385,
        0.2962699893913605,
        0.29838998931544897,
        0.31449998873859286,
        0.32576998833504417,
        0.33948998784376755,
        0.37229998666892883,
        0.40518998549122553,
        0.4277699846826959,
        0.42914998463328174,
        0.45620998366433524,
        0.496589982218435,
        0.5612699799024166,
        0.5906599788500388,
        0.6524899766360714,
        0.6745799758450872,
        0.6981599750007502,
        0.7339599737188476,
        0.7500799731416333,
        0.8115099709419887,
        0.8509899695283152,
        0.8691399688784119,
        0.8834899683645767,
        0.9457199661362862,
        0.9609099655923729,
        1.0230199633683792,
        1.0550099622229026,
        1.06594996183117,
        1.1095999602681799,
        1.1551299586378718,
        1.1981999570956499,
        1.2249899561363715,
        1.270889954492815,
        1.3620299512293341,
        1.4248199489809916,
        1.4587499477660486,
        1.475999947148372,
        1.519619945586456,
        1.5326299451206025,
        1.5474599445895798,
        1.5949999428872992,
        1.6069199424604756,
        1.6625599404681555,
        1.7331499379405155,
        1.7811399362221216,
        1.7969099356574398,
        1.83780993419292,
        1.857259933496467,
        1.9185999313000452,
        1.9716099294018985,
        1.9769399292110452,
        2.013329927908016,
        2.0485399266472397,
        2.09073992513617,
        2.1591699226858743,
        2.206839920978939,
        2.2417399197292625,
        2.290039917999768,
        2.335269916380202,
        2.373209915021672,
        2.380579914757772,
        2.4133699135836495,
        2.561729908271273,
        2.6105599065228007,
        2.686629903798937,
        2.7691899008426835,
        2.822099898948117,
        2.9493398943919917,
        2.982309893211424,
        2.984719893125128,
        3.0068498923327116,
        3.0584698904843366,
        3.161829886783291,
        3.1773598862272032,
        3.244079883838137,
        3.2800098825515795,
        3.310739881451221,
        3.3680498793991025,
        3.3960298783972127,
        3.4401498768173933,
        3.44900987650014,
        3.513329874197012,
        3.603559870966116,
        3.6160598705185247,
        3.6631398688327153,
        3.7251498666123024,
        3.7577198654460573,
        3.8455998622993084,
        3.8889998607452703,
        3.955419858366947,
        3.9783598575455263,
        4.020269856044841,
        4.055569854780843,
        4.065859854412385,
        4.094189853397963,
        4.303469845904203,
        4.320799845283663,
        4.452239840577146,
        4.6590798331707575,
        4.6829198323171095,
        4.751389829865381,
        4.785359828649006,
        4.913669824054567,
        4.939349823135036,
        5.021969820176633,
        5.029919819891965,
        5.09565981753799,
        5.245309812179423,
        5.284939810760377,
        5.431869805499206,
        5.482719803678402,
        5.691679796196102,
        5.714629795374323,
        5.780379793019991,
        5.901149788695539,
        5.997149785258035,
        6.075229782462199,
        6.523899766396521,
        6.609229763341081,
        6.731379758967214,
        6.8824197535588745,
        6.88550975344823,
        6.983989749921924,
        7.035469748078562,
        7.05268974746196,
        7.17668974302185,
        7.290799738935874,
        7.307889738323928,
        7.358739736503123,
        8.354629700842956,
        8.373979700150084,
        8.815119684354036,
        8.850169683098988,
        8.986999678199473,
        9.675259653554713,
        11.30801959508993,
        12.243799561582138
    ],
    "et": [
        -613.094392097
    ],
    "fc": [
        0.0491,
        0.0314,
        0.2123,
        1.4978,
        2.596,
        0.8076,
        3.6527,
        2.4649,
        1.3068,
        1.0249,
        1.3884,
        1.4526,
        4.1901,
        5.6986,
        6.3199
    ],
    "gap": 0.219459992141722,
    "homo": -0.2599199906929572,
    "id": "AZ7_88481",
    "ir": [
        4.5761,
        14.5027,
        6.1067,
        9.3922,
        23.131,
        73.8088,
        175.9459,
        109.7329,
        12.2121,
        1.5738,
        23.9367,
        1.302,
        11.1408,
        44.7903,
        22.0917
    ],
    "lumo": -0.040459998551235186,
    "ma": [
        18.9984,
        12.0,
        15.99491,
        31.97207,
        1.00783,
        1.00783,
        1.00783
    ],
    "mr": [
        5.8512,
        1.1502,
        2.9558,
        8.1047,
        9.1289,
        1.4396,
        5.7536,
        3.4988,
        1.6377,
        1.0549,
        1.1454,
        1.0907,
        1.0397,
        1.0524,
        1.1156
    ],
    "mu": 2.286516813845899,
    "mu_x": -0.5145,
    "mu_xx=": 1.2863,
    "mu_xxx=": 3.0336,
    "mu_xxy=": 4.8807,
    "mu_xxz=": 4.8942,
    "mu_xy=": 2.3528,
    "mu_xyy=": 3.6446,
    "mu_xyz=": -0.9034,
    "mu_xz=": -1.1793,
    "mu_xzz=": 4.5256,
    "mu_y": 1.432,
    "mu_yy=": -0.6902,
    "mu_yyy=": -1.4407,
    "mu_yyz=": -0.4058,
    "mu_yz=": 1.4886,
    "mu_yzz=": -0.2131,
    "mu_z": 1.7067,
    "mu_zz=": -0.5961,
    "mu_zzz=": -0.7103,
    "na": 7,
    "ne": 42,
    "ne_down": 21,
    "ne_up": 21,
    "ni": 4,