{
    "A": 10.03764,
    "B": 3.1506,
    "C": 2.4045,
    "Cv": "16.621",
    "G": -2707.381147,
    "H": -2707.346795,
    "P": 1.0,
    "S": 0.00011521717256456913,
    "T": 298.15,
    "U": -2707.34774,
    "U0": -2707.352565,
    "alpha": 31.971,
    "alpha_xx": 64.92,
    "alpha_xy": -5.503,
    "alpha_xz": 57.133,
    "alpha_yy": -0.167,
    "alpha_yz": -0.477,
    "alpha_zz": 31.16,
    "bo": [
        0,
        2,
        0,
        0,
        1,
        1,
        0,
        0,
        2,
        0,
        1,
        1,
        0,
        0,
        0,
        0,
        0,
        1,
        0,
        0,
        0,
        0,
        1,
        1,
        0,
        1,
        0,
        0,
        0,
        0,
        0,
        0,
        1,
        0,
        0,
        0,
        0,
        0,
        0,
        0,
        1,
        0,
        0,
        0,
        0,
        0,
        0,
        0,
        0,
        0,
        1,
        0,
        0,
        0,
        0,
        0,
        0,
        0,
        1,
        0,
        0,
        0,
        0,
        0
    ],
    "coords": [
        -1.58666,
        1.237162,
        0.020296,
        -0.954292,
        0.068166,
        0.004381,
        -1.505506,
        -1.197337,
        -0.081213,
        0.969031,
        0.013914,
        -0.011875,
        -2.668375,
        1.264852,
        0.060292,
        -1.053967,
        2.171444,
        -0.023615,
        -2.505803,
        -1.218726,
        0.058421,
        -1.024233,
        -1.913585,
        0.440647
    ],
    "e ne": -6925.26208168,
    "e_disp": -0.004110920699986309,
    "e_k": 2703.110467047,
    "e_nn": 231.4872159089,
    "eigs": [
        -482.85994271007115,
        -62.508097761751465,
        -56.3241879831808,
        -56.32071798330506,
        -56.32058798330971,
        -14.338549486574722,
        -10.263909632476725,
        -10.160089636194245,
        -8.696739688592908,
        -6.525539766337797,
        -6.514359766738122,
        -6.514009766750655,
        -2.6408799054371226,
        -2.6376999055509898,
        -2.637429905560658,
        -2.6284699058814915,
        -2.6284699058814915,
        -0.9381299664080638,
        -0.7988299713960259,
        -0.7304599738441734,
        -0.5811999791887764,
        -0.5331999809075285,
        -0.48220998273334453,
        -0.4311299845623833,
        -0.3784499864487137,
        -0.3723399866674965,
        -0.29371998948266925,
        -0.2889299896541864,
        -0.22665999188390923,
        -0.009419999662694894,
        0.014509999480435555,
        0.031079998887107996,
        0.07897999717193659,
        0.09566999657431217,
        0.11794999577652472,
        0.18438999339748532,
        0.22290999201818673,
        0.24448999124546442,
        0.2621699906123907,
        0.2744099901741089,
        0.2839599898321489,
        0.2901299896112176,
        0.30619998903579376,
        0.3250999883590351,
        0.35502998728732155,
        0.3683699868096516,
        0.3832399862771966,
        0.4009899856416163,
        0.4042399855252425,
        0.42798998467481825,
        0.4720799830960728,
        0.47640998294102704,
        0.4834099826903757,
        0.500949982062315,
        0.5053499819047627,
        0.536799980778622,
        0.572779979490274,
        0.5842799790784897,
        0.6529799766185257,
        0.6766599757706081,
        0.6885699753441427,
        0.7032699748177748,
        0.7335299737342448,
        0.8383099699823521,
        0.865729969000515,
        0.8798199684959896,
        0.8972299678725838,
        0.9308899666673089,
        0.9630799655146709,
        0.9805199648901909,
        1.0097499638435423,
        1.04902996243703,
        1.0765499614516123,
        1.1002899606015462,
        1.1515999587642718,
        1.2052399568435663,
        1.248379955298838,
        1.256669955001995,
        1.2806799541422609,
        1.2955099536112382,
        1.3398299520242571,
        1.4303099487844093,
        1.4613299476736656,
        1.4709099473306313,
        1.4919099465786774,
        1.5067799460462223,
        1.5391999448853482,
        1.5493499445219039,
        1.5796799434358675,
        1.6277099417160412,
        1.6294099416551686,
        1.6591499405902586,
        1.7039399389864478,
        1.7138399386319554,
        1.7477199374188026,
        1.7669799367291534,
        1.786539936028762,
        1.8248699346562667,
        1.8321699343948732,
        1.9211599312083782,
        1.9217699311865357,
        1.9719199293907979,
        2.0304299272957107,
        2.060249926227936,
        2.2039399210827795,
        2.2176099205932935,
        2.284789918187757,
        2.324429916768354,
        2.3969199141726802,
        2.447969912344716,
        2.520679909741164,
        2.5549799085129727,
        2.629589905841387,
        2.67693990414591,
        2.70880990300473,
        2.754859901355802,
        2.8244298988646857,
        2.853169897835583,
        2.8586598976390007,
        2.8941098963696303,
        2.9241598952936205,
        2.938009894797689,
        2.9597998940174466,
        3.029959891505204,
        3.0472998908843048,
        3.0808798896818947,
        3.1195798882961507,
        3.1571898869494364,
        3.178169886198199,
        3.224399884542826,
        3.236859884096666,
        3.2544398834671737,
        3.27263988281548,
        3.3002998818250493,
        3.3159998812628735,
        3.403269878137968,
        3.4391098768546327,
        3.4442998766687927,
        3.4764798755165125,
        3.5450198730622775,
        3.569779872175688,
        3.6350898698371106,
        3.678299868289876,
        3.707919867229263,
        3.7421998660017874,
        3.775059864825158,
        3.8198098632227797,
        3.869869861430265,
        3.9056198601501526,
        3.9370598590243695,
        3.9865698572515487,
        4.012249856332016,
        4.042329855254931,
        4.075419854070067,
        4.118189852538587,
        4.143229851641971,
        4.187389850060719,
        4.20093984957553,
        4.282819846643625,
        4.3377998446749375,
        4.363489843755047,
        4.472059839867445,
        4.486899839336064,
        4.573059836250904,
        4.762949829451449,
        4.793869828344286,
        4.830139827045555,
        4.835549826851836,
        4.931389823420061,
        4.957499822485131,
        5.028339819948541,
        5.061529818760095,
        5.1307198162825856,
        5.194169814010609,
        5.3358198089385,
        5.404479806479969,
        5.502309802976937,
        5.636049798188064,
        5.682649796519441,
        5.752489794018658,
        5.8790197894879554,
        5.990659785490425,
        6.030009784081406,
        6.260779775818146,
        6.434959769581225,
        6.732919758912072,
        9.331019665881032,
        13.210259526975783,
        14.007309498435545
    ],
    "et": [
        -2707.41155573
    ],
    "fc": [
        0.0483,
        0.2514,
        0.3111,
        0.3988,
        0.3995,
        0.2989,
        0.4005,
        0.5273,
        0.9022,
        1.3002,
        1.9644,
        1.4207,
        1.8182,
        8.6937,
        6.205,
        6.9568,
        7.6858,
        8.5504
    ],
    "gap": 0.21723999222121435,
    "homo": -0.22665999188390923,
    "id": "AG7_09899",
    "ir": [
        40.4175,
        1.342,
        1.7787,
        55.7774,
        63.6307,
        143.1407,
        41.9502,
        70.3633,
        9.2038,
        17.5021,
        94.8422,
        0.8722,
        40.7027,
        192.528,
        5.804,
        1.4248,
        16.9974,
        16.9247
    ],
    "lumo": -0.009419999662694894,
    "ma": [
        12.0,
        12.0,
        14.00307,
        78.91834,
        1.00783,
        1.00783,
        1.00783,
        1.00783
    ],