{
    "A": 7.32823,
    "B": 3.41974,
    "C": 2.33166,
    "Cv": "15.144",
    "G": -952.359741,
    "H": -952.325889,
    "P": 1.0,
    "S": 0.0001135401643468872,
    "T": 298.15,
    "U": -952.326833,
    "U0": -952.331444,
    "alpha": 30.858,
    "alpha_xx": 63.491,
    "alpha_xy": -0.249,
    "alpha_xz": 57.005,
    "alpha_yy": 0.0,
    "alpha_yz": 0.0,
    "alpha_zz": 29.083,
    "bo": [
        0,
        2,
        1,
        1,
        0,
        0,
        2,
        0,
        0,
        0,
        1,
        0,
        1,
        0,
        0,
        0,
        0,
        1,
        1,
        0,
        0,
        0,
        0,
        0,
        0,
        1,
        0,
        0,
        0,
        0,
        0,
        0,
        1,
        0,
        0,
        0
    ],
    "coords": [
        -0.163162,
        0.194631,
        0.081955,
        -0.566935,
        -0.929211,
        -0.27528,
        1.524953,
        0.710039,
        0.116002,
        -1.214834,
        1.533525,
        0.639918,
        -1.575836,
        -1.039889,
        -0.226692,
        1.995815,
        -0.469094,
        -0.335902
    ],
    "e ne": -2647.394230198,
    "e_disp": -0.0026517677000015283,
    "e_k": 949.5003251479,
    "e_nn": 194.0589261653,
    "eigs": [
        -101.57518636286304,
        -88.9248668158373,
        -14.327899486956069,
        -10.314549630663443,
        -9.480739660519957,
        -7.977239714356287,
        -7.243529740628487,
        -7.235179740927479,
        -7.234689740945024,
        -5.94189978723639,
        -5.937659787388213,
        -5.932639787567966,
        -0.9598199656314028,
        -0.8477799696432567,
        -0.7804699720534485,
        -0.5888699789141341,
        -0.525489981183603,
        -0.45653998365251885,
        -0.4177599850411273,
        -0.39105998599718317,
        -0.33859998787563605,
        -0.3214499884897319,
        -0.30028998924741507,
        -0.2752399901443888,
        -0.027319999021743584,
        -0.016109999423143815,
        0.0018799999326822082,
        0.03794999864111159,
        0.08761999686256122,
        0.17043999389699765,
        0.20655999260363667,
        0.24896999108504755,
        0.2588299907319872,
        0.2725699902399944,
        0.2870399897218623,
        0.2930199895077344,
        0.3095499889158391,
        0.3143699887432478,
        0.35003998746600007,
        0.35139998741730216,
        0.35830998716987345,
        0.37522998656401335,
        0.3852999862034334,
        0.423799984824851,
        0.45691998363891206,
        0.4660499833119911,
        0.4917799823906683,
        0.5115299816834735,
        0.5156599815355891,
        0.5630599798383215,
        0.5714399795382559,
        0.6420799770088256,
        0.6692699760352242,
        0.6875599753803079,
        0.6941599751439796,
        0.7520099730725252,
        0.7708899723964827,
        0.8334399701567339,
        0.8443199697671501,
        0.8965799678958587,
        0.9308399666690993,
        0.9783499649678928,
        0.9798999649123915,
        0.9964299643204961,
        1.0791299613592293,
        1.1872999574859502,
        1.228059956026443,
        1.2894099538296628,
        1.3900699502252962,
        1.4291899488245134,
        1.460899947689063,
        1.4914499465951487,
        1.5161599457103494,
        1.5566199442615845,
        1.5749199436063104,
        1.6054699425123962,
        1.6318799415667247,
        1.6935499393584863,
        1.7185799384622285,
        1.7641299368312044,
        1.8070699352936372,
        1.8135499350616058,
        1.8235599347031743,
        1.8600699333958484,
        1.8956099321232558,
        1.8964599320928195,
        1.9196899312610152,
        1.9285799309426879,
        1.946829930289204,
        1.9736299293295674,
        2.031169927269213,
        2.068309925939329,
        2.0757499256729224,
        2.092389925077088,
        2.1223799240032264,
        2.207979920938118,
        2.226019920292154,
        2.2320899200748032,
        2.239959919793,
        2.272899918613506,
        2.285149918174866,
        2.3268199166827745,
        2.3324399164815373,
        2.430829912958453,
        2.4612099118706263,
        2.5108399100935084,
        2.6887399037233832,
        2.7968198998533262,
        2.824109898876144,
        2.8306398986423225,
        2.903769896023732,
        3.0057598923717417,
        3.0207398918353476,
        3.1299998879230384,
        3.132879887819913,
        3.18403988598801,
        3.209559885074207,
        3.2580198833389833,
        3.283689882419809,
        3.313399881355973,
        3.3206898810949372,
        3.352339879961635,
        3.4380698768918725,
        3.4913398749844156,
        3.5151998741300527,
        3.5393298732660217,
        3.603679870961819,
        3.608579870786363,
        3.693379867749901,
        3.780989864612821,
        3.872549861334301,
        3.9234898595102754,
        3.9308698592460174,
        3.979069857520104,
        4.038299855399234,
        4.095809853339955,
        4.169059850717067,
        4.227029848641316,
        4.371299843475391,
        4.457109840402764,
        4.570619836338274,
        4.681529832366882,
        4.835599826850046,
        4.905809824336012,
        4.98312982156739,
        5.164679815066568,
        5.314219809711939,
        5.349939808432901,
        5.40842980633853,
        5.6049197993027455,
        5.639629798059874,
        5.849479790545704,
        6.022109784364284,
        6.185239778523034,
        7.905179716936563,
        13.563089514341879
    ],
    "et": [
        -952.362545562
    ],
    "fc": [
        0.5844,
        0.07,
        0.5565,
        1.1679,
        1.2351,
        1.3719,
        0.4485,
        0.6308,
        1.1737,
        14.4432,
        4.3503,
        7.8016
    ],
    "gap": 0.24791999112264523,
    "homo": -0.2752399901443888,
    "id": "AG7_17882",
    "ir": [
        0.3107,
        25.4065,
        15.128,
        0.5232,
        49.6512,
        148.8741,
        71.2625,
        20.4917,
        254.6191,
        212.7185,
        0.1984,
        31.1448
    ],
    "lumo": -0.027319999021743584,
    "ma": [
        12.0,
        14.00307,
        31.97207,
        34.96885,
        1.00783,
        1.00783
    ],
    "mr": [
        14.4932,
        1.0634,
        5.5708,
        7.0937,
        7.3092,
        3.8571,
        1.1714,
        1.1799,
        1.4743,
        8.4163,
        1.0378,
        1.076
    ],
    "mu": 0.47230132330960073,
    "mu_x": -0.2609,
    "mu_xx=": 3.5228,
    "mu_xxx=": -6.0263,
    "mu_xxy=": 2.551,
    "mu_xxz=": 0.0012,
    "mu_xy=": 2.0074,
    "mu_xyy=": 9.6902,
    "mu_xyz=": 0.0,
    "mu_xz=": -0.0003,
    "mu_xzz=": 2.9856,
    "mu_y": 0.3937,
    "mu_yy=": -1.4055,
    "mu_yyy=": -1.8042,
    "mu_yyz=": 0.0005,
    "mu_yz=": 0.0004,
    "mu_yzz=": 0.202,
    "mu_z": 0.0002,
    "mu_zz=": -2.1173,
    "mu_zzz=": 0.0001,
    "na": 6,
    "ne": 48,
    "ne_down": 24,
    "ne_up": 24,
    "ni": 4,
    "oemga": [
        261.6042,
        334.2835,
        411.764,
        528.6148,
        535.5447,
        776.9831,
        806.1244,
        952.6203,
        1162.414,
        1706.6577,
        2667.2997,
        3508.0868
    ],
    "oemga0": 3508.0868,
    "qa": [
        0.067738,
        -0.216874,
        -0.004849,
        -0.125538,
        0.165383,
        0.11414
    ],
    "r2": 485.1314,