{
    "A": 56.21206,
    "B": 4.79038,
    "C": 4.41421,
    "Cv": "12.157",
    "G": -227.789617,
    "H": -227.758097,
    "P": 1.0,
    "S": 0.00010571859802113178,
    "T": 298.15,
    "U": -227.759041,
    "U0": -227.76327,
    "alpha": 17.454333333333334,
    "alpha_xx": 35.116,
    "alpha_xy": -4.38,
    "alpha_xz": 32.924,
    "alpha_yy": 0.466,
    "alpha_yz": 0.596,
    "alpha_zz": 16.781,
    "bo": [
        0,
        2,
        0,
        0,
        0,
        0,
        2,
        0,
        1,
        0,
        1,
        0,
        0,
        1,
        0,
        2,
        0,
        1,
        0,
        0,
        2,
        0,
        0,
        0,
        0,
        1,
        0,
        0,
        0,
        0,
        0,
        0,
        1,
        0,
        0,
        0
    ],
    "coords": [
        1.569818,
        -0.721374,
        0.023593,
        0.745663,
        0.153124,
        0.034341,
        -0.745663,
        -0.153124,
        -0.034341,
        -1.569818,
        0.721374,
        -0.023593,
        0.993672,
        1.229664,
        0.093623,
        -0.993672,
        -1.229664,
        -0.093623
    ],
    "e ne": -738.8586715115,
    "e_disp": -0.0020342768999910277,
    "e_k": 226.5402528216,
    "e_nn": 102.0323509842,
    "eigs": [
        -19.171389313523594,
        -19.171389313523594,
        -10.29294963143688,
        -10.292719631445115,
        -1.0983599606706544,
        -1.0850699611465338,
        -0.7146299744110035,
        -0.6065699782803443,
        -0.5080199818091572,
        -0.4987899821396589,
        -0.46587998331807834,
        -0.4574999836181438,
        -0.406069985459715,
        -0.3374699879160983,
        -0.2753699901397339,
        -0.11987999570741656,
        0.008329999701724891,
        0.054939998032744956,
        0.07747999722564759,
        0.12737999543886153,
        0.18186999348771982,
        0.25278999094826354,
        0.2566499908100472,
        0.2963599893881379,
        0.319649988554185,
        0.3447599876550628,
        0.4042399855252425,
        0.41990998496414156,
        0.43174998454018265,
        0.4392599842712696,
        0.4539399837456179,
        0.5431299805519616,
        0.5452299804767662,
        0.5589999799836992,
        0.5730999794788157,
        0.6537799765898799,
        0.6930699751830096,
        0.7041799747851902,
        0.7061299747153659,
        0.723159974105567,
        0.7911999716692357,
        0.8417699698584588,
        0.9462599661169502,
        0.9539599658412338,
        0.9725799651745011,
        1.0237399633425979,
        1.0250099632971226,
        1.1036199604823078,
        1.1094699602728348,
        1.1575499585512183,
        1.199559957046952,
        1.272069954450562,
        1.3444899518573947,
        1.391359950179105,
        1.5838199432876252,
        1.6031099425969015,
        1.644079941129875,
        1.6955399392872297,
        1.7130799386591686,
        1.8595099334159007,
        1.8751799328547996,
        1.8968599320784967,
        1.9982699284472745,
        2.046779926710261,
        2.047849926671947,
        2.0506599265713286,
        2.0986699248522176,
        2.143659923241246,
        2.2062199210011393,
        2.4184599134013904,
        2.421049913308649,
        2.445309912439963,
        2.4572399120127817,
        2.5444099088914562,
        2.6629799046457805,
        2.686479903804308,
        2.687179903779243,
        2.7901499000921612,
        2.7971098998429422,
        2.8233298989040736,
        2.8789898969110372,
        2.9191498954730153,
        3.0093398922435513,
        3.013759892085283,
        3.0533598906673127,
        3.1264198880512284,
        3.129619887936645,
        3.169599886505068,
        3.2210798846617066,
        3.311469881425081,
        3.3461998801814925,
        3.3471298801481915,
        3.3519998799738095,
        3.4730798756382573,
        3.5242798738049217,
        3.5936398713213253,
        3.63715986976299,
        3.6915698678147124,
        3.800159863926394,
        3.8491598621718346,
        3.8853098608773995,
        3.9207598596080295,
        3.936329859050509,
        4.013209856297641,
        4.038249855401025,
        4.0933398534284,
        4.161929850972374,
        4.206829849364625,
        4.295499846189587,
        4.337239844694991,
        4.476509839708102,
        4.588999835680135,
        4.68426983226877,
        4.733409830509198,
        4.76336982943641,
        4.816399827537547,
        4.964049822250594,
        5.10048981736504,
        5.158739815279263,
        5.188249814222589,
        5.193529814033527,
        5.221339813037723,
        5.328669809194522,
        5.41600980606711,
        5.574849800379472,
        5.614809798948612,
        5.686359796386596,
        5.831729791181284,
        6.110909781184592,
        6.145289779953536,
        6.148749779829642,
        6.178089778779055,
        6.313049773946497,
        6.328399773396854,
        6.32925977336606,
        6.406529770599228,
        6.523149766423376,
        6.768789757627663,
        6.77806975729537,
        6.896119753068314,
        6.963039750672087,
        6.968329750482666,
        6.993359749586408,
        7.232739741014848,
        9.33660966568087,
        10.351629629335706,
        12.546749550734306,
        13.25684952530752
    ],
    "et": [
        -227.800062501
    ],
    "fc": [
        0.0437,
        0.2908,
        1.7121,
        0.4797,
        3.232,
        1.2989,
        1.2623,
        1.349,
        21.7126,
        17.491,
        5.5,
        5.5017
    ],
    "gap": 0.15548999443231734,
    "homo": -0.2753699901397339,
    "id": "AG7_03263",
    "ir": [
        30.947,
        51.1753,
        0.0,
        0.8672,
        0.0,
        0.0,
        6.0147,
        0.0,
        189.6776,
        0.0,
        146.4001,
        0.0
    ],
    "lumo": -0.11987999570741656,
    "ma": [
        15.99491,
        12.0,
        12.0,
        15.99491,
        1.00783,
        1.00783
    ],
    "mr": [
        4.5385,
        4.3152,
        9.5585,
        1.228,
        4.8603,
        1.8871,
        1.201,
        1.2043,
        11.3616,
        9.1296,
        1.0906,
        1.0872
    ],
    "mu": 0.0,
    "mu_x": 0.0,
    "mu_xx=": -4.1313,
    "mu_xxx=": 0.0,
    "mu_xxy=": 0.0,
    "mu_xxz=": 0.0,
    "mu_xy=": 4.914,
    "mu_xyy=": 0.0,
    "mu_xyz=": 0.0,
    "mu_xz=": -0.0325,
    "mu_xzz=": 0.0,
    "mu_y": 0.0,
    "mu_yy=": 1.0803,
    "mu_yyy=": 0.0,
    "mu_yyz=": 0.0,
    "mu_yz=": 0.0874,
    "mu_yzz=": 0.0,
    "mu_z": 0.0,
    "mu_zz=": 3.0509,
    "mu_zzz=": 0.0,
    "na": 6,
    "ne": 30,
    "ne_down": 15,
    "ne_up": 15,
    "ni": 4,
    "oemga": [
        127.7963,
        338.1737,
        551.3708,
        814.214,
        1062.3844,
        1080.8318,
        1335.6288,
        1378.8556,
        1800.9885,
        1803.2538,
        2925.6555,
        2930.7065
    ],
    "oemga0": 2930.7065,
    "qa": [
        -0.211288,
        0.140681,
        0.140681,
        -0.211288,
        0.070607,
        0.070607
    ],
    "r2": 267.5694,