{
    "A": 10.46614,
    "B": 3.12144,
    "C": 2.40436,
    "Cv": "15.743",
    "G": -2727.265977,
    "H": -2727.229792,
    "P": 1.0,
    "S": 0.00012136508468868754,
    "T": 298.15,
    "U": -2727.230737,
    "U0": -2727.235823,
    "alpha": 29.780666666666665,
    "alpha_xx": 61.106,
    "alpha_xy": -6.893,
    "alpha_xz": 49.932,
    "alpha_yy": 0.0,
    "alpha_yz": 0.0,
    "alpha_zz": 28.236,
    "bo": [
        0,
        2,
        0,
        0,
        1,
        1,
        0,
        2,
        0,
        1,
        1,
        0,
        0,
        0,
        0,
        1,
        0,
        0,
        0,
        0,
        1,
        0,
        1,
        0,
        0,
        0,
        0,
        0,
        1,
        0,
        0,
        0,
        0,
        0,
        0,
        1,
        0,
        0,
        0,
        0,
        0,
        0,
        0,
        0,
        1,
        0,
        0,
        0,
        0
    ],
    "coords": [
        -1.05504,
        -0.166934,
        -0.248572,
        0.205896,
        0.101801,
        0.04779,
        1.145204,
        -0.838848,
        0.280856,
        0.851623,
        1.91138,
        0.181468,
        -1.369987,
        -1.199174,
        -0.312164,
        -1.769561,
        0.617271,
        -0.426654,
        1.991866,
        -0.425597,
        0.477376
    ],
    "e ne": -6973.74868744,
    "e_disp": -0.0033026600000027884,
    "e_k": 2722.906752604,
    "e_nn": 231.7145650304,
    "eigs": [
        -482.8741227095634,
        -62.52223776124514,
        -56.338297982675556,
        -56.33482798279981,
        -56.33480798280053,
        -19.18123931317089,
        -10.291069631504199,
        -10.16879963588236,
        -8.710839688088024,
        -6.539499765837927,
        -6.52840976623503,
        -6.528269766240042,
        -2.6548599049365365,
        -2.6516799050504027,
        -2.6515299050557743,
        -2.642669905373027,
        -2.642669905373027,
        -1.0902799609599776,
        -0.8220399705649375,
        -0.7511799731022453,
        -0.6104199781424859,
        -0.523169981266676,
        -0.4720399830975051,
        -0.42828998466407603,
        -0.4277499846834121,
        -0.36824998681394855,
        -0.3163499886723493,
        -0.3069499890089382,
        -0.24513999122218966,
        -0.021399999233723006,
        0.009449999661620674,
        0.034139998777537546,
        0.08065999711178026,
        0.10770999614319185,
        0.17772999363596217,
        0.18205999348091642,
        0.23294999165868108,
        0.25086999101701357,
        0.26701999043872515,
        0.2794099899950722,
        0.2971099893612824,
        0.32162998848328656,
        0.3354999879866388,
        0.353189987353207,
        0.37041998673624665,
        0.3724199866646319,
        0.3836399862628736,
        0.4261299847414199,
        0.43288998449936233,
        0.479009982847928,
        0.4864799825804472,
        0.49830998215684635,
        0.553289980188159,
        0.575929979377481,
        0.6196299778127005,
        0.6387199771291383,
        0.6527499766267614,
        0.666459976135843,
        0.7193699742412766,
        0.7330399737517904,
        0.7646899726184883,
        0.7740499722833316,
        0.8661799689844016,
        0.8842399683377212,
        0.8897699681397067,
        0.9606599656013246,
        0.9986599642406458,
        1.0796499613406096,
        1.0935599608425297,
        1.1260299596798655,
        1.1585899585139785,
        1.2239999561718207,
        1.226819956070844,
        1.2918999537405027,
        1.3073199531883535,
        1.3966099499911164,
        1.4536099479500983,
        1.4688699474036784,
        1.4725199472729817,
        1.4807599469779291,
        1.4936899465149402,
        1.5511799444563765,
        1.5629499440349244,
        1.6089799423867126,
        1.6632099404448808,
        1.6931899393713767,
        1.7140899386230033,
        1.7188799384514861,
        1.7607099369536654,
        1.7848599360889184,
        1.8033699354261243,
        1.882899932578367,
        1.9040799318199675,
        1.9292899309172649,
        1.97244992937182,
        1.9850199289217219,
        2.054189926444929,
        2.0785399255730197,
        2.1244199239301795,
        2.208999920901595,
        2.2193499205309886,
        2.3024099175568318,
        2.420919913313304,
        2.480939911164148,
        2.513929909982864,
        2.5208099097365095,
        2.5644199081749517,
        2.699129903351345,
        2.7150499027812924,
        2.8081298994483452,
        2.8168598991357476,
        2.8515098978950237,
        2.860959897556644,
        2.9143398956452486,
        2.94190989465804,
        2.973969893510057,
        3.0181998919262987,
        3.035309891313635,
        3.1207098882556883,
        3.1387998876079335,
        3.1638998867091694,
        3.237619884069453,
        3.2417798839204943,
        3.27040988289533,
        3.303719881702588,
        3.320429881104247,
        3.364109879540183,
        3.4014898782017045,
        3.4695098757660894,
        3.556119872664816,
        3.592659871356416,
        3.6022698710123073,
        3.659879868949447,
        3.7004698674960275,
        3.756139865502633,
        3.823409863093873,
        3.8409398624661706,
        3.880389861053571,
        3.9065298601175678,
        4.017999856126123,
        4.024129855906625,
        4.06520985443566,
        4.069789854271662,
        4.131099852076314,
        4.243599848047989,
        4.293479846261919,
        4.430289841363118,
        4.4789098396221645,
        4.584649835835897,
        4.631309834165127,
        4.768099829267041,
        4.813139827654279,
        4.882099825185005,
        4.983069821569538,
        5.0291998199177455,
        5.050469819156123,
        5.260049811651622,
        5.420139805919226,
        5.505219802872737,
        5.600459799462447,
        5.800759792290238,
        5.8354597910477235,
        6.026459784208522,
        6.281019775093406,
        6.404999770654013,
        6.572659764650554,
        6.637299762335968,
        6.728879759056733,
        6.7445597584952734,
        6.955359750947086,
        7.228109741180636,
        7.357779736537499,
        9.368959664522501,
        12.058419568220103,
        13.877389503087633
    ],
    "et": [
        -2727.28178625
    ],
    "fc": [
        0.0006,
        0.2685,
        0.3873,
        0.5857,
        0.6436,
        0.3236,
        0.5572,
        1.1099,
        1.7922,
        1.4556,
        1.386,
        9.8631,
        6.2699,
        7.051,
        9.1716
    ],
    "gap": 0.22373999198846664,
    "homo": -0.24513999122218966,
    "id": "AG7_12054",
    "ir": [
        92.5915,
        3.8153,
        2.9691,
        4.3773,
        28.214,
        6.3127,
        63.0881,
        60.2198,
        34.2105,
        353.2455,
        2.0071,
        153.8469,
        2.2994,
        0.4903,
        102.0115
    ],
    "lumo": -0.021399999233723006,
    "ma": [
        12.0,
        12.0,
        15.99491,
        78.91834,
        1.00783,
        1.00783,
        1.00783
    ],
    "mr": [
        1.1412,
        4.0316,
        5.0742,
        3.8212,
        3.2663,
        1.0904,
        1.356,
        1.9575,
        2.297,
        1.5117,
        1.1558,
        5.6738,
        1.062,
        1.1151,
        1.0663
    ],
    "mu": 0.6339618363908036,
    "mu_x": -0.1875,
    "mu_xx=": -1.0468,
    "mu_xxx=": -28.6181,
    "mu_xxy=": -4.0302,
    "mu_xxz=": -0.0001,
    "mu_xy=": -1.4015,
    "mu_xyy=": -6.2388,
    "mu_xyz=": 0.0002,
    "mu_xz=": 0.0001,
    "mu_xzz=": -10.2075,
    "mu_y": 0.6056,
    "mu_yy=": 3.6313,
    "mu_yyy=": 11.1089,
    "mu_yyz=": 0.0001,
    "mu_yz=": 0.0003,
    "mu_yzz=": 3.0893,
    "mu_z": 0.0,
    "mu_zz=": -2.5845,
    "mu_zzz=": -0.0001,
    "na": 7,
    "ne": 58,
    "ne_down": 29,
    "ne_up": 29,
    "ni": 4,