{
    "A": 10.49101,
    "B": 2.28705,
    "C": 1.87771,
    "Cv": "14.079",
    "G": -448.879814,
    "H": -448.845418,
    "P": 1.0,
    "S": 0.00011536474928732247,
    "T": 298.15,
    "U": -448.846362,
    "U0": -448.850714,
    "alpha": 38.61666666666667,
    "alpha_xx": 77.534,
    "alpha_xy": 7.318,
    "alpha_xz": 59.232,
    "alpha_yy": 0.0,
    "alpha_yz": 0.0,
    "alpha_zz": 38.316,
    "bo": [
        0,
        2,
        0,
        0,
        1,
        1,
        0,
        2,
        0,
        1,
        1,
        0,
        0,
        0,
        0,
        1,
        0,
        0,
        0,
        0,
        1,
        0,
        1,
        0,
        0,
        0,
        0,
        0,
        1,
        0,
        0,
        0,
        0,
        0,
        0,
        1,
        0,
        0,
        0,
        0,
        0,
        0,
        0,
        0,
        1,
        0,
        0,
        0,
        0
    ],
    "coords": [
        -0.854845,
        -0.692419,
        -0.132322,
        0.192213,
        0.099745,
        0.036535,
        0.146811,
        1.440135,
        -0.137489,
        2.100521,
        -0.672553,
        0.612999,
        -1.801079,
        -0.255569,
        -0.424678,
        -0.790129,
        -1.756411,
        0.013047,
        1.006507,
        1.837073,
        0.031908
    ],
    "e ne": -1331.533828254,
    "e_k": 262.903130746,
    "e_nn": 174.3625489063,
    "eigs": [
        -19.17969931322604,
        -10.281799631836133,
        -10.168609635889164,
        -6.8441397549295795,
        -4.845629826490899,
        -4.833359826930255,
        -4.832979826943861,
        -1.9276899309745565,
        -1.9238399311124146,
        -1.92334993112996,
        -1.9129199315034309,
        -1.912899931504147,
        -1.0857099611236172,
        -0.783249971953904,
        -0.7044799747744479,
        -0.6080499782273493,
        -0.5099099817414813,
        -0.46667998328943244,
        -0.42522998477364654,
        -0.42167998490076253,
        -0.3440999876786957,
        -0.2893599896387893,
        -0.2775799900605997,
        -0.2408799913747289,
        -0.04993999821178163,
        0.007859999718554339,
        0.03153999887063662,
        0.07862999718446918,
        0.10882999610308762,
        0.1424099949006773,
        0.17223999383254446,
        0.19908999287111745,
        0.22719999186457326,
        0.2407299913801,
        0.24998999104852404,
        0.26700999043908324,
        0.28463998980779986,
        0.29523998942824214,
        0.32667998830245953,
        0.34214998774851996,
        0.35607998724972384,
        0.37086998672013327,
        0.4122799852373515,
        0.4142199851678852,
        0.43556998440339867,
        0.47456998300691255,
        0.4831399827000437,
        0.5405699806436284,
        0.5563799800775144,
        0.5651599797631259,
        0.5813699791826892,
        0.6120599780837619,
        0.6465299768494831,
        0.6875399753810243,
        0.6954199750988624,
        0.7149199744006194,
        0.7475899732307937,
        0.7858799718597308,
        0.81680997075221,
        0.840649969898563,
        0.8929299680265554,
        0.9152399672276939,
        0.9252199668703366,
        0.9340399665545158,
        0.9685399653191628,
        1.01144996378267,
        1.0144599636748899,
        1.0519799623313986,
        1.0633499619242692,
        1.097589960698226,
        1.1351199593543766,
        1.1755899579052538,
        1.1790699577806443,
        1.2136199565435009,
        1.286529953932788,
        1.3068299532058991,
        1.323349952614362,
        1.3345599522129616,
        1.34461995185274,
        1.3562999514345104,
        1.4113699494626002,
        1.417899949228778,
        1.4961899464254218,
        1.5313199451675104,
        1.5445499446937792,
        1.709239938796669,
        1.806429935316554,
        1.8373199342104656,
        1.8539699336142732,
        1.9525799300833118,
        2.0229499275635496,
        2.042459926864949,
        2.100479924787407,
        2.2048299210509112,
        2.249599919447817,
        2.2894199180219688,
        2.4177399134271713,
        2.4645199117521037,
        2.4832299110821485,
        2.497669910565091,
        2.546599908813038,
        2.5954499070638497,
        2.6444799053082164,
        2.6943199035235783,
        2.713459902838226,
        2.7885199001505274,
        2.832439898577869,
        2.846029898091247,
        2.891349896468459,
        2.9347598949140625,
        2.9443998945688796,
        3.0073998923130176,
        3.056699890547716,
        3.1191598883111897,
        3.1302498879140863,
        3.1581198869161358,
        3.2230998845893755,
        3.225849884490905,
        3.2672098830099134,
        3.301639881777067,
        3.3097198814877435,
        3.3108598814469237,
        3.3908698785819786,
        3.484959875212866,
        3.5481998729484103,
        3.597069871198506,
        3.5979598711666374,
        3.687729867952213,
        3.7065798672772443,
        3.757619865449638,
        3.8266098629792897,
        3.8458698622896406,
        3.8858398608584213,
        3.9197498596441944,
        4.015619856211345,
        4.022129855978239,
        4.065299854432436,
        4.067929854338264,
        4.235329848344116,
        4.239469848195873,
        4.368679843569208,
        4.4342498412213205,
        4.452949840551724,
        4.573529836234075,
        4.676939832531238,
        4.744879830098487,
        4.808499827820426,
        4.881479825207205,
        4.979699821690209,
        5.030179819882654,
        5.05127981912712,
        5.254449811852143,
        5.414259806129773,
        5.498699803106201,
        5.593539799710234,
        5.79832979237725,
        5.8302097912357125,
        6.021339784391855,
        6.26546977565021,
        6.405889770622145,
        6.572139764669175,
        6.637649762323436,
        6.729409759037755,
        6.742029758585866,
        6.9438397513595875,
        7.214199741678717,
        7.362719736360611,
        9.407759663133175,
        11.993799570533973,
        13.843329504307231,
        58.261647913805525
    ],
    "et": [
        -448.89616152
    ],
    "fc": [
        0.0058,
        0.2126,
        0.306,
        0.4412,
        0.5379,
        0.3315,
        0.5584,
        1.1061,
        1.8702,
        1.38,
        1.3774,
        9.5881,
        6.2339,
        7.0156,
        9.1879
    ],
    "gap": 0.19093999316294727,
    "homo": -0.2408799913747289,
    "id": "AG7_12053",
    "ir": [
        82.9195,
        3.6663,
        0.8355,
        6.625,
        20.4563,
        5.3784,
        58.0717,
        63.5145,
        43.5443,
        374.9885,
        4.5129,
        130.9932,
        1.7085,
        0.6401,
        87.1638
    ],
    "lumo": -0.04993999821178163,
    "ma": [
        12.0,
        12.0,
        15.99491,
        126.9004,
        1.00783,
        1.00783,
        1.00783
    ],
    "mr": [
        1.159,
        4.1646,
        5.1524,
        3.401,
        2.9604,
        1.1155,
        1.3491,
        1.9692,
        2.4258,
        1.4535,
        1.1559,
        5.612,
        1.063,
        1.113,
        1.0666
    ],
    "mu": 0.6575640653198743,
    "mu_x": -0.3745,
    "mu_xx=": -0.6088,
    "mu_xxx=": -41.1245,
    "mu_xxy=": 4.6944,
    "mu_xxz=": 0.0002,
    "mu_xy=": 0.995,
    "mu_xyy=": -6.6656,
    "mu_xyz=": -0.0001,
    "mu_xz=": 0.0001,
    "mu_xzz=": -13.4332,
    "mu_y": -0.5405,
    "mu_yy=": 3.4717,
    "mu_yyy=": -11.1223,
    "mu_yyz=": 0.0,
    "mu_yz=": -0.0001,
    "mu_yzz=": -3.0384,
    "mu_z": 0.0,
    "mu_zz=": -2.8629,
    "mu_zzz=": 0.0,
    "na": 7,
    "ne": 48,
    "ne_down": 24,
    "ne_up": 24,
    "ni": 4,