{
    "A": 10.75794,
    "B": 2.22007,
    "C": 1.84152,
    "Cv": "16.220",
    "G": -445.079323,
    "H": -445.044007,
    "P": 1.0,
    "S": 0.00011845044440706408,
    "T": 298.15,
    "U": -445.044951,
    "U0": -445.049869,
    "alpha": 40.72966666666667,
    "alpha_xx": 83.387,
    "alpha_xy": 4.172,
    "alpha_xz": 59.096,
    "alpha_yy": 0.218,
    "alpha_yz": -0.142,
    "alpha_zz": 38.584,
    "bo": [
        0,
        2,
        1,
        1,
        0,
        0,
        0,
        2,
        0,
        0,
        0,
        1,
        0,
        0,
        1,
        0,
        0,
        0,
        0,
        1,
        1,
        1,
        0,
        0,
        0,
        0,
        0,
        0,
        0,
        1,
        0,
        0,
        0,
        0,
        0,
        0,
        0,
        1,
        0,
        0,
        0,
        0,
        0,
        0,
        1,
        0,
        0,
        0,
        0
    ],
    "coords": [
        0.241541,
        0.095165,
        0.033385,
        1.284138,
        -0.518181,
        0.346343,
        -0.918043,
        -0.48693,
        -0.369693,
        0.056899,
        2.298388,
        -0.0131,
        2.085876,
        0.052699,
        0.571159,
        -1.769476,
        0.042475,
        -0.342361,
        -0.980935,
        -1.483616,
        -0.225733
    ],
    "e ne": -1322.588101091,
    "e_k": 259.1151967939,
    "e_nn": 174.7134595398,
    "eigs": [
        -14.353049486055514,
        -14.304359487798976,
        -10.294829631369563,
        -6.831139755395075,
        -4.832079826976088,
        -4.820499827390736,
        -4.820349827396108,
        -1.9140299314636846,
        -1.910429931592591,
        -1.9102599315986784,
        -1.9003799319524546,
        -1.9003699319528127,
        -0.9720399651938371,
        -0.8815099684354752,
        -0.7021399748582371,
        -0.615609977956646,
        -0.5585299800005286,
        -0.4964399822238061,
        -0.41582998511023544,
        -0.4078899853945457,
        -0.28552998977593136,
        -0.2736699902006064,
        -0.2622799906084519,
        -0.2608899906582241,
        -0.05259999811653413,
        0.011299999595377103,
        0.0298799989300768,
        0.07557999729368155,
        0.08990999678056243,
        0.15299999452147758,
        0.1928699930938391,
        0.20909999251268604,
        0.23976999141447505,
        0.25107999100949413,
        0.252859990945757,
        0.2915199895614454,
        0.2933599894955599,
        0.3056599890551297,
        0.33186998811661944,
        0.33825998788781053,
        0.37958998640789327,
        0.39972998568673357,
        0.42517998477543684,
        0.42816998466837297,
        0.46090998349604073,
        0.47636998294245936,
        0.5027899819964294,
        0.5185799814310317,
        0.5503899802920004,
        0.5574299800399167,
        0.5666399797101311,
        0.5994499785352925,
        0.6496499767377641,
        0.6571399764695672,
        0.7304299738452475,
        0.7623699727015611,
        0.7963899714833956,
        0.8193899706598269,
        0.8492999695888296,
        0.9115899673583906,
        0.9150499672344972,
        0.9278099667775956,
        0.9335799665709872,
        0.95393996584195,
        0.9660699654076069,
        0.9750899650846248,
        0.9956699643477098,
        1.0538999622626486,
        1.079089961360662,
        1.0983299606717287,
        1.1097899602613766,
        1.1922299573094197,
        1.2471399553432387,
        1.2863199539403076,
        1.3442799518649142,
        1.3503899516461315,
        1.3716399508852255,
        1.3837799504505246,
        1.4037199497365263,
        1.4433199483185557,
        1.451029948042481,
        1.4707299473370767,
        1.5122999458485658,
        1.5679699438551713,
        1.6058599424984314,
        1.6521999408391193,
        1.6622699404785395,
        1.6731799400878815,
        1.7669499367302277,
        1.8083099352492362,
        1.8744199328820133,
        2.0507899265666736,
        2.0758499256693415,
        2.3305899165477806,
        2.366149915274472,
        2.4332499128718,
        2.461339911865972,
        2.496759910597676,
        2.577929907691194,
        2.600169906894839,
        2.7282599023082774,
        2.7881199001648502,
        2.834019898521294,
        2.8489298979874063,
        2.911259895755535,
        2.9349098949086914,
        2.968729893697687,
        3.0196498918743777,
        3.0345498913408484,
        3.083379889592376,
        3.1350998877404206,
        3.138919887603637,
        3.169909886493967,
        3.2116698849986527,
        3.221249884655619,
        3.2983598818945152,
        3.330269880751903,
        3.3773898790646615,
        3.457599876192555,
        3.4722098756694098,
        3.4827698752912846,
        3.503679874542553,
        3.5666798722866906,
        3.594159871302705,
        3.626099870159019,
        3.749289865747913,
        3.793659864159142,
        3.820889863184108,
        3.8883998607667545,
        3.8892898607348863,
        3.920459859618771,
        3.940419858904057,
        3.9719198577761254,
        4.062389854536636,
        4.121279852427942,
        4.1278998521908985,
        4.228719848580802,
        4.238989848213061,
        4.342759844497333,
        4.408429842145866,
        4.518889838190588,
        4.552299836994264,
        4.620029834569033,
        4.675509832582442,
        4.736979830381365,
        4.788929828521174,
        4.862529825885754,
        4.90615982432348,
        4.970839822007462,
        5.029189819918104,
        5.17610981465729,
        5.218479813140133,
        5.32184980943873,
        5.354359808274632,
        5.434959805388561,
        5.497509803148811,
        5.635909798193077,
        5.652039797615505,
        5.690519796237638,
        5.728559794875527,
        5.888709789140981,
        5.930399787648174,
        5.9565297867125295,
        6.141669780083159,
        6.426509769883798,
        6.650809761852211,
        6.737009758765619,
        8.621699691279892,
        13.436869518861483,
        13.751539507593987,
        58.27274791340806
    ],
    "et": [
        -445.097397659
    ],
    "fc": [
        0.2819,
        0.1686,
        0.0868,
        0.1139,
        0.7323,
        0.6479,
        0.3652,
        0.8333,
        1.6407,
        2.0651,
        1.7668,
        14.5601,
        7.8353,
        8.1846,
        8.9091
    ],
    "gap": 0.20828999254168998,
    "homo": -0.2608899906582241,
    "id": "AG7_14392",
    "ir": [
        17.3569,
        10.8326,
        77.862,
        140.3446,
        44.9122,
        61.8364,
        40.7471,
        247.9679,
        29.5375,
        413.627,
        82.6714,
        320.3915,
        42.3182,
        38.9078,
        41.8989
    ],
    "lumo": -0.05259999811653413,
    "ma": [
        12.0,
        14.00307,
        14.00307,
        126.9004,
        1.00783,
        1.00783,
        1.00783
    ],
    "mr": [
        6.0828,
        3.4027,
        1.3005,
        1.162,
        3.96,
        3.4008,
        1.1413,
        1.2541,
        2.1983,
        2.2346,
        1.1525,
        7.9009,
        1.0485,
        1.0778,
        1.0994
    ],
    "mu": 1.6970080789436448,
    "mu_x": 0.5685,
    "mu_xx=": -0.2625,
    "mu_xxx=": -36.4727,
    "mu_xxy=": -18.2912,
    "mu_xxz=": 2.5504,
    "mu_xy=": -5.3161,
    "mu_xyy=": -3.897,
    "mu_xyz=": -2.24,
    "mu_xz=": 1.1699,
    "mu_xzz=": -12.9508,
    "mu_y": -1.5064,
    "mu_yy=": 3.651,
    "mu_yyy=": -2.0066,
    "mu_yyz=": 1.9899,
    "mu_yz=": -1.2241,
    "mu_yzz=": -0.188,
    "mu_z": 0.5361,
    "mu_zz=": -3.3884,
    "mu_zzz=": 0.267,
    "na": 7,
    "ne": 48,
    "ne_down": 24,
    "ne_up": 24,
    "ni": 4,