{
    "A": 56.72085,
    "B": 1.63094,
    "C": 1.58535,
    "Cv": "15.298",
    "G": -952.338071,
    "H": -952.303758,
    "P": 1.0,
    "S": 0.00011508636592318423,
    "T": 298.15,
    "U": -952.304703,
    "U0": -952.309697,
    "alpha": 39.38166666666667,
    "alpha_xx": 88.653,
    "alpha_xy": 2.601,
    "alpha_xz": 40.713,
    "alpha_yy": 0.0,
    "alpha_yz": 0.0,
    "alpha_zz": 29.492,
    "bo": [
        0,
        2,
        0,
        1,
        1,
        0,
        2,
        0,
        1,
        0,
        0,
        0,
        0,
        1,
        0,
        0,
        0,
        1,
        1,
        0,
        0,
        0,
        0,
        0,
        1,
        0,
        0,
        0,
        0,
        0,
        0,
        0,
        1,
        0,
        0,
        0
    ],
    "coords": [
        -0.792132,
        0.009865,
        0.421295,
        0.402741,
        0.270402,
        0.148236,
        1.110864,
        -0.489059,
        -1.215997,
        -1.556198,
        0.761891,
        1.804434,
        -1.472491,
        -0.655684,
        -0.103653,
        2.307217,
        0.102585,
        -1.054315
    ],
    "e ne": -2626.300109136,
    "e_disp": -0.0023207218999914403,
    "e_k": 949.4741728196,
    "e_nn": 183.540133893,
    "eigs": [
        -101.57081636301952,
        -88.93212681557735,
        -14.36407948566056,
        -10.28250963181071,
        -9.47644966067357,
        -7.9820097141854855,
        -7.239269740781026,
        -7.2310497410753625,
        -7.230199741105799,
        -5.947419787038734,
        -5.942869787201658,
        -5.936679787423304,
        -0.9711399652260637,
        -0.857419969298074,
        -0.7444499733432286,
        -0.5976199786008198,
        -0.5177999814589614,
        -0.45839998358591716,
        -0.4189999849967262,
        -0.41202998524630335,
        -0.3368099879397311,
        -0.32716998828491395,
        -0.2944299894572461,
        -0.25107999100949413,
        -0.037659998651495726,
        -0.021069999245539428,
        -0.0010399999627603706,
        0.047599998295570815,
        0.09255999668567297,
        0.18426999340178218,
        0.20339999271678785,
        0.22504999194155903,
        0.25748999077996904,
        0.26525999050174603,
        0.29007998961300796,
        0.2956099894149934,
        0.30744998899103454,
        0.3228199884406758,
        0.32332998842241406,
        0.35138998741766014,
        0.352369987382569,
        0.4000399856756333,
        0.4048499855034,
        0.42937998462504606,
        0.4346399844366995,
        0.435379984410202,
        0.4647299833592567,
        0.4830699827025502,
        0.4965299822205835,
        0.5592599799743893,
        0.5778199793098051,
        0.6373199771792686,
        0.6846299754852235,
        0.7045099747733736,
        0.7232299741030604,
        0.7507099731190748,
        0.7941899715621717,
        0.8315399702247678,
        0.832459970191825,
        0.8934599680075775,
        0.9167999671718343,
        0.9680099653381407,
        1.0306199630962434,
        1.0368899628717314,
        1.0826599612328296,
        1.1296799595491687,
        1.1814299576961391,
        1.3116899530318755,
        1.3577399513829476,
        1.3636399511716844,
        1.3913799501783888,
        1.486649946767024,
        1.5102699459212545,
        1.5330799451044894,
        1.5717699437191033,
        1.59541994287226,
        1.6437799411406173,
        1.6996799391389872,
        1.7312199380096236,
        1.7908199358755066,
        1.8196499348431812,
        1.8395199341316895,
        1.8561199335372875,
        1.880979932647117,
        1.8983799320240695,
        1.9179599313229618,
        1.9263199310236125,
        1.9668299295730574,
        1.9854899289048922,
        2.014089927880802,
        2.0218599276025797,
        2.0666599259984113,
        2.0695199258960018,
        2.0761299256593158,
        2.1036799246728237,
        2.13215992365303,
        2.1683999223553725,
        2.181859921873406,
        2.2108399208357095,
        2.221669920447916,
        2.2919199179324505,
        2.3116899172245393,
        2.361009915458521,
        2.3906799143961184,
        2.457849911990939,
        2.478779911241492,
        2.577109907720556,
        2.7340599021005945,
        2.774399900656127,
        2.8370198984138715,
        2.8638498974531603,
        2.960999893974478,
        2.984259893141599,
        3.0249598916842406,
        3.102619888903443,
        3.182239886052463,
        3.2825198824617035,
        3.287279882291261,
        3.2897598822024583,
        3.3280798808303214,
        3.347219880144969,
        3.4330398770719834,
        3.504029874530021,
        3.5527998727836967,
        3.565789872318559,
        3.5984298711498077,
        3.6223798702922223,
        3.776219864783622,
        3.8188598632567965,
        3.835869862647714,
        3.9492798585868036,
        3.973309857726354,
        4.016649856174464,
        4.037769855418213,
        4.097849853266908,
        4.150069851397049,
        4.186729850084352,
        4.35550984404079,
        4.3849498429866225,
        4.543059837325123,
        4.603369835165584,
        4.7376798303563,
        4.80535982793286,
        4.899459824563389,
        5.006719820722695,
        5.009649820617779,
        5.095389817547659,
        5.23340981260553,
        5.339899808792406,
        5.375879807504059,
        5.403859806502169,
        5.45343980472684,
        5.742079794391411,
        5.9137297882450826,
        8.780809685582586,
        12.76014954309302
    ],
    "et": [
        -952.340023811
    ],
    "fc": [
        0.1243,
        0.2151,
        0.0569,
        1.6545,
        4.5212,
        2.0047,
        0.7203,
        0.6864,
        1.1944,
        15.2937,
        4.3921,
        6.2307
    ],
    "gap": 0.2134199923579984,
    "homo": -0.25107999100949413,
    "id": "AG7_16944",
    "ir": [
        3.6817,
        2.417,
        27.7947,
        5.7332,
        45.9978,
        76.0087,
        9.0695,
        2.6456,
        30.2524,
        113.9104,
        0.0751,
        9.3877
    ],
    "lumo": -0.037659998651495726,
    "ma": [
        12.0,
        14.00307,
        31.97207,
        34.96885,
        1.00783,
        1.00783
    ],
    "mr": [
        4.9864,
        7.1969,
        1.3201,
        22.4517,
        14.5575,
        4.9584,
        1.4912,
        1.1073,
        1.1509,
        9.4557,
        1.0395,
        1.0938
    ],
    "mu": 1.4495613853852483,
    "mu_x": -1.1688,
    "mu_xx=": 1.4488,
    "mu_xxx=": -7.5258,
    "mu_xxy=": -9.5957,
    "mu_xxz=": -0.0008,
    "mu_xy=": 2.5517,
    "mu_xyy=": -0.9644,
    "mu_xyz=": -0.0002,
    "mu_xz=": 0.0002,
    "mu_xzz=": 4.2785,
    "mu_y": 0.8574,
    "mu_yy=": 0.8661,
    "mu_yyy=": 1.3867,
    "mu_yyz=": -0.0001,
    "mu_yz=": 0.0002,
    "mu_yzz=": -0.4501,
    "mu_z": -0.0001,
    "mu_zz=": -2.315,
    "mu_zzz=": 0.0,
    "na": 6,
    "ne": 48,
    "ne_down": 24,
    "ne_up": 24,
    "ni": 4,
    "oemga": [
        205.719,
        225.2312,
        270.3938,
        353.6565,
        726.0383,
        828.3869,
        905.4423,
        1025.735,
        1327.1793,
        1656.8522,
        2677.9037,
        3109.3942
    ],
    "oemga0": 3109.3942,
    "qa": [
        0.026697,
        -0.178201,
        0.025069,
        -0.083018,
        0.096209,
        0.113244
    ],
    "r2": 662.3905,