{
    "A": 71.73661,
    "B": 4.8024,
    "C": 4.50108,
    "Cv": "13.721",
    "G": -261.001478,
    "H": -260.970297,
    "P": 1.0,
    "S": 0.00010458158644978594,
    "T": 298.15,
    "U": -260.971241,
    "U0": -260.975538,
    "alpha": 19.750666666666667,
    "alpha_xx": 45.576,
    "alpha_xy": -3.705,
    "alpha_xz": 20.816,
    "alpha_yy": 0.0,
    "alpha_yz": 0.0,
    "alpha_zz": 13.676,
    "bo": [
        0,
        1,
        0,
        0,
        1,
        0,
        1,
        0,
        2,
        0,
        0,
        0,
        0,
        2,
        0,
        1,
        0,
        0,
        0,
        0,
        1,
        0,
        0,
        1,
        1,
        0,
        0,
        0,
        0,
        0,
        0,
        0,
        0,
        1,
        0,
        0
    ],
    "coords": [
        0.835113,
        -0.08494,
        0.018686,
        0.271277,
        -0.838149,
        -1.007652,
        -0.944943,
        -0.763144,
        -0.905486,
        -1.50878,
        -1.516349,
        -1.931827,
        1.77779,
        -0.204235,
        -0.143973,
        -2.451457,
        -1.397083,
        -1.769147
    ],
    "e ne": -853.3515154331,
    "e_disp": -0.001040806399998928,
    "e_k": 259.6345695509,
    "e_nn": 119.4288220296,
    "eigs": [
        -19.189749312866173,
        -19.189749312866173,
        -14.423329483538977,
        -14.422709483561178,
        -1.1648099582912568,
        -1.0904399609542486,
        -0.946409966111579,
        -0.6553799765325881,
        -0.5463899804352297,
        -0.523859981241969,
        -0.4830199827043406,
        -0.4827999827122182,
        -0.3842299862417473,
        -0.377449986484521,
        -0.28926998964201195,
        -0.2796899899850462,
        -0.03440999876786957,
        0.013999999498697296,
        0.042999998460284544,
        0.11120999601786616,
        0.18351999342863767,
        0.2904099896011916,
        0.3794899864114741,
        0.39123998599073784,
        0.3991499857075019,
        0.4301499845974744,
        0.445339984053561,
        0.49606998223705484,
        0.49634998222702875,
        0.5725499794985098,
        0.5762899793645904,
        0.5845299790695379,
        0.5970199786223043,
        0.6195199778166391,
        0.6210599777614958,
        0.6911899752503273,
        0.7152999743870125,
        0.722039974145671,
        0.7290499738946616,
        0.8105399709767218,
        0.9380999664091381,
        0.9541399658347883,
        1.0402499627514186,
        1.085199961141879,
        1.127489959627587,
        1.196129957169771,
        1.2123799565879019,
        1.2343299558019307,
        1.2419899555276468,
        1.356719951419471,
        1.436759948553452,
        1.58176994336103,
        1.6176099420776953,
        1.6248199418195242,
        1.7558299371284052,
        1.7707599365938016,
        1.7765299363871934,
        1.8085099352420748,
        1.8840299325379049,
        1.9322099308127072,
        1.9392299305613399,
        2.0000599283831795,
        2.0908299251329474,
        2.0973299249001998,
        2.17315992218493,
        2.230859920118846,
        2.5360699091900893,
        2.5476199087765146,
        2.7790499004896225,
        2.9514398943167963,
        3.013459892096025,
        3.0300398915023394,
        3.130769887895467,
        3.2225198846101435,
        3.2236398845700394,
        3.236889884095592,
        3.2599198832709493,
        3.318299881180517,
        3.3930198785049925,
        3.4430698767128356,
        3.4573398762018646,
        3.5612098724825567,
        3.561869872458924,
        3.5673498722627,
        3.6595698689605474,
        3.6714598685347983,
        3.6928498677688792,
        3.7038498673749984,
        3.7365998662023086,
        3.7429698659742154,
        3.905749860145497,
        3.928099859345204,
        3.9795898575014834,
        4.02088985602264,
        4.022669855958903,
        4.084149853757468,
        4.093079853437708,
        4.1056898529861785,
        4.239169848206615,
        4.250699847793757,
        4.4890298392597945,
        4.516209838286551,
        4.545169837249571,
        4.577749836082968,
        4.586559835767505,
        4.615629834726586,
        4.617449834661416,
        4.682579832329284,
        4.764599829392367,
        4.801719828063199,
        4.806149827904571,
        4.879149825290636,
        4.946039822895483,
        4.974939821860652,
        5.082619818004918,
        5.30835980992177,
        5.417529806012683,
        5.427099805670007,
        5.444389805050898,
        5.568989800589304,
        5.658699797377027,
        5.7444297943072655,
        5.79604979245889,
        5.816029791743459,
        5.9447897871329065,
        5.978429785928348,
        6.136319780274729,
        6.3439297728407675,
        6.357919772339822,
        6.362819772164366,
        6.429989769759187,
        6.556039765245673,
        6.557379765197691,
        6.577239764486557,
        6.585769764181121,
        6.688129760515881,
        6.690289760438538,
        6.724619759209272,
        6.777369757320435,
        6.973539750296109,
        7.166209743397111,
        7.213519741703065,
        7.282799739222334,
        7.408489734721709,
        8.224689705495763,
        11.156059600531211,
        11.468939589327812,
        12.98872953490818
    ],
    "et": [
        -261.012838255
    ],
    "fc": [
        0.2982,
        0.5383,
        0.1343,
        0.1362,
        2.8616,
        7.0949,
        4.4706,
        1.4997,
        1.3847,
        7.5744,
        9.0957,
        9.1176
    ],
    "gap": 0.2452799912171766,
    "homo": -0.2796899899850462,
    "id": "AG7_23557",
    "ir": [
        73.5372,
        7.2246,
        162.2863,
        0.0001,
        0.0,
        357.7279,
        0.0,
        0.0,
        130.3109,
        0.0,
        215.376,
        0.0
    ],
    "lumo": -0.03440999876786957,
    "ma": [
        15.99491,
        14.00307,
        14.00307,
        15.99491,
        1.00783,
        1.00783
    ],
    "mr": [
        4.4958,
        5.4512,
        1.2392,
        1.2485,
        12.0006,
        12.0373,
        6.4127,
        1.424,
        1.1698,
        4.5624,
        1.0667,
        1.0676
    ],
    "mu": 0.0001,
    "mu_x": 0.0,
    "mu_xx=": 6.0356,
    "mu_xxx=": 0.0,
    "mu_xxy=": 0.0,
    "mu_xxz=": 0.0004,
    "mu_xy=": -5.9707,
    "mu_xyy=": 0.0,
    "mu_xyz=": -0.0001,
    "mu_xz=": 0.0006,
    "mu_xzz=": 0.0,
    "mu_y": 0.0,
    "mu_yy=": -3.4591,
    "mu_yyy=": 0.0,
    "mu_yyz=": 0.0,
    "mu_yz=": -0.0002,
    "mu_yzz=": 0.0,
    "mu_z": 0.0001,
    "mu_zz=": -2.5765,
    "mu_zzz=": 0.0,
    "na": 6,
    "ne": 32,
    "ne_down": 16,
    "ne_up": 16,
    "ni": 4,
    "oemga": [
        335.5373,
        409.3746,
        428.9589,
        430.2831,
        636.1762,
        1000.1898,
        1087.7642,
        1336.9815,
        1417.4522,
        1678.6176,
        3804.2254,
        3807.2633
    ],
    "oemga0": 3807.2633,
    "qa": [
        -0.219108,
        0.00459,
        0.00459,
        -0.219108,
        0.214518,
        0.214518
    ],
    "r2": 264.899,