{
    "A": 54.10799,
    "B": 0.81622,
    "C": 0.80409,
    "Cv": "16.041",
    "G": -787.877623,
    "H": -787.840949,
    "P": 1.0,
    "S": 0.0001230051987252998,
    "T": 298.15,
    "U": -787.841894,
    "U0": -787.847222,
    "alpha": 56.656000000000006,
    "alpha_xx": 126.087,
    "alpha_xy": -2.265,
    "alpha_xz": 55.135,
    "alpha_yy": 0.0,
    "alpha_yz": 0.0,
    "alpha_zz": 43.881,
    "bo": [
        0,
        2,
        0,
        1,
        1,
        0,
        2,
        0,
        1,
        0,
        0,
        0,
        0,
        1,
        0,
        0,
        0,
        1,
        1,
        0,
        0,
        0,
        0,
        0,
        1,
        0,
        0,
        0,
        0,
        0,
        0,
        0,
        1,
        0,
        0,
        0
    ],
    "coords": [
        -0.832273,
        0.168252,
        -0.071555,
        0.412837,
        0.277856,
        -0.029562,
        1.361239,
        -1.126864,
        0.270758,
        -2.042616,
        1.882741,
        -0.44079,
        -1.433923,
        -0.728589,
        0.06032,
        2.534734,
        -0.473396,
        0.210829
    ],
    "e ne": -2210.986440127,
    "e_k": 601.0929068485,
    "e_nn": 210.5661280823,
    "eigs": [
        -88.93196681558308,
        -14.366759485564595,
        -10.2683396323181,
        -7.981859714190858,
        -6.839919755080687,
        -5.947239787045178,
        -5.9426997872077445,
        -5.936539787428318,
        -4.841399826642364,
        -4.829309827075274,
        -4.82855982710213,
        -1.9235099311242312,
        -1.9196099312638797,
        -1.9190599312835737,
        -1.9086499316563281,
        -1.9086299316570443,
        -0.9614799655719626,
        -0.7663699725583318,
        -0.7025799748424819,
        -0.5839799790892319,
        -0.50844998179376,
        -0.4383999843020639,
        -0.4052799854880028,
        -0.38552998619519774,
        -0.2891299896470249,
        -0.28418998982391314,
        -0.2699599903334516,
        -0.24589999119497608,
        -0.05214999813264743,
        -0.04088999853583803,
        -0.017989999355826024,
        0.03443999876679535,
        0.08498999695673451,
        0.13495999516744192,
        0.1728599938103439,
        0.20079999280988695,
        0.2321999916855366,
        0.24573999120070525,
        0.2590499907241096,
        0.2613999906399624,
        0.26146999063745585,
        0.26507999050819137,
        0.26882999037391386,
        0.2892299896434442,
        0.29205998954210943,
        0.30202998918511037,
        0.32003998854022014,
        0.3587599871537602,
        0.4032799855596176,
        0.4258499847514459,
        0.4372199843443165,
        0.45273998378858665,
        0.4528099837860802,
        0.4734699830463006,
        0.510489981720713,
        0.5433599805437258,
        0.5543699801494871,
        0.6378199771613651,
        0.6746699758418646,
        0.7029899748278008,
        0.7206299741961594,
        0.7280899739290367,
        0.7795999720846009,
        0.8340799701338172,
        0.8424999698323195,
        0.8725799687552347,
        0.8787699685335875,
        0.9093099674400311,
        0.9238899669179603,
        0.9357899664918531,
        0.9460399661248279,
        1.0164799636025592,
        1.0250299632964064,
        1.0539399622612164,
        1.0859899611135913,
        1.1069199603641435,
        1.1724799580166145,
        1.1836799576155725,
        1.210169956667036,
        1.3434299518953503,
        1.3465899517821993,
        1.3496299516733452,
        1.3732199508286502,
        1.4020399497966827,
        1.4172699492513368,
        1.419969949154657,
        1.4537399479454431,
        1.4982199463527333,
        1.5065099460558902,
        1.520169945566762,
        1.5681599438483678,
        1.5790599434580679,
        1.6028299426069275,
        1.7044999389663955,
        1.7077599388496636,
        1.7568399370922396,
        1.8007899355185073,
        1.842979934007796,
        1.9132099314930469,
        1.9305799308710732,
        1.9606999297925563,
        1.9925399286524508,
        2.0359699270973377,
        2.1074899245363974,
        2.1634999225308285,
        2.273709918584502,
        2.375019914956861,
        2.4165199134708564,
        2.452679912176063,
        2.4685499116078007,
        2.5167699098811713,
        2.585709907412613,
        2.656599904874231,
        2.6764599041630976,
        2.774279900660424,
        2.7827799003560614,
        2.9087798958443374,
        2.9431898946122064,
        2.9824298932071267,
        3.0103698922066697,
        3.0778698897896746,
        3.1639398867077375,
        3.2139398849173704,
        3.2857098823474775,
        3.287829882271567,
        3.310969881442985,
        3.3975498783427853,
        3.4582298761699963,
        3.5339098734600976,
        3.591569871395446,
        3.597059871198864,
        3.618179870442613,
        3.7311798663963844,
        3.7973598640266544,
        3.8348998626824478,
        3.9701998578377147,
        3.9948898569536313,
        4.013389856291195,
        4.064929854445686,
        4.110439852816093,
        4.145729851552453,
        4.175839850474294,
        4.327599845040173,
        4.367239843620769,
        4.527269837890521,
        4.593329835525089,
        4.730989830595852,
        4.795919828270881,
        4.901079824505382,
        4.9913298212737685,
        5.007479820695481,
        5.108609817074285,
        5.2351498125432245,
        5.347999808502367,
        5.3846098071914605,
        5.455509804652721,
        5.729589794838645,
        5.85215979044974,
        8.59859969210704,
        12.783179542268378,
        58.262687913768275
    ],
    "et": [
        -787.876390452
    ],
    "fc": [
        0.1645,
        0.1431,
        0.8546,
        0.0543,
        2.1378,
        1.553,
        0.6589,
        0.664,
        1.1279,
        15.2482,
        4.3871,
        6.1622
    ],
    "gap": 0.19374999306232865,
    "homo": -0.24589999119497608,
    "id": "AG7_16943",
    "ir": [
        0.0328,
        3.1001,
        4.5567,
        29.747,
        57.8738,
        5.1278,
        11.3644,
        2.783,
        79.8935,
        148.5188,
        0.1573,
        7.28
    ],
    "lumo": -0.05214999813264743,
    "ma": [
        12.0,
        14.00307,
        31.97207,
        126.9004,
        1.00783,
        1.00783
    ],
    "mr": [
        9.251,
        6.8291,
        27.1236,
        1.1965,
        8.1996,
        5.4494,
        1.4704,
        1.0861,
        1.1855,
        9.5954,
        1.0394,
        1.0944
    ],
    "mu": 1.1841263699453701,
    "mu_x": 1.0089,
    "mu_xx=": 4.0958,
    "mu_xxx=": -44.026,
    "mu_xxy=": -16.4465,
    "mu_xxz=": 0.0036,
    "mu_xy=": -1.1707,
    "mu_xyy=": -14.3713,
    "mu_xyz=": -0.0017,
    "mu_xz=": 0.0008,
    "mu_xzz=": -24.0768,
    "mu_y": 0.6199,
    "mu_yy=": -0.2341,
    "mu_yyy=": -0.0962,
    "mu_yyz=": 0.0005,
    "mu_yz=": -0.0005,
    "mu_yzz=": -0.9465,
    "mu_z": 0.0002,
    "mu_zz=": -3.8617,
    "mu_zzz=": 0.0001,
    "na": 6,
    "ne": 56,
    "ne_down": 28,
    "ne_up": 28,
    "ni": 4,
    "oemga": [
        173.7337,
        188.5853,
        231.2513,
        277.4347,
        665.2191,
        695.4892,
        872.1177,
        1018.6732,
        1270.7241,
        1642.3008,
        2676.4956,
        3091.4071
    ],
    "oemga0": 3091.4071,
    "qa": [
        -0.074395,
        -0.184421,
        0.026129,
        0.020579,
        0.099315,
        0.112793
    ],
    "r2": 1025.3323,