{
    "A": 9.81196,
    "B": 4.95475,
    "C": 3.32404,
    "Cv": "18.330",
    "G": -532.043438,
    "H": -532.009575,
    "P": 1.0,
    "S": 0.00011357705852757554,
    "T": 298.15,
    "U": -532.010519,
    "U0": -532.015683,
    "alpha": 31.613,
    "alpha_xx": 62.901,
    "alpha_xy": 4.686,
    "alpha_xz": 59.724,
    "alpha_yy": -0.363,
    "alpha_yz": 0.547,
    "alpha_zz": 32.301,
    "bo": [
        0,
        2,
        0,
        0,
        1,
        1,
        0,
        0,
        0,
        2,
        0,
        1,
        1,
        0,
        0,
        0,
        0,
        0,
        0,
        1,
        0,
        0,
        0,
        0,
        1,
        1,
        0,
        0,
        1,
        0,
        0,
        0,
        0,
        0,
        0,
        1,
        1,
        0,
        0,
        0,
        0,
        0,
        0,
        0,
        0,
        1,
        0,
        0,
        0,
        0,
        0,
        0,
        0,
        0,
        0,
        0,
        1,
        0,
        0,
        0,
        0,
        0,
        0,
        0,
        0,
        1,
        0,
        0,
        0,
        0,
        0,
        0,
        0,
        0,
        0,
        1,
        0,
        0,
        0,
        0,
        0
    ],
    "coords": [
        1.131138,
        1.2395,
        -0.000937,
        0.474059,
        0.076967,
        0.007363,
        1.060433,
        -1.183875,
        -0.055239,
        -1.312743,
        -0.068968,
        -0.03234,
        2.210487,
        1.257867,
        0.078982,
        0.619499,
        2.18146,
        -0.113934,
        2.068813,
        -1.173636,
        -0.014726,
        0.657488,
        -1.872463,
        0.563291,
        -1.567595,
        1.104961,
        0.569093
    ],
    "e ne": -1567.75099755,
    "e_disp": -0.004157517700008384,
    "e_k": 530.1465241372,
    "e_nn": 154.9725386545,
    "eigs": [
        -88.8936468169552,
        -14.328589486931364,
        -10.240959633298504,
        -10.149639636568429,
        -7.946289715464524,
        -5.910749788351789,
        -5.9070597884839176,
        -5.901579788680142,
        -0.9262699668327389,
        -0.7741999722779606,
        -0.7057899747275403,
        -0.5746899794218822,
        -0.5235099812545015,
        -0.46761998325577353,
        -0.4313699845537894,
        -0.4004199856620265,
        -0.35977998711723663,
        -0.3360899879655124,
        -0.26300999058231256,
        -0.2131799923665921,
        0.0016599999405598224,
        0.02955999894153515,
        0.034129998777895625,
        0.057509997940720106,
        0.08579999692773056,
        0.09776999649911675,
        0.1254899955065374,
        0.1971899929391514,
        0.2129999923730374,
        0.24863999109686397,
        0.2734399902088421,
        0.2746099901669475,
        0.29914998928823544,
        0.30583998904868437,
        0.31740998863439346,
        0.3348699880091974,
        0.35546998727156626,
        0.3740099866076983,
        0.3810499863556146,
        0.3983499857361477,
        0.42055998494086677,
        0.4335099844771617,
        0.47767998289555175,
        0.4836999826799916,
        0.49036998244115665,
        0.5011799820540793,
        0.5206999813551202,
        0.5404299806486413,
        0.565019979768139,
        0.5945899787093161,
        0.659889976371097,
        0.6669599761179392,
        0.6859099754393901,
        0.7026499748399754,
        0.7174899743085944,
        0.7563699729164053,
        0.8169499707471968,
        0.8502699695540964,
        0.8723099687649027,
        0.8944599679717702,
        0.9016799677132413,
        0.9376699664245353,
        0.9606099656031148,
        0.972859965164475,
        0.9857399647032765,
        1.0579899621161966,
        1.0722999616037936,
        1.1154499600587071,
        1.1597999584706518,
        1.181159957705807,
        1.2146399565069774,
        1.2249399561381618,
        1.2652899546933358,
        1.2853699539743244,
        1.3069499532016022,
        1.3301299523715884,
        1.368189951008761,
        1.4650599475401045,
        1.4888999466864572,
        1.527699945297133,
        1.5441999447063117,
        1.5685699438336869,
        1.5841899432743762,
        1.6039499425668233,
        1.6426999411792893,
        1.6522099408387614,
        1.6835599397162013,
        1.7503199373257037,
        1.801369935497739,
        1.8119599351185394,
        1.8391899341435058,
        1.870489933022736,
        1.8899299323266416,
        1.9474299302677196,
        1.9831699289879654,
        2.0083899280849042,
        2.0281799273762773,
        2.0898799251669646,
        2.11938992411029,
        2.239359919814484,
        2.302209917563993,
        2.3280199166398057,
        2.3857399145730063,
        2.427479913078408,
        2.4330299128796775,
        2.4748599113818566,
        2.5329399093021667,
        2.54084990901893,
        2.622639906090248,
        2.6741199042468864,
        2.715499902765179,
        2.7542499013776447,
        2.834289898511626,
        2.8454798981109417,
        2.8947698963459976,
        2.923029895334082,
        2.9290398951188807,
        2.965249893822297,
        2.975819893443813,
        3.050639890764708,
        3.0706898900467716,
        3.106349888769882,
        3.1253098880909747,
        3.166719886608193,
        3.1911198857344942,
        3.2201798846939327,
        3.2346398841761586,
        3.2674898829998877,
        3.2775898826382335,
        3.298029881906331,
        3.3270498808672024,
        3.331349880713231,
        3.362989879580287,
        3.3965198783796673,
        3.452829876363356,
        3.454859876290667,
        3.495889874821492,
        3.524389873800983,
        3.55826987258783,
        3.6043398709381864,
        3.6365198697859062,
        3.6577898690242843,
        3.7229498666910783,
        3.742749865982093,
        3.753959865580693,
        3.7867498644065702,
        3.835199862671705,
        3.868399861482901,
        3.8811498610263575,
        3.924909859459429,
        3.945479858722872,
        3.9901298571240744,
        3.9996298567839044,
        4.028409855753369,
        4.069709854274526,
        4.082899853802228,
        4.094939853371108,
        4.146139851537772,
        4.156539851165375,
        4.181769850261957,
        4.212519849160881,
        4.278419846801177,
        4.321839845246423,
        4.356039844021812,
        4.467959840014254,
        4.47592983972887,
        4.561519836664121,
        4.579989836002759,
        4.793679828351089,
        4.796729828241877,
        4.823379827287612,
        4.852759826235592,
        4.95520982256713,
        4.9664998221628665,
        5.050079819170088,
        5.063929818674157,
        5.129929816310873,
        5.20496981362389,
        5.341539808733683,
        5.4101598062765826,
        5.508839802743116,
        5.640449798030512,
        5.653189797574326,
        5.703849795760326,
        5.839099790917384,
        5.88443978929388,
        6.009279784823692,
        6.060859782976749,
        6.2737797753526525,
        6.408629770524032,
        6.753619758170859,
        9.325889666064723,
        13.18667952782012,
        13.919419501582652
    ],
    "et": [
        -532.084017774
    ],
    "fc": [
        0.033,
        0.1756,
        0.0948,
        0.3116,
        0.401,
        0.248,
        0.8051,
        0.4531,
        0.5058,
        0.5821,
        0.9483,
        1.1747,
        2.3538,
        1.4404,
        1.9593,
        5.9424,
        4.4327,
        6.1838,
        6.8942,
        7.6758,
        8.5298
    ],
    "gap": 0.21483999230715192,
    "homo": -0.2131799923665921,
    "id": "AG7_03536",