{
    "A": 55.49063,
    "B": 1.05785,
    "C": 1.03806,
    "Cv": "15.731",
    "G": -3066.260065,
    "H": -3066.2244,
    "P": 1.0,
    "S": 0.00011962099614248138,
    "T": 298.15,
    "U": -3066.225344,
    "U0": -3066.230528,
    "alpha": 45.74,
    "alpha_xx": 103.469,
    "alpha_xy": -2.471,
    "alpha_xz": 45.227,
    "alpha_yy": 0.0,
    "alpha_yz": 0.0,
    "alpha_zz": 33.751,
    "bo": [
        0,
        2,
        0,
        1,
        1,
        0,
        2,
        0,
        1,
        0,
        0,
        0,
        0,
        1,
        0,
        0,
        0,
        1,
        1,
        0,
        0,
        0,
        0,
        0,
        1,
        0,
        0,
        0,
        0,
        0,
        0,
        0,
        1,
        0,
        0,
        0
    ],
    "coords": [
        -0.769299,
        0.388753,
        -0.121479,
        0.091458,
        -0.482078,
        0.133653,
        1.739352,
        -0.010746,
        0.226371,
        -2.619628,
        -0.098385,
        -0.233378,
        -0.626846,
        1.450937,
        -0.30247,
        2.184964,
        -1.24848,
        0.504093
    ],
    "e ne": -7862.04088901,
    "e_disp": -0.0026209654000126648,
    "e_k": 3061.106020058,
    "e_nn": 272.322747997,
    "eigs": [
        -482.8701627097052,
        -88.933336815534,
        -62.518367761383715,
        -56.33439798281521,
        -56.33107798293409,
        -56.33078798294448,
        -14.366529485572832,
        -10.277739631981511,
        -8.707039688224091,
        -7.983189714143233,
        -6.535669765975069,
        -6.524979766357849,
        -6.524089766389718,
        -5.948619786995765,
        -5.94402978716012,
        -5.937859787381052,
        -2.6510799050718874,
        -2.6481099051782357,
        -2.6474299052025843,
        -2.638869905509095,
        -2.6388499055098116,
        -0.9668399653800352,
        -0.8106399709731412,
        -0.7407399734760738,
        -0.5932299787580141,
        -0.5137299816046973,
        -0.4479099839615361,
        -0.41177998525525517,
        -0.4024999855875473,
        -0.3147199887307152,
        -0.30114998921662073,
        -0.2911099895761264,
        -0.2510199910116425,
        -0.03983999857343573,
        -0.031299998879230385,
        -0.01469999947363216,
        0.03855999861926911,
        0.0855799969356082,
        0.18129999350812998,
        0.19972999284820078,
        0.2226799920264224,
        0.24666999116740443,
        0.25632999082150554,
        0.26241999060343885,
        0.26562999048849734,
        0.2747099901633667,
        0.28685998972830756,
        0.28927998964165386,
        0.3160399886834495,
        0.32253998845070186,
        0.35139998741730216,
        0.3555899872672694,
        0.3894199860559072,
        0.4212499849161597,
        0.4303899845888806,
        0.4444799840843553,
        0.46014998352325437,
        0.4763899829417432,
        0.4989599821335716,
        0.5628699798451248,
        0.5760199793742583,
        0.6636299762371777,
        0.6771099757544946,
        0.6991299749660173,
        0.717559974306088,
        0.7683699724867172,
        0.7883799717702124,
        0.8183399706974247,
        0.8668599689600527,
        0.8700699688451111,
        0.9041099676262294,
        1.0004599641761924,
        1.0116699637747923,
        1.0367599628763862,
        1.0959799607558758,
        1.1779299578214646,
        1.264879954708017,
        1.2847699539958088,
        1.345559951819081,
        1.3464999517854221,
        1.4657599475150391,
        1.4693099473879232,
        1.4774799470953772,
        1.4818199469399733,
        1.482939946899869,
        1.516919945683136,
        1.521269945527374,
        1.5684099438394161,
        1.595279942877273,
        1.5979599427813094,
        1.6041199425607362,
        1.6193499420153905,
        1.7055499389287978,
        1.7068999388804582,
        1.7250899382291227,
        1.7256599382087126,
        1.7399699376963096,
        1.7557799371301954,
        1.7768699363750189,
        1.8024799354579932,
        1.8088999352281097,
        1.8425999340214025,
        1.8622599333174303,
        1.9332099307769,
        1.9336799307600705,
        1.9545399300131294,
        1.999679928396786,
        2.0175799277558353,
        2.077849925597727,
        2.139849923377672,
        2.1408499233418645,
        2.1704799222808933,
        2.3426099161173766,
        2.411789913640225,
        2.4616199118559456,
        2.5523899086057136,
        2.617039906290769,
        2.679029904071073,
        2.6935099035525822,
        2.823739898889393,
        2.8495398979655637,
        2.9373998948195306,
        2.9792798933199203,
        2.9846998931258444,
        3.0111198921798144,
        3.1104598886227133,
        3.173859886352528,
        3.2526198835323425,
        3.2848498823782726,
        3.304079881689697,
        3.307039881583708,
        3.4101298778923295,
        3.480239875381877,
        3.5416398731833065,
        3.592779871352119,
        3.5928098713510455,
        3.6184198704340194,
        3.74693986583206,
        3.79219986421142,
        3.835319862667408,
        3.8879498607828675,
        3.9705098578266145,
        4.005389856577655,
        4.053519854854247,
        4.074899854088687,
        4.146979851507694,
        4.17155985062755,
        4.343109844484801,
        4.372239843441733,
        4.540109837430756,
        4.599109835318123,
        4.734259830478761,
        4.797499828214306,
        4.899459824563389,
        4.994089821174941,
        5.013539820478489,
        5.129269816334506,
        5.24513981218551,
        5.346189808567178,
        5.38704980710409,
        5.452659804754771,
        5.735969794610194,
        5.878809789495475,
        8.674509689388906,
        12.808959541345265
    ],
    "et": [
        -3066.2602183
    ],
    "fc": [
        0.1581,
        0.1761,
        1.1867,
        0.0539,
        3.7618,
        1.5709,
        0.6857,
        0.6726,
        1.1564,
        15.3639,
        4.3885,
        6.2266
    ],
    "gap": 0.2111799924382068,
    "homo": -0.2510199910116425,
    "id": "AG7_16941",
    "ir": [
        0.7125,
        3.0211,
        5.4117,
        30.2005,
        57.2399,
        28.0799,
        10.5656,
        2.2792,
        52.6332,
        132.7404,
        0.0926,
        7.8072
    ],
    "lumo": -0.03983999857343573,
    "ma": [
        12.0,
        14.00307,
        31.97207,
        78.91834,
        1.00783,
        1.00783
    ],
    "mr": [
        7.4991,
        7.0234,
        27.1483,
        1.2243,
        13.1724,
        4.732,
        1.4807,
        1.0914,
        1.1635,
        9.5516,
        1.0395,
        1.0947
    ],
    "mu": 1.4388836923115087,
    "mu_x": 1.2198,
    "mu_xx=": 2.8345,
    "mu_xxx=": -30.1193,
    "mu_xxy=": -13.8414,
    "mu_xxz=": 0.0002,
    "mu_xy=": -1.7974,
    "mu_xyy=": -10.7062,
    "mu_xyz=": -0.0001,
    "mu_xz=": 0.0001,
    "mu_xzz=": -18.3996,
    "mu_y": 0.7632,
    "mu_yy=": 0.3141,
    "mu_yyy=": 0.2918,
    "mu_yyz=": 0.0001,
    "mu_yz=": 0.0,
    "mu_yzz=": -0.8145,
    "mu_z": 0.0,
    "mu_zz=": -3.1486,
    "mu_zzz=": 0.0,
    "na": 6,
    "ne": 66,
    "ne_down": 33,
    "ne_up": 33,
    "ni": 4,
    "oemga": [
        189.1369,
        206.2876,
        272.3844,
        273.4073,
        696.2129,
        750.6199,
        886.5523,
        1022.7609,
        1298.7875,
        1652.2953,
        2676.8261,
        3107.1408
    ],
    "oemga0": 3107.1408,
    "qa": [
        -0.021306,
        -0.176296,
        0.027994,
        -0.043387,
        0.09926,
        0.113736
    ],
    "r2": 950.7508,