{
    "A": 10.91492,
    "B": 5.09452,
    "C": 3.47334,
    "Cv": "15.773",
    "G": -568.001154,
    "H": -567.967996,
    "P": 1.0,
    "S": 0.00011121247694137616,
    "T": 298.15,
    "U": -567.96894,
    "U0": -567.97365,
    "alpha": 27.163999999999998,
    "alpha_xx": 55.925,
    "alpha_xy": -4.302,
    "alpha_xz": 43.609,
    "alpha_yy": 0.0,
    "alpha_yz": 0.001,
    "alpha_zz": 25.567,
    "bo": [
        0,
        2,
        0,
        0,
        1,
        0,
        0,
        2,
        0,
        1,
        1,
        0,
        0,
        0,
        0,
        1,
        0,
        0,
        0,
        1,
        0,
        0,
        1,
        0,
        0,
        0,
        0,
        1,
        1,
        0,
        0,
        0,
        0,
        0,
        0,
        0,
        0,
        1,
        0,
        0,
        0,
        0,
        0,
        0,
        0,
        1,
        0,
        0,
        0
    ],
    "coords": [
        1.042849,
        -0.07272,
        -0.015745,
        0.432238,
        -0.896714,
        0.714985,
        0.9395,
        -1.843131,
        1.554225,
        -1.345422,
        -0.8987,
        0.716861,
        2.056212,
        -0.145489,
        0.048766,
        1.904597,
        -1.804335,
        1.519715,
        -1.476275,
        -1.900111,
        1.604492
    ],
    "e ne": -1657.104686121,
    "e_disp": -0.0027151104000040505,
    "e_k": 565.9540683784,
    "e_nn": 156.1835583676,
    "eigs": [
        -88.90663681649006,
        -19.187069312962137,
        -14.300119487950798,
        -10.306059630967448,
        -7.959209715001893,
        -5.923759787885935,
        -5.919799788027733,
        -5.914539788216078,
        -1.097169960713265,
        -0.9076899674980392,
        -0.7734499723048159,
        -0.6237599776648161,
        -0.5561999800839597,
        -0.47057998314978383,
        -0.44144998419285153,
        -0.427339984698093,
        -0.3614699870567223,
        -0.31172998883777914,
        -0.2911999895729038,
        -0.25696999079858884,
        0.002599999906900926,
        0.011009999605761232,
        0.012609999548469492,
        0.05837999790956772,
        0.08219999705663698,
        0.16817999397792222,
        0.2155799922806545,
        0.23624999154051685,
        0.2686799903792849,
        0.28942998963628275,
        0.30770998898172464,
        0.31554998870099515,
        0.31957998855669156,
        0.3358399879744643,
        0.3648099869371258,
        0.3870299861414867,
        0.4224499848731909,
        0.4231199848492,
        0.46092998349532466,
        0.4945199822925562,
        0.5121099816627052,
        0.5187399814253025,
        0.5436299805340579,
        0.5721399795131907,
        0.6281999775058316,
        0.6318299773758509,
        0.6726699759134793,
        0.693829975155796,
        0.698049975004689,
        0.7507899731162102,
        0.810509970977796,
        0.8123799709108364,
        0.8346899701119748,
        0.9136399672849855,
        0.9252199668703366,
        0.9535499658559148,
        0.9768899650201716,
        1.0131199637228718,
        1.1336399594073716,
        1.15947995848211,
        1.2089299567114373,
        1.2447499554288186,
        1.3173999528274156,
        1.33314995226345,
        1.3740999507971396,
        1.4586199477707036,
        1.5218999455048154,
        1.5224599454847632,
        1.5273299453103815,
        1.535969945001006,
        1.5966999428264266,
        1.617109942095599,
        1.6525499408265867,
        1.6680899402701408,
        1.7431299375831586,
        1.74832993739696,
        1.7943899357476742,
        1.8301499344672039,
        1.850199933749267,
        1.8523799336712068,
        1.9276799309749146,
        1.9316499308327595,
        1.9790699291347758,
        2.0322899272291095,
        2.0464599267217194,
        2.069609925892779,
        2.168759922342482,
        2.205709921019401,
        2.280359918346383,
        2.3213699168779245,
        2.3632899153768814,
        2.436969912738596,
        2.4854899110012245,
        2.603569906773094,
        2.788019900168431,
        2.813679899249615,
        2.8307198986394577,
        2.8605998975695344,
        2.9033898960373383,
        2.9526398942738274,
        3.02645989163053,
        3.0555598905885364,
        3.0752898898820575,
        3.164149886700218,
        3.1857498859267794,
        3.207419885150834,
        3.2391998840128773,
        3.2699298829125176,
        3.3166498812395995,
        3.3371898805041167,
        3.374619879163848,
        3.453879876325758,
        3.4599298761091237,
        3.473969875606389,
        3.4984598747294675,
        3.5290598736337624,
        3.5746098720027386,
        3.5785898718602254,
        3.612749870637047,
        3.6960698676535797,
        3.738229866143943,
        3.7662298651413373,
        3.7797798646561476,
        3.8341598627089444,
        3.8762798612007394,
        3.977299857583483,
        3.992489857039569,
        4.08731985364396,
        4.120349852461243,
        4.129389852137545,
        4.150499851381652,
        4.207699849333472,
        4.3055498458297246,
        4.361329843832391,
        4.440399841001105,
        4.5753298361696215,
        4.59976983529449,
        4.685559832222578,
        4.696929831815449,
        4.847029826440767,
        4.957369822489787,
        5.085709817894273,
        5.123819816529656,
        5.25463981184534,
        5.353619808301129,
        5.3941598068495,
        5.467649804218019,
        5.567049800658769,
        5.614899798945389,
        5.692569796164233,
        5.757949793823149,
        5.894369788938314,
        5.932119787586585,
        6.092469781844879,
        6.383939771408115,
        6.419589770131584,
        6.557379765197691,
        6.6903297604371055,
        6.73737975875237,
        6.738239758721576,
        6.933549751728046,
        7.1410597442976655,
        7.386489735509471,
        8.605359691864981,
        12.047609568607182,
        13.540819515139308
    ],
    "et": [
        -568.018513028
    ],
    "fc": [
        0.0339,
        0.4736,
        0.1041,
        0.8725,
        0.6401,
        0.9493,
        0.5375,
        0.6606,
        1.3228,
        1.0832,
        2.0123,
        12.9875,
        4.4233,
        7.6502,
        8.8691
    ],
    "gap": 0.25956999070548975,
    "homo": -0.25696999079858884,
    "id": "AG7_06510",
    "ir": [
        17.5265,
        5.2257,
        72.9805,
        10.7431,
        7.5472,
        70.9538,
        100.6549,
        52.2332,
        108.8717,
        246.8401,
        21.1804,
        325.2248,
        0.0101,
        5.3411,
        36.0484
    ],
    "lumo": 0.002599999906900926,
    "ma": [
        14.00307,
        12.0,
        15.99491,
        31.97207,
        1.00783,
        1.00783,
        1.00783
    ],
    "mr": [
        1.1098,
        6.0543,
        1.0857,
        6.6839,
        3.018,
        3.228,
        1.4605,
        1.2858,
        2.0005,
        1.4048,
        1.8406,
        7.5621,
        1.0381,
        1.0756,
        1.0651
    ],
    "mu": 2.866393336581705,
    "mu_x": 1.8616,
    "mu_xx=": 7.2396,
    "mu_xxx=": 22.5686,
    "mu_xxy=": 7.4639,
    "mu_xxz=": 0.0007,
    "mu_xy=": 0.3116,
    "mu_xyy=": -1.0236,
    "mu_xyz=": -0.0006,
    "mu_xz=": -0.0003,
    "mu_xzz=": 2.9557,
    "mu_y": 2.1796,
    "mu_yy=": -4.2147,
    "mu_yyy=": 11.0106,
    "mu_yyz=": 0.0002,
    "mu_yz=": 0.0008,
    "mu_yzz=": 2.0411,
    "mu_z": 0.0002,
    "mu_zz=": -3.0248,
    "mu_zzz=": 0.0,
    "na": 7,
    "ne": 40,
    "ne_down": 20,
    "ne_up": 20,
    "ni": 4,