{
    "A": 10.23042,
    "B": 4.97647,
    "C": 3.34792,
    "Cv": "15.676",
    "G": -551.924041,
    "H": -551.890984,
    "P": 1.0,
    "S": 0.00011087372128118477,
    "T": 298.15,
    "U": -551.891929,
    "U0": -551.896559,
    "alpha": 29.018666666666665,
    "alpha_xx": 59.023,
    "alpha_xy": -6.55,
    "alpha_xz": 52.267,
    "alpha_yy": 0.001,
    "alpha_yz": 0.001,
    "alpha_zz": 28.032,
    "bo": [
        0,
        2,
        0,
        0,
        1,
        1,
        0,
        0,
        2,
        0,
        1,
        1,
        0,
        0,
        0,
        0,
        0,
        1,
        0,
        0,
        0,
        0,
        1,
        0,
        0,
        1,
        0,
        0,
        0,
        0,
        0,
        1,
        1,
        0,
        0,
        0,
        0,
        0,
        0,
        0,
        1,
        0,
        0,
        0,
        0,
        0,
        0,
        0,
        0,
        0,
        1,
        0,
        0,
        0,
        0,
        0,
        0,
        0,
        0,
        1,
        0,
        0,
        0,
        0
    ],
    "coords": [
        1.141642,
        -0.048554,
        0.103079,
        -0.162177,
        -0.211457,
        -0.093719,
        -0.659518,
        -1.388005,
        -0.572746,
        -1.438479,
        1.004135,
        0.212149,
        1.818361,
        -0.860561,
        -0.119666,
        1.545339,
        0.875897,
        0.4807,
        -1.61701,
        -1.352161,
        -0.661045,
        -0.628159,
        1.980705,
        0.651348
    ],
    "e ne": -1615.067227059,
    "e_disp": -0.0033285399999840592,
    "e_k": 549.9456036891,
    "e_nn": 154.4776125142,
    "eigs": [
        -88.90848681642383,
        -19.169569313588767,
        -10.267999632330273,
        -10.15450963639405,
        -7.961369714924548,
        -5.925879787810024,
        -5.922199787941795,
        -5.9165697881433905,
        -1.0753399614949393,
        -0.7998599713591443,
        -0.7242599740661788,
        -0.5993499785388732,
        -0.5201799813737399,
        -0.46807998323930217,
        -0.42003998495948663,
        -0.41502998513888134,
        -0.3865199861597485,
        -0.34851998752042723,
        -0.29080998958686866,
        -0.22381999198560204,
        -0.019599999298176213,
        0.02037999927024649,
        0.03844999862320793,
        0.06227999776991912,
        0.08832999683713802,
        0.11291999595663561,
        0.17065999388912004,
        0.20213999276190509,
        0.23500999158491798,
        0.26933999035565215,
        0.282309989891231,
        0.2860199897583858,
        0.3021099891822457,
        0.3150499887188988,
        0.33553998798520646,
        0.366819986865153,
        0.3686199868006998,
        0.3894699860541168,
        0.3910399859978993,
        0.425429984766485,
        0.4407099842193489,
        0.4865299825786568,
        0.49317998234053806,
        0.5162199815155369,
        0.5646399797817458,
        0.5809499791977281,
        0.6129699780511773,
        0.6227399777013395,
        0.6576299764520217,
        0.6618599763005565,
        0.6969299750447934,
        0.7384599735577146,
        0.7497499731534498,
        0.7688899724680974,
        0.812979970889352,
        0.8294199703006794,
        0.8350799700980098,
        0.8634499690821558,
        0.9329099665949782,
        0.9486999660295803,
        1.0037499640583865,
        1.0109799637994994,
        1.1059399603992348,
        1.1326699594421048,
        1.1520599587478006,
        1.1831599576341925,
        1.238279955660492,
        1.261179954840504,
        1.2613999548326265,
        1.3133099529738674,
        1.3419199519494198,
        1.4142499493594751,
        1.4654999475243489,
        1.5074699460215153,
        1.5109699458961896,
        1.566119943921415,
        1.6086999423967385,
        1.6236099418628511,
        1.646409941046444,
        1.6992399391547426,
        1.7295099380708543,
        1.78408993611649,
        1.8225499347393397,
        1.852509933666552,
        1.856449933525471,
        1.8923999322381975,
        1.9135299314815883,
        1.93948993055203,
        1.9881699288089287,
        2.0411099269132884,
        2.0490199266300526,
        2.0998599248096075,
        2.172689922201759,
        2.181949921870183,
        2.2353799199569973,
        2.258409919132354,
        2.334229916417442,
        2.419789913353766,
        2.4392399126573134,
        2.52615990954494,
        2.5466999088094573,
        2.5561499084710784,
        2.608539906595132,
        2.690359903665376,
        2.723269902486956,
        2.7388799019280037,
        2.8333698985445683,
        2.8755698970334986,
        2.8892298965443706,
        2.9426098946329753,
        2.9640198938663405,
        2.9753098934620748,
        3.04176989108232,
        3.072969889965131,
        3.118699888327661,
        3.146449887334008,
        3.1647598866783753,
        3.2157798848514854,
        3.232449884254577,
        3.2613798832186705,
        3.275249882722023,
        3.305399881642432,
        3.315439881282926,
        3.353799879909357,
        3.3741198791817517,
        3.4170298776452586,
        3.511209874272924,
        3.5494398729040095,
        3.58535987161781,
        3.599379871115791,
        3.6293698700419292,
        3.635859869809539,
        3.704859867338833,
        3.7662798651395466,
        3.7715698649501257,
        3.7965498640556583,
        3.8275598629452734,
        3.8738598612873933,
        3.9117198599317273,
        3.9319098592087776,
        3.9843398573313986,
        4.002599856677557,
        4.029339855720069,
        4.058399854679507,
        4.075769854057534,
        4.153259851282824,
        4.198609849658961,
        4.245659847974226,
        4.307829845748084,
        4.397299842544402,
        4.443789840879718,
        4.559739836727857,
        4.59057983562356,
        4.643049833744748,
        4.803129828012711,
        4.8186598274566235,
        4.889849824907498,
        4.9952698211326885,
        5.049939819175102,
        5.077089818202932,
        5.259759811662006,
        5.432019805493834,
        5.488649803466065,
        5.540139801622346,
        5.7867097927933315,
        5.818279791662893,
        5.831619791185223,
        6.021179784397584,
        6.310359774042819,
        6.417069770221818,
        6.585689764183986,
        6.656779761638441,
        6.735149758832221,
        6.746069758441204,
        6.972309750340154,
        7.202969742080833,
        7.367629736184797,
        9.396579663533503,
        11.99688957042333,
        13.838649504474809
    ],
    "et": [
        -551.951597548
    ],
    "fc": [
        0.0441,
        0.0374,
        0.3124,
        0.3738,
        0.5688,
        0.9697,
        0.323,
        0.5336,
        0.5551,
        1.1607,
        1.7036,
        1.5917,
        1.3961,
        8.7798,
        4.4551,
        6.2643,
        7.0036,
        9.164
    ],
    "gap": 0.20421999268742583,
    "homo": -0.22381999198560204,
    "id": "AG7_04091",
    "ir": [
        98.6416,
        11.024,
        8.3322,
        1.0078,
        4.3282,
        15.3064,
        10.4506,
        63.1479,
        9.4597,
        55.3886,
        14.2575,
        282.8699,
        6.693,
        137.3651,
        0.0807,
        0.5078,
        1.7389,
        77.7595
    ],
    "lumo": -0.019599999298176213,
    "ma": [
        12.0,
        12.0,
        15.99491,
        31.97207,
        1.00783,
        1.00783,
        1.00783,
        1.00783
    ],
    "mr": [
        1.0614,
        1.1449,
        4.1105,
        3.5117,
        3.4491,
        3.818,
        1.1151,
        1.4055,
        1.1214,
        2.0643,
        2.0773,
        1.613,
        1.1515,
        5.1479,
        1.0384,
        1.0599,
        1.1167,
        1.0669
    ],