{
    "A": 45.20557,
    "B": 0.7798,
    "C": 0.76657,
    "Cv": "15.089",
    "G": -771.827487,
    "H": -771.791424,
    "P": 1.0,
    "S": 0.00012095589468392701,
    "T": 298.15,
    "U": -771.792368,
    "U0": -771.797295,
    "alpha": 56.467333333333336,
    "alpha_xx": 123.555,
    "alpha_xy": -3.755,
    "alpha_xz": 59.698,
    "alpha_yy": 0.0,
    "alpha_yz": 0.0,
    "alpha_zz": 45.847,
    "bo": [
        0,
        2,
        0,
        1,
        1,
        0,
        0,
        2,
        0,
        1,
        0,
        0,
        1,
        0,
        0,
        1,
        0,
        0,
        0,
        0,
        0,
        1,
        0,
        0,
        0,
        0,
        0,
        1,
        1,
        0,
        0,
        0,
        0,
        0,
        0,
        0,
        1,
        0,
        0,
        0,
        0,
        0,
        0,
        0,
        0,
        1,
        0,
        0,
        0
    ],
    "coords": [
        0.243539,
        -0.176817,
        0.04197,
        -0.998558,
        0.277174,
        -0.039739,
        -2.677543,
        -0.921636,
        0.385808,
        1.65372,
        0.838309,
        -0.317878,
        0.462146,
        -1.193889,
        0.333487,
        -1.259933,
        1.284554,
        -0.326584,
        2.576629,
        -0.107694,
        -0.077064
    ],
    "e ne": -2163.719181501,
    "e_k": 585.1354675932,
    "e_nn": 206.0874113523,
    "eigs": [
        -88.91118681632715,
        -10.225759633842774,
        -10.22146963399639,
        -7.963339714854008,
        -6.836199755213889,
        -5.927749787743063,
        -5.9241397878723285,
        -5.918759788064972,
        -4.8379498267658985,
        -4.825149827224232,
        -4.825009827229246,
        -1.9200099312495567,
        -1.9156999314038863,
        -1.9156899314042444,
        -1.904679931798483,
        -1.9046699317988416,
        -0.8304199702648721,
        -0.7473499732393873,
        -0.6765999757727564,
        -0.5753199793993236,
        -0.47704998291811035,
        -0.45467998371912044,
        -0.37889998643260037,
        -0.3534099873453294,
        -0.3415299877707205,
        -0.2835699898461137,
        -0.266349990462716,
        -0.2267699918799704,
        -0.04115999852617005,
        -0.01838999934150309,
        -0.00231999991692698,
        0.04220999848857235,
        0.07277999739394209,
        0.10052999640028851,
        0.1546599944620374,
        0.18493999337779127,
        0.2034899927135652,
        0.21100999244429405,
        0.24134999135789945,
        0.24510999122326388,
        0.25657999081255367,
        0.2669399904415897,
        0.271129990291557,
        0.2811699899320513,
        0.2949499894386262,
        0.2959799894017447,
        0.300429989242402,
        0.31502998871961496,
        0.36016998710327175,
        0.370089986748063,
        0.4049699854991031,
        0.4070599854242658,
        0.428299984663718,
        0.44756998397371067,
        0.45137998383728467,
        0.46618998330697803,
        0.5062099818739685,
        0.54607998044633,
        0.5725499794985098,
        0.6159899779430391,
        0.6400899770800823,
        0.6464699768516314,
        0.6880399753631204,
        0.6927299751951841,
        0.7181399742853197,
        0.7690599724620101,
        0.8155399707976853,
        0.8325899701871702,
        0.8539199694233996,
        0.8985799678242441,
        0.906059967556405,
        0.9157799672083579,
        0.9256199668560137,
        0.9360699664818269,
        0.9775299649972549,
        1.0064299639624228,
        1.0462999625347842,
        1.0533199622834168,
        1.0752199614992364,
        1.112599960160758,
        1.1444099590217265,
        1.1725399580144662,
        1.2027599569323686,
        1.233769955821983,
        1.2368699557109801,
        1.3062799532255933,
        1.3305099523579813,
        1.3483799517181043,
        1.365699951097921,
        1.393119950116084,
        1.4054199496756536,
        1.4074199496040392,
        1.4657299475161134,
        1.5054099460952781,
        1.515399945737563,
        1.5439499447152634,
        1.5682199438462197,
        1.5999599427096947,
        1.635649941431731,
        1.7282699381152553,
        1.7447499375251503,
        1.8164399349581226,
        1.8400699341119953,
        1.8479299338305495,
        1.8983399320255017,
        1.9029099318618623,
        1.9443099303794387,
        1.9779199291759537,
        2.078419925577317,
        2.1396299233855496,
        2.2477299195147764,
        2.2550399192530253,
        2.2600899190721977,
        2.296519917767737,
        2.412919913599763,
        2.4611799118717013,
        2.4715899114989464,
        2.5106299101010277,
        2.5231099096541523,
        2.5747999078032717,
        2.6020499068275216,
        2.635019905646953,
        2.734839902072665,
        2.8313998986151083,
        2.845979898093038,
        2.875909897021325,
        2.8919398964473326,
        2.9020198960863945,
        2.947139894470768,
        3.029809891510575,
        3.04358989101715,
        3.1003598889843675,
        3.1505298871879135,
        3.196269885550086,
        3.2318698842753446,
        3.2609598832337094,
        3.267829882987713,
        3.3020198817634605,
        3.3590198797224424,
        3.39149987855942,
        3.4170798776434683,
        3.5056198744730867,
        3.5518498728177135,
        3.580649871786462,
        3.587359871546195,
        3.621579870320868,
        3.634649869852866,
        3.751339865674508,
        3.7519898656512334,
        3.878399861124828,
        3.902109860275836,
        3.9168798597469614,
        3.9872198572282738,
        4.012779856313038,
        4.0738198541273585,
        4.0932798534305475,
        4.149209851427844,
        4.286419846514718,
        4.307139845772791,
        4.465459840103773,
        4.476999839690557,
        4.526629837913439,
        4.593979835501815,
        4.832269826969285,
        4.903999824400824,
        4.952739822655575,
        5.006309820737376,
        5.099449817402281,
        5.246409812140034,
        5.4034598065164925,
        5.654929797512022,
        5.857349790263901,
        9.800959649053732,
        13.150989529098082,
        58.26969791351728
    ],
    "et": [
        -771.838029133
    ],
    "fc": [
        0.0089,
        0.1048,
        0.0666,
        0.6771,
        1.2432,
        0.612,
        1.4662,
        0.5648,
        0.6241,
        0.9336,
        1.1826,
        11.0781,
        4.4378,
        6.5655,
        6.5993
    ],
    "gap": 0.18560999335380035,
    "homo": -0.2267699918799704,
    "id": "AG7_10855",
    "ir": [
        12.5686,
        0.2182,
        3.8047,
        0.1054,
        22.7619,
        1.4728,
        23.4651,
        45.4682,
        5.2041,
        49.2181,
        2.9779,
        8.6609,
        0.1983,
        0.5977,
        9.9843
    ],
    "lumo": -0.04115999852617005,
    "ma": [
        12.0,
        12.0,
        126.9004,
        31.97207,
        1.00783,
        1.00783,
        1.00783
    ],
    "mr": [
        1.3536,
        5.171,
        3.1956,
        19.4675,
        4.9738,
        1.8586,
        4.1095,
        1.0869,
        1.1457,
        1.1215,
        1.1936,
        7.2367,
        1.0387,
        1.0929,
        1.0922
    ],
    "mu": 1.3305928828909313,
    "mu_x": 1.0046,
    "mu_xx=": 2.1289,
    "mu_xxx=": -60.8747,
    "mu_xxy=": -18.8999,
    "mu_xxz=": 0.0013,
    "mu_xy=": -3.4652,
    "mu_xyy=": -13.5563,
    "mu_xyz=": -0.0006,
    "mu_xz=": 0.0003,
    "mu_xzz=": -26.7938,
    "mu_y": -0.8725,
    "mu_yy=": 2.2298,
    "mu_yyy=": -1.9892,
    "mu_yyz=": 0.0001,
    "mu_yz=": -0.0001,
    "mu_yzz=": -0.8051,
    "mu_z": 0.0001,
    "mu_zz=": -4.3587,
    "mu_zzz=": 0.0001,
    "na": 7,
    "ne": 56,
    "ne_down": 28,
    "ne_up": 28,
    "ni": 4,