{
    "A": 60.28724,
    "B": 4.85195,
    "C": 4.51438,
    "Cv": "14.251",
    "G": -241.135865,
    "H": -241.1046,
    "P": 1.0,
    "S": 0.00010486332383025508,
    "T": 298.15,
    "U": -241.105545,
    "U0": -241.109873,
    "alpha": 22.62166666666667,
    "alpha_xx": 50.448,
    "alpha_xy": 0.97,
    "alpha_xz": 27.285,
    "alpha_yy": 0.481,
    "alpha_yz": 0.157,
    "alpha_zz": 16.936,
    "bo": [
        0,
        1,
        0,
        0,
        1,
        1,
        0,
        1,
        0,
        2,
        0,
        0,
        0,
        0,
        0,
        2,
        0,
        1,
        0,
        0,
        0,
        0,
        0,
        1,
        0,
        0,
        0,
        1,
        1,
        0,
        0,
        0,
        0,
        0,
        0,
        1,
        0,
        0,
        0,
        0,
        0,
        0,
        0,
        0,
        0,
        1,
        0,
        0,
        0
    ],
    "coords": [
        -1.329363,
        0.102106,
        0.080469,
        0.019375,
        0.321274,
        0.208882,
        0.656134,
        -0.690914,
        0.501813,
        2.015113,
        -0.440633,
        0.531,
        -1.650499,
        -0.728061,
        0.57022,
        -1.831212,
        0.93802,
        0.338593,
        2.120453,
        0.498208,
        0.289299
    ],
    "e ne": -808.8499558059,
    "e_disp": -0.0012993029000085698,
    "e_k": 239.8312311208,
    "e_nn": 121.4686607051,
    "eigs": [
        -19.17458931340901,
        -14.412509483926412,
        -14.399749484383312,
        -14.363839485669153,
        -1.1394699591986148,
        -1.0228399633748244,
        -0.8696199688612244,
        -0.6575399764552442,
        -0.5776199793169666,
        -0.5412699806185632,
        -0.46920998319883983,
        -0.4386399842934701,
        -0.3842999862392408,
        -0.35914998713979523,
        -0.2880699896849807,
        -0.2522199909686737,
        -0.02666999904501835,
        0.02685999903821495,
        0.054209998058884316,
        0.09029999676659757,
        0.1459199947749935,
        0.19544999300145618,
        0.26758999041831494,
        0.3587699871534021,
        0.3691099867831542,
        0.3985199857300604,
        0.4033099855585433,
        0.4392699842709115,
        0.4640199833846799,
        0.46618998330697803,
        0.4998299821024192,
        0.5131399816258236,
        0.5191599814102633,
        0.5460599804470461,
        0.5696999796005606,
        0.5825899791390041,
        0.6017499784529355,
        0.6126999780608453,
        0.6899699752940124,
        0.7249399740418299,
        0.7552899729550772,
        0.7784299721264953,
        0.8476199696489859,
        0.9166299671779216,
        0.9419199662723541,
        1.015429963640157,
        1.03241996303179,
        1.0518699623353376,
        1.078789961371404,
        1.1700099581050587,
        1.21236995658826,
        1.2294099559781029,
        1.2635699547549244,
        1.3094299531128002,
        1.3567799514173227,
        1.3835199504598346,
        1.4801699469990555,
        1.5153699457386374,
        1.6003299426964461,
        1.616409942120664,
        1.6378999413511643,
        1.6784799398981027,
        1.7530599372275915,
        1.8188799348707527,
        1.8459999338996578,
        1.8767399327989402,
        1.9337799307564898,
        1.9860699288841241,
        2.007319928123218,
        2.1029599246986046,
        2.230769920122069,
        2.3806599147549075,
        2.4411299125896377,
        2.6065199066674625,
        2.7914099000470443,
        2.9080298958711928,
        2.967989893724184,
        3.001759892514971,
        3.048789890830952,
        3.1030498888880462,
        3.161519886794391,
        3.179249886159527,
        3.198139885483126,
        3.217809884778796,
        3.2587698833121275,
        3.2630198831599464,
        3.3325198806713368,
        3.375649879126966,
        3.417959877611958,
        3.4651398759225676,
        3.474989875569866,
        3.507459874407201,
        3.5605798725051154,
        3.594899871276208,
        3.6079298708096386,
        3.646419869431414,
        3.6520498692298187,
        3.703509867387173,
        3.7100198671540676,
        3.798019864003022,
        3.823889863076686,
        3.8378198625778897,
        3.858659861831665,
        3.8923898606238834,
        3.960309858191849,
        3.977659857570592,
        3.9945198569668805,
        4.0509098549477045,
        4.0532698548632,
        4.108429852888067,
        4.1750298505032974,
        4.194219849816155,
        4.248909847857852,
        4.252719847721425,
        4.34138984454639,
        4.458639840347979,
        4.497579838953642,
        4.554809836904387,
        4.574769836189674,
        4.6168598346825425,
        4.643549833726845,
        4.666599832901485,
        4.710829831317727,
        4.739159830303306,
        4.771849829132764,
        4.87786982533647,
        4.917199823928168,
        4.928819823512086,
        4.942079823037281,
        5.092049817667254,
        5.125699816462338,
        5.220479813068519,
        5.255059811830301,
        5.358389808130329,
        5.428509805619519,
        5.507489802791455,
        5.570499800535235,
        5.621639798704048,
        5.665129797146786,
        5.710229795531876,
        5.792329792592094,
        5.876279789586068,
        5.910949788344627,
        5.9348397874891905,
        6.0348897839066655,
        6.061619782949535,
        6.088299781994197,
        6.281339775081948,
        6.359159772295421,
        6.432989769651766,
        6.573039764636948,
        6.636929762349217,
        6.678899760846384,
        6.730449759000515,
        6.788499756921899,
        7.0370097480234195,
        7.163709743486629,
        7.3125897381556335,
        8.294689702989247,
        11.298119595444422,
        12.365629557219732,
        13.166099528557034
    ],
    "et": [
        -241.159817443
    ],
    "fc": [
        0.1365,
        0.244,
        0.2139,
        0.238,
        1.2473,
        0.4901,
        3.2368,
        2.2801,
        1.5996,
        1.5881,
        4.4337,
        2.2342,
        7.4092,
        8.2118,
        8.462
    ],
    "gap": 0.22554999192365535,
    "homo": -0.2522199909686737,
    "id": "AG7_14583",
    "ir": [
        25.7269,
        83.7885,
        9.9241,
        84.0612,
        7.6107,
        275.0993,
        133.8948,
        16.606,
        3.7301,
        47.6376,
        4.9346,
        31.1622,
        2.2501,
        12.7314,
        24.9794
    ],
    "lumo": -0.02666999904501835,
    "ma": [
        14.00307,
        14.00307,
        14.00307,
        15.99491,
        1.00783,
        1.00783,
        1.00783
    ],
    "mr": [
        2.3008,
        2.9057,
        1.7508,
        1.3633,
        5.0203,
        1.5344,
        5.2696,
        2.9499,
        1.5842,
        1.3482,
        2.9103,
        1.4042,
        1.0498,
        1.0647,
        1.094
    ],
    "mu": 2.626208059160584,
    "mu_x": 2.1434,
    "mu_xx=": 1.7913,
    "mu_xxx=": 11.5334,
    "mu_xxy=": -5.695,
    "mu_xxz=": 5.8167,
    "mu_xy=": 3.0819,
    "mu_xyy=": -0.3752,
    "mu_xyz=": -0.3885,
    "mu_xz=": 2.6943,
    "mu_xzz=": -1.6622,
    "mu_y": -1.0864,
    "mu_yy=": 0.1204,
    "mu_yyy=": -1.3521,
    "mu_yyz=": 0.6913,
    "mu_yz=": -0.0404,
    "mu_yzz=": -0.2641,
    "mu_z": 1.0595,
    "mu_zz=": -1.9117,
    "mu_zzz=": 0.8543,
    "na": 7,
    "ne": 32,
    "ne_down": 16,
    "ne_up": 16,
    "ni": 4,
    "oemga": [
        317.2906,
        377.4862,
        455.3652,
        544.3045,
        649.3835,
        736.2461,
        1021.0416,
        1145.3689,
        1309.1307,
        1413.9359,
        1608.0106,
        1643.2978,
        3461.0119,
        3618.0368,
        3623.2506
    ],
    "oemga0": 3623.2506,