{
    "A": 27.98216,
    "B": 4.25356,
    "C": 4.12099,
    "Cv": "14.564",
    "G": -217.064153,
    "H": -217.031608,
    "P": 1.0,
    "S": 0.00010915646486667429,
    "T": 298.15,
    "U": -217.032552,
    "U0": -217.037132,
    "alpha": 23.696,
    "alpha_xx": 47.715,
    "alpha_xy": 1.304,
    "alpha_xz": 33.992,
    "alpha_yy": -5.275,
    "alpha_yz": -2.804,
    "alpha_zz": 28.648,
    "bo": [
        0,
        2,
        0,
        0,
        1,
        1,
        0,
        0,
        0,
        2,
        0,
        1,
        0,
        0,
        0,
        1,
        0,
        0,
        0,
        1,
        0,
        1,
        0,
        0,
        0,
        1,
        1,
        0,
        0,
        1,
        0,
        0,
        0,
        0,
        0,
        0,
        1,
        0,
        0,
        0,
        0,
        0,
        0,
        0,
        0,
        1,
        0,
        0,
        0,
        0,
        0,
        0,
        0,
        0,
        0,
        1,
        0,
        0,
        0,
        0,
        0,
        0,
        0,
        0,
        0,
        1,
        0,
        0,
        0,
        0,
        0,
        0,
        0,
        0,
        1,
        0,
        0,
        0,
        0,
        0,
        0
    ],
    "coords": [
        1.804084,
        0.0828,
        -0.212033,
        0.64691,
        -0.370125,
        0.250207,
        -0.601966,
        0.443207,
        0.305387,
        -1.641376,
        -0.221167,
        -0.356846,
        1.902067,
        1.086767,
        -0.608359,
        2.697079,
        -0.52788,
        -0.206488,
        0.566228,
        -1.381029,
        0.63651,
        -0.932265,
        0.592744,
        1.337162,
        -0.466579,
        1.416029,
        -0.170748
    ],
    "e ne": -738.3761608687,
    "e_disp": -0.0034019910000040454,
    "e_k": 215.9069766709,
    "e_nn": 114.1672763553,
    "eigs": [
        -24.655939117136473,
        -10.24991963297767,
        -10.186839635236398,
        -10.180769635453748,
        -1.181989957676087,
        -0.8006999713290661,
        -0.6908199752635762,
        -0.5778599793083729,
        -0.505049981915505,
        -0.48863998250310337,
        -0.4722799830889113,
        -0.435119984419512,
        -0.39157998597856336,
        -0.34609998760708105,
        -0.33928998785092895,
        -0.2830399898650916,
        -0.012839999540233805,
        0.049669998221449616,
        0.0648699976771781,
        0.07536999730120109,
        0.11127999601535965,
        0.118999995738927,
        0.1323899952594668,
        0.1933999930748612,
        0.26133999064211083,
        0.27212999025574963,
        0.2845799898099483,
        0.31442998874109934,
        0.3199699885427266,
        0.34428998767189223,
        0.37708998649741166,
        0.4043199855223779,
        0.4095599853347474,
        0.43704998435040376,
        0.44451998408292304,
        0.4470399839926885,
        0.46495998335102107,
        0.5032899819785259,
        0.5101699817321714,
        0.5503999802916423,
        0.5762899793645904,
        0.6159699779437553,
        0.6447599769128621,
        0.6595699763825554,
        0.696979975043003,
        0.7156699743737639,
        0.7436299733725907,
        0.8373999700149368,
        0.8478799696396759,
        0.8945499679685475,
        0.907579967501978,
        0.9411899662984934,
        0.9951299643670456,
        1.0026299640984906,
        1.024639963310371,
        1.0563199621759949,
        1.0638799619052912,
        1.095539960771631,
        1.0983499606710125,
        1.1288399595792469,
        1.1301499595323392,
        1.178679957794609,
        1.2063699568031039,
        1.2563399550138117,
        1.2703499545121508,
        1.2995399534669345,
        1.3273099524725647,
        1.3759499507308959,
        1.4076399495961613,
        1.4238399490160827,
        1.45361994794974,
        1.4862699467806306,
        1.5021399462123683,
        1.605659942505593,
        1.7312799380074753,
        1.7903999358905456,
        1.9888899287831476,
        2.048809926637572,
        2.0824199254340874,
        2.1198499240938187,
        2.127149923832425,
        2.1867999216965175,
        2.238259919853872,
        2.255959919220082,
        2.3007999176144818,
        2.3200399169255483,
        2.3367999163254174,
        2.3843799146217046,
        2.441889912562424,
        2.4697799115637573,
        2.511499910069875,
        2.55802990840376,
        2.621719906123191,
        2.6908599036474716,
        2.7274099023387137,
        2.7415699018316815,
        2.7625099010818763,
        2.781079900416934,
        2.8337998985291715,
        2.8564898977167026,
        2.870189897226142,
        2.908149895866896,
        2.92363989531224,
        2.9428798946233075,
        2.976569893416958,
        2.9941398927878224,
        3.0319798914328735,
        3.0545398906250596,
        3.075749889865586,
        3.1026698889016524,
        3.1223898881955323,
        3.147399887299991,
        3.178429886188889,
        3.2216998846395053,
        3.2401298839795767,
        3.2648198830954933,
        3.2845898823875825,
        3.313429881354898,
        3.386129878751705,
        3.4349598770032332,
        3.440129876818109,
        3.4686998757950938,
        3.5319198735313537,
        3.5657698723192754,
        3.596669871212829,
        3.630969869984637,
        3.6532898691854174,
        3.6865398679948234,
        3.7201998667895486,
        3.7268798665503553,
        3.788519864343191,
        3.8156998633699484,
        3.83615986263733,
        3.8817798610037992,
        3.9104998599754124,
        3.91956985965064,
        3.9674298579369007,
        3.9760498576282415,
        4.0082798564741715,
        4.065489854425633,
        4.10688985294321,
        4.114699852663555,
        4.159229851069054,
        4.209179849280478,
        4.229909848538192,
        4.326109845093526,
        4.361699843819142,
        4.400539842428386,
        4.434739841203774,
        4.501519838812561,
        4.6310398341747945,
        4.661779833074077,
        4.7254298307949405,
        4.76414982940848,
        4.795509828285562,
        4.827319827146531,
        4.861939825906881,
        4.923919823687542,
        4.961899822327579,
        4.98530982148933,
        5.039369819553585,
        5.0930298176321624,
        5.124739816496714,
        5.17382981473893,
        5.193229814044268,
        5.2479698120841745,
        5.3637598079380435,
        5.40235980655588,
        5.560749800884356,
        5.779759793042191,
        5.883529789326464,
        5.915619788177406,
        5.963169786474769,
        6.235249776732308,
        6.901889752861705,
        6.906579752693769,
        7.021199748589533,
        7.052369747473418,
        7.264529739876533,
        7.276439739450068,
        7.348009736887337,
        8.396829699331887,
        8.410689698835597,
        8.832999683713801,
        8.868029682459468,
        8.999469677752954,
        10.825569612365179,
        11.247799597246246,
        12.511909551981834,
        14.0341794974734
    ],
    "et": [
        -217.109858282
    ],
    "fc": [
        0.0213,
        0.1515,
        0.2632,
        0.422,
        0.805,
        0.7437,
        0.995,
        2.9569,
        0.7824,
        1.514,
        1.0549,
        1.3209,
        1.3836,
        1.4995,
        1.4758,
        7.8525,
        5.6845,
        6.1456,
        6.1044,
        6.365,
        6.7846
    ],
    "gap": 0.2701999903248578,
    "homo": -0.2830399898650916,
    "id": "AG7_11616",