{
    "A": 53.13514,
    "B": 1.74615,
    "C": 1.69059,
    "Cv": "16.854",
    "G": -906.947678,
    "H": -906.91303,
    "P": 1.0,
    "S": 0.00011620996142863455,
    "T": 298.15,
    "U": -906.913974,
    "U0": -906.919266,
    "alpha": 45.419333333333334,
    "alpha_xx": 105.387,
    "alpha_xy": 0.519,
    "alpha_xz": 44.57,
    "alpha_yy": 0.0,
    "alpha_yz": 0.0,
    "alpha_zz": 30.871,
    "bo": [
        0,
        1,
        0,
        0,
        1,
        0,
        1,
        0,
        2,
        0,
        0,
        0,
        0,
        2,
        0,
        1,
        0,
        0,
        0,
        0,
        1,
        0,
        0,
        1,
        1,
        0,
        0,
        0,
        0,
        0,
        0,
        0,
        0,
        1,
        0,
        0
    ],
    "coords": [
        -1.988979,
        -0.936872,
        0.024171,
        -0.271601,
        -0.960485,
        -0.181705,
        0.269225,
        0.139918,
        -0.281246,
        2.01471,
        0.008434,
        -0.48721,
        -2.184564,
        0.405425,
        0.005493,
        2.161209,
        1.343481,
        -0.546604
    ],
    "e ne": -2533.530837595,
    "e_disp": -0.00196780929999818,
    "e_k": 904.0939739308,
    "e_nn": 191.0791424852,
    "eigs": [
        -88.93064681563033,
        -88.926606815775,
        -14.4058994841631,
        -14.404489484213585,
        -7.98114971421628,
        -7.977259714355571,
        -5.946869787058427,
        -5.942239787224215,
        -5.9413097872575165,
        -5.9380897873728165,
        -5.9359997874476536,
        -5.932149787585512,
        -1.0676299617710139,
        -0.8208899706061159,
        -0.7384899735566404,
        -0.5940399787290102,
        -0.4948899822793075,
        -0.475729982965376,
        -0.4472199839862432,
        -0.38984998604051,
        -0.3707899867229979,
        -0.30264998916290975,
        -0.25894999072769037,
        -0.24753999113625205,
        -0.06167999779140351,
        -0.03419999877538911,
        -0.014039999497265004,
        0.01740999937659428,
        0.049199998238279065,
        0.1904699931797767,
        0.19918999286753675,
        0.24189999133820544,
        0.2530899909375213,
        0.26614999046987753,
        0.2740499901869996,
        0.2973399893530467,
        0.29859998930792947,
        0.30286998915503216,
        0.30720998899962826,
        0.31094998886570885,
        0.330149988178208,
        0.3691699867810057,
        0.3894699860541168,
        0.41255998522732545,
        0.4192099849892067,
        0.45392998374597593,
        0.49448998229363045,
        0.5228799812770601,
        0.567999979661433,
        0.5777899793108794,
        0.6129599780515353,
        0.6444899769225301,
        0.6710999759696968,
        0.6870599753982117,
        0.7645499726235011,
        0.8103999709817349,
        0.8221199705620729,
        0.834519970118062,
        0.8427299698240838,
        0.9001699677673103,
        0.9437299662075427,
        1.0062399639692263,
        1.0296699631302604,
        1.0615499619887223,
        1.1610799584248181,
        1.1903199573778118,
        1.2285199560099718,
        1.2838199540298258,
        1.2964699535768631,
        1.4596899477323897,
        1.4680499474330404,
        1.4788799470452467,
        1.4922899465650705,
        1.501639946230272,
        1.5224999454833308,
        1.556399944269462,
        1.5629399440352822,
        1.5864799431923775,
        1.6155099421528907,
        1.6206999419670507,
        1.6486999409644452,
        1.6690299402364819,
        1.6878499395625879,
        1.7315699379970912,
        1.7763899363922064,
        1.7804499362468287,
        1.7935599357773946,
        1.8378399341918457,
        1.857529933486799,
        1.8632499332819812,
        1.922459931161829,
        1.9324099308055458,
        1.9416399304750442,
        1.9972099284852303,
        2.023709927536336,
        2.058509926290241,
        2.0592399262641012,
        2.0863499252933644,
        2.1535099228885435,
        2.1675599223854505,
        2.346819915966628,
        2.3727399150385016,
        2.4985599105332224,
        2.53653990917326,
        2.5709899079396976,
        2.615999906328009,
        2.8575498976787466,
        3.0248898916867475,
        3.0785398897656835,
        3.206219885193803,
        3.268349882969093,
        3.272919882805454,
        3.2825298824613456,
        3.3540398799007627,
        3.5338198734633197,
        3.577249871908207,
        3.5854998716127966,
        3.590339871439489,
        3.621009870341278,
        3.6281898700841815,
        3.6438298695241547,
        3.6812098681856766,
        3.728869866479099,
        3.852759862042928,
        3.8844498609081937,
        3.889409860730589,
        3.9388698589595585,
        3.965799857995267,
        3.982999857379381,
        3.9890298571634624,
        4.06951985428133,
        4.109899852835429,
        4.1552798512104925,
        4.1981098496768645,
        4.228299848595841,
        4.324909845136494,
        4.3925498427144865,
        4.4762998397156215,
        4.626219834347387,
        4.656459833264572,
        4.673749832645463,
        4.745219830086313,
        4.756169829694223,
        4.831439826999004,
        4.8784898253142694,
        4.922169823750205,
        5.012699820508566,
        5.181629814459634,
        5.498499803113362,
        5.5808498001646285,
        5.742169794388189,
        5.840109790881219,
        5.901559788680858,
        5.990139785509045,
        6.737549758746283,
        12.620679548087072
    ],
    "et": [
        -906.945805736
    ],
    "fc": [
        0.1618,
        0.222,
        0.0653,
        0.8476,
        0.1469,
        3.44,
        0.9722,
        0.7246,
        0.7594,
        17.1656,
        4.094,
        4.4171
    ],
    "gap": 0.18585999334484854,
    "homo": -0.24753999113625205,
    "id": "AG7_23566",
    "ir": [
        0.7972,
        10.4275,
        6.626,
        3.1012,
        13.0341,
        104.6766,
        8.274,
        21.9093,
        0.9239,
        1.0544,
        3.6416,
        0.7258
    ],
    "lumo": -0.06167999779140351,
    "ma": [
        31.97207,
        14.00307,
        14.00307,
        31.97207,
        1.00783,
        1.00783
    ],
    "mr": [
        6.0406,
        6.7221,
        1.2011,
        12.8892,
        1.4681,
        14.0162,
        3.1476,
        1.2831,
        1.2899,
        12.4725,
        1.0383,
        1.0388
    ],
    "mu": 1.5764055918449413,
    "mu_x": -0.2857,
    "mu_xx=": 3.7735,
    "mu_xxx=": -7.7732,
    "mu_xxy=": 11.5043,
    "mu_xxz=": 0.0003,
    "mu_xy=": -0.0708,
    "mu_xyy=": 0.4613,
    "mu_xyz=": 0.001,
    "mu_xz=": 0.0003,
    "mu_xzz=": 0.0891,
    "mu_y": 1.5503,
    "mu_yy=": -0.2732,
    "mu_yyy=": 2.9161,
    "mu_yyz=": 0.0002,
    "mu_yz=": 0.0002,
    "mu_yzz=": 0.2663,
    "mu_z": 0.0001,
    "mu_zz=": -3.5003,
    "mu_zzz=": -0.0002,
    "na": 6,
    "ne": 48,
    "ne_down": 24,
    "ne_up": 24,
    "ni": 4,
    "oemga": [
        213.2128,
        236.7402,
        303.8307,
        334.0884,
        412.0501,
        645.4159,
        724.0514,
        979.0243,
        999.6092,
        1528.3676,
        2586.9785,
        2686.3781
    ],
    "oemga0": 2686.3781,
    "qa": [
        0.072779,
        -0.142137,
        -0.160769,
        0.050484,
        0.078269,
        0.101373
    ],
    "r2": 639.0899,