{
    "A": 8.52418,
    "B": 8.47184,
    "C": 4.7359,
    "Cv": "14.559",
    "G": -605.088648,
    "H": -605.056058,
    "P": 1.0,
    "S": 0.00010930739560633048,
    "T": 298.15,
    "U": -605.057002,
    "U0": -605.061457,
    "alpha": 20.856333333333332,
    "alpha_xx": 34.724,
    "alpha_xy": 0.001,
    "alpha_xz": 35.025,
    "alpha_yy": -0.872,
    "alpha_yz": 0.001,
    "alpha_zz": 28.717,
    "bo": [
        0,
        1,
        0,
        0,
        1,
        1,
        0,
        1,
        0,
        2,
        2,
        0,
        0,
        1,
        0,
        2,
        0,
        0,
        0,
        0,
        0,
        0,
        2,
        0,
        0,
        0,
        0,
        0,
        1,
        0,
        0,
        0,
        0,
        0,
        0,
        1,
        0,
        0,
        0,
        0,
        0,
        0,
        0,
        1,
        0,
        0,
        0,
        0,
        0
    ],
    "coords": [
        0.97226,
        -0.183036,
        0.241199,
        -0.650824,
        0.090901,
        -0.032084,
        -0.840048,
        1.49977,
        -0.300984,
        -1.153172,
        -0.952495,
        -0.899256,
        1.304309,
        -0.965695,
        -0.30851,
        1.511847,
        0.659916,
        0.088629,
        -1.144373,
        -0.149361,
        1.211007
    ],
    "e ne": -1830.144058264,
    "e_disp": -0.003425493599991114,
    "e_k": 602.7689968252,
    "e_nn": 198.941050201,
    "eigs": [
        -89.11323680909229,
        -19.13406931485993,
        -19.134059314860284,
        -14.363439485683477,
        -8.135959708672948,
        -6.1005697815548405,
        -6.098729781620725,
        -6.0985997816253805,
        -1.13030995952661,
        -1.022649963381628,
        -0.9288099667417883,
        -0.6882899753541686,
        -0.5533299801867267,
        -0.5528499802039142,
        -0.5091099817701271,
        -0.45721998362816985,
        -0.3744799865908688,
        -0.343379987704477,
        -0.3369999879329278,
        -0.3274699882741717,
        -0.31830998860216686,
        0.013589999513378304,
        0.02413999913561091,
        0.056449997978675885,
        0.061149997810381405,
        0.08757999686399352,
        0.09919999644791226,
        0.2397199914162654,
        0.2614199906392462,
        0.2817099899127154,
        0.30175998919477826,
        0.32988998818751797,
        0.35816998717488646,
        0.38305998628364185,
        0.3961999858131335,
        0.3992799857028469,
        0.46498998334994684,
        0.48762998253926876,
        0.5129599816322689,
        0.5140799815921646,
        0.5205199813615654,
        0.591729978811725,
        0.5991599785456766,
        0.6330699773314499,
        0.689879975297235,
        0.7331599737474935,
        0.7864899718378883,
        0.7931399715997695,
        0.8322599701989866,
        0.8672599689457299,
        0.8820599684157812,
        0.9022499676928311,
        0.9519599659128484,
        0.982959964802821,
        1.0388699628008327,
        1.1177099599777824,
        1.1787899577906704,
        1.18864995743761,
        1.2421199555229916,
        1.320319952722858,
        1.3540799515140023,
        1.3640199511580775,
        1.3880199502987016,
        1.4092199495395858,
        1.4680299474337564,
        1.4711899473206054,
        1.5088499459721012,
        1.5432899447388964,
        1.5787499434691683,
        1.5798699434290642,
        1.6295899416487234,
        1.62972994164371,
        1.6775599399310452,
        1.7485799373880084,
        1.804369935390317,
        1.8263599346029138,
        1.9114299315567838,
        1.9634199296951602,
        2.0028099282847096,
        2.1437999232362333,
        2.1773199220359714,
        2.2161099206470047,
        2.2615499190199193,
        2.2804499183431606,
        2.325929916714643,
        2.3658299152859303,
        2.411589913647387,
        2.483089911087162,
        2.5004999104637564,
        2.5549299085147634,
        2.606479906668895,
        2.6237299060512185,
        2.7872699001952865,
        3.0368498912584916,
        3.121379888231697,
        3.1351098877400627,
        3.1848498859590055,
        3.2276698844257354,
        3.257929883342206,
        3.367549879417006,
        3.381569878914987,
        3.4396498768352965,
        3.4997898746818437,
        3.5314798735471093,
        3.6185998704275737,
        3.6417198695997084,
        3.688149867937174,
        3.7188198668389627,
        3.7879898643621694,
        3.8216698631561785,
        3.8365998626215743,
        3.854089861995304,
        3.884749860897452,
        3.9181498597014865,
        3.929519859294357,
        3.9970798568752133,
        4.054619854814859,
        4.090249853539044,
        4.111569852775632,
        4.117669852557207,
        4.246399847947729,
        4.2714498470507545,
        4.321799845247855,
        4.521639838092117,
        4.5951398354602775,
        4.712129831271178,
        4.726669830750539,
        4.7778898289164875,
        4.860329825964531,
        4.990799821292748,
        5.1212698166209645,
        5.127889816383919,
        5.1285198163613614,
        5.139229815977865,
        5.193559814032452,
        5.238639812418257,
        5.241309812322652,
        5.271809811230527,
        5.289489810597455,
        5.33093980911324,
        5.453459804726125,
        5.473279804016424,
        5.571279800507305,
        5.6169297988727,
        5.622189798684354,
        5.644319797891937,
        5.680069796611825,
        5.701069795859871,
        5.831719791181642,
        5.832169791165528,
        5.9807497858452745,
        6.267979775560334,
        6.301009774377617,
        6.329129773370716,
        6.352739772525304,
        6.540759765792809,
        6.643519762113247,
        6.697999760162464,
        6.763619757812786,
        6.782659757131014,
        6.788819756910441,
        6.909199752599954,
        7.137389744429078,
        9.20606967035516,
        9.687039653132905,
        11.810909577082777
    ],
    "et": [
        -605.107434301
    ],
    "fc": [
        0.0358,
        0.2396,
        1.2006,
        0.7655,
        0.4398,
        1.4633,
        0.7415,
        0.7589,
        8.8088,
        0.9523,
        12.0974,
        1.6279,
        3.9539,
        7.5877,
        8.4896
    ],
    "gap": 0.33189998811554516,
    "homo": -0.31830998860216686,
    "id": "AG7_00345",
    "ir": [
        37.4299,
        0.6647,
        10.1273,
        48.6526,
        244.4887,
        83.1499,
        3.2917,
        3.8965,
        140.2218,
        2.3376,
        248.9459,
        46.2642,
        54.3679,
        39.909,
        53.1578
    ],
    "lumo": 0.013589999513378304,
    "ma": [
        14.00307,
        31.97207,
        15.99491,
        15.99491,
        1.00783,
        1.00783,
        1.00783
    ],
    "mr": [
        1.246,
        2.6608,
        10.3934,
        4.3052,
        1.8893,
        3.3131,
        1.1305,
        1.1115,
        11.2003,
        1.2108,
        10.6834,
        1.0989,
        1.041,
        1.0455,
        1.0994
    ],
    "mu": 3.239612214447896,
    "mu_x": 3.1203,
    "mu_xx=": 1.65,
    "mu_xxx=": 4.1069,
    "mu_xxy=": 0.0035,
    "mu_xxz=": -5.5553,
    "mu_xy=": 0.0004,
    "mu_xyy=": 8.0898,
    "mu_xyz=": 0.0019,
    "mu_xz=": -4.1552,
    "mu_xzz=": -0.8538,
    "mu_y": 0.0,
    "mu_yy=": -3.9397,
    "mu_yyy=": -0.0018,
    "mu_yyz=": 0.1069,
    "mu_yz=": 0.0013,
    "mu_yzz=": -0.0005,
    "mu_z": 0.8711,
    "mu_zz=": 2.2897,
    "mu_zzz=": 1.6217,
    "na": 7,
    "ne": 42,
    "ne_down": 21,
    "ne_up": 21,
    "ni": 4,