{
    "A": 10.03872,
    "B": 5.08786,
    "C": 3.38859,
    "Cv": "16.161",
    "G": -593.459751,
    "H": -593.426714,
    "P": 1.0,
    "S": 0.00011080664095266052,
    "T": 298.15,
    "U": -593.427658,
    "U0": -593.432315,
    "alpha": 26.965999999999998,
    "alpha_xx": 53.893,
    "alpha_xy": -5.101,
    "alpha_xz": 52.758,
    "alpha_yy": -0.094,
    "alpha_yz": -0.423,
    "alpha_zz": 27.099,
    "bo": [
        0,
        2,
        0,
        0,
        1,
        1,
        0,
        0,
        2,
        0,
        1,
        1,
        0,
        0,
        0,
        0,
        0,
        1,
        0,
        0,
        0,
        0,
        1,
        1,
        0,
        1,
        0,
        0,
        0,
        0,
        0,
        0,
        1,
        0,
        0,
        0,
        0,
        0,
        0,
        0,
        1,
        0,
        0,
        0,
        0,
        0,
        0,
        0,
        0,
        0,
        1,
        0,
        0,
        0,
        0,
        0,
        0,
        0,
        1,
        0,
        0,
        0,
        0,
        0
    ],
    "coords": [
        1.110315,
        -1.236367,
        0.015835,
        0.471531,
        -0.069877,
        0.004315,
        1.021029,
        1.198032,
        -0.080822,
        -1.287928,
        -0.018546,
        0.002859,
        2.191384,
        -1.261102,
        0.039198,
        0.574211,
        -2.169104,
        -0.018341,
        2.013738,
        1.227425,
        0.099464,
        0.514305,
        1.915823,
        0.413947
    ],
    "e ne": -1706.201206968,
    "e_disp": -0.0037331066000092505,
    "e_k": 591.4876307937,
    "e_nn": 151.1167186682,
    "eigs": [
        -101.55840636346387,
        -14.337119486625927,
        -10.267859632335288,
        -10.157299636294145,
        -9.46418966111257,
        -7.22713974121537,
        -7.218469741525819,
        -7.218119741538351,
        -0.944919966164932,
        -0.8401499699164666,
        -0.7354499736654948,
        -0.5831799791178778,
        -0.5334699808978605,
        -0.48751998254320755,
        -0.43303998449399117,
        -0.39521998584822465,
        -0.3858199861848136,
        -0.31761998862687396,
        -0.30712998900249294,
        -0.22527999193332335,
        0.016379999413475836,
        0.02167999922369696,
        0.03349999880045424,
        0.08174999707275028,
        0.09869999646581593,
        0.12003999570168737,
        0.1867899933115477,
        0.23843999146209882,
        0.27294999022638766,
        0.3004799892406117,
        0.3025599891661324,
        0.3080099889709824,
        0.3205899885205261,
        0.3514399874158698,
        0.36641998687947597,
        0.3810799863545403,
        0.3894599860544749,
        0.3964499858041816,
        0.43179998453839236,
        0.4381899843095835,
        0.45486998371231707,
        0.4798499828178498,
        0.48890998249343537,
        0.5103499817257261,
        0.5133299816190202,
        0.5177599814603937,
        0.5577699800277421,
        0.599519978532786,
        0.638769977127348,
        0.6648199761945669,
        0.7083199746369477,
        0.7228099741180993,
        0.7353899736676431,
        0.7831699719567686,
        0.8768199686034116,
        0.8913199680842052,
        0.9085599674668868,
        0.9285599667507402,
        0.9712799652210506,
        0.9872599646488495,
        1.0105799638138224,
        1.0450699625788273,
        1.0551899622164571,
        1.109179960283219,
        1.1524899587324033,
        1.1953099571991335,
        1.2224999562255316,
        1.2647699547119555,
        1.2876499538926838,
        1.3010099534142978,
        1.3429599519121798,
        1.3720299508712608,
        1.480229946996907,
        1.53759994494264,
        1.584079943278315,
        1.6135999422212826,
        1.6712199401580639,
        1.680469939826846,
        1.7233699382907115,
        1.8629199332937973,
        1.9084799316624155,
        1.9154699314121222,
        1.9330999307808387,
        1.9836999289689876,
        2.0061099281665453,
        2.020919927636238,
        2.0844899253599665,
        2.088889925202414,
        2.0994299248250043,
        2.134689923562438,
        2.19848992127793,
        2.2042699210709635,
        2.2241799203580395,
        2.248769919477537,
        2.276849918472067,
        2.2786799184065396,
        2.2997199176531535,
        2.364599915329973,
        2.4528799121689016,
        2.488709910885925,
        2.5159899099091008,
        2.551709908630063,
        2.6134999064175277,
        2.6761799041731233,
        2.7328099021453545,
        2.744449901728557,
        2.826879898776958,
        2.83498989848656,
        2.8981398962253273,
        2.930049895082715,
        2.9447898945549147,
        2.9753598934602845,
        3.0011498925368136,
        3.0551698906025013,
        3.080849889682969,
        3.110759888611971,
        3.135639887721085,
        3.2006198853943237,
        3.225609884499499,
        3.237339884079479,
        3.2592298832956565,
        3.2782998826128105,
        3.305429881641357,
        3.3210798810809723,
        3.341279880357664,
        3.4092998779220496,
        3.441539876767621,
        3.457029876212965,
        3.4895698750477946,
        3.55478987271244,
        3.6044298709349634,
        3.6556898690994797,
        3.6781898682938143,
        3.7156798669513975,
        3.7407098660551403,
        3.7614898653110633,
        3.8371898626004484,
        3.886599860831208,
        3.904719860182379,
        3.9197298596449106,
        3.9580198582738477,
        4.008779856456267,
        4.041289855292171,
        4.074469854104083,
        4.083719853772865,
        4.1557698511929475,
        4.172519850593174,
        4.223239848777026,
        4.291969846315988,
        4.33588984474333,
        4.364819843707424,
        4.471829839875681,
        4.513069838398986,
        4.579669836014217,
        4.75833982961652,
        4.798839828166324,
        4.832269826969285,
        4.846699826452584,
        4.9363698232417415,
        4.964159822246654,
        5.032149819812114,
        5.073269818339716,
        5.13079981627972,
        5.184279814364745,
        5.300359810208229,
        5.365209807886123,
        5.490639803394808,
        5.587989799908964,
        5.644689797878688,
        5.702039795825138,
        5.77637979316322,
        5.9166197881416,
        6.0125597847062435,
        6.039139783754485,
        6.269049775522021,
        6.436479769526798,
        6.73420975886588,
        9.330889665885687,
        13.260969525159991,
        14.000539498677961
    ],
    "et": [
        -593.49189694
    ],
    "fc": [
        0.0454,
        0.3546,
        0.3245,
        0.4005,
        0.298,
        0.9148,
        0.3854,
        0.5256,
        0.9067,
        1.2562,
        2.1318,
        1.419,
        1.8194,
        8.8475,
        6.2397,
        6.9883,
        7.7249,
        8.5882
    ],
    "gap": 0.2416599913467992,
    "homo": -0.22527999193332335,
    "id": "AG7_09900",
    "ir": [
        35.5978,
        1.3613,
        3.8298,
        83.7268,
        145.6041,
        48.0124,
        36.9949,
        74.9693,
        8.6081,
        16.2021,
        89.2759,
        1.5772,
        41.4665,
        212.456,
        4.6495,
        1.6542,
        19.4054,
        18.4467
    ],
    "lumo": 0.016379999413475836,
    "ma": [
        12.0,
        12.0,
        14.00307,
        34.96885,
        1.00783,
        1.00783,
        1.00783,
        1.00783
    ],
    "mr": [
        1.0394,
        4.033,
        3.0215,
        2.3974,
        1.352,
        3.6774,
        1.2875,
        1.3958,
        1.5859,
        1.7236,
        2.1819,
        1.1645,
        1.1484,
        5.2164,
        1.0628,
        1.1134,
        1.0466,
        1.0988
    ],
    "mu": 2.2082315141307083,