{
    "A": 45.83225,
    "B": 1.69722,
    "C": 1.63935,
    "Cv": "16.372",
    "G": -2707.378836,
    "H": -2707.344216,
    "P": 1.0,
    "S": 0.00011611604896831929,
    "T": 298.15,
    "U": -2707.345161,
    "U0": -2707.350173,
    "alpha": 37.14433333333333,
    "alpha_xx": 80.695,
    "alpha_xy": 2.427,
    "alpha_xz": 43.835,
    "alpha_yy": -0.28,
    "alpha_yz": -0.051,
    "alpha_zz": 31.018,
    "bo": [
        0,
        1,
        0,
        0,
        1,
        1,
        0,
        0,
        1,
        0,
        2,
        0,
        0,
        0,
        1,
        0,
        0,
        2,
        0,
        1,
        0,
        0,
        0,
        1,
        0,
        0,
        1,
        0,
        0,
        0,
        0,
        0,
        1,
        0,
        0,
        0,
        0,
        0,
        0,
        0,
        1,
        0,
        0,
        0,
        0,
        0,
        0,
        0,
        0,
        1,
        0,
        0,
        0,
        0,
        0,
        0,
        0,
        0,
        1,
        0,
        0,
        0,
        0,
        0
    ],
    "coords": [
        -2.941005,
        -0.009746,
        -0.081982,
        -1.595003,
        -0.340042,
        0.006607,
        -0.583098,
        0.525374,
        0.026422,
        1.233303,
        -0.047571,
        -0.00928,
        -3.171748,
        0.95258,
        0.11332,
        -3.56915,
        -0.650413,
        0.376428,
        -1.395893,
        -1.404291,
        0.000205,
        -0.692829,
        1.598714,
        0.03195
    ],
    "e ne": -6893.372053858,
    "e_disp": -0.0036509596000087186,
    "e_k": 2703.115490731,
    "e_nn": 215.342581566,
    "eigs": [
        -482.84887271046756,
        -62.49690776215214,
        -56.31302798358041,
        -56.30947798370753,
        -56.30945798370824,
        -14.334799486709,
        -10.218579634099873,
        -10.20309963465417,
        -8.68558968899216,
        -6.514439766735257,
        -6.503029767143819,
        -6.502969767145968,
        -2.6297699058349417,
        -2.6264199059548967,
        -2.626369905956687,
        -2.6172599062828916,
        -2.61724990628325,
        -0.9251499668728431,
        -0.8067899711109994,
        -0.7123399744930022,
        -0.592559978782005,
        -0.5252599811918386,
        -0.4969799822044701,
        -0.4190699849942197,
        -0.3799699863942865,
        -0.36356998698152687,
        -0.3038599891195829,
        -0.2801399899689329,
        -0.2118199924152901,
        -1.999999928385328e-05,
        0.015669999438899046,
        0.04168999850719216,
        0.0552599980212866,
        0.09154999672183839,
        0.1132499959448192,
        0.1951299930129145,
        0.22331999200350572,
        0.2510199910116425,
        0.26366999055867973,
        0.27365999020096443,
        0.2900199896151564,
        0.30523998907016875,
        0.3163999886705589,
        0.3251599883568866,
        0.34644998759454837,
        0.369679986762744,
        0.3894799860537587,
        0.3979299857511868,
        0.40389998553741696,
        0.42841998465942116,
        0.44279998414451166,
        0.4794299828328889,
        0.48530998262234176,
        0.4966899822148543,
        0.5064399818657327,
        0.5257699811735769,
        0.5380099807352952,
        0.6194899778177134,
        0.6414199770324586,
        0.6520599766514684,
        0.676239975785647,
        0.7140899744303395,
        0.7374399735942381,
        0.7999899713544892,
        0.8359499700668573,
        0.8607999691770452,
        0.9047999676015225,
        0.963349965505003,
        0.9807099648833874,
        0.9982399642556848,
        1.0214899634231644,
        1.0558399621931822,
        1.0848399611547697,
        1.109319960278206,
        1.1485299588742004,
        1.1714299580542122,
        1.204299956877225,
        1.2558099550327895,
        1.3134699529681382,
        1.342279951936529,
        1.385789950378552,
        1.4119399494421898,
        1.483809946868717,
        1.4982099463530911,
        1.4999699462900702,
        1.5278699452910456,
        1.547869944574899,
        1.56266994404495,
        1.5879299431404572,
        1.609039942384564,
        1.6335399415072844,
        1.6522099408387614,
        1.6927899393856995,
        1.7185599384629449,
        1.7392899377206585,
        1.7493499373604366,
        1.7700099366206572,
        1.7764899363886255,
        1.8318299344070477,
        1.8946599321572728,
        1.9072199317075325,
        1.9982399284483487,
        2.055459926399453,
        2.115059924265336,
        2.196559921347038,
        2.2220899204328766,
        2.27260991862389,
        2.3312699165234316,
        2.404179913912719,
        2.4277799130676656,
        2.478429911254024,
        2.51717990986649,
        2.5969699070094223,
        2.6345399056641408,
        2.7552699013411215,
        2.815979899167258,
        2.822259898942388,
        2.8399598983085976,
        2.8525698978570677,
        2.892939896411525,
        2.918979895479102,
        2.9390698947597333,
        2.9677298937334946,
        2.994639892769919,
        3.0451998909595,
        3.0617698903661728,
        3.1216498882220294,
        3.1492398872341045,
        3.1800798861298065,
        3.2052098852299684,
        3.250049883624367,
        3.2816898824914236,
        3.307379881571533,
        3.3230698810097157,
        3.3507798800174946,
        3.403729878121496,
        3.4317798771171004,
        3.4653698759143317,
        3.5174898740480534,
        3.5275498736878323,
        3.613989870592645,
        3.6205398703581078,
        3.622659870282196,
        3.6827698681298173,
        3.7499798657232057,
        3.759059865398075,
        3.839409862520956,
        3.8726398613310784,
        3.9053198601608945,
        3.9146998598250216,
        3.96565985800028,
        3.9904898571111835,
        4.01683985616766,
        4.0868398536611465,
        4.115179852646366,
        4.1613698509924255,
        4.206219849386467,
        4.223489848768074,
        4.2762898468774475,
        4.318149845378552,
        4.38249984307435,
        4.4595098403168265,
        4.4907998391964155,
        4.598999835322061,
        4.711149831306269,
        4.7222398309091655,
        4.770889829167138,
        4.859199826004994,
        4.9285398235221125,
        4.97544982184239,
        4.984879821504728,
        5.066569818579626,
        5.102569817290561,
        5.1850098143386045,
        5.2863898107084575,
        5.455139804665969,
        5.4909798033826345,
        5.637109798150108,
        5.675229796785132,
        5.760509793731482,
        5.869229789838509,
        5.92025978801126,
        6.029239784108977,
        6.329479773358183,
        6.420429770101506,
        6.751459758248203,
        10.11470963781918,
        12.951259536249882,
        13.730239508356682
    ],
    "et": [
        -2707.40966992
    ],
    "fc": [
        0.0727,
        0.1344,
        0.1238,
        0.2172,
        0.2846,
        0.5782,
        1.1965,
        0.643,
        0.9871,
        1.6362,
        1.5043,
        1.3116,
        1.961,
        6.0911,
        6.4732,
        6.6093,
        7.7584,
        8.613
    ],
    "gap": 0.21179999241600625,
    "homo": -0.2118199924152901,
    "id": "AG7_06723",
    "ir": [
        7.5692,
        6.7246,
        45.9756,
        16.1667,
        255.1496,
        55.3216,
        19.6893,
        40.8539,
        15.2575,
        96.817,
        4.5373,
        9.4423,
        20.808,
        85.6782,
        2.0672,
        20.2722,
        19.693,
        16.1629
    ],
    "lumo": -1.999999928385328e-05,
    "ma": [
        14.00307,
        12.0,
        12.0,
        78.91834,
        1.00783,
        1.00783,
        1.00783,
        1.00783
    ],