{
    "A": 54.47379,
    "B": 2.88921,
    "C": 2.75066,
    "Cv": "16.186",
    "G": -564.108403,
    "H": -564.075101,
    "P": 1.0,
    "S": 0.00011169545530751337,
    "T": 298.15,
    "U": -564.076045,
    "U0": -564.081028,
    "alpha": 35.092000000000006,
    "alpha_xx": 80.174,
    "alpha_xy": 1.096,
    "alpha_xz": 36.946,
    "alpha_yy": -0.457,
    "alpha_yz": 0.187,
    "alpha_zz": 25.559,
    "bo": [
        0,
        1,
        0,
        0,
        1,
        1,
        0,
        1,
        0,
        2,
        0,
        0,
        0,
        0,
        0,
        2,
        0,
        1,
        0,
        0,
        0,
        0,
        0,
        1,
        0,
        0,
        0,
        1,
        1,
        0,
        0,
        0,
        0,
        0,
        0,
        1,
        0,
        0,
        0,
        0,
        0,
        0,
        0,
        0,
        0,
        1,
        0,
        0,
        0
    ],
    "coords": [
        -1.438235,
        -0.077536,
        -0.554209,
        -0.11947,
        -0.408458,
        -0.556696,
        0.536217,
        0.208041,
        0.295267,
        2.243097,
        -0.16181,
        0.187271,
        -2.001366,
        -0.83701,
        -0.902545,
        -1.765747,
        0.35448,
        0.305571,
        2.545503,
        0.635894,
        1.225241
    ],
    "e ne": -1642.097030673,
    "e_disp": -0.0017078477999916686,
    "e_k": 562.073806834,
    "e_nn": 153.7226282868,
    "eigs": [
        -88.91096681633502,
        -14.401009484338196,
        -14.374549485285659,
        -14.361569485750438,
        -7.961639714914882,
        -5.9267197877799465,
        -5.922619787926755,
        -5.916329788151984,
        -1.0799099613312997,
        -0.9063999675442307,
        -0.7527099730474601,
        -0.6216099777418018,
        -0.5488599803467856,
        -0.48327998269503064,
        -0.44846998394148396,
        -0.4344499844435029,
        -0.3659599868959473,
        -0.3126799888037622,
        -0.2551999908619678,
        -0.23098999172886345,
        -0.03208999885094259,
        -0.008699999688476177,
        0.028969998962661475,
        0.050479998192445676,
        0.08788999685289324,
        0.1833199934357992,
        0.21296999237411166,
        0.2631099905787318,
        0.27839999003123767,
        0.29742998934982406,
        0.31723998864048075,
        0.3214999884879415,
        0.33759998791144336,
        0.3778499864701981,
        0.389309986059846,
        0.40801998538989076,
        0.4224899848717586,
        0.43300998449506545,
        0.467829983248254,
        0.4876699825378364,
        0.5103999817239356,
        0.5202699813705173,
        0.5514299802547606,
        0.5598499799532629,
        0.6006699784916075,
        0.6212499777546925,
        0.661809976302347,
        0.693979975150425,
        0.7431099733912105,
        0.8012799713082979,
        0.841609969864188,
        0.8507799695358347,
        0.9005999677519131,
        0.9348599665251539,
        0.949979965983747,
        0.999999964192664,
        1.0289599631556836,
        1.0619799619733252,
        1.1013199605646649,
        1.1875999574752076,
        1.2077999567518996,
        1.230649955933702,
        1.2753699543323977,
        1.298239953513484,
        1.364109951154855,
        1.4638299475841472,
        1.4839399468640617,
        1.5087799459746074,
        1.518679945620115,
        1.542119944780791,
        1.5620299440678669,
        1.592959942960346,
        1.616419942120306,
        1.6513899408681232,
        1.690009939485244,
        1.7346499378868048,
        1.7596099369930533,
        1.7696999366317574,
        1.7868899360162294,
        1.8209099347980637,
        1.8692899330657047,
        1.8770999327860496,
        1.9463399303067495,
        2.0059799281712003,
        2.0105499280075603,
        2.0806299254981826,
        2.0962099249403043,
        2.170949922264064,
        2.3746999149683186,
        2.4005699140419834,
        2.4215899132893135,
        2.5101899101167833,
        2.6068299066563623,
        2.820459899006841,
        2.9441398945781896,
        2.986799893050649,
        3.0428498910436477,
        3.072169889993776,
        3.146829887320401,
        3.167749886571311,
        3.193439885651421,
        3.2495998836404807,
        3.2769398826615084,
        3.2984998818895024,
        3.3531198799337054,
        3.4216798774787542,
        3.43753987691085,
        3.475919875536565,
        3.5178298740358795,
        3.5859898715952507,
        3.5878398715290074,
        3.622699870280764,
        3.629359870042287,
        3.63741986975368,
        3.6649898687664715,
        3.690929867837629,
        3.805729863726947,
        3.834889862682805,
        3.8453498623082605,
        3.8873198608054262,
        3.904989860172711,
        3.9540798584149286,
        3.9794998575047065,
        4.010299856401841,
        4.043019855230225,
        4.0931298534359195,
        4.108249852894512,
        4.131289852069511,
        4.155519851201899,
        4.190529849948284,
        4.242659848081647,
        4.268099847170709,
        4.389749842814747,
        4.414249841937467,
        4.502239838786779,
        4.528159837858653,
        4.5846698358351805,
        4.658189833202626,
        4.670729832753602,
        4.727429830723325,
        4.753969829772998,
        4.796409828253335,
        4.836229826827487,
        4.9208898237960375,
        4.931429823418629,
        5.096999817490008,
        5.179879814522296,
        5.192209814080792,
        5.287509810668353,
        5.377169807457867,
        5.48031980376434,
        5.569679800564597,
        5.6133297990016064,
        5.625379798570128,
        5.760739793723247,
        5.873359789690625,
        5.901439788685155,
        5.931289787616306,
        5.996489785281668,
        6.086109782072613,
        6.144249779990776,
        6.413359770354663,
        6.678079760875745,
        7.868989718232431,
        12.306829559325204,
        13.138429529547821
    ],
    "et": [
        -564.125740236
    ],
    "fc": [
        0.0461,
        0.1834,
        0.1345,
        0.5515,
        0.2163,
        0.3794,
        1.635,
        0.6805,
        2.6448,
        1.5347,
        8.9404,
        1.7879,
        4.4298,
        7.3556,
        8.5429
    ],
    "gap": 0.19889999287792087,
    "homo": -0.23098999172886345,
    "id": "AG7_15202",
    "ir": [
        4.4599,
        20.4426,
        30.3586,
        20.2755,
        54.5231,
        309.1398,
        13.4678,
        27.9695,
        42.3988,
        13.8207,
        29.149,
        28.8026,
        0.704,
        2.6187,
        37.5437
    ],
    "lumo": -0.03208999885094259,
    "ma": [
        14.00307,
        14.00307,
        14.00307,
        31.97207,
        1.00783,
        1.00783,
        1.00783
    ],
    "mr": [
        1.5431,
        3.7193,
        2.5369,
        4.6555,
        1.4654,
        1.5479,
        4.0613,
        1.191,
        3.3791,
        1.5741,
        6.1845,
        1.1521,
        1.0388,
        1.0496,
        1.0948
    ],
    "mu": 1.908120902878012,
    "mu_x": -1.398,
    "mu_xx=": 6.4961,
    "mu_xxx=": -17.4474,
    "mu_xxy=": 3.7424,
    "mu_xxz=": 7.94,
    "mu_xy=": 1.5151,
    "mu_xyy=": -2.8398,
    "mu_xyz=": 0.4401,
    "mu_xz=": -2.7338,
    "mu_xzz=": -2.7175,
    "mu_y": 0.8683,
    "mu_yy=": -2.0361,
    "mu_yyy=": 2.0492,
    "mu_yyz=": 0.6402,
    "mu_yz=": 0.0124,
    "mu_yzz=": 0.1599,
    "mu_z": 0.9657,
    "mu_zz=": -4.46,
    "mu_zzz=": 0.6851,
    "na": 7,
    "ne": 40,
    "ne_down": 20,
    "ne_up": 20,
    "ni": 4,