{
    "A": 31.62342,
    "B": 4.609,
    "C": 4.16514,
    "Cv": "16.437",
    "G": -171.911876,
    "H": -171.879237,
    "P": 1.0,
    "S": 0.0001094717424115962,
    "T": 298.15,
    "U": -171.880181,
    "U0": -171.885117,
    "alpha": 29.194999999999997,
    "alpha_xx": 57.98,
    "alpha_xy": -4.719,
    "alpha_xz": 34.933,
    "alpha_yy": -0.228,
    "alpha_yz": -0.428,
    "alpha_zz": 29.833,
    "bo": [
        0,
        3,
        0,
        0,
        1,
        0,
        0,
        0,
        0,
        3,
        0,
        1,
        0,
        0,
        0,
        0,
        0,
        0,
        0,
        1,
        0,
        1,
        0,
        1,
        1,
        0,
        0,
        0,
        0,
        1,
        0,
        0,
        0,
        0,
        1,
        1,
        1,
        0,
        0,
        0,
        0,
        0,
        0,
        0,
        0,
        0,
        0,
        1,
        0,
        0,
        0,
        0,
        0,
        0,
        0,
        0,
        1,
        0,
        0,
        0,
        0,
        0,
        0,
        0,
        0,
        0,
        1,
        0,
        0,
        0,
        0,
        0,
        0,
        0,
        0,
        1,
        0,
        0,
        0,
        0,
        0
    ],
    "coords": [
        1.945755,
        -0.226966,
        -0.016703,
        0.806039,
        0.145704,
        -0.005152,
        -0.581158,
        0.600436,
        0.042986,
        -1.519085,
        -0.51986,
        -0.113509,
        2.954044,
        -0.55729,
        -0.039278,
        -0.71826,
        1.175118,
        0.970533,
        -0.750057,
        1.298458,
        -0.781505,
        -2.470666,
        -0.177845,
        -0.047394,
        -1.389105,
        -1.187057,
        0.637909
    ],
    "e ne": -606.2707170225,
    "e_disp": -0.0028772680999935574,
    "e_k": 170.9012481235,
    "e_nn": 103.3092145096,
    "eigs": [
        -14.302379487869873,
        -10.223389633927638,
        -10.172729635741637,
        -10.16220963611833,
        -0.8923899680458914,
        -0.7591699728161447,
        -0.6820699755768903,
        -0.535299980832333,
        -0.5025499820050233,
        -0.4671299832733191,
        -0.4413299841971484,
        -0.40764998540313946,
        -0.2791399900047402,
        -0.27713999007635487,
        -0.2480799911169161,
        0.016629999404524,
        0.04338999844631968,
        0.05774999793212635,
        0.0738699973549121,
        0.07797999720774393,
        0.09911999645077686,
        0.12219999562434354,
        0.18991999319947075,
        0.19918999286753675,
        0.22753999185239876,
        0.2832199898586463,
        0.29403998947121096,
        0.3014099892073109,
        0.3140499887547061,
        0.3611199870692548,
        0.38496998621524986,
        0.40375998554243003,
        0.41290998521479283,
        0.42789998467804097,
        0.44946998390567666,
        0.45751998361742763,
        0.4834899826875111,
        0.5003199820848736,
        0.5320999809469165,
        0.5408699806328862,
        0.5568999800588945,
        0.5806599792081122,
        0.5982499785782612,
        0.6357799772344119,
        0.6469599768340859,
        0.6679699760817737,
        0.7290899738932294,
        0.8131399708836228,
        0.8305799702591428,
        0.8536699694323515,
        0.8718999687795838,
        0.8870299682378187,
        0.9075299675037684,
        0.9191399670880451,
        0.9317499666365145,
        0.9559099657714095,
        1.0032199640773642,
        1.0161199636154497,
        1.080979961292986,
        1.1040899604654784,
        1.121349959847444,
        1.1845899575829877,
        1.2023799569459754,
        1.2170999564188913,
        1.2498699552454848,
        1.2801099541626713,
        1.2975199535392652,
        1.3131499529795967,
        1.3340099522326556,
        1.3913199501805371,
        1.396649949989684,
        1.442859948335027,
        1.4936799465152981,
        1.5284299452709933,
        1.5580099442118123,
        1.6229799418854098,
        1.6618299404942949,
        1.674089940055297,
        1.7702799366109891,
        1.8084499352442232,
        2.0343599271549877,
        2.0457999267453517,
        2.10609992458617,
        2.204649921057357,
        2.2832599182425417,
        2.3906599143968337,
        2.3910299143835854,
        2.4237099132134015,
        2.4663899116851447,
        2.4832299110821485,
        2.503849910343802,
        2.5271599095091326,
        2.5455899088492036,
        2.560579908312451,
        2.5991499069313626,
        2.623309906066257,
        2.6529699050042117,
        2.7462599016637452,
        2.7676499008978266,
        2.7798399004613352,
        2.791039900060293,
        2.8252198988363983,
        2.8711098971931994,
        2.8734298971101264,
        2.8848698967004904,
        2.9123998957147146,
        2.938559894777994,
        2.9503198943569005,
        2.968099893720246,
        2.9819198932253888,
        2.999849892583363,
        3.021669891802047,
        3.0321798914257116,
        3.0916098892976818,
        3.106009888782056,
        3.1265798880454994,
        3.1471398873093,
        3.1632498867324443,
        3.262599883174986,
        3.2749498827327646,
        3.301749881773129,
        3.3374698804940905,
        3.3610598796493956,
        3.3771398790736127,
        3.393899878473482,
        3.4188498775800893,
        3.473029875640048,
        3.479359875413387,
        3.5079098743910877,
        3.5413098731951234,
        3.5670298722741585,
        3.59132987140404,
        3.629769870027606,
        3.7170398669026996,
        3.753539865595732,
        3.7825898645555287,
        3.8041998637817325,
        3.8351298626742114,
        3.849259862168254,
        3.895489860512881,
        3.912879859890191,
        3.9427598588202675,
        3.987579857215383,
        4.002609856677198,
        4.022899855950668,
        4.077389853999526,
        4.1057498529840295,
        4.1360798518979935,
        4.162359850956976,
        4.198889849648935,
        4.2475498479065505,
        4.2991698460581755,
        4.322889845208825,
        4.368389843579592,
        4.4093698421122065,
        4.429999841373501,
        4.484239839431312,
        4.549709837087006,
        4.642429833766949,
        4.758649829605421,
        4.826379827180189,
        4.9163898239571715,
        4.955389822560686,
        5.0111898205626355,
        5.0398698195356815,
        5.110809816995508,
        5.127059816413641,
        5.19982981380794,
        5.2389198124082315,
        5.3168098096191985,
        5.348079808499502,
        5.413389806160925,
        5.508559802753141,
        5.58988979984093,
        5.687979796328589,
        5.742499794376372,
        5.781529792978813,
        5.828189791308042,
        5.882529789362271,
        5.904259788584178,
        5.9563897867175415,
        6.031109784042018,
        6.099769781583487,
        6.127399780594129,
        6.159459779446146,
        6.840259755068511,
        8.100839709930499,
        12.314679559044114,
        13.106109530705115,
        16.73710940068868
    ],
    "et": [
        -171.958638912
    ],
    "fc": [
        0.0453,
        0.0522,
        0.1841,
        0.874,
        0.3164,
        0.3611,
        0.5268,
        1.4502,
        1.226,
        1.6058,
        0.9757,
        1.1604,
        1.639,
        1.4285,
        1.7474,
        17.1391,
        5.4838,
        5.8758,
        8.2509,
        7.508,
        8.2029
    ],
    "gap": 0.26470999052144006,
    "homo": -0.2480799911169161,
    "id": "AG7_00911",