{
    "A": 25.88444,
    "B": 3.00373,
    "C": 2.80336,
    "Cv": "14.114",
    "G": -841.9651,
    "H": -841.932199,
    "P": 1.0,
    "S": 0.0001103504947175517,
    "T": 298.15,
    "U": -841.933143,
    "U0": -841.937585,
    "alpha": 34.702,
    "alpha_xx": 62.701,
    "alpha_xy": -0.637,
    "alpha_xz": 45.555,
    "alpha_yy": 0.0,
    "alpha_yz": 0.0,
    "alpha_zz": 41.405,
    "bo": [
        0,
        1,
        1,
        1,
        1,
        0,
        0,
        1,
        0,
        0,
        0,
        0,
        1,
        1,
        1,
        0,
        0,
        0,
        0,
        0,
        0,
        1,
        0,
        0,
        0,
        0,
        0,
        0,
        1,
        0,
        0,
        0,
        0,
        0,
        0,
        0,
        1,
        0,
        0,
        0,
        0,
        0,
        0,
        1,
        0,
        0,
        0,
        0,
        0
    ],
    "coords": [
        -0.708166,
        -0.09386,
        -0.102844,
        1.044125,
        -0.708209,
        -0.205807,
        -0.957443,
        1.568884,
        0.576603,
        -1.284231,
        -0.77328,
        0.51987,
        -1.13953,
        -0.089301,
        -1.100441,
        1.608067,
        0.451088,
        -0.79856,
        1.437178,
        -0.355321,
        1.111178
    ],
    "e ne": -2277.623895947,
    "e_disp": -0.0031568190999848866,
    "e_k": 839.4869199084,
    "e_nn": 139.1877360524,
    "eigs": [
        -101.54783636384238,
        -77.09655723937756,
        -10.244389633175684,
        -9.453439661497498,
        -7.21660974159242,
        -7.2074697419197005,
        -7.207439741920774,
        -6.560999765068068,
        -4.723289830871568,
        -4.722719830891978,
        -4.718539831041653,
        -0.851289969517573,
        -0.710729974550652,
        -0.6070199782642308,
        -0.4721799830924921,
        -0.42564998475860744,
        -0.39604998581850454,
        -0.3807899863649245,
        -0.31114998885854733,
        -0.30236998917293584,
        -0.2651699905049687,
        -0.017309999380175013,
        0.02615999906328009,
        0.036639998688019204,
        0.048009998280889796,
        0.07121999744980154,
        0.08083999710533496,
        0.18988999320054498,
        0.20832999254025766,
        0.2226799920264224,
        0.22603999190610974,
        0.24724999114663618,
        0.2660399904738163,
        0.30106998921948536,
        0.3216099884840027,
        0.33024998817462725,
        0.3510499874298347,
        0.35136998741837633,
        0.35985998711437206,
        0.378959986430452,
        0.4014999856233546,
        0.42498998478224026,
        0.44559998404425105,
        0.458559983580188,
        0.47298998306348816,
        0.5035599819688579,
        0.5827599791329168,
        0.6001599785098692,
        0.6120299780848361,
        0.6344899772806033,
        0.6388099771259156,
        0.7147399744070647,
        0.7408999734703448,
        0.7871299718149716,
        0.850329969551948,
        0.8787199685353776,
        0.9159399672026286,
        0.9443699661846261,
        0.965369965432672,
        0.9910599645127816,
        1.028499963172155,
        1.0373999628534698,
        1.077869961404347,
        1.0967999607265138,
        1.1566899585820125,
        1.1971199571343218,
        1.2106899566484164,
        1.229139955987771,
        1.294019953664591,
        1.3125999529992909,
        1.398189949934541,
        1.435529948597495,
        1.4456899482336922,
        1.4878799467229809,
        1.5246299454070613,
        1.5280699452838842,
        1.5886499431146757,
        1.6600299405587478,
        1.695319939295107,
        1.7227799383118378,
        1.7651999367928906,
        1.7754499364258653,
        1.9262999310243285,
        1.9294399309118937,
        1.9417599304707471,
        1.996969928493824,
        2.007109928130738,
        2.06104992619929,
        2.0830399254118865,
        2.0949099249868537,
        2.107219924546065,
        2.1118399243806354,
        2.1492199230421574,
        2.2210699204694,
        2.235849919940168,
        2.2532899193156877,
        2.272799918617087,
        2.2840399182146123,
        2.3494799158713797,
        2.3785199148315352,
        2.4134999135789945,
        2.4484399123278866,
        2.6607499047256304,
        2.6990899033527773,
        2.7495699015452226,
        2.771649900754597,
        2.85522989776182,
        2.9176498955267265,
        2.9991498926084286,
        3.056159890567052,
        3.0887298894008066,
        3.1297698879312743,
        3.1789498861702694,
        3.2108198850290894,
        3.2521298835498884,
        3.2531798835122907,
        3.3293798807837716,
        3.395669878410103,
        3.4088598779378043,
        3.4193098775636175,
        3.445069876641221,
        3.512399874230313,
        3.550419872868918,
        3.6195998703917667,
        3.6782698682909505,
        3.694939867694042,
        3.6950698676893867,
        3.722029866724021,
        3.776169864785412,
        3.8623798616984613,
        3.8797498610764882,
        3.9209998595994353,
        3.945909858707475,
        3.9664598579716337,
        3.97904985752082,
        4.060829854592496,
        4.099049853223939,
        4.11550985263455,
        4.142089851682791,
        4.179479850343955,
        4.259769847468983,
        4.305119845845121,
        4.626409834340582,
        4.730179830624855,
        4.736059830414309,
        4.7533498297952,
        4.970169822031454,
        5.016799820361757,
        5.088629817789716,
        5.1748598147020495,
        5.237309812465881,
        5.700329795886368,
        5.816379791730927,
        10.966359607323863
    ],
    "et": [
        -841.983585838
    ],
    "fc": [
        0.0337,
        0.2122,
        0.9927,
        0.2605,
        1.9269,
        0.5439,
        0.6787,
        0.7596,
        0.8254,
        1.0551,
        1.32,
        3.4819,
        3.534,
        5.9055,
        6.4365
    ],
    "gap": 0.24785999112479368,
    "homo": -0.2651699905049687,
    "id": "AZ7_89171",
    "ir": [
        5.3536,
        6.3135,
        18.3783,
        0.2124,
        30.6375,
        7.7887,
        14.863,
        14.6866,
        1.2348,
        12.723,
        3.596,
        33.0959,
        52.1816,
        7.6977,
        0.4779
    ],
    "lumo": -0.017309999380175013,
    "ma": [
        12.0,
        30.97376,
        34.96885,
        1.00783,
        1.00783,
        1.00783,
        1.00783
    ],
    "mr": [
        1.1609,
        6.2068,
        4.8471,
        1.0996,
        6.2345,
        1.2637,
        1.2774,
        1.0411,
        1.0235,
        1.1568,
        1.0765,
        1.0346,
        1.0419,
        1.0563,
        1.1097
    ],
    "mu": 1.13112293319515,
    "mu_x": -0.8608,
    "mu_xx=": -4.0235,
    "mu_xxx=": 15.2048,
    "mu_xxy=": -5.8422,
    "mu_xxz=": 0.0005,
    "mu_xy=": 1.4988,
    "mu_xyy=": 2.5346,
    "mu_xyz=": -0.0006,
    "mu_xz=": -0.0002,
    "mu_xzz=": 1.258,
    "mu_y": 0.7338,
    "mu_yy=": 2.2449,
    "mu_yyy=": 1.2975,
    "mu_yyz=": 0.0002,
    "mu_yz=": 0.0006,
    "mu_yzz=": 1.3547,
    "mu_z": -0.0001,
    "mu_zz=": 1.7785,
    "mu_zzz=": -0.0007,
    "na": 7,
    "ne": 42,
    "ne_down": 21,
    "ne_up": 21,
    "ni": 3,
    "oemga": [
        222.0118,
        240.8903,
        589.5784,
        634.075,
        724.2752,
        854.7158,
        949.5809,
        1112.8416,
        1169.9284,
        1244.2156,
        1442.5866,
        2390.0059,
        2399.3715,
        3080.4749,
        3137.5474
    ],
    "oemga0": 3137.5474,
    "qa": [
        -0.192563,
        0.034415,
        -0.161428,
        0.129789,
        0.129775,
        0.030018,
        0.029994
    ],
    "r2": 420.1273,