{
    "A": 62.29368,
    "B": 11.06094,
    "C": 9.3931,
    "Cv": "13.313",
    "G": -127.338151,
    "H": -127.307428,
    "P": 1.0,
    "S": 0.00010304544692267224,
    "T": 298.15,
    "U": -127.308372,
    "U0": -127.312892,
    "alpha": 21.006666666666668,
    "alpha_xx": 40.49,
    "alpha_xy": 0.0,
    "alpha_xz": 31.866,
    "alpha_yy": 0.003,
    "alpha_yz": 0.0,
    "alpha_zz": 22.527,
    "bo": [
        0,
        1,
        1,
        1,
        0,
        0,
        0,
        1,
        0,
        0,
        0,
        0,
        0,
        0,
        1,
        0,
        0,
        0,
        0,
        0,
        0,
        1,
        0,
        0,
        0,
        1,
        0,
        0,
        0,
        0,
        0,
        1,
        0,
        1,
        1,
        0,
        0,
        0,
        0,
        1,
        0,
        0,
        0,
        0,
        0,
        0,
        1,
        0,
        0
    ],
    "coords": [
        0.900472,
        -0.030248,
        -0.009088,
        0.16425,
        -0.43118,
        -0.859208,
        0.509614,
        0.449069,
        1.008145,
        2.255044,
        -0.113819,
        -0.187151,
        2.891994,
        -0.628878,
        -1.283769,
        2.25125,
        -1.05616,
        -2.196104,
        4.082476,
        -0.627184,
        -1.277625
    ],
    "e ne": -412.0019501126,
    "e_disp": -0.0024346639999990316,
    "e_k": 126.5453852812,
    "e_nn": 57.4485639955,
    "eigs": [
        -19.1659993137166,
        -6.786309757000318,
        -6.786299757000675,
        -1.0454099625666529,
        -0.5995499785317118,
        -0.48975998246299907,
        -0.44247998415596995,
        -0.42742998469487037,
        -0.4137999851829243,
        -0.342279987743865,
        -0.30669998901789003,
        -0.06401999770761434,
        -0.018999999319660614,
        0.07936999715797174,
        0.09857999647011283,
        0.10283999631757357,
        0.13751999507577517,
        0.1456099947860938,
        0.1644899941100513,
        0.17614999369253775,
        0.19047999317941866,
        0.2008399928084546,
        0.21045999246398805,
        0.22424999197020493,
        0.3192799885674337,
        0.33170998812234853,
        0.338059987894972,
        0.40407998553097163,
        0.41112998527852995,
        0.4303099845917453,
        0.4381899843095835,
        0.44844998394220015,
        0.4955299822563908,
        0.5019199820275819,
        0.5692199796177482,
        0.6034199783931372,
        0.6554299765307977,
        0.658109976434834,
        0.6911799752506855,
        0.752999973037076,
        0.761859972719823,
        0.8356799700765254,
        0.8426999698251579,
        0.9059999675585536,
        0.9283099667596919,
        0.9611399655841371,
        0.9675299653553282,
        0.9902499645417855,
        1.0205099634582555,
        1.0945599608067222,
        1.1122599601729324,
        1.1973099571275185,
        1.2481599553067153,
        1.2523699551559666,
        1.2960799535908278,
        1.2973599535449944,
        1.3001099534465244,
        1.320749952707461,
        1.4037299497361682,
        1.4410199484009127,
        1.4822299469252924,
        1.4905199466284496,
        1.496859946401431,
        1.5472599445967412,
        1.67965993985585,
        1.6862399396202377,
        1.7517099372759317,
        1.7667799367363148,
        1.7680599366904814,
        1.8143599350326018,
        1.8451099339315262,
        1.9190799312828575,
        1.925159931065149,
        1.9329699307854937,
        1.9365199306583776,
        1.9752699292708435,
        2.02886992735157,
        2.0479499266683665,
        2.0824899254315805,
        2.122669923992842,
        2.1677099223800798,
        2.1687199223439144,
        2.2920599179274377,
        2.3166899170455024,
        2.4510199122355036,
        2.5093099101482936,
        2.5861099073982907,
        2.6197199061948058,
        2.651319905063294,
        2.7011099032804466,
        2.790359900084642,
        2.800019899738743,
        3.0126898921235967,
        3.069449890091172,
        3.213829884921309,
        3.227299884438984,
        3.34893988008338,
        3.385199878785006,
        3.546189873020383,
        3.561909872457492,
        3.5873398715469116,
        3.6020098710216173,
        3.7009998674770492,
        3.722149866719724,
        3.7851398644642202,
        3.871229861381567,
        3.8896298607227116,
        3.9426598588238484,
        3.96830985790539,
        3.9861398572669455,
        4.00510985658768,
        4.007639856497088,
        4.0981798532550915,
        4.150979851364464,
        4.256829847574258,
        4.25834984751983,
        4.2780198468155,
        4.343369844475491,
        4.396849842560514,
        4.470099839937628,
        4.471579839884632,
        4.530489837775223,
        4.55959983673287,
        4.615449834733031,
        4.686279832196798,
        4.6955598318645055,
        4.834449826891225,
        4.845929826480157,
        5.107969817097202,
        5.269039811329714,
        5.275829811086583,
        5.304069810075384,
        5.522959802237516,
        5.60135979943022,
        5.679759796622925,
        5.730159794818236,
        5.934519787500648,
        6.333589773211014,
        6.571029764708921,
        6.584009764244142,
        6.843809754941396,
        7.1120897453350045,
        7.131989744622437,
        8.979959678451555,
        10.586069620941034,
        10.973859607055308
    ],
    "et": [
        -127.359301145
    ],
    "fc": [
        0.0126,
        0.0567,
        0.1671,
        0.7152,
        1.0111,
        0.9039,
        0.9566,
        1.3617,
        1.0393,
        1.4837,
        7.2183,
        4.021,
        4.1311,
        4.7153,
        4.7526
    ],
    "gap": 0.24267999131027568,
    "homo": -0.30669998901789003,
    "id": "AZ7_05372",
    "ir": [
        0.0,
        0.0527,
        0.6598,
        2.3655,
        6.6597,
        0.0001,
        124.6226,
        83.3142,
        0.0007,
        21.1802,
        626.7513,
        158.9223,
        50.1385,
        105.282,
        231.2848
    ],
    "lumo": -0.06401999770761434,
    "ma": [
        11.00931,
        1.00783,
        1.00783,
        15.99491,
        11.00931,
        1.00783,
        1.00783
    ],
    "mr": [
        1.0183,
        1.471,
        2.3753,
        1.2584,
        1.744,
        1.3386,
        1.396,
        1.9127,
        1.1413,
        1.4355,
        6.5452,
        1.0437,
        1.0518,
        1.1309,
        1.1336
    ],
    "mu": 0.4177,
    "mu_x": 0.0,
    "mu_xx=": -0.6972,
    "mu_xxx=": 0.0002,
    "mu_xxy=": 1.654,
    "mu_xxz=": -0.0006,
    "mu_xy=": 0.0,
    "mu_xyy=": 0.0001,
    "mu_xyz=": -0.0049,
    "mu_xz=": -0.0013,
    "mu_xzz=": 0.0,
    "mu_y": -0.4177,
    "mu_yy=": -1.7546,
    "mu_yyy=": 5.5326,
    "mu_yyz=": -0.0001,
    "mu_yz=": -0.0001,
    "mu_yzz=": 1.1209,
    "mu_z": 0.0,
    "mu_zz=": 2.4517,
    "mu_zzz=": -0.0003,
    "na": 7,
    "ne": 22,
    "ne_down": 11,
    "ne_up": 11,
    "ni": 3,
    "oemga": [
        144.9221,
        255.7934,
        345.5548,
        982.1434,
        991.97,
        1070.6042,
        1078.4638,
        1099.2377,
        1243.2116,
        1324.46,
        1368.1463,
        2557.1087,
        2581.8554,
        2660.2014,
        2667.5189
    ],
    "oemga0": 2667.5189,
    "qa": [
        0.064706,
        0.008384,
        0.011963,
        -0.170107,
        0.064706,
        0.008385,
        0.011963
    ],
    "r2": 166.3911,