{
    "A": 39.11786,
    "B": 9.78946,
    "C": 8.61399,
    "Cv": "12.996",
    "G": -171.01565,
    "H": -170.985238,
    "P": 1.0,
    "S": 0.00010200234781145102,
    "T": 298.15,
    "U": -170.986182,
    "U0": -170.990372,
    "alpha": 18.533333333333335,
    "alpha_xx": 31.274,
    "alpha_xy": 1.82,
    "alpha_xz": 25.828,
    "alpha_yy": -0.001,
    "alpha_yz": 0.0,
    "alpha_zz": 24.327,
    "bo": [
        0,
        1,
        0,
        1,
        1,
        0,
        0,
        0,
        1,
        0,
        1,
        0,
        0,
        1,
        1,
        0,
        0,
        1,
        0,
        0,
        0,
        0,
        0,
        1,
        1,
        0,
        0,
        0,
        0,
        0,
        0,
        0,
        1,
        0,
        0,
        0,
        0,
        0,
        0,
        0,
        0,
        1,
        0,
        0,
        0,
        0,
        0,
        0,
        0,
        1,
        0,
        0,
        0,
        0,
        0,
        0,
        0,
        0,
        1,
        0,
        0,
        0,
        0,
        0
    ],
    "coords": [
        1.103155,
        -0.142565,
        0.404322,
        -0.262029,
        -0.335834,
        0.034299,
        -0.811616,
        0.851422,
        -0.560714,
        1.188612,
        0.616785,
        1.069297,
        1.662011,
        0.097093,
        -0.40583,
        -0.83219,
        -0.602892,
        0.92998,
        -0.317369,
        -1.168549,
        -0.67435,
        -1.730574,
        0.684542,
        -0.797006
    ],
    "e ne": -565.7905882377,
    "e_disp": -0.0026518465999885166,
    "e_k": 170.0933862724,
    "e_nn": 82.3281982497,
    "eigs": [
        -19.116489315489417,
        -14.297039488061086,
        -10.239389633354723,
        -1.0161799636133013,
        -0.8769899685973245,
        -0.647619976810453,
        -0.5122799816566179,
        -0.509939981740407,
        -0.4477399839676234,
        -0.4007799856491359,
        -0.34794998754083745,
        -0.27377999019666754,
        -0.2607399906635952,
        0.0338199987889959,
        0.057039997957549556,
        0.0864099969058881,
        0.08965999678951427,
        0.1395699950023701,
        0.18002999355360527,
        0.20388999269924224,
        0.30014998925242803,
        0.3298099881903825,
        0.34555998762641693,
        0.3570199872160649,
        0.39684998578985864,
        0.42046998494408944,
        0.44683998399985,
        0.4652899833392046,
        0.47635998294281745,
        0.5007499820694765,
        0.5296599810342865,
        0.5531999801913817,
        0.5867399789904038,
        0.615299977967746,
        0.6329899773343145,
        0.6874099753856792,
        0.7087299746222667,
        0.748759973188899,
        0.7794499720899719,
        0.8403799699082309,
        0.8955199679338144,
        0.9854499647136608,
        0.9976999642750208,
        1.0274699632090365,
        1.0683299617459487,
        1.0788299613699717,
        1.0960299607540855,
        1.1496499588340963,
        1.18646995751567,
        1.2343399558015729,
        1.2625999547896574,
        1.2891899538375406,
        1.2909499537745195,
        1.306849953205183,
        1.3811899505432654,
        1.4452899482480153,
        1.487729946728352,
        1.550979944463538,
        1.6191899420211195,
        1.6322999415516855,
        1.6949799393072817,
        1.7417199376336467,
        1.8753599328483543,
        1.945209930347212,
        2.0323799272258865,
        2.035999927096264,
        2.108269924508468,
        2.215799920658105,
        2.313779917149702,
        2.411519913649893,
        2.5335099092817566,
        2.543759908914731,
        2.615829906334096,
        2.7062099030978293,
        2.806299899513873,
        2.874619897067516,
        2.877149896976923,
        2.888479896571226,
        2.9314498950325847,
        2.9565898941323883,
        2.9821998932153626,
        2.9857598930878884,
        3.067289890168516,
        3.0740798899253843,
        3.1494398872269436,
        3.2384798840386586,
        3.24922988365373,
        3.2833498824319833,
        3.3280798808303214,
        3.3462998801779116,
        3.3705298793103,
        3.3931098785017704,
        3.403939878113977,
        3.44308987671212,
        3.4569098762172623,
        3.499729874683992,
        3.5192498739850326,
        3.5967698712092475,
        3.6155298705375025,
        3.656339869076205,
        3.6998898675167955,
        3.775879864795796,
        3.803559863804649,
        3.8159098633624287,
        3.8294098628790296,
        3.875779861218643,
        3.9210698595969284,
        3.9279598593502163,
        3.9558998583497598,
        4.023879855915577,
        4.049359855003206,
        4.09588985333709,
        4.11057985281108,
        4.155739851194022,
        4.1931798498533945,
        4.214889849076017,
        4.319369845334867,
        4.327409845046977,
        4.38623984294043,
        4.3890998428380215,
        4.4282798414350895,
        4.585589835802238,
        4.666539832903634,
        4.714149831198847,
        4.755079829733253,
        4.769649829211541,
        4.879519825277388,
        4.910429824170583,
        4.987449821412702,
        5.0022298208834695,
        5.03596981967533,
        5.124119816518913,
        5.178249814580663,
        5.245899812158296,
        5.358089808141071,
        5.414529806120105,
        5.51918980237251,
        5.53538980179243,
        5.696819796012052,
        5.741549794410391,
        5.749139794138611,
        5.770859793360876,
        5.877879789528776,
        5.884999789273827,
        6.05582978315686,
        6.156819779540678,
        6.158619779476225,
        6.191589778295656,
        6.48221976788897,
        6.655109761698239,
        6.694109760301754,
        6.720149759369331,
        6.820329755782152,
        6.883049753536317,
        6.959649750793473,
        7.139409744356747,
        7.394339735228383,
        11.514689587689627,
        11.974389571228993,
        13.132309529766964
    ],
    "et": [
        -171.059470367
    ],
    "fc": [
        0.028,
        0.092,
        0.3419,
        0.7611,
        0.5988,
        2.941,
        1.4027,
        1.0744,
        1.3184,
        1.4122,
        1.5181,
        1.5389,
        1.8074,
        5.5623,
        5.9876,
        7.5468,
        8.2229,
        9.035
    ],
    "gap": 0.2945599894525911,
    "homo": -0.2607399906635952,
    "id": "AZ7_82171",
    "ir": [
        70.9043,
        94.066,
        61.043,
        124.1145,
        1.3143,
        173.8489,
        68.435,
        0.6375,
        67.0025,
        0.6598,
        16.5504,
        1.448,
        22.4946,
        71.3191,
        58.1575,
        0.4573,
        2.5861,
        9.4159
    ],
    "lumo": 0.0338199987889959,
    "ma": [
        14.00307,
        12.0,
        15.99491,
        1.00783,
        1.00783,
        1.00783,
        1.00783,
        1.00783
    ],
    "mr": [
        1.09,
        1.1152,
        2.6604,
        1.8004,
        1.1325,
        5.1464,
        2.0326,
        1.1772,
        1.3932,
        1.2434,
        1.2437,
        1.1222,
        1.092,
        1.0547,
        1.1112,
        1.0481,
        1.0933,
        1.0658
    ],
    "mu": 0.9862854860536071,
    "mu_x": 0.8096,
    "mu_xx=": -0.1692,
    "mu_xxx=": 17.0562,
    "mu_xxy=": -2.0567,
    "mu_xxz=": 0.001,
    "mu_xy=": 4.1872,
    "mu_xyy=": -0.9487,
    "mu_xyz=": -0.0004,
    "mu_xz=": -0.0016,
    "mu_xzz=": -1.5957,
    "mu_y": 0.5633,
    "mu_yy=": -0.5234,
    "mu_yyy=": -2.0835,
    "mu_yyz=": -0.0005,
    "mu_yz=": 0.0004,
    "mu_yzz=": -1.2263,
    "mu_z": 0.0001,
    "mu_zz=": 0.6926,
    "mu_zzz=": 0.0007,
    "na": 8,
    "ne": 26,
    "ne_down": 13,
    "ne_up": 13,
    "ni": 3,