{
    "A": 24.03698,
    "B": 7.02949,
    "C": 5.99374,
    "Cv": "15.954",
    "G": -442.390371,
    "H": -442.357433,
    "P": 1.0,
    "S": 0.00011047459332551222,
    "T": 298.15,
    "U": -442.358378,
    "U0": -442.363334,
    "alpha": 21.471333333333334,
    "alpha_xx": 32.231,
    "alpha_xy": -0.001,
    "alpha_xz": 31.412,
    "alpha_yy": -0.003,
    "alpha_yz": -1.209,
    "alpha_zz": 32.186,
    "bo": [
        0,
        1,
        0,
        1,
        0,
        0,
        0,
        1,
        0,
        1,
        0,
        1,
        1,
        0,
        0,
        1,
        0,
        0,
        0,
        0,
        1,
        1,
        0,
        0,
        0,
        0,
        0,
        0,
        0,
        1,
        0,
        0,
        0,
        0,
        0,
        0,
        1,
        0,
        0,
        0,
        0,
        0,
        0,
        0,
        1,
        0,
        0,
        0,
        0
    ],
    "coords": [
        -1.260009,
        -0.651672,
        -0.482574,
        -0.044216,
        0.416231,
        -0.141096,
        1.468794,
        -0.251296,
        -0.160672,
        -1.593665,
        -1.214077,
        0.218563,
        -0.05749,
        1.393418,
        -1.241495,
        -0.291632,
        1.029187,
        1.191967,
        1.778218,
        -0.721791,
        0.615307
    ],
    "e ne": -1289.92451328,
    "e_disp": -0.0027319073999905186,
    "e_k": 440.6947710312,
    "e_nn": 119.606962309,
    "eigs": [
        -66.16193763091718,
        -19.127939315079423,
        -19.127929315079783,
        -5.301729810159172,
        -3.6611498689039714,
        -3.660719868919369,
        -3.659469868964128,
        -1.0124899637454303,
        -0.9955699643512904,
        -0.5803099792206449,
        -0.5166799814990657,
        -0.44902998392143184,
        -0.3952899858457181,
        -0.3646299869435711,
        -0.3474999875569507,
        -0.3224999884521342,
        -0.31333998878012936,
        0.010259999632616732,
        0.03242999883876809,
        0.07763999721991843,
        0.09370999664449454,
        0.09827999648085503,
        0.11300999595341296,
        0.18830999325712056,
        0.22080999209338215,
        0.2540499909031463,
        0.270579990311251,
        0.2823999898880083,
        0.306569989022545,
        0.3302699881739112,
        0.3664299868791178,
        0.4064099854475406,
        0.42529998477114,
        0.5066899818567808,
        0.515399981544899,
        0.5162799815133885,
        0.589969978874746,
        0.6272199775409227,
        0.6387499771280641,
        0.6829499755453797,
        0.7157999743691088,
        0.7179999742903327,
        0.752049973071093,
        0.78379997193421,
        0.8072999710927377,
        0.8375599700092076,
        0.884269968336647,
        0.9313999666490472,
        0.9360999664807528,
        0.9597699656331931,
        0.9812699648633354,
        1.0137799636992388,
        1.0521699623245953,
        1.0542399622504741,
        1.122559959804117,
        1.1589799585000136,
        1.1743299579503712,
        1.2574099549754973,
        1.292259953727612,
        1.3074199531847728,
        1.3086599531403715,
        1.347599951746034,
        1.356589951424126,
        1.388899950267191,
        1.4587599477656905,
        1.5342899450611622,
        1.559019944175647,
        1.592299942983979,
        1.811199935145753,
        1.8737599329056462,
        1.899779931973939,
        1.9779199291759537,
        2.0130399279184004,
        2.0437499268187573,
        2.0633599261165747,
        2.142809923271682,
        2.2281399202162424,
        2.293199917886617,
        2.3367399163275655,
        2.3857999145708577,
        2.5830399075082187,
        2.618419906241355,
        2.6787799040800246,
        2.762649901076863,
        2.939199894755078,
        3.233949884200866,
        3.2349398841654167,
        3.241089883945201,
        3.2460798837665226,
        3.2703798828964046,
        3.2775598826393075,
        3.3284598808167143,
        3.382829878869869,
        3.4800098753901128,
        3.492589874939656,
        3.505039874493855,
        3.552979872777251,
        3.561629872467518,
        3.6339298698786475,
        3.636509869786264,
        3.745489865883981,
        3.7689898650425087,
        3.770129865001688,
        3.802389863846544,
        3.833779862722551,
        3.841449862447909,
        3.865559861584594,
        3.9435998587901895,
        3.9898398571344584,
        4.036139855476579,
        4.080739853879572,
        4.1103698528186,
        4.1283098521762165,
        4.1763898504545995,
        4.202329849525758,
        4.2899798463872445,
        4.3059298458161175,
        4.447019840764061,
        4.563869836579973,
        4.56872983640595,
        4.651759833432867,
        4.9140998240391704,
        5.066929818566735,
        5.165799815026463,
        5.175949814663019,
        5.260279811643386,
        5.2765598110604435,
        5.364699807904385,
        5.448929804888333,
        5.45685980460438,
        5.508989802737744,
        5.5217498022808424,
        6.410319770463517,
        6.449159769072761,
        6.468279768388125,
        6.511829766828716,
        6.557959765176922,
        6.566029764887957,
        6.588119764096973,
        6.626999762704784,
        6.665299761333363,
        6.667349761259958,
        6.6891097604807905,
        6.691039760411683,
        7.020659748608869,
        7.063529747073808,
        7.195599742344733,
        7.270869739649515,
        11.048159604394822,
        11.165849600180659
    ],
    "et": [
        -442.408427058
    ],
    "fc": [
        0.0073,
        0.0533,
        0.3867,
        0.2656,
        0.3471,
        2.8501,
        0.6188,
        0.6182,
        0.7842,
        0.6338,
        0.9651,
        2.9661,
        3.2342,
        9.5027,
        9.5114
    ],
    "gap": 0.3235999884127461,
    "homo": -0.31333998878012936,
    "id": "AZ7_98103",
    "ir": [
        55.1303,
        85.4988,
        81.7868,
        51.7252,
        173.7903,
        114.0964,
        115.8073,
        102.6748,
        0.9396,
        95.8766,
        244.5091,
        162.3957,
        102.9681,
        56.278,
        98.0166
    ],
    "lumo": 0.010259999632616732,
    "ma": [
        15.99491,
        27.97693,
        15.99491,
        1.00783,
        1.00783,
        1.00783,
        1.00783
    ],
    "mr": [
        1.1006,
        1.1535,
        6.0918,
        1.1856,
        1.0479,
        7.2935,
        1.4324,
        1.2604,
        1.5762,
        1.1488,
        1.7476,
        1.0399,
        1.0408,
        1.0668,
        1.0669
    ],
    "mu": 2.5919900732834606,
    "mu_x": -0.0026,
    "mu_xx=": -0.7788,
    "mu_xxx=": -0.0285,
    "mu_xxy=": -7.2003,
    "mu_xxz=": 8.8679,
    "mu_xy=": -0.0048,
    "mu_xyy=": 0.013,
    "mu_xyz=": -0.0001,
    "mu_xz=": -0.0045,
    "mu_xzz=": -0.0041,
    "mu_y": -0.9447,
    "mu_yy=": 0.882,
    "mu_yyy=": -9.1706,
    "mu_yyz=": 2.6172,
    "mu_yz=": -3.1265,
    "mu_yzz=": -5.364,
    "mu_z": 2.4137,
    "mu_zz=": -0.1032,
    "mu_zzz=": -0.5081,
    "na": 7,
    "ne": 34,
    "ne_down": 17,
    "ne_up": 17,
    "ni": 3,
    "oemga": [
        105.8307,
        280.1312,
        328.2458,
        616.6473,
        749.7626,
        814.3956,
        856.297,
        912.4379,
        918.9352,
        967.7044,
        968.1755,
        2200.256,
        2296.4992,
        3888.3553,
        3889.8916
    ],
    "oemga0": 3889.8916,
    "qa": [
        -0.355663,
        0.477461,
        -0.355625,
        0.190977,
        -0.04895,
        -0.09914,
        0.19094
    ],
    "r2": 240.2215,