{
    "A": 36.14094,
    "B": 22.33938,
    "C": 15.22405,
    "Cv": "9.076",
    "G": -132.628651,
    "H": -132.600739,
    "P": 1.0,
    "S": 9.361730672475732e-05,
    "T": 298.15,
    "U": -132.601684,
    "U0": -132.604856,
    "alpha": 18.164333333333335,
    "alpha_xx": 33.411,
    "alpha_xy": 1.149,
    "alpha_xz": 26.167,
    "alpha_yy": 0.0,
    "alpha_yz": -0.001,
    "alpha_zz": 21.082,
    "bo": [
        0,
        2,
        1,
        1,
        0,
        0,
        2,
        0,
        1,
        0,
        0,
        0,
        1,
        1,
        0,
        0,
        1,
        1,
        1,
        0,
        0,
        0,
        0,
        0,
        0,
        0,
        1,
        0,
        0,
        0,
        0,
        0,
        1,
        0,
        0,
        0
    ],
    "coords": [
        0.565074,
        0.492247,
        -4e-06,
        0.44055,
        -0.747988,
        -5.6e-05,
        -0.836171,
        0.129746,
        -7e-06,
        1.352682,
        1.232699,
        2.4e-05,
        -1.408915,
        0.140563,
        -0.919745,
        -1.408864,
        0.140842,
        0.919757
    ],
    "e ne": -436.2735462253,
    "e_disp": -0.0009589228000024264,
    "e_k": 131.8320849065,
    "e_nn": 63.9311409895,
    "eigs": [
        -14.338949486560399,
        -10.232279633609311,
        -10.211589634350165,
        -0.9948799643759976,
        -0.6460999768648803,
        -0.5912199788299868,
        -0.4720199830982213,
        -0.47014998316518103,
        -0.3776199864784338,
        -0.3074799889899603,
        -0.27921999000187564,
        -0.023059999174282832,
        0.053569998081801004,
        0.060589997830433506,
        0.09295999667135003,
        0.10595999620585467,
        0.140809994957969,
        0.22527999193332335,
        0.25265999095291847,
        0.2915199895614454,
        0.30560998905692005,
        0.3592999871344242,
        0.3698699867559406,
        0.4142199851678852,
        0.4445299840825649,
        0.45747998361885994,
        0.4585199835816203,
        0.46912998320170446,
        0.4970899822005313,
        0.525329981189332,
        0.548109980373641,
        0.6095399781739964,
        0.7015799748782892,
        0.7300599738584964,
        0.8451199697385042,
        0.8588499692468695,
        0.9053299675825445,
        0.9462399661176664,
        0.9471399660854397,
        0.9826299648146375,
        0.9964199643208542,
        1.0152499636466021,
        1.047039962508287,
        1.1536999586890764,
        1.1641899583134576,
        1.2211099562753038,
        1.2940499536635168,
        1.304369953293985,
        1.3746399507778038,
        1.3978599499463573,
        1.4441699482881196,
        1.4946299464812813,
        1.512799945830662,
        1.5838599432861928,
        1.6455499410772383,
        1.6695199402189362,
        1.774939936444127,
        2.1324299236433624,
        2.1526199229204126,
        2.206879920977506,
        2.3146699171178335,
        2.3412499161660745,
        2.3843499146227782,
        2.423809913209821,
        2.5071399102259955,
        2.6428099053680145,
        2.6632499046361127,
        2.664389904595292,
        2.6857299038311635,
        2.721229902560003,
        2.7957498998916406,
        2.8241998988729216,
        2.8746098970678737,
        2.8764598970016304,
        2.8815598968190126,
        2.9781598933600244,
        2.9879298930101865,
        3.020269891852177,
        3.0616898903690375,
        3.120079888278247,
        3.1290198879581297,
        3.1734398863675675,
        3.2413298839366074,
        3.261449883216164,
        3.3411298803630354,
        3.347859880122052,
        3.4786598754384523,
        3.4840898752440186,
        3.504879874499584,
        3.5550598727027722,
        3.6374798697515316,
        3.7172398668955378,
        3.7196598668088847,
        3.8004998639142196,
        3.8351298626742114,
        3.862349861699536,
        3.917529859723687,
        3.9427998588188355,
        3.9692898578702995,
        4.012729856314829,
        4.0270098558035,
        4.094019853404051,
        4.152269851318272,
        4.274389846945481,
        4.3206598452886755,
        4.390629842783236,
        4.392489842716634,
        4.419719841741601,
        4.560769836690976,
        4.737249830371698,
        4.786079828623226,
        4.862719825878952,
        4.875259825429927,
        4.885829825051444,
        4.9622998223132555,
        5.040609819509184,
        5.067279818554202,
        5.1847798143468395,
        5.204349813646091,
        5.269179811324702,
        5.285949810724213,
        5.3751598075298395,
        5.511479802648584,
        5.594209799686243,
        5.660409797315797,
        5.704639795732039,
        5.903969788594563,
        5.948499787000062,
        6.208559777688007,
        9.185189671102815,
        12.113629566243182,
        13.264609525029652
    ],
    "et": [
        -132.649573266
    ],
    "fc": [
        1.5455,
        0.4528,
        0.6661,
        0.8262,
        0.8476,
        0.9435,
        3.0794,
        1.4921,
        12.3986,
        5.8795,
        6.6567,
        6.687
    ],
    "gap": 0.25615999082759283,
    "homo": -0.27921999000187564,
    "id": "AZ7_09540",
    "ir": [
        15.0597,
        16.1255,
        0.3863,
        51.0194,
        0.8355,
        1.8247,
        11.0808,
        0.0003,
        11.1196,
        26.1461,
        21.8131,
        1.8666
    ],
    "lumo": -0.023059999174282832,
    "ma": [
        12.0,
        14.00307,
        12.0,
        1.00783,
        1.00783,
        1.00783
    ],
    "mr": [
        5.2729,
        1.1995,
        1.1639,
        1.4184,
        1.3262,
        1.2866,
        3.2533,
        1.1123,
        6.8553,
        1.0465,
        1.1209,
        1.112
    ],
    "mu": 2.15054994594406,
    "mu_x": 0.2035,
    "mu_xx=": 1.3906,
    "mu_xxx=": -1.2044,
    "mu_xxy=": -2.4933,
    "mu_xxz=": -0.0001,
    "mu_xy=": 2.3145,
    "mu_xyy=": -1.4037,
    "mu_xyz=": -0.0004,
    "mu_xz=": -0.0001,
    "mu_xzz=": 1.1005,
    "mu_y": -2.1409,
    "mu_yy=": -1.7967,
    "mu_yyy=": -3.2164,
    "mu_yyz=": 0.0002,
    "mu_yz=": -0.0003,
    "mu_yzz=": -0.0231,
    "mu_z": 0.0001,
    "mu_zz=": 0.4062,
    "mu_zzz=": 0.0001,
    "na": 6,
    "ne": 22,
    "ne_down": 11,
    "ne_up": 11,
    "ni": 3,
    "oemga": [
        705.3082,
        800.4586,
        985.5289,
        994.3044,
        1041.4798,
        1115.6642,
        1267.489,
        1508.8804,
        1752.0632,
        3087.921,
        3174.8722,
        3194.8156
    ],
    "oemga0": 3194.8156,
    "qa": [
        -0.038571,
        -0.132926,
        -0.151691,
        0.119327,
        0.101934,
        0.101926
    ],
    "r2": 118.561,