{
    "A": 24.51253,
    "B": 0.8581,
    "C": 0.83352,
    "Cv": "11.434",
    "G": -2909.094186,
    "H": -2909.059215,
    "P": 1.0,
    "S": 0.0001172933087358264,
    "T": 298.15,
    "U": -2909.060159,
    "U0": -2909.064163,
    "alpha": 44.12733333333333,
    "alpha_xx": 87.712,
    "alpha_xy": -0.364,
    "alpha_xz": 51.243,
    "alpha_yy": 0.0,
    "alpha_yz": 0.0,
    "alpha_zz": 44.67,
    "bo": [
        0,
        1,
        1,
        1,
        1,
        1,
        0,
        0,
        0,
        0,
        1,
        0,
        0,
        0,
        0,
        1,
        0,
        0,
        0,
        0,
        1,
        0,
        0,
        0,
        0
    ],
    "coords": [
        -0.070224,
        -0.192493,
        0.006803,
        -1.527925,
        1.093502,
        -0.041435,
        1.909329,
        0.67398,
        -0.02139,
        -0.156879,
        -0.755342,
        0.924988,
        -0.154301,
        -0.819648,
        -0.868967
    ],
    "e ne": -7384.456680873,
    "e_k": 2720.250206617,
    "e_nn": 258.4610167959,
    "eigs": [
        -482.86942270973174,
        -62.517557761412725,
        -56.33383798283527,
        -56.330087982969545,
        -56.32995798297419,
        -10.277419631992968,
        -8.70614968825596,
        -6.841359755029123,
        -6.5354697659822305,
        -6.523499766410843,
        -6.523059766426599,
        -4.843609826563229,
        -4.830179827044122,
        -4.829759827059161,
        -2.6506699050865685,
        -2.647319905206523,
        -2.646969905219056,
        -2.637419905561016,
        -2.6374099055613742,
        -1.9253999310565553,
        -1.9212599312047978,
        -1.9208999312176884,
        -1.9094099316291144,
        -1.9094099316291144,
        -0.828769970323954,
        -0.7280799739293947,
        -0.6441899769332722,
        -0.48137998276306454,
        -0.4220999848857234,
        -0.3912499859903798,
        -0.29660998937918603,
        -0.2953499894243033,
        -0.26897999036854275,
        -0.26729999042869906,
        -0.06785999757011418,
        -0.010209999634407099,
        0.044929998391176396,
        0.07757999722206686,
        0.14513999480292322,
        0.20639999260936587,
        0.206649992600414,
        0.21526999229175475,
        0.22726999186206676,
        0.23463999159816668,
        0.24832999110796425,
        0.26732999042762484,
        0.26913999036281355,
        0.2849599897963415,
        0.29251998952563807,
        0.2970099893648631,
        0.3175599886290224,
        0.320339988529478,
        0.3864799861611808,
        0.3929399859298654,
        0.4197399849702288,
        0.433199984488262,
        0.4430299841362759,
        0.5107599817110451,
        0.5311399809812914,
        0.567599979675756,
        0.6623799762819367,
        0.6856799754476257,
        0.7316499738015626,
        0.7697499724373031,
        0.825519970440328,
        0.8910799680927991,
        0.9212399670128497,
        0.9237799669218992,
        0.9247799668860919,
        0.9436699662096912,
        0.9756299650652888,
        0.9930199644425992,
        1.0444899625995954,
        1.0611399620034034,
        1.0869399610795742,
        1.1537599586869278,
        1.1961399571694131,
        1.2041499568825964,
        1.2342399558051536,
        1.2959199535965569,
        1.3477499517406628,
        1.3618199512368538,
        1.4100699495091498,
        1.4362799485706395,
        1.4652499475333007,
        1.4845299468429354,
        1.494809946474836,
        1.5228299454715144,
        1.5388999448960905,
        1.5581999442050092,
        1.6227199418947196,
        1.632929941529127,
        1.6453899410829673,
        1.7282699381152553,
        1.750679937312813,
        1.7774799363531764,
        1.7946099357397969,
        1.811619935130714,
        1.9278099309702597,
        1.9326799307958777,
        2.0312699272656327,
        2.2131799207519203,
        2.22900992018509,
        2.3885999144705967,
        2.479169911227527,
        2.486769910955391,
        2.658659904800468,
        2.72764990233012,
        2.7450699017063562,
        2.818529899075949,
        2.82060989900147,
        2.86944989725264,
        2.9835998931652323,
        2.994729892766697,
        3.0260998916434203,
        3.184309885978342,
        3.1881698858401255,
        3.289079882226807,
        3.3549998798663876,
        3.387939878686894,
        3.427399877273937,
        3.6285598700709323,
        3.6893998678924143,
        3.7457698658739544,
        3.8581698618492104,
        3.90949986001122,
        3.950109858557084,
        4.045839855129247,
        4.0584198546787915,
        4.12951985213289,
        4.59743983537792,
        4.725039830808905,
        4.747949829988559,
        4.906789824300922,
        5.001269820917844,
        5.089499817758563,
        5.201749813739189,
        5.7656297935481495,
        10.911949609272138,
        58.26144791381269
    ],
    "et": [
        -2909.09166047
    ],
    "fc": [
        0.4936,
        0.913,
        1.5761,
        0.4402,
        0.7032,
        0.8979,
        1.2906,
        6.0958,
        6.8395
    ],
    "gap": 0.19943999285858488,
    "homo": -0.26729999042869906,
    "id": "AZ7_14129",
    "ir": [
        0.0645,
        5.7984,
        81.1602,
        5.7426,
        0.0246,
        87.1171,
        0.1056,
        0.7509,
        2.4921
    ],
    "lumo": -0.06785999757011418,
    "ma": [
        12.0,
        78.91834,
        126.9004,
        1.00783,
        1.00783
    ],
    "mr": [
        42.5803,
        5.8612,
        7.2388,
        1.2827,
        1.0149,
        1.1022,
        1.0789,
        1.0521,
        1.1174
    ],
    "mu": 1.3503679979916585,
    "mu_x": 0.1483,
    "mu_xx=": -1.2301,
    "mu_xxx=": 12.5032,
    "mu_xxy=": -10.8669,
    "mu_xxz=": 0.0001,
    "mu_xy=": -1.2319,
    "mu_xyy=": 0.6312,
    "mu_xyz=": 0.0,
    "mu_xz=": -0.0001,
    "mu_xzz=": 1.5537,
    "mu_y": 1.3422,
    "mu_yy=": 1.9163,
    "mu_yyy=": -4.3443,
    "mu_yyz=": -0.0001,
    "mu_yz=": 0.0,
    "mu_yzz=": -0.1393,
    "mu_z": 0.0,
    "mu_zz=": -0.6862,
    "mu_zzz=": 0.0,
    "na": 5,
    "ne": 68,
    "ne_down": 34,
    "ne_up": 34,
    "ni": 3,
    "oemga": [
        140.2652,
        514.1908,
        607.9017,
        763.235,
        1084.4644,
        1175.8355,
        1424.92,
        3135.948,
        3223.1005
    ],
    "oemga0": 3223.1005,
    "qa": [
        -0.246125,
        -0.058205,
        0.006116,
        0.149106,
        0.149107
    ],
    "r2": 870.6237,