{
    "A": 16.76991,
    "B": 4.28381,
    "C": 3.57307,
    "Cv": "15.079",
    "G": -836.810752,
    "H": -836.777075,
    "P": 1.0,
    "S": 0.0001129532114707748,
    "T": 298.15,
    "U": -836.778019,
    "U0": -836.782906,
    "alpha": 35.498666666666665,
    "alpha_xx": 68.259,
    "alpha_xy": -1.752,
    "alpha_xz": 45.464,
    "alpha_yy": -1.15,
    "alpha_yz": 0.594,
    "alpha_zz": 39.387,
    "bo": [
        0,
        1,
        0,
        1,
        1,
        1,
        0,
        1,
        0,
        1,
        0,
        0,
        0,
        0,
        0,
        1,
        0,
        0,
        0,
        0,
        1,
        1,
        0,
        0,
        0,
        0,
        0,
        0,
        1,
        0,
        0,
        0,
        0,
        0,
        0,
        1,
        0,
        0,
        0,
        0,
        0,
        0,
        0,
        0,
        1,
        0,
        0,
        0,
        0
    ],
    "coords": [
        1.665813,
        0.683448,
        -0.005819,
        0.477561,
        -0.705263,
        0.014156,
        -1.365222,
        0.249725,
        -0.087693,
        1.5735,
        1.287345,
        0.89393,
        2.654916,
        0.224426,
        -0.034762,
        1.524371,
        1.296602,
        -0.892269,
        -1.574608,
        0.443713,
        1.233411
    ],
    "e ne": -2282.197744831,
    "e_disp": -0.0026821132999828023,
    "e_k": 834.3070462115,
    "e_nn": 147.8925640188,
    "eigs": [
        -88.90951681638694,
        -88.90949681638766,
        -10.202579634672789,
        -7.959719714983631,
        -7.9582097150377,
        -5.924599787855857,
        -5.923689787888441,
        -5.920799787991925,
        -5.919389788042413,
        -5.914609788213572,
        -5.912559788286977,
        -0.8103999709817349,
        -0.7249399740418299,
        -0.6152599779691784,
        -0.4517599838236779,
        -0.4380499843145964,
        -0.41605998510199976,
        -0.37919998642185815,
        -0.3338199880467951,
        -0.2586599907380745,
        -0.24394999126480038,
        -0.03289999882193864,
        0.012599999548827566,
        0.02910999895764845,
        0.06754999758121445,
        0.09704999652489804,
        0.09970999642965052,
        0.1826999934579997,
        0.21447999232004258,
        0.2233499920024315,
        0.22793999183807584,
        0.2530899909375213,
        0.26642999045985144,
        0.2760699901146687,
        0.28557998977414095,
        0.3000699892552927,
        0.31100998886356046,
        0.3456299876239104,
        0.36280998700874045,
        0.38777998611463127,
        0.40778998539812644,
        0.43353998447608755,
        0.44828998394792935,
        0.4594299835490356,
        0.4635499834015094,
        0.47611998295141117,
        0.5597499799568436,
        0.5811399791909247,
        0.6040999783687884,
        0.6728099759084664,
        0.6888399753344746,
        0.7299699738617189,
        0.7589299728247384,
        0.7897499717211564,
        0.8503599695508737,
        0.8603999691913682,
        0.9009299677400967,
        0.9103699674020755,
        0.9648099654527241,
        0.9786199649582249,
        1.0350999629358264,
        1.0574599621351746,
        1.0754099614924328,
        1.1423199590965638,
        1.2162999564475372,
        1.2527999551405693,
        1.2890199538436278,
        1.2947299536391677,
        1.3288499524174215,
        1.4641899475712568,
        1.4865899467691723,
        1.4909399466134103,
        1.5186199456222635,
        1.529179945244138,
        1.5434199447342414,
        1.5815799433678337,
        1.5863999431952422,
        1.6061499424880474,
        1.618039942062298,
        1.6280999417020765,
        1.6495199409350834,
        1.6685399402540275,
        1.6880299395561427,
        1.7602999369683465,
        1.8073199352846856,
        1.836849934227295,
        1.8597699334065905,
        1.87128993299409,
        1.8846599325153461,
        1.9109399315743294,
        1.958269929879568,
        1.9799299291039811,
        2.000669928361337,
        2.038009927024291,
        2.1574899227460307,
        2.2339999200064113,
        2.2439599196497704,
        2.285879918148727,
        2.307119917388179,
        2.3663099152687423,
        2.42286991324348,
        2.455489912075445,
        2.6420799053941533,
        2.674739904224686,
        2.7018299032546658,
        2.7272799023433687,
        2.792659900002285,
        2.919129895473731,
        2.944429894567806,
        3.0319998914321573,
        3.0362198912810503,
        3.0666998901896423,
        3.087519889444134,
        3.1193198883054607,
        3.283929882411215,
        3.286399882322771,
        3.2921798821158044,
        3.319779881127522,
        3.394039878468469,
        3.4038298781179157,
        3.4526398763701596,
        3.497039874780314,
        3.5557098726794973,
        3.5666898722863327,
        3.629409870040497,
        3.6776698683124347,
        3.765359865172489,
        3.7896798643016547,
        3.827809862936321,
        3.8526998620450765,
        3.95527985837196,
        3.9743098576905465,
        3.9867298572458196,
        4.021499856000798,
        4.059819854628661,
        4.070729854238003,
        4.095829853339239,
        4.225169848707918,
        4.32104984527471,
        4.377699843246225,
        4.705919831493541,
        4.72054983096968,
        4.79440982832495,
        4.909559824201735,
        5.019819820253618,
        5.024169820097857,
        5.153159815479068,
        5.200689813777145,
        5.206069813584502,
        5.239929812372067,
        5.460019804491229,
        5.7800997930300175,
        5.801589792260517,
        12.521729551630207
    ],
    "et": [
        -836.830451102
    ],
    "fc": [
        0.0151,
        0.116,
        0.0642,
        3.1036,
        1.5338,
        0.4777,
        0.674,
        0.6937,
        1.229,
        1.3163,
        1.3561,
        4.1827,
        5.5838,
        6.3126,
        6.4162
    ],
    "gap": 0.21104999244286174,
    "homo": -0.24394999126480038,
    "id": "AZ7_97166",
    "ir": [
        0.4074,
        0.2013,
        12.9572,
        0.7709,
        1.7487,
        3.9752,
        3.6419,
        5.417,
        3.4353,
        8.1227,
        8.377,
        7.5285,
        17.7298,
        6.5222,
        6.9961
    ],
    "lumo": -0.03289999882193864,
    "ma": [
        12.0,
        31.97207,
        31.97207,
        1.00783,
        1.00783,
        1.00783,
        1.00783
    ],
    "mr": [
        1.0573,
        3.496,
        1.1053,
        21.7105,
        5.6514,
        1.0535,
        1.2205,
        1.2494,
        1.1568,
        1.0534,
        1.0549,
        1.0395,
        1.0292,
        1.1031,
        1.1083
    ],
    "mu": 1.7570148946437536,
    "mu_x": 1.0326,
    "mu_xx=": 2.1421,
    "mu_xxx=": 5.0753,
    "mu_xxy=": 2.1716,
    "mu_xxz=": 2.8318,
    "mu_xy=": 0.197,
    "mu_xyy=": 0.6971,
    "mu_xyz=": -0.9826,
    "mu_xz=": -1.5992,
    "mu_xzz=": -2.4647,
    "mu_y": 1.1847,
    "mu_yy=": -1.9415,
    "mu_yyy=": -0.3288,
    "mu_yyz=": 0.4548,
    "mu_yz=": 0.5606,
    "mu_yzz=": 2.5984,
    "mu_z": 0.7857,
    "mu_zz=": -0.2006,
    "mu_zzz=": 1.4429,
    "na": 7,
    "ne": 42,
    "ne_down": 21,
    "ne_up": 21,
    "ni": 3,
    "oemga": [
        155.9184,
        237.3491,
        314.0065,
        492.5759,
        678.7037,
        877.286,
        968.123,
        970.7586,
        1342.8125,
        1456.3219,
        1477.1423,
        2613.3675,
        3034.4407,
        3116.5368,
        3134.5893
    ],
    "oemga0": 3134.5893,
    "qa": [
        -0.268056,
        -0.047441,
        -0.123862,
        0.111148,
        0.106105,
        0.121022,
        0.101084
    ],
    "r2": 370.3144,