{
    "A": 42.01115,
    "B": 5.77162,
    "C": 5.39407,
    "Cv": "15.110",
    "G": -385.264296,
    "H": -385.232254,
    "P": 1.0,
    "S": 0.00010746939459999971,
    "T": 298.15,
    "U": -385.233198,
    "U0": -385.237867,
    "alpha": 32.086333333333336,
    "alpha_xx": 59.994,
    "alpha_xy": 3.653,
    "alpha_xz": 43.49,
    "alpha_yy": 0.007,
    "alpha_yz": -0.004,
    "alpha_zz": 36.258,
    "bo": [
        0,
        2,
        0,
        1,
        1,
        0,
        0,
        0,
        2,
        0,
        1,
        0,
        0,
        0,
        0,
        0,
        0,
        1,
        0,
        0,
        0,
        1,
        1,
        1,
        1,
        0,
        0,
        0,
        0,
        0,
        0,
        0,
        1,
        0,
        0,
        0,
        0,
        0,
        0,
        0,
        0,
        0,
        1,
        0,
        0,
        0,
        0,
        0,
        0,
        0,
        1,
        0,
        0,
        0,
        0,
        0,
        0,
        0,
        1,
        0,
        0,
        0,
        0,
        0
    ],
    "coords": [
        -1.435003,
        0.463726,
        0.018712,
        -0.693285,
        -0.407099,
        -0.508585,
        1.058895,
        -0.425509,
        -0.417923,
        -2.522895,
        0.401522,
        -0.087111,
        -1.069366,
        1.320974,
        0.604311,
        1.585754,
        -0.373075,
        -1.802045,
        1.467726,
        -1.700241,
        0.217767,
        1.608174,
        0.719703,
        0.367253
    ],
    "e ne": -1114.641930061,
    "e_disp": -0.002679884900004481,
    "e_k": 383.7929859436,
    "e_nn": 101.364316865,
    "eigs": [
        -66.13853763175509,
        -14.30910948762889,
        -10.23257963359857,
        -5.283329810818028,
        -3.642309869578582,
        -3.641299869614748,
        -3.6412498696165376,
        -0.9027399676752854,
        -0.6274199775337612,
        -0.5393699806865973,
        -0.4673699832647254,
        -0.425839984751804,
        -0.3775499864809403,
        -0.34598998761101984,
        -0.32398998839878124,
        -0.2525299909575734,
        -0.03909999859993316,
        0.020299999273111078,
        0.0589699978884414,
        0.0627299977538058,
        0.06281999775058315,
        0.07974999714436495,
        0.10789999613638844,
        0.17342999378993373,
        0.19138999314683397,
        0.19280999309598754,
        0.22663999188462536,
        0.23631999153801034,
        0.271809990267208,
        0.2822899898919471,
        0.3039899891149279,
        0.3125099888098494,
        0.3283999882408709,
        0.357269987207113,
        0.37940998641433865,
        0.4320899845280082,
        0.4482199839504359,
        0.464419983370357,
        0.4653399833374143,
        0.5231999812656019,
        0.5774499793230539,
        0.5992599785420958,
        0.599369978538157,
        0.6334199773189172,
        0.6408799770517944,
        0.6563299764985712,
        0.7336199737310222,
        0.749849973149869,
        0.800289971343747,
        0.8086999710426073,
        0.8543499694080025,
        0.8655199690080345,
        0.8937399679975514,
        0.908269967477271,
        0.9158399672062094,
        0.9502699659733628,
        0.984589964744455,
        1.0098099638413942,
        1.0099999638345907,
        1.0448099625881373,
        1.049479962420917,
        1.0744699615260918,
        1.14935995884448,
        1.1559999586067193,
        1.2230999562040472,
        1.250439955225075,
        1.295799953600854,
        1.299489953468725,
        1.317739952815241,
        1.3400699520156634,
        1.380599950564392,
        1.3885899502782912,
        1.4419999483658215,
        1.4482499481420257,
        1.5024999461994777,
        1.5357699450081677,
        1.5469399446081997,
        1.5707699437549107,
        1.6070199424568947,
        1.7477399374180866,
        1.7499199373400265,
        1.879909932685431,
        2.031919927242358,
        2.0670999259826557,
        2.2429199196870098,
        2.3035399175163693,
        2.306319917416825,
        2.426649913108128,
        2.4652899117245326,
        2.5366099091707532,
        2.5615299082784344,
        2.6429899053615693,
        2.6659099045408645,
        2.704559903156911,
        2.7986298997885153,
        2.8146898992134495,
        2.9078398958779963,
        2.916029895584734,
        2.965929893797948,
        2.9833498931741844,
        3.0224698917734014,
        3.0250098916824504,
        3.1063298887705977,
        3.145539887366592,
        3.215869884848262,
        3.228039884412487,
        3.2855098823546394,
        3.299499881853695,
        3.304679881668213,
        3.3221698810419427,
        3.3461998801814925,
        3.370729879303138,
        3.4005198782364383,
        3.4135398777702264,
        3.4286598772288195,
        3.541729873180084,
        3.542959873136041,
        3.5802098718022175,
        3.635309869829233,
        3.655939869090528,
        3.6723998685011394,
        3.6988098675554677,
        3.736909866191208,
        3.738969866117445,
        3.8065398636979433,
        3.8223598631314712,
        3.8400098624994716,
        3.8610298617468013,
        3.8750598612444245,
        3.926789859392111,
        3.9563598583332884,
        3.9572098583028517,
        4.035999855481592,
        4.0622198545427235,
        4.078299853966941,
        4.114109852684681,
        4.144689851589693,
        4.163689850909353,
        4.192759849868433,
        4.220019848892326,
        4.236919848287181,
        4.377139843266277,
        4.451209840614028,
        4.595509835447029,
        4.628449834267536,
        4.685319832231173,
        4.71462983118166,
        4.802059828051024,
        4.823639827278302,
        4.870229825610038,
        4.928189823534645,
        4.958969822432494,
        5.015509820407948,
        5.094379817583824,
        5.272989811188276,
        5.2991198102526305,
        5.353529808304353,
        5.412199806203536,
        5.57337980043211,
        5.700429795882787,
        5.809659791971552,
        6.345899772770227,
        9.649149654489644,
        13.407619519908845
    ],
    "et": [
        -385.292902082
    ],
    "fc": [
        0.0226,
        0.0811,
        0.1537,
        0.5453,
        0.7308,
        0.4249,
        0.5747,
        0.5606,
        0.5846,
        1.0003,
        1.2013,
        1.545,
        11.6481,
        2.8972,
        3.1048,
        3.0474,
        5.3996,
        5.9896
    ],
    "gap": 0.21342999235764024,
    "homo": -0.2525299909575734,
    "id": "AZ7_83890",
    "ir": [
        3.9422,
        5.2799,
        5.0542,
        48.7313,
        57.916,
        60.2078,
        165.4851,
        57.3885,
        159.083,
        13.6262,
        10.8487,
        14.5533,
        116.6677,
        130.9294,
        116.9976,
        82.0016,
        79.8493,
        58.2203
    ],
    "lumo": -0.03909999859993316,
    "ma": [
        12.0,
        14.00307,
        27.97693,
        1.00783,
        1.00783,
        1.00783,
        1.00783,
        1.00783
    ],
    "mr": [
        1.4461,
        2.3743,
        1.0381,
        1.9327,
        2.3834,
        1.2975,
        1.074,
        1.043,
        1.0768,
        1.3544,
        1.3712,
        1.1335,
        6.5476,
        1.0396,
        1.0515,
        1.0292,
        1.0611,
        1.1045
    ],
    "mu": 1.3967535895783478,
    "mu_x": 0.7193,
    "mu_xx=": 2.8368,
    "mu_xxx=": 12.2785,
    "mu_xxy=": 0.6742,
    "mu_xxz=": 0.0052,
    "mu_xy=": 1.3643,
    "mu_xyy=": 1.9227,
    "mu_xyz=": -0.0012,
    "mu_xz=": -0.0003,
    "mu_xzz=": 2.3802,
    "mu_y": 1.1973,
    "mu_yy=": -2.0569,
    "mu_yyy=": -0.7834,
    "mu_yyz=": -0.0002,
    "mu_yz=": -0.0009,
    "mu_yzz=": 0.2987,
    "mu_z": 0.0009,
    "mu_zz=": -0.7799,
    "mu_zzz=": -0.0022,