{
    "A": 285.43063,
    "B": 10.3369,
    "C": 9.97563,
    "Cv": "10.249",
    "G": -152.575296,
    "H": -152.547238,
    "P": 1.0,
    "S": 9.410699312431892e-05,
    "T": 298.15,
    "U": -152.548183,
    "U0": -152.551704,
    "alpha": 18.438666666666666,
    "alpha_xx": 39.1,
    "alpha_xy": 0.0,
    "alpha_xz": 18.263,
    "alpha_yy": 0.002,
    "alpha_yz": 0.0,
    "alpha_zz": 16.214,
    "bo": [
        0,
        2,
        0,
        1,
        1,
        2,
        0,
        2,
        0,
        0,
        0,
        2,
        0,
        0,
        0,
        1,
        0,
        0,
        0,
        0,
        1,
        0,
        0,
        0,
        0
    ],
    "coords": [
        1.207254,
        0.00017,
        -0.000174,
        -0.100794,
        -2.7e-05,
        -5.1e-05,
        -1.261338,
        -0.000206,
        7.5e-05,
        1.740523,
        -0.93699,
        -0.000274,
        1.740245,
        0.937489,
        -0.000281
    ],
    "e ne": -474.1683380228,
    "e_disp": -0.0007856771000049889,
    "e_k": 151.7104100901,
    "e_nn": 58.6778031321,
    "eigs": [
        -19.194159312708262,
        -10.297729631265721,
        -10.18005963547917,
        -1.1221099598202302,
        -0.7807299720441386,
        -0.5435999805351321,
        -0.49295998234841565,
        -0.4906099824325628,
        -0.456249983662903,
        -0.4104699853021628,
        -0.24891999108683793,
        -0.03970999857809068,
        0.045659998365037036,
        0.054929998033103035,
        0.11028999605080891,
        0.13312999523296934,
        0.1977799929180251,
        0.2787999900169147,
        0.2998099892646026,
        0.3299099881868018,
        0.35483998729412486,
        0.361369987060303,
        0.45751998361742763,
        0.467149983272603,
        0.4676499832546993,
        0.499589982111013,
        0.505869981886143,
        0.6008399784855202,
        0.6608699763360059,
        0.6665399761329782,
        0.699979974935581,
        0.7071899746774101,
        0.7962699714876926,
        0.8075299710845019,
        0.8747799686764587,
        0.9906899645260303,
        1.000679964168315,
        1.055609962201418,
        1.0978399606892741,
        1.1575999585494277,
        1.2578699549590262,
        1.258589954933245,
        1.2869799539166746,
        1.35956995131742,
        1.4180499492234073,
        1.4625599476296227,
        1.5967299428253523,
        1.6077099424321877,
        1.7876899359875835,
        1.9155499314092577,
        2.0415599268971754,
        2.053269926477871,
        2.054099926448151,
        2.1332999236122103,
        2.265119918892087,
        2.26907991875029,
        2.31106991724674,
        2.4248299131732973,
        2.4433899125087133,
        2.5546399085251474,
        2.60842990659907,
        2.615309906352716,
        2.6409599054342583,
        2.702029903247504,
        2.7316999021851003,
        2.7670799009182363,
        2.837389898400623,
        2.9020498960853205,
        2.960589893989159,
        2.9781398933607397,
        2.979239893321352,
        3.0529298906827096,
        3.057469890520144,
        3.0744398899124943,
        3.145709887360505,
        3.279659882564112,
        3.3429898802964337,
        3.3871498787151824,
        3.43587987697029,
        3.547349872978846,
        3.561229872481841,
        3.7189498668343073,
        3.745909865868942,
        3.825819863007578,
        3.859119861815193,
        3.970129857840221,
        3.998479856825083,
        4.080919853873127,
        4.161769850978103,
        4.263289847342942,
        4.292199846307752,
        4.442649840920539,
        4.6203398345579325,
        4.689789832071114,
        4.832599826957469,
        4.8532298262187625,
        4.879319825284549,
        4.940099823108179,
        5.032609819795643,
        5.111829816958986,
        5.113519816898472,
        5.183809814381573,
        5.378079807425282,
        5.619959798764203,
        5.639259798073122,
        5.70054979587849,
        5.956319786720049,
        6.270199775480841,
        6.271399775437873,
        6.468179768391705,
        6.701899760022815,
        6.79955975652587,
        6.9087197526171416,
        7.061029747163325,
        7.070889746810266,
        8.682999689084902,
        13.814349505344927,
        14.329159486910953
    ],
    "et": [
        -152.5831913
    ],
    "fc": [
        0.2513,
        1.0815,
        0.28,
        1.1124,
        2.0611,
        1.7435,
        34.6965,
        6.2768,
        7.0382
    ],
    "gap": 0.20920999250874725,
    "homo": -0.24891999108683793,
    "id": "AZ7_59301",
    "ir": [
        2.5143,
        59.9317,
        67.974,
        5.8137,
        5.2177,
        17.6904,
        625.0144,
        27.1705,
        8.3735
    ],
    "lumo": -0.03970999857809068,
    "ma": [
        12.0,
        12.0,
        15.99491,
        1.00783,
        1.00783
    ],
    "mr": [
        2.1941,
        6.027,
        1.3543,
        1.9307,
        2.5583,
        1.4868,
        11.9483,
        1.0554,
        1.1173
    ],
    "mu": 1.4400000312499996,
    "mu_x": 1.44,
    "mu_xx=": -0.5689,
    "mu_xxx=": 0.1988,
    "mu_xxy=": 0.0,
    "mu_xxz=": 0.0013,
    "mu_xy=": 0.0,
    "mu_xyy=": 0.1185,
    "mu_xyz=": 0.0,
    "mu_xz=": 0.0003,
    "mu_xzz=": -4.0952,
    "mu_y": 0.0,
    "mu_yy=": 2.0535,
    "mu_yyy=": 0.0,
    "mu_yyz=": 0.0001,
    "mu_yz=": 0.0,
    "mu_yzz=": 0.0,
    "mu_z": 0.0003,
    "mu_zz=": -1.4845,
    "mu_zzz=": -0.0011,
    "na": 5,
    "ne": 22,
    "ne_down": 11,
    "ne_up": 11,
    "ni": 3,
    "oemga": [
        440.9409,
        551.8617,
        592.3887,
        988.9156,
        1169.3687,
        1410.7885,
        2220.0585,
        3177.0719,
        3269.8685
    ],
    "oemga0": 3269.8685,
    "qa": [
        -0.451105,
        0.300739,
        -0.15101,
        0.150688,
        0.150688
    ],
    "r2": 143.6662,
    "rn": [
        0.0,
        -0.02,
        0.0,
        0.0,
        0.28,
        0.0,
        0.0,
        -0.15,
        0.0,
        0.57,
        -0.36,
        0.0,
        -0.57,
        -0.36,
        0.0,
        0.0,
        0.0,
        0.36,
        0.0,
        0.0,
        -0.53,
        0.0,
        0.0,
        0.2,
        0.0,
        0.0,
        -0.53,
        0.0,
        0.0,
        -0.53,
        0.0,
        0.0,
        0.08,
        0.0,
        0.0,
        0.13,
        0.0,
        0.0,
        -0.07,
        0.0,
        0.0,
        -0.7,
        0.0,
        0.0,
        -0.7,
        0.0,
        0.18,
        0.0,
        0.0,
        -0.22,
        0.0,
        0.0,
        0.05,
        0.0,
        0.64,
        -0.21,
        0.0,
        -0.64,
        -0.21,
        0.0,
        -0.26,
        0.0,
        0.0,
        0.06,
        0.0,
        0.0,
        0.23,
        0.0,
        0.0,
        -0.63,
        0.19,
        0.0,
        -0.63,
        -0.19,
        0.0,
        0.19,
        0.0,
        0.0,
        0.0,
        0.0,
        0.0,
        -0.08,
        0.0,
        0.0,
        -0.54,
        0.43,
        0.0,
        -0.54,
        -0.43,
        0.0,
        -0.25,
        0.0,
        0.0,
        0.83,
        0.0,
        0.0,
        -0.42,
        0.0,
        0.0,
        -0.14,
        -0.12,
        0.0,
        -0.14,
        0.12,
        0.0,
        -0.07,
        0.0,
        0.0,
        0.01,
        0.0,
        0.0,
        0.0,
        0.0,
        0.0,
        0.35,
        0.61,
        0.0,
        0.35,
        -0.61,
        0.0,
        0.0,
        0.1,
        0.0,
        0.0,
        0.0,
        0.0,
        0.0,
        0.0,
        0.0,
        -0.36,
        -0.6,
        0.0,
        0.36,
        -0.6,
        0.0
    ],
    "smi": "C=C=O",
    "symbols": [
        "C",
        "C",
        "O",
        "H",
        "H"
    ],
    "zpe": 0.031487,