{
    "A": 35.10495,
    "B": 5.60126,
    "C": 5.16,
    "Cv": "14.484",
    "G": -473.607219,
    "H": -473.575365,
    "P": 1.0,
    "S": 0.00010683883951034654,
    "T": 298.15,
    "U": -473.576309,
    "U0": -473.58081,
    "alpha": 27.387666666666664,
    "alpha_xx": 45.331,
    "alpha_xy": 0.577,
    "alpha_xz": 36.588,
    "alpha_yy": 1.788,
    "alpha_yz": -0.499,
    "alpha_zz": 35.044,
    "bo": [
        0,
        1,
        0,
        1,
        0,
        0,
        0,
        1,
        0,
        1,
        0,
        1,
        0,
        0,
        0,
        1,
        0,
        0,
        0,
        1,
        1,
        1,
        0,
        0,
        0,
        0,
        0,
        0,
        0,
        1,
        0,
        0,
        0,
        0,
        0,
        0,
        0,
        1,
        0,
        0,
        0,
        0,
        0,
        0,
        1,
        0,
        0,
        0,
        0
    ],
    "coords": [
        -0.952398,
        0.954436,
        -0.034338,
        -0.609207,
        -0.435059,
        0.152942,
        1.047948,
        -0.835151,
        -0.150704,
        -1.269254,
        1.216441,
        0.837623,
        -1.225507,
        -0.95316,
        -0.463655,
        1.389632,
        0.070798,
        -1.201607,
        1.618786,
        -0.018305,
        0.859639
    ],
    "e ne": -1348.297931671,
    "e_disp": -0.0022099666999935152,
    "e_k": 471.8715510107,
    "e_nn": 112.6172127828,
    "eigs": [
        -77.1001172392501,
        -19.15775931401165,
        -14.363889485667363,
        -6.5624097650175806,
        -4.725539830791001,
        -4.723759830854739,
        -4.719869830994029,
        -1.058869962084686,
        -0.8207199706122031,
        -0.6229799776927458,
        -0.5177899814593194,
        -0.47068998314584504,
        -0.4332599844861136,
        -0.381819986328043,
        -0.31091998886678307,
        -0.2630299905815964,
        -0.2616499906310105,
        0.00037999998639321234,
        0.030579998905011667,
        0.045429998373272724,
        0.0559299979972957,
        0.08027999712538707,
        0.12256999561109483,
        0.19611999297746524,
        0.24487999123149953,
        0.26745999042296986,
        0.275499990135079,
        0.30254998916649045,
        0.31502998871961496,
        0.35845998716450234,
        0.39621998581241735,
        0.4111099852792461,
        0.4214599849086401,
        0.45220998380756455,
        0.48039998279815577,
        0.5130599816286882,
        0.5176399814646906,
        0.5984399785714578,
        0.6131499780447318,
        0.6482099767893267,
        0.6578099764455763,
        0.6679699760817737,
        0.729409973881771,
        0.7563699729164053,
        0.8181999707024377,
        0.837109970025321,
        0.8791899685185482,
        0.8925399680405203,
        0.9301099666952386,
        1.0121999637558146,
        1.0179099635513547,
        1.095419960775928,
        1.1333499594177558,
        1.206519956797733,
        1.2193999563365343,
        1.2614299548315522,
        1.287469953899129,
        1.299589953465144,
        1.3167399528510486,
        1.336979952126308,
        1.3939799500852899,
        1.4458399482283213,
        1.48989994665065,
        1.5113499458825825,
        1.5378599449333303,
        1.617499942081634,
        1.642049941202564,
        1.6694899402200105,
        1.6903099394745018,
        1.7192899384368052,
        1.7763899363922064,
        1.8334599343486817,
        1.8785299327348453,
        1.9006499319427868,
        1.9656899296138775,
        2.0604499262207745,
        2.0673899259722717,
        2.1032499246882206,
        2.1598099226629572,
        2.355179915667278,
        2.424379913189411,
        2.478129911264767,
        2.6495399051270305,
        2.687129903781033,
        2.7611199011316483,
        3.010719892194137,
        3.1250598880999263,
        3.1872498858730687,
        3.2016898853560103,
        3.2147298848890826,
        3.2416898839237174,
        3.2575698833550963,
        3.3040598816904136,
        3.312679881381754,
        3.354659879878562,
        3.3856398787692505,
        3.444789876651247,
        3.4953998748390376,
        3.5384798732964575,
        3.574809871995577,
        3.623379870256415,
        3.676799868343587,
        3.696339867643912,
        3.721199866753741,
        3.730159866432907,
        3.7405398660612272,
        3.7765398647721633,
        3.8653098615935457,
        3.9276398593616744,
        3.9354698590813033,
        3.950529858542045,
        3.9836398573564638,
        4.0425598552466955,
        4.069709854274526,
        4.100539853170586,
        4.13034985210317,
        4.1600898510382605,
        4.199319849633538,
        4.219809848899845,
        4.263829847323606,
        4.328299845015107,
        4.413619841960026,
        4.5121998384301385,
        4.623979834427595,
        4.714109831200279,
        4.726919830741587,
        4.824329827253594,
        4.881809825195389,
        5.045369819338742,
        5.056809818929104,
        5.208749813488538,
        5.3582798081342675,
        5.481559803719939,
        5.566909800663783,
        5.6523597976040465,
        5.7292097948522525,
        5.747249794206288,
        5.831399791193101,
        6.010349784785378,
        6.321359773648939,
        6.410309770463876,
        6.553449765338414,
        6.592169763951954,
        6.6820897607321585,
        6.75003975829905,
        6.978489750118864,
        7.1570397437254645,
        7.357839736535351,
        10.15237963647032,
        11.22508959805943
    ],
    "et": [
        -473.628719363
    ],
    "fc": [
        0.0546,
        0.1189,
        0.099,
        0.6567,
        0.4782,
        0.5564,
        2.46,
        0.8979,
        0.8129,
        1.212,
        1.2968,
        3.2903,
        3.4853,
        7.7961,
        8.9941
    ],
    "gap": 0.26202999061740373,
    "homo": -0.2616499906310105,
    "id": "AZ7_97558",
    "ir": [
        33.5682,
        23.0756,
        29.9839,
        94.8377,
        25.4376,
        35.2578,
        34.3948,
        7.5927,
        23.8506,
        45.7214,
        1.8285,
        95.7876,
        70.2827,
        10.3588,
        43.6019
    ],
    "lumo": 0.00037999998639321234,
    "ma": [
        15.99491,
        14.00307,
        30.97376,
        1.00783,
        1.00783,
        1.00783,
        1.00783
    ],
    "mr": [
        1.266,
        2.1883,
        1.4826,
        3.0869,
        1.274,
        1.189,
        4.7292,
        1.6177,
        1.0485,
        1.1441,
        1.0674,
        1.0377,
        1.0384,
        1.0757,
        1.0681
    ],
    "mu": 0.7102676185776738,
    "mu_x": 0.5674,
    "mu_xx=": -0.0873,
    "mu_xxx=": 18.5033,
    "mu_xxy=": -4.0087,
    "mu_xxz=": 6.396,
    "mu_xy=": 1.9593,
    "mu_xyy=": 4.391,
    "mu_xyz=": -2.3743,
    "mu_xz=": 2.3084,
    "mu_xzz=": 4.6508,
    "mu_y": 0.1793,
    "mu_yy=": -0.1412,
    "mu_yyy=": 2.5616,
    "mu_yyz=": -1.7813,
    "mu_yz=": -2.3399,
    "mu_yzz=": -0.38,
    "mu_z": 0.3878,
    "mu_zz=": 0.2286,
    "mu_zzz=": 0.1422,
    "na": 7,
    "ne": 34,
    "ne_down": 17,
    "ne_up": 17,
    "ni": 3,
    "oemga": [
        270.5279,
        303.6312,
        336.7239,
        600.906,
        798.1555,
        891.1835,
        939.6166,
        970.6029,
        1147.1009,
        1340.8764,
        1436.0097,
        2319.8541,
        2386.8174,
        3507.1813,
        3780.4286
    ],
    "oemga0": 3780.4286,
    "qa": [
        -0.313906,
        -0.196514,
        0.126872,
        0.231383,
        0.141407,
        0.00258,
        0.008179
    ],
    "r2": 259.8731,