{
    "A": 57.66728,
    "B": 3.76452,
    "C": 3.53383,
    "Cv": "10.955",
    "G": -2675.440032,
    "H": -2675.408664,
    "P": 1.0,
    "S": 0.00010520878752282225,
    "T": 298.15,
    "U": -2675.409609,
    "U0": -2675.413282,
    "alpha": 25.333,
    "alpha_xx": 49.836,
    "alpha_xy": 3.639,
    "alpha_xz": 32.585,
    "alpha_yy": 0.0,
    "alpha_yz": 0.0,
    "alpha_zz": 26.163,
    "bo": [
        0,
        1,
        1,
        0,
        1,
        1,
        0,
        0,
        0,
        0,
        1,
        0,
        0,
        1,
        0,
        0,
        0,
        1,
        0,
        0,
        1,
        0,
        0,
        0,
        0
    ],
    "coords": [
        0.924115,
        -0.027602,
        0.113416,
        0.376795,
        0.727682,
        -0.620906,
        0.274815,
        -0.870704,
        0.932564,
        -0.68403,
        -0.80755,
        0.870948,
        2.854305,
        -0.049027,
        0.133879
    ],
    "e ne": -6666.878354819,
    "e_disp": -0.001777339299991354,
    "e_k": 2671.346365861,
    "e_nn": 138.2011733647,
    "eigs": [
        -482.85097271039234,
        -62.49959776205582,
        -56.31454798352598,
        -56.3129779835822,
        -56.31233798360512,
        -19.17657931333776,
        -8.688359688892973,
        -6.821299755747418,
        -6.51387976675531,
        -6.5085597669458055,
        -6.506579767016703,
        -2.630149905821335,
        -2.628729905872182,
        -2.627179905927683,
        -2.6228799060816548,
        -2.622759906085951,
        -1.06189996197619,
        -0.778769972114321,
        -0.5907499788468162,
        -0.48529998262269985,
        -0.419299984985984,
        -0.4017099856158351,
        -0.3455699876260589,
        -0.3025999891647001,
        -0.2893499896391473,
        -0.02553999908548064,
        0.01849999933756428,
        0.05702999795790762,
        0.12049999568521601,
        0.13233999526125717,
        0.1672299940119392,
        0.17742999364670436,
        0.19107999315793425,
        0.24660999116955287,
        0.25883999073162917,
        0.2814799899209511,
        0.3217199884800639,
        0.3336099880543147,
        0.3455499876267751,
        0.3648399869360515,
        0.4046499855105615,
        0.44957998390173787,
        0.4822499827319122,
        0.5233599812598727,
        0.5331599809089607,
        0.5817499791690822,
        0.6095699781729221,
        0.6334299773185592,
        0.6430299769748087,
        0.7376299735874348,
        0.7751699722432274,
        0.7965899714762342,
        0.8021699712764293,
        0.855489969367182,
        1.0015499641371626,
        1.021119963436413,
        1.126089959677717,
        1.1703499580928842,
        1.2453299554080504,
        1.271099954485295,
        1.3006099534286206,
        1.3734099508218465,
        1.3935799500996127,
        1.447219948178907,
        1.4673699474573894,
        1.4785499470570633,
        1.4845399468425773,
        1.4993899463108384,
        1.5405699448362924,
        1.5871799431673124,
        1.598389942765912,
        1.6500499409161054,
        1.7182199384751191,
        1.7255699382119354,
        1.7672799367184113,
        1.7847899360914248,
        1.8006299355242366,
        1.818949934868246,
        1.832179934394515,
        1.8770699327871239,
        1.8927299322263809,
        1.9214799311969202,
        1.9290199309269327,
        2.0502299265867254,
        2.079899925524322,
        2.1502899230038435,
        2.1802599219306975,
        2.2751699185322236,
        2.34563991600888,
        2.398459914117537,
        2.439629912643349,
        2.4741599114069217,
        2.5204199097504745,
        2.6397999054757944,
        2.6952499034902777,
        2.8796498968874045,
        3.1552098870203356,
        3.2364898841099152,
        3.250409883611477,
        3.4136698777655714,
        3.607339870830765,
        3.642049869587892,
        3.6779298683031243,
        3.789659864302371,
        3.793019864182058,
        3.866389861554874,
        3.91302985988482,
        4.118439852529635,
        4.148989851435721,
        4.223369848772371,
        4.280289846734218,
        4.349169844267808,
        4.4721798398631485,
        4.540989837399245,
        4.730259830621991,
        4.969379822059741,
        5.020959820212798,
        5.376739807473264,
        5.573269800436049,
        5.619429798783183,
        5.70225979581726,
        6.416909770227547,
        6.529489766196358,
        6.5584397651597355,
        6.661589761466209,
        6.724309759220373,
        6.758119758009726,
        6.99798974942062,
        7.308959738285614,
        8.143519708402243,
        11.558349586126278
    ],
    "et": [
        -2675.44145245
    ],
    "fc": [
        0.5545,
        0.2129,
        0.7886,
        0.6404,
        0.6063,
        1.2019,
        5.9021,
        4.5537,
        9.1886
    ],
    "gap": 0.26380999055366666,
    "homo": -0.2893499896391473,
    "id": "AZ7_05438",
    "ir": [
        0.9069,
        80.0494,
        99.6241,
        46.7655,
        94.1783,
        96.7487,
        347.4183,
        109.7793,
        102.2174
    ],
    "lumo": -0.02553999908548064,
    "ma": [
        11.00931,
        1.00783,
        15.99491,
        1.00783,
        78.91834
    ],
    "mr": [
        8.8181,
        1.1293,
        3.3828,
        1.4566,
        1.0409,
        1.514,
        5.5385,
        1.0965,
        1.0658
    ],
    "mu": 2.6390573658031764,
    "mu_x": 2.4581,
    "mu_xx=": 6.0066,
    "mu_xxx=": 10.9584,
    "mu_xxy=": 1.1778,
    "mu_xxz=": 0.0047,
    "mu_xy=": 2.3965,
    "mu_xyy=": -7.464,
    "mu_xyz=": -0.0003,
    "mu_xz=": 0.0007,
    "mu_xzz=": -5.2658,
    "mu_y": 0.9604,
    "mu_yy=": -3.8045,
    "mu_yyy=": -5.9685,
    "mu_yyz=": 0.0003,
    "mu_yz=": -0.0003,
    "mu_yzz=": -1.4346,
    "mu_z": 0.0001,
    "mu_zz=": -2.202,
    "mu_zzz=": 0.0005,
    "na": 5,
    "ne": 50,
    "ne_down": 25,
    "ne_up": 25,
    "ni": 3,
    "oemga": [
        326.701,
        565.673,
        629.0201,
        863.8353,
        994.2806,
        1160.777,
        1344.8771,
        2654.9925,
        3825.2462
    ],
    "oemga0": 3825.2462,
    "qa": [
        0.094571,
        0.005842,
        -0.192056,
        0.218706,
        -0.127063
    ],
    "r2": 332.1392,