{
    "A": 26.11215,
    "B": 3.06161,
    "C": 2.89846,
    "Cv": "18.916",
    "G": -689.12553,
    "H": -689.089726,
    "P": 1.0,
    "S": 0.00012008720442725014,
    "T": 298.15,
    "U": -689.09067,
    "U0": -689.096536,
    "alpha": 40.695,
    "alpha_xx": 68.93,
    "alpha_xy": -2.507,
    "alpha_xz": 54.84,
    "alpha_yy": 0.009,
    "alpha_yz": -0.007,
    "alpha_zz": 53.146,
    "bo": [
        0,
        1,
        1,
        1,
        0,
        0,
        0,
        0,
        0,
        1,
        0,
        0,
        0,
        1,
        1,
        1,
        0,
        0,
        1,
        0,
        0,
        0,
        0,
        0,
        0,
        1,
        1,
        1,
        0,
        0,
        0,
        0,
        0,
        0,
        0,
        0,
        0,
        1,
        0,
        0,
        0,
        0,
        0,
        0,
        0,
        0,
        1,
        0,
        0,
        0,
        0,
        0,
        0,
        0,
        0,
        1,
        0,
        0,
        0,
        0,
        0,
        0,
        0,
        0,
        0,
        1,
        0,
        0,
        0,
        0,
        0,
        0,
        0,
        0,
        1,
        0,
        0,
        0,
        0,
        0,
        0
    ],
    "coords": [
        -0.268365,
        -0.792617,
        0.326481,
        1.15738,
        0.189713,
        0.481934,
        -1.847716,
        -0.325121,
        -0.176651,
        -0.201967,
        -1.772419,
        0.549229,
        2.260556,
        -0.688938,
        0.946627,
        0.945801,
        1.289981,
        1.458802,
        1.52379,
        0.811114,
        -0.817688,
        -1.533687,
        0.439623,
        -1.3404,
        -2.035791,
        0.848665,
        0.613865
    ],
    "e ne": -1945.865796662,
    "e_disp": -0.0038209935999873323,
    "e_k": 686.8373419178,
    "e_nn": 154.6585789058,
    "eigs": [
        -77.1030972391434,
        -66.14067763167844,
        -14.30910948762889,
        -6.563999764960647,
        -5.284829810764316,
        -4.727109830734784,
        -4.725399830796014,
        -4.721609830931724,
        -3.6439498695198576,
        -3.642979869554591,
        -3.642599869568198,
        -0.8636399690753523,
        -0.6245699776358121,
        -0.5482799803675538,
        -0.449839983892428,
        -0.41038998530502735,
        -0.4016699856172674,
        -0.3488599875082528,
        -0.34695998757628665,
        -0.2641499905414922,
        -0.26039999067576974,
        -0.008589999692414984,
        0.03706999867262205,
        0.040819998538344546,
        0.051539998154489904,
        0.05879999789452864,
        0.0665899976155895,
        0.07600999727828438,
        0.09024999676838792,
        0.1799599935561118,
        0.1888099932392169,
        0.1965799929609939,
        0.203519992712491,
        0.225329991931533,
        0.23987999141053623,
        0.25381999091138197,
        0.2635999905611862,
        0.2901699896097853,
        0.3025699891657743,
        0.3078399889770697,
        0.3319999881119644,
        0.33839998788279746,
        0.377459986484163,
        0.3852999862034334,
        0.39183998596925346,
        0.4032999855589014,
        0.4912299824103623,
        0.5183899814378351,
        0.5205299813612074,
        0.5722199795103261,
        0.5850199790519923,
        0.6009899784801491,
        0.6253699776071663,
        0.6440299769390014,
        0.6596399763800489,
        0.6739999758658556,
        0.6845099754895203,
        0.7524399730571281,
        0.8014099713036428,
        0.81296997088971,
        0.8170499707436162,
        0.8465399696876578,
        0.8597299692153589,
        0.8890599681651298,
        0.9210399670200111,
        0.933599966570271,
        0.9369399664506746,
        0.9941699644014208,
        1.0147299636652218,
        1.0224499633887894,
        1.0587799620879088,
        1.0601099620402852,
        1.1239599597539867,
        1.1494899588398253,
        1.1750999579227994,
        1.2121399565964956,
        1.2356299557553814,
        1.2409499555648864,
        1.248379955298838,
        1.276079954306975,
        1.2762599543005293,
        1.3280299524467838,
        1.3309799523411519,
        1.3516899515995822,
        1.3688399509854863,
        1.4123799494264346,
        1.445769948230828,
        1.4689599474004558,
        1.489359946669986,
        1.4937299465135079,
        1.5215499455173478,
        1.541549944801201,
        1.548789944541956,
        1.5944499429069932,
        1.5990499427422793,
        1.6520199408455647,
        1.6738999400621002,
        1.7343899378961145,
        1.7802099362554225,
        1.8279999345441897,
        1.8834099325601052,
        1.9350099307124466,
        1.9489599302129343,
        2.0521599265176174,
        2.117289924185486,
        2.315839917075939,
        2.325119916743647,
        2.3656399152927334,
        2.4615499118584516,
        2.5837599074824373,
        2.665389904559485,
        2.678039904106522,
        2.7321199021700613,
        2.794819899924941,
        2.841879898239848,
        2.9090398958350274,
        2.9822098932150043,
        3.146949887316104,
        3.1591598868788964,
        3.1928898856711148,
        3.205589885216362,
        3.243259883867499,
        3.2540098834825706,
        3.2934698820696133,
        3.325809880911604,
        3.3628298795860165,
        3.367889879404831,
        3.374619879163848,
        3.3948998784376747,
        3.452419876378037,
        3.4569598762154716,
        3.5012998746277746,
        3.5563698726558646,
        3.5599298725283903,
        3.5727298720700564,
        3.5935298713252637,
        3.6263798701489933,
        3.6404298696458994,
        3.6563098690772793,
        3.6738798684481444,
        3.6938898677316394,
        3.7084598672099265,
        3.7523598656379846,
        3.8112498635292904,
        3.8658298615749263,
        3.8698598614306228,
        3.8859098608559153,
        3.9300198592764533,
        3.940729858892957,
        3.9511398585202024,
        3.963489858077982,
        3.9806998574617376,
        4.003099856659653,
        4.065359854430288,
        4.1276398522002085,
        4.129479852134322,
        4.136879851869347,
        4.1428398516559355,
        4.179219850353265,
        4.2001698496031015,
        4.222199848814266,
        4.260149847455378,
        4.281379846695188,
        4.32534984512074,
        4.367159843623634,
        4.4911198391849565,
        4.551689837016107,
        4.619499834588011,
        4.636819833967829,
        4.658339833197254,
        4.721889830921698,
        4.838159826758379,
        4.96973982204685,
        5.112909816920314,
        5.1397998159574545,
        5.580279800185039,
        5.618889798802519,
        5.661549797274977,
        5.742319794382819,
        5.833449791119696,
        5.997549785243712,
        10.25220963289567
    ],
    "et": [
        -689.155478981
    ],
    "fc": [
        0.0047,
        0.0252,
        0.0833,
        0.0551,
        0.5291,
        0.3474,
        0.534,
        1.4472,
        0.549,
        0.544,
        0.6076,
        0.8066,
        0.6411,
        0.8205,
        1.1325,
        3.01,
        2.9778,
        3.0348,
        3.3123,
        3.3034,
        8.2638
    ],
    "gap": 0.25180999098335477,
    "homo": -0.26039999067576974,
    "id": "AZ7_97905",
    "ir": [
        0.8275,
        2.7922,
        1.4018,
        50.2943,
        0.7087,
        30.3413,
        61.1968,
        316.2905,
        13.0284,
        60.7755,
        146.071,
        12.2994,
        77.9191,
        17.5997,
        82.973,
        136.7094,
        75.9464,
        135.5641,
        109.4141,
        85.8407,
        43.7841
    ],
    "lumo": -0.008589999692414984,