{
    "A": 22.62912,
    "B": 0.5941,
    "C": 0.58106,
    "Cv": "11.727",
    "G": -630.715643,
    "H": -630.679747,
    "P": 1.0,
    "S": 0.0001203957739392243,
    "T": 298.15,
    "U": -630.680691,
    "U0": -630.6848,
    "alpha": 53.526,
    "alpha_xx": 106.422,
    "alpha_xy": 0.0,
    "alpha_xz": 60.192,
    "alpha_yy": 0.0,
    "alpha_yz": 0.0,
    "alpha_zz": 54.156,
    "bo": [
        0,
        1,
        1,
        1,
        1,
        1,
        0,
        0,
        0,
        0,
        1,
        0,
        0,
        0,
        0,
        1,
        0,
        0,
        0,
        0,
        1,
        0,
        0,
        0,
        0
    ],
    "coords": [
        -0.000725,
        -0.215803,
        0.013696,
        1.832118,
        0.919031,
        -0.055455,
        -1.825904,
        0.930907,
        -0.062006,
        -0.004162,
        -0.760217,
        0.946924,
        -0.001327,
        -0.873917,
        -0.84316
    ],
    "e ne": -1719.783537025,
    "e_k": 260.2473035531,
    "e_nn": 189.9161885201,
    "eigs": [
        -10.267289632355695,
        -6.8405997550563375,
        -6.8405997550563375,
        -4.842849826590443,
        -4.842849826590443,
        -4.829399827072051,
        -4.829399827072051,
        -4.8290198270856575,
        -4.8290198270856575,
        -1.9247099310812623,
        -1.9245999310852013,
        -1.920509931231653,
        -1.9204499312338015,
        -1.920159931244186,
        -1.9201399312449017,
        -1.90865993165597,
        -1.90865993165597,
        -1.90865993165597,
        -1.9086499316563281,
        -0.7820199719979471,
        -0.6966199750558937,
        -0.6322199773618861,
        -0.47352998304415217,
        -0.39896998571394715,
        -0.37449998659015266,
        -0.2764199901021362,
        -0.2711499902908408,
        -0.2660299904741744,
        -0.258179990755262,
        -0.07740999722815411,
        -0.024509999122362194,
        0.045079998385805294,
        0.07904999716943008,
        0.1399799949876891,
        0.1505299946099217,
        0.19541999300253038,
        0.20540999264481513,
        0.20711999258358454,
        0.22455999195910462,
        0.23275999166548447,
        0.2432199912909397,
        0.2615399906349493,
        0.26664999045197385,
        0.2808399899438677,
        0.2879299896899938,
        0.3046899890898628,
        0.31140998884923754,
        0.3372199879250502,
        0.33963998783839644,
        0.37346998662703423,
        0.43336998448217473,
        0.43582998439408877,
        0.4716799831103957,
        0.4723899830849725,
        0.5281799810872813,
        0.567999979661433,
        0.6190299778341847,
        0.667539976097171,
        0.7117699745134124,
        0.7988899713938773,
        0.85905996923935,
        0.8740399687029561,
        0.8787699685335875,
        0.9133899672939374,
        0.91464996724882,
        0.9190699670905517,
        0.9260899668391841,
        0.9308899666673089,
        0.9392999663661693,
        0.9494599660023667,
        0.9808499648783745,
        0.9949899643720588,
        1.007619963919812,
        1.0473799624961124,
        1.0868599610824388,
        1.1145799600898594,
        1.1268499596505033,
        1.1900999573856894,
        1.2451399554148537,
        1.2838399540291099,
        1.2840199540226642,
        1.285329953975757,
        1.3022799533688227,
        1.3593599513249397,
        1.364659951135161,
        1.371709950882719,
        1.388869950268265,
        1.4843699468486646,
        1.4910599466091135,
        1.5062899460637678,
        1.5066799460498028,
        1.524139945424607,
        1.5602199441326783,
        1.6375699413629807,
        2.1699099223013034,
        2.1911299215414717,
        2.201719921162272,
        2.4080599137737866,
        2.4530199121638887,
        2.4914599107874547,
        2.517059909870787,
        2.5253799095728704,
        2.7166399027243586,
        2.7487099015760177,
        2.77020990080616,
        2.7992398997666728,
        2.8307198986394577,
        2.9159898955861663,
        2.9964798927040337,
        3.013909892079912,
        3.1815198860782443,
        3.1956998855704963,
        3.22166988464058,
        3.3484298801016417,
        3.3698598793342907,
        3.400319878243599,
        3.604019870949645,
        3.663959868803353,
        3.7400598660784152,
        3.8665698615484283,
        3.9107798599653862,
        3.933639859146831,
        4.044749855168277,
        4.1360198519001425,
        4.1740998505365985,
        4.5832198358871015,
        4.727499830720819,
        4.74073983024673,
        4.904259824391514,
        4.999569820978717,
        5.093329817621421,
        5.202259813720929,
        5.778719793079431,
        10.916399609112798,
        58.25620791400031,
        58.26913791353733
    ],
    "et": [
        -630.711820749
    ],
    "fc": [
        0.415,
        0.8089,
        1.3114,
        0.3917,
        0.6548,
        0.8405,
        1.2694,
        6.0985,
        6.8457
    ],
    "gap": 0.18076999352710788,
    "homo": -0.258179990755262,
    "id": "AZ7_69965",
    "ir": [
        0.0135,
        0.2444,
        59.5659,
        6.9812,
        0.0,
        108.1992,
        0.2355,
        0.0567,
        3.8465
    ],
    "lumo": -0.07740999722815411,
    "ma": [
        12.0,
        126.9004,
        126.9004,
        1.00783,
        1.00783
    ],
    "mr": [
        52.4684,
        5.8741,
        6.6342,
        1.2756,
        1.0097,
        1.1033,
        1.081,
        1.0521,
        1.1168
    ],
    "mu": 1.1565,
    "mu_x": 0.0,
    "mu_xx=": -0.5782,
    "mu_xxx=": 0.0,
    "mu_xxy=": -14.3586,
    "mu_xxz=": 0.0001,
    "mu_xy=": 0.0,
    "mu_xyy=": 0.0,
    "mu_xyz=": 0.0,
    "mu_xz=": 0.0,
    "mu_xzz=": 0.0,
    "mu_y": 1.1565,
    "mu_yy=": 1.7279,
    "mu_yyy=": -4.9581,
    "mu_yyz=": -0.0001,
    "mu_yz=": 0.0,
    "mu_yzz=": -0.3276,
    "mu_z": 0.0,
    "mu_zz=": -1.1497,
    "mu_zzz=": 0.0001,
    "na": 5,
    "ne": 58,
    "ne_down": 29,
    "ne_up": 29,
    "ni": 3,
    "oemga": [
        115.8665,
        483.4431,
        579.2298,
        721.9665,
        1049.1256,
        1137.0826,
        1411.7529,
        3136.6456,
        3225.4961
    ],
    "oemga0": 3225.4961,
    "qa": [
        -0.317772,
        0.00799,
        0.00799,
        0.150897,
        0.150896
    ],
    "r2": 782.0007,