{
    "A": 54.04078,
    "B": 8.33585,
    "C": 7.67563,
    "Cv": "13.001",
    "G": -151.323401,
    "H": -151.293055,
    "P": 1.0,
    "S": 0.00010178098272674903,
    "T": 298.15,
    "U": -151.293999,
    "U0": -151.298235,
    "alpha": 19.866,
    "alpha_xx": 33.565,
    "alpha_xy": 3.909,
    "alpha_xz": 26.845,
    "alpha_yy": -0.004,
    "alpha_yz": 0.003,
    "alpha_zz": 26.037,
    "bo": [
        0,
        1,
        0,
        1,
        1,
        0,
        1,
        0,
        1,
        0,
        0,
        1,
        0,
        1,
        0,
        0,
        0,
        0,
        1,
        0,
        0,
        0,
        0,
        0,
        1,
        0,
        0,
        0,
        0,
        0,
        0,
        1,
        0,
        0,
        0,
        0
    ],
    "coords": [
        0.847311,
        0.071398,
        0.048305,
        -0.816984,
        -0.072566,
        -0.045268,
        -1.579556,
        0.755679,
        -0.757741,
        1.376764,
        0.700653,
        0.913471,
        1.573948,
        -0.508775,
        -0.699966,
        -1.401482,
        -0.94639,
        0.541199
    ],
    "e ne": -457.0159799455,
    "e_disp": -0.001635036499997966,
    "e_k": 150.4796591105,
    "e_nn": 50.1682117008,
    "eigs": [
        -24.69326911579978,
        -6.792759756769361,
        -6.756469758068809,
        -1.2144499565137807,
        -0.5686799796370842,
        -0.5158199815298599,
        -0.47239998308461445,
        -0.4602799835185994,
        -0.41151998526456507,
        -0.3608099870803551,
        -0.2950099894364778,
        -0.0855399969370405,
        -0.038519998620701414,
        0.08953999679381112,
        0.09593999656464419,
        0.12776999542489667,
        0.1340099952014589,
        0.14697999473703777,
        0.18533999336346835,
        0.19993999284068123,
        0.20338999271714592,
        0.21266999238485385,
        0.22658999188641576,
        0.28930998964057963,
        0.3386999878720553,
        0.33988998782944463,
        0.4153599851270649,
        0.4253099847707819,
        0.44405998409939434,
        0.4503099838755985,
        0.5103199817268003,
        0.545389980471037,
        0.5980299785861388,
        0.6355699772419314,
        0.6362199772186568,
        0.6865399754168315,
        0.716059974359799,
        0.7580699728555328,
        0.84950996958131,
        0.8685299689002545,
        0.8927099680344331,
        0.9058199675649989,
        0.9482899660442613,
        0.986909964661382,
        1.0200999634729364,
        1.080569961307667,
        1.1157499600479648,
        1.1348499593640446,
        1.1562399585981258,
        1.2838899540273194,
        1.340239952009576,
        1.3634699511777715,
        1.3910799501891313,
        1.4349299486189793,
        1.4772999471018227,
        1.4899299466495757,
        1.5274999453042941,
        1.631799941569589,
        1.6433399411563725,
        1.6858899396327705,
        1.6959699392718321,
        1.7369499378044477,
        1.7541099371899938,
        1.75600993712196,
        1.8151899350028817,
        1.8289999345083823,
        1.89609993210571,
        1.8986699320136853,
        1.977519929190277,
        2.021339927621199,
        2.0435099268273507,
        2.0645199260750386,
        2.0718299258132866,
        2.1232799239709994,
        2.241269919746092,
        2.2641199189278947,
        2.322059916853217,
        2.4034799139377845,
        2.5264799095334816,
        2.527599909493378,
        2.6181299062517396,
        2.660339904740312,
        2.7079699030348086,
        2.7966298998601298,
        2.875809897024905,
        2.9411298946859694,
        2.974169893502895,
        3.0524198907009716,
        3.0981998890617115,
        3.2466298837468286,
        3.3294498807812647,
        3.5193598739810934,
        3.588079871520414,
        3.655349869111654,
        3.6739698684449222,
        3.6915598678150703,
        3.8311498628167246,
        3.8809398610338772,
        3.953119858449304,
        4.012389856327003,
        4.118759852518177,
        4.176559850448513,
        4.252849847716771,
        4.279779846752479,
        4.287829846464231,
        4.3652198436931,
        4.370759843494728,
        4.445359840823501,
        4.4767898396980765,
        4.622289834488108,
        4.664889832962716,
        4.742979830166521,
        4.783619828711311,
        4.910579824165212,
        5.106709817142319,
        5.122959816560449,
        5.389859807003472,
        6.859499754379578,
        6.866829754117111,
        6.983909749924788,
        6.989209749735009,
        7.085329746293207,
        7.0930097460182076,
        7.286199739100589,
        8.353879700869813,
        8.402009699146406,
        8.406229698995299,
        8.775799685761982,
        8.890549681653088,
        9.191439670879019,
        9.461489661209248,
        11.4704395892741
    ],
    "et": [
        -151.332416533
    ],
    "fc": [
        0.1208,
        0.0599,
        0.1349,
        0.8285,
        0.884,
        0.9097,
        1.0091,
        1.0327,
        4.7696,
        4.0818,
        4.1479,
        4.5816
    ],
    "gap": 0.20946999249943732,
    "homo": -0.2950099894364778,
    "id": "AZ7_00293",
    "ir": [
        6.0797,
        2.0305,
        4.4957,
        12.7111,
        22.7801,
        37.3954,
        38.0677,
        15.6567,
        172.8168,
        135.6353,
        22.3098,
        83.2383
    ],
    "lumo": -0.0855399969370405,
    "ma": [
        11.00931,
        11.00931,
        18.9984,
        1.00783,
        1.00783,
        1.00783
    ],
    "mr": [
        3.1227,
        1.1789,
        1.1025,
        2.5814,
        1.7185,
        1.6365,
        1.3911,
        1.2645,
        4.5944,
        1.0839,
        1.0603,
        1.1198
    ],
    "mu": 0.835966207450995,
    "mu_x": -0.787,
    "mu_xx=": -1.7332,
    "mu_xxx=": 18.4936,
    "mu_xxy=": 0.9478,
    "mu_xxz=": -0.0021,
    "mu_xy=": -0.1869,
    "mu_xyy=": 4.055,
    "mu_xyz=": 0.0004,
    "mu_xz=": -0.0005,
    "mu_xzz=": 7.0037,
    "mu_y": 0.2819,
    "mu_yy=": 0.7735,
    "mu_yyy=": -6.3587,
    "mu_yyz=": 0.0005,
    "mu_yz=": -0.0018,
    "mu_yzz=": -0.8669,
    "mu_z": -0.0017,
    "mu_zz=": 0.9597,
    "mu_zzz=": -0.0004,
    "na": 6,
    "ne": 22,
    "ne_down": 11,
    "ne_up": 11,
    "ni": 3,
    "oemga": [
        256.2743,
        293.7376,
        455.6778,
        738.0474,
        934.3665,
        971.3177,
        1109.5904,
        1177.3016,
        1327.3931,
        2528.0986,
        2576.7434,
        2635.2238
    ],
    "oemga0": 2635.2238,
    "qa": [
        -0.146769,
        0.244733,
        -0.197689,
        0.057309,
        0.05734,
        -0.014924
    ],
    "r2": 182.0809,