{
    "A": 27.34147,
    "B": 2.01744,
    "C": 1.92363,
    "Cv": "13.189",
    "G": -3012.140286,
    "H": -3012.10657,
    "P": 1.0,
    "S": 0.00011308401811139708,
    "T": 298.15,
    "U": -3012.107514,
    "U0": -3012.111849,
    "alpha": 36.14233333333333,
    "alpha_xx": 70.029,
    "alpha_xy": 0.401,
    "alpha_xz": 41.91,
    "alpha_yy": -0.416,
    "alpha_yz": -1.486,
    "alpha_zz": 38.814,
    "bo": [
        0,
        1,
        1,
        1,
        1,
        0,
        1,
        0,
        0,
        0,
        0,
        1,
        1,
        0,
        0,
        0,
        0,
        0,
        1,
        0,
        0,
        0,
        0,
        0,
        1,
        0,
        0,
        0,
        0,
        0,
        0,
        1,
        0,
        0,
        0,
        0
    ],
    "coords": [
        -0.41091,
        -0.201993,
        0.01668,
        1.23792,
        -0.414466,
        -0.666595,
        -1.208527,
        1.608356,
        -0.175508,
        -0.441285,
        -0.414416,
        1.077116,
        -1.07139,
        -0.870936,
        -0.522804,
        1.894192,
        0.293455,
        0.271111
    ],
    "e ne": -7626.983619824,
    "e_disp": -0.002712780699994255,
    "e_k": 3007.292986503,
    "e_nn": 217.9200919994,
    "eigs": [
        -482.8539927102842,
        -88.908146816436,
        -62.50225776196057,
        -56.318397983388124,
        -56.31479798351703,
        -56.31473798351918,
        -10.26584963240726,
        -8.690809688805247,
        -7.960469714956775,
        -6.519719766546196,
        -6.508259766956547,
        -6.508059766963709,
        -5.9250097878411765,
        -5.921429787969367,
        -5.915519788180987,
        -2.6349299056501763,
        -2.631759905763685,
        -2.6315899057697725,
        -2.622429906097768,
        -2.622429906097768,
        -0.8318799702125933,
        -0.7533799730234693,
        -0.6448699769089232,
        -0.4888599824952257,
        -0.43107998456417357,
        -0.41234998523484495,
        -0.36213998703273137,
        -0.2884599896710158,
        -0.28447998981352907,
        -0.25962999070334136,
        -0.035689998722036174,
        0.007629999726790026,
        0.03441999876751149,
        0.06329999773339562,
        0.07839999719270485,
        0.18874999324136532,
        0.2218099920575748,
        0.23241999167765895,
        0.2387399914513566,
        0.25034999103563343,
        0.25802999076063304,
        0.2696899903431195,
        0.28063998995102923,
        0.2932199895005729,
        0.30102998922091767,
        0.32180998847684117,
        0.350329987455616,
        0.3578199871874191,
        0.3970999857809069,
        0.40546998548119945,
        0.41311998520727333,
        0.4346599844359833,
        0.450659983863066,
        0.4944699822943466,
        0.5727099794927807,
        0.5978899785911519,
        0.6358499772319054,
        0.6676899760917998,
        0.7104599745603201,
        0.7468899732558588,
        0.7924399716248347,
        0.851009969527599,
        0.8831399683771093,
        0.9115999673580324,
        0.9619399655554911,
        1.0108899638027222,
        1.0158199636261918,
        1.0272899632154817,
        1.098969960648812,
        1.1185099599491364,
        1.2080399567433058,
        1.2293699559795352,
        1.2807199541408287,
        1.463039947612435,
        1.4662799474964194,
        1.4879499467204746,
        1.4903299466352529,
        1.5018299462234688,
        1.5184999456265602,
        1.5224499454851212,
        1.5409899448212534,
        1.572909943678283,
        1.594859942892312,
        1.6232099418771742,
        1.6434999411506432,
        1.6662799403349522,
        1.7019399390580627,
        1.729299938078374,
        1.7448099375230022,
        1.759129937010241,
        1.7793999362844264,
        1.7955399357064956,
        1.8223699347457851,
        1.848569933807633,
        1.8676699331237125,
        1.9255999310493939,
        1.9487099302218862,
        1.9501099301717562,
        1.9628299297162866,
        2.023829927532039,
        2.0643299260818417,
        2.1295899237450553,
        2.266099918856996,
        2.2937699178662068,
        2.350839915822682,
        2.418389913403897,
        2.5551499085068854,
        2.665029904572375,
        2.7205899025829194,
        2.803569899611627,
        2.834279898511984,
        2.8575198976798215,
        2.9704698936353826,
        3.0232398917458294,
        3.072129889995209,
        3.1194998882990155,
        3.1591198868803287,
        3.233579884214114,
        3.309309881502425,
        3.329239880788785,
        3.3615998796300595,
        3.4012598782099404,
        3.440019876822048,
        3.4849298752139406,
        3.530389873586139,
        3.6116998706746446,
        3.674329868432031,
        3.708749867199543,
        3.7364698662069635,
        3.830829862828183,
        3.940919858886154,
        3.962319858119876,
        3.976429857614635,
        3.993039857019875,
        4.0370198554450685,
        4.087659853631784,
        4.1005598531698695,
        4.1633398509218855,
        4.3691198435534515,
        4.673199832665157,
        4.747269830012908,
        4.756589829679183,
        4.9413298230641365,
        5.034109819741932,
        5.092319817657587,
        5.220719813059925,
        5.606359799251183,
        5.789889792679462,
        11.016809605517382
    ],
    "et": [
        -3012.14880028
    ],
    "fc": [
        0.0915,
        0.059,
        1.0763,
        0.8921,
        0.4929,
        0.653,
        0.8327,
        0.9712,
        1.32,
        4.361,
        6.0285,
        6.6684
    ],
    "gap": 0.22393999198130518,
    "homo": -0.25962999070334136,
    "id": "AZ7_90196",
    "ir": [
        9.4853,
        17.9476,
        46.2398,
        47.6348,
        12.2515,
        8.6262,
        13.1124,
        47.602,
        1.0922,
        0.9787,
        2.7297,
        0.5671
    ],
    "lumo": -0.035689998722036174,
    "ma": [
        12.0,
        31.97207,
        78.91834,
        1.00783,
        1.00783,
        1.00783
    ],
    "mr": [
        3.7425,
        1.383,
        6.3033,
        3.0839,
        1.4907,
        1.182,
        1.05,
        1.1089,
        1.0804,
        1.0386,
        1.0549,
        1.1142
    ],
    "mu": 1.6541224440772213,
    "mu_x": -1.0056,
    "mu_xx=": -2.2736,
    "mu_xxx=": 40.2784,
    "mu_xxy=": -7.9381,
    "mu_xxz=": 2.5486,
    "mu_xy=": -0.0198,
    "mu_xyy=": 9.4681,
    "mu_xyz=": 2.892,
    "mu_xz=": -1.6253,
    "mu_xzz=": 7.4558,
    "mu_y": 1.0153,
    "mu_yy=": 1.2104,
    "mu_yyy=": -0.2304,
    "mu_yyz=": 0.8079,
    "mu_yz=": -1.3536,
    "mu_yzz=": 0.3769,
    "mu_z": 0.8331,
    "mu_zz=": 1.0632,
    "mu_zzz=": 1.4473,
    "na": 6,
    "ne": 60,
    "ne_down": 30,
    "ne_up": 30,
    "ni": 3,
    "oemga": [
        203.6937,
        269.0108,
        538.3378,
        700.6997,
        749.1514,
        968.3066,
        1160.15,
        1219.2596,
        1440.0412,
        2669.571,
        3114.4076,
        3187.1684
    ],
    "oemga0": 3187.1684,
    "qa": [
        -0.194975,
        -0.068487,
        -0.117131,
        0.143003,
        0.139858,
        0.097732
    ],
    "r2": 564.242,