{
    "A": 27.89833,
    "B": 8.67767,
    "C": 6.61889,
    "Cv": "12.898",
    "G": -456.421598,
    "H": -456.390774,
    "P": 1.0,
    "S": 0.00010338420258257764,
    "T": 298.15,
    "U": -456.391718,
    "U0": -456.395777,
    "alpha": 26.268666666666665,
    "alpha_xx": 52.596,
    "alpha_xy": 6.967,
    "alpha_xz": 38.215,
    "alpha_yy": 0.0,
    "alpha_yz": 0.001,
    "alpha_zz": 26.21,
    "bo": [
        0,
        2,
        0,
        1,
        1,
        0,
        2,
        0,
        1,
        0,
        0,
        0,
        0,
        1,
        0,
        0,
        0,
        1,
        1,
        0,
        0,
        0,
        0,
        0,
        1,
        0,
        0,
        0,
        0,
        0,
        0,
        0,
        1,
        0,
        0,
        0
    ],
    "coords": [
        -1.071041,
        -0.050101,
        -0.061299,
        0.372908,
        -0.80021,
        0.212866,
        1.480418,
        0.418036,
        0.003095,
        -1.968046,
        -0.649915,
        0.018357,
        -1.187168,
        0.996087,
        -0.314012,
        2.372928,
        0.086103,
        0.140992
    ],
    "e ne": -1285.329615328,
    "e_disp": -0.0010761735000102135,
    "e_k": 454.7688644586,
    "e_nn": 101.616458538,
    "eigs": [
        -77.11538723870332,
        -19.151499314235803,
        -10.170989635803943,
        -6.575559764546714,
        -4.7388598303140474,
        -4.737479830363461,
        -4.732309830548586,
        -1.032029963045755,
        -0.72026997420905,
        -0.5746599794229562,
        -0.4824599827243926,
        -0.4193799849831194,
        -0.4096899853300925,
        -0.37565998654861615,
        -0.2808499899435097,
        -0.24584999119676645,
        -0.045189998381866485,
        0.004819999827408639,
        0.059469997870537736,
        0.08404999699039341,
        0.1056699962162388,
        0.12918999537405026,
        0.25856999074129716,
        0.2599199906929572,
        0.2683399903914595,
        0.28151998991951876,
        0.3327499880851089,
        0.33765998790929497,
        0.3385699878767103,
        0.3627799870098147,
        0.3775099864823726,
        0.39939998569854995,
        0.46590998331700406,
        0.4724199830838984,
        0.49223998237419697,
        0.5200499813783949,
        0.584509979070254,
        0.5980499785854226,
        0.6241099776522835,
        0.6580299764376987,
        0.6901699752868509,
        0.7395999735168943,
        0.7798399720760071,
        0.8598899692096299,
        0.898319967833554,
        0.9070999675191654,
        0.989779964558615,
        1.035719962913626,
        1.0638999619045753,
        1.0856499611257655,
        1.128679959584976,
        1.1974599571221476,
        1.2250099561356553,
        1.240869955567751,
        1.2898999538121172,
        1.3079499531657948,
        1.3113699530433336,
        1.3798399505916052,
        1.4038999497300808,
        1.4207599491263694,
        1.4728999472593747,
        1.5194499455925432,
        1.528739945259893,
        1.5796899434355094,
        1.6133599422298763,
        1.6438499411381107,
        1.685409939649958,
        1.8382099341785967,
        1.8525599336647616,
        1.8827099325851706,
        2.023839927531681,
        2.063549926109772,
        2.1245199239265986,
        2.13869992341885,
        2.172689922201759,
        2.1970299213302082,
        2.3600099154943286,
        2.3988799141024977,
        2.514979909945266,
        2.5369099091600114,
        2.6890799037112094,
        2.7121799028840594,
        2.737729901969182,
        2.7966298998601298,
        3.007649892304066,
        3.0341398913555295,
        3.0468498909004182,
        3.089539889371803,
        3.123279888163663,
        3.1365198876895746,
        3.2340198841983594,
        3.2686998829565606,
        3.2798898825558767,
        3.3712898792830863,
        3.3854398787764124,
        3.436889876934125,
        3.4410398767855246,
        3.4529898763576266,
        3.69300986776315,
        3.716169866933852,
        3.7345798662746392,
        3.7504698657056603,
        3.778219864712007,
        3.9026498602565,
        3.93809985898713,
        3.945659858716427,
        4.013869856274008,
        4.0205798560337405,
        4.115949852618795,
        4.118649852522115,
        4.164389850884288,
        4.46035984028639,
        4.605749835080362,
        4.7579098296319176,
        4.832189826972148,
        4.883199825145617,
        4.899319824568403,
        4.96474982222553,
        5.125749816460548,
        5.208879813483883,
        5.241729812307612,
        5.2737498111610615,
        5.354179808281078,
        5.43043980555041,
        5.536719801744807,
        5.752459794019732,
        6.37570977170281,
        6.511559766838383,
        6.51584976668477,
        6.5445497656570994,
        6.626889762708724,
        6.672109761089515,
        7.008929749028888,
        7.211729741767161,
        11.019969605404231,
        11.402129591720099
    ],
    "et": [
        -456.435379905
    ],
    "fc": [
        0.0676,
        0.1692,
        0.2639,
        0.7721,
        0.4694,
        1.2078,
        1.4295,
        0.9408,
        1.4828,
        6.1068,
        6.8725,
        9.2587
    ],
    "gap": 0.20065999281489996,
    "homo": -0.24584999119676645,
    "id": "AZ7_89723",
    "ir": [
        92.0935,
        0.8833,
        0.0009,
        68.8867,
        92.5141,
        67.6884,
        69.3697,
        74.9835,
        16.6912,
        0.0138,
        0.0906,
        127.1886
    ],
    "lumo": -0.045189998381866485,
    "ma": [
        12.0,
        30.97376,
        15.99491,
        1.00783,
        1.00783,
        1.00783
    ],
    "mr": [
        1.1169,
        2.6442,
        1.0689,
        2.2405,
        1.2704,
        2.9823,
        2.4164,
        1.3636,
        1.265,
        1.0549,
        1.1159,
        1.0667
    ],
    "mu": 0.9393216009440004,
    "mu_x": -0.7749,
    "mu_xx=": 4.603,
    "mu_xxx=": -16.1806,
    "mu_xxy=": -2.345,
    "mu_xxz=": 0.0038,
    "mu_xy=": 1.6486,
    "mu_xyy=": 0.2899,
    "mu_xyz=": -0.0004,
    "mu_xz=": -0.0033,
    "mu_xzz=": -4.3661,
    "mu_y": -0.5309,
    "mu_yy=": -2.1529,
    "mu_yyy=": 6.1924,
    "mu_yyz=": -0.0007,
    "mu_yz=": -0.0001,
    "mu_yzz=": 0.2955,
    "mu_z": 0.0005,
    "mu_zz=": -2.4501,
    "mu_zzz=": -0.0009,
    "na": 6,
    "ne": 32,
    "ne_down": 16,
    "ne_up": 16,
    "ni": 3,
    "oemga": [
        320.4259,
        329.537,
        647.3232,
        764.7741,
        791.9415,
        829.0782,
        1002.0281,
        1082.1052,
        1410.5284,
        3134.6374,
        3233.064,
        3838.1255
    ],
    "oemga0": 3838.1255,
    "qa": [
        -0.394851,
        0.302293,
        -0.368159,
        0.120611,
        0.136635,
        0.203471
    ],
    "r2": 214.7801,