{
    "A": 38.65308,
    "B": 5.71991,
    "C": 5.32265,
    "Cv": "13.703",
    "G": -509.976337,
    "H": -509.945026,
    "P": 1.0,
    "S": 0.0001050176085863375,
    "T": 298.15,
    "U": -509.94597,
    "U0": -509.950229,
    "alpha": 25.822333333333336,
    "alpha_xx": 46.889,
    "alpha_xy": 0.484,
    "alpha_xz": 31.899,
    "alpha_yy": -1.596,
    "alpha_yz": -1.956,
    "alpha_zz": 32.174,
    "bo": [
        0,
        1,
        0,
        1,
        1,
        0,
        0,
        1,
        0,
        1,
        0,
        0,
        1,
        0,
        0,
        1,
        0,
        0,
        0,
        0,
        1,
        1,
        0,
        0,
        0,
        0,
        0,
        0,
        1,
        0,
        0,
        0,
        0,
        0,
        0,
        0,
        1,
        0,
        0,
        0,
        0,
        0,
        0,
        0,
        1,
        0,
        0,
        0,
        0
    ],
    "coords": [
        -0.925322,
        -0.478392,
        -0.421442,
        -0.050428,
        0.635192,
        -0.415949,
        0.931021,
        0.9352,
        0.973267,
        -1.724239,
        -0.246048,
        0.156114,
        -0.484317,
        -1.30164,
        -0.016703,
        0.510261,
        0.614606,
        -1.255238,
        1.743023,
        -0.158916,
        0.97995
    ],
    "e ne": -1429.312191555,
    "e_disp": -0.002503785100003597,
    "e_k": 508.2290478855,
    "e_nn": 110.7021994697,
    "eigs": [
        -88.90568681652408,
        -14.362269485725372,
        -14.33666948664204,
        -7.9555597151325905,
        -5.921139787979751,
        -5.91641978814876,
        -5.9100197883779275,
        -0.9769399650183811,
        -0.7985599714056938,
        -0.6806799756266625,
        -0.5191099814120538,
        -0.4904399824386501,
        -0.47683998292562985,
        -0.3752199865643714,
        -0.275759990125769,
        -0.2664699904584191,
        -0.2468099911623914,
        -0.0035199998739581773,
        0.026009999068651188,
        0.051069998171319346,
        0.07783999721275697,
        0.09809999648730033,
        0.17519999372655473,
        0.22796999183700162,
        0.27605999011502685,
        0.30524998906981066,
        0.3117399888374211,
        0.3287499882283383,
        0.33305998807400866,
        0.35024998745848057,
        0.35896998714624057,
        0.40373998554314616,
        0.4197899849684384,
        0.4388999842841602,
        0.459649983541158,
        0.5254999811832449,
        0.5367199807814866,
        0.5586099799976642,
        0.5634899798229243,
        0.5756599793871489,
        0.6019299784464901,
        0.6822999755686546,
        0.7419899734313148,
        0.7828699719675108,
        0.80206997128001,
        0.8179199707124637,
        0.8338099701434851,
        0.8886599681794527,
        0.9576299657098207,
        1.0444899625995954,
        1.0716499616270683,
        1.1456599589769674,
        1.1859699575335736,
        1.207589956759419,
        1.2399799555996196,
        1.277099954270451,
        1.303539953323705,
        1.3726099508504925,
        1.3937399500938834,
        1.464689947553353,
        1.4795899470198237,
        1.5216499455137673,
        1.5555899442984662,
        1.5787099434706007,
        1.5890299431010686,
        1.610249942341237,
        1.6507199408921143,
        1.6824099397573797,
        1.6856999396395735,
        1.764839936805781,
        1.8150299350086108,
        1.8320299343998863,
        1.8740899328938296,
        1.87922993270978,
        1.9319599308216588,
        1.9665999295812928,
        2.0053699281930424,
        2.1096599244586955,
        2.215629920664192,
        2.2781599184251595,
        2.371359915087916,
        2.531119909367336,
        2.5368699091614437,
        2.6228799060816548,
        2.7308299022162528,
        2.890799896488153,
        3.041839891079813,
        3.108599888689315,
        3.1277898880021726,
        3.163699886716331,
        3.199459885435861,
        3.2199298847028848,
        3.271149882868833,
        3.2860698823345875,
        3.3228898810161613,
        3.3337598806269355,
        3.3722898792472784,
        3.41111987785688,
        3.457619876191839,
        3.492459874944311,
        3.5852598716213904,
        3.59947987111221,
        3.6301498700139994,
        3.659709868955534,
        3.6806598682053706,
        3.714819866982192,
        3.7370898661847622,
        3.816959863324831,
        3.8534598620178633,
        3.8704798614084224,
        3.8827998609672756,
        3.9524398584736526,
        3.975239857657246,
        3.9770398575927923,
        4.04013985533335,
        4.048069855049397,
        4.142419851670975,
        4.16091985100854,
        4.19304984985805,
        4.236289848309741,
        4.269799847109836,
        4.315029845490271,
        4.429819841379947,
        4.518639838199539,
        4.551689837016107,
        4.674789832608223,
        4.784229828689469,
        4.808709827812906,
        4.840799826663847,
        4.892019824829796,
        5.0282998199499715,
        5.097099817486428,
        5.128109816376043,
        5.24399981222633,
        5.376499807481858,
        5.475509803936573,
        5.574349800397376,
        5.610629799098286,
        5.629269798430838,
        5.703589795769637,
        5.801429792266246,
        5.828689791290139,
        5.8949097889189765,
        5.971079786191531,
        6.0693097826741775,
        6.097759781655459,
        6.6305297625783854,
        6.779859757231275,
        10.338339629811587,
        12.368389557120903
    ],
    "et": [
        -510.002650129
    ],
    "fc": [
        0.0644,
        0.1484,
        0.2094,
        0.4887,
        1.0414,
        0.6776,
        0.6764,
        1.6617,
        1.124,
        1.3749,
        1.7818,
        3.8957,
        7.2666,
        8.007,
        8.0442
    ],
    "gap": 0.24328999128843323,
    "homo": -0.2468099911623914,
    "id": "AZ7_97515",
    "ir": [
        24.3352,
        7.17,
        18.7834,
        47.5377,
        67.7682,
        79.1428,
        51.9439,
        25.2788,
        5.014,
        7.605,
        16.275,
        49.878,
        4.9654,
        1.3575,
        14.7986
    ],
    "lumo": -0.0035199998739581773,
    "ma": [
        14.00307,
        14.00307,
        31.97207,
        1.00783,
        1.00783,
        1.00783,
        1.00783
    ],
    "mr": [
        1.0426,
        1.9929,
        2.0469,
        2.7378,
        2.3346,
        1.4789,
        1.1771,
        2.1385,
        1.1278,
        1.1127,
        1.0616,
        1.0394,
        1.0536,
        1.0863,
        1.0781
    ],
    "mu": 1.657949583069401,
    "mu_x": 0.306,
    "mu_xx=": -2.8206,
    "mu_xxx=": -3.8749,
    "mu_xxy=": -6.398,
    "mu_xxz=": -2.104,
    "mu_xy=": -1.1736,
    "mu_xyy=": 4.1586,
    "mu_xyz=": 2.3835,
    "mu_xz=": -1.4111,
    "mu_xzz=": 3.1868,
    "mu_y": -1.0859,
    "mu_yy=": 0.9897,
    "mu_yyy=": 1.1353,
    "mu_yyz=": 3.5442,
    "mu_yz=": 0.4596,
    "mu_yzz=": -0.6349,
    "mu_z": 1.2149,
    "mu_zz=": 1.8309,
    "mu_zzz=": 0.7218,
    "na": 7,
    "ne": 34,
    "ne_down": 17,
    "ne_up": 17,
    "ni": 3,
    "oemga": [
        323.857,
        355.5003,
        416.6579,
        550.4126,
        870.0989,
        881.8372,
        987.5589,
        1148.4165,
        1300.583,
        1448.128,
        1687.826,
        2522.2092,
        3421.4766,
        3537.041,
        3558.6516
    ],
    "oemga0": 3558.6516,
    "qa": [
        -0.237628,
        -0.221939,
        -0.039182,
        0.157867,
        0.129556,
        0.15366,
        0.057666
    ],
    "r2": 257.9091,