{
    "A": 24.8963,
    "B": 8.06806,
    "C": 6.33411,
    "Cv": "11.383",
    "G": -436.521413,
    "H": -436.491139,
    "P": 1.0,
    "S": 0.0001015394935435851,
    "T": 298.15,
    "U": -436.492083,
    "U0": -436.495742,
    "alpha": 28.962,
    "alpha_xx": 55.132,
    "alpha_xy": 1.744,
    "alpha_xz": 41.539,
    "alpha_yy": 0.0,
    "alpha_yz": 0.0,
    "alpha_zz": 31.754,
    "bo": [
        0,
        1,
        0,
        1,
        1,
        1,
        0,
        1,
        0,
        2,
        0,
        0,
        0,
        0,
        0,
        2,
        0,
        0,
        0,
        0,
        1,
        1,
        0,
        0,
        0,
        0,
        0,
        0,
        1,
        0,
        0,
        0,
        0,
        0,
        0,
        1,
        0,
        0,
        0,
        0,
        0,
        0,
        0,
        0,
        1,
        0,
        0,
        0,
        0
    ],
    "coords": [
        -0.955592,
        0.030179,
        0.372837,
        0.392014,
        -0.033049,
        -0.897592,
        1.690911,
        -0.045536,
        0.002762,
        -0.883774,
        -0.841581,
        1.024895,
        -1.932895,
        0.044114,
        -0.109244,
        -0.838768,
        0.92584,
        0.984764,
        2.528103,
        -0.079967,
        -0.578587
    ],
    "e ne": -1234.896374116,
    "e_disp": -0.001343438100008143,
    "e_k": 434.9362527722,
    "e_nn": 100.6929986793,
    "eigs": [
        -77.11302723878781,
        -14.306849487709815,
        -10.172229635759544,
        -6.574369764589324,
        -4.738619830322642,
        -4.734819830458709,
        -4.731579830574725,
        -0.854009969420177,
        -0.7191999742473639,
        -0.5450799804821372,
        -0.438929984283086,
        -0.4235199848348771,
        -0.38562998619161704,
        -0.35163998740870833,
        -0.3020499891843942,
        -0.2395299914230688,
        -0.07953999715188449,
        0.03549999872883956,
        0.048129998276592915,
        0.09082999674761967,
        0.10387999628033394,
        0.10965999607336753,
        0.12206999562899849,
        0.22476999195158506,
        0.24074999137938383,
        0.26517999050461066,
        0.26738999042547645,
        0.27363999020168056,
        0.32170998848042187,
        0.3234999884163268,
        0.3463599875977711,
        0.3982199857408027,
        0.4114199852681458,
        0.4302199845949679,
        0.4557999836790162,
        0.4586699835762492,
        0.4668299832840614,
        0.5027099819992941,
        0.5350499808412849,
        0.535979980807984,
        0.6324999773518599,
        0.6749999758300482,
        0.6938799751540057,
        0.7376999735849282,
        0.7417199734409827,
        0.779169972099998,
        0.8105299709770799,
        0.8675399689357036,
        0.9313899666494053,
        0.9642499654727763,
        0.9709199652339413,
        1.0211599634349808,
        1.0359499629053903,
        1.0589999620800312,
        1.1219499598259592,
        1.1479399588953265,
        1.1852299575600713,
        1.2560499550241957,
        1.2912199537648517,
        1.2936299536785558,
        1.3127899529924874,
        1.326879952487962,
        1.3409399519845109,
        1.368319951004106,
        1.3889599502650425,
        1.4066799496305367,
        1.4798399470108718,
        1.4990699463222967,
        1.5681999438469358,
        1.5895099430838813,
        1.61612994213069,
        1.6173799420859307,
        1.6401899412691656,
        1.6821099397681218,
        1.8118199351235524,
        1.8533199336375479,
        1.876929932792137,
        1.995659928540732,
        2.0057199281805103,
        2.151839922948342,
        2.2149899206871084,
        2.249069919466795,
        2.3074799173752885,
        2.351299915806211,
        2.558119908400538,
        2.673039904285558,
        2.7004599033037215,
        2.7367699020035565,
        2.7976798998225325,
        2.8520198978767617,
        2.920539895423243,
        2.9632598938935537,
        2.9686698936998357,
        3.010169892213831,
        3.0128198921189417,
        3.0574598905205024,
        3.1112798885933515,
        3.223689884568249,
        3.2374498840755397,
        3.294549882030941,
        3.30637988160734,
        3.3388398804450343,
        3.4001898782482542,
        3.4114798778439894,
        3.4167498776552847,
        3.4761298755290446,
        3.5419798731711323,
        3.5456998730379286,
        3.6244198702191754,
        3.697899867588052,
        3.752569865630465,
        3.7758498647968706,
        3.851509862087687,
        3.8657898615763586,
        3.8956398605075098,
        3.957939858276712,
        3.960059858200801,
        4.03531985550594,
        4.062019854549885,
        4.065349854430647,
        4.06941985428491,
        4.144339851602225,
        4.168569850734613,
        4.223269848775953,
        4.24074984815004,
        4.377659843247657,
        4.41306984197972,
        4.5119698384383735,
        4.663419833015353,
        4.6993598317284375,
        4.7066698314666855,
        4.723249830873,
        4.860919825943404,
        4.8834498251366645,
        4.915319823995485,
        5.022079820172694,
        5.078169818164261,
        5.118539816718719,
        5.186609814281313,
        5.2206198130635055,
        5.226999812835055,
        5.268179811360509,
        5.583899800055416,
        5.624009798619184,
        5.685749796408438,
        5.7961397924556675,
        5.803669792186039,
        5.941189787261814,
        9.951839643651123,
        12.494179552616698
    ],
    "et": [
        -436.546869833
    ],
    "fc": [
        0.0095,
        0.204,
        1.2138,
        0.2999,
        0.5642,
        0.5405,
        0.7792,
        4.8826,
        1.1966,
        1.2909,
        1.3134,
        5.5636,
        6.2593,
        6.3115,
        7.6284
    ],
    "gap": 0.15998999427118432,
    "homo": -0.2395299914230688,
    "id": "AZ7_89381",
    "ir": [
        1.3006,
        9.9604,
        40.5665,
        20.3822,
        21.9653,
        17.8156,
        94.9615,
        23.9354,
        13.2893,
        4.5492,
        8.9743,
        2.5399,
        2.849,
        8.9625,
        10.1605
    ],
    "lumo": -0.07953999715188449,
    "ma": [
        12.0,
        30.97376,
        14.00307,
        1.00783,
        1.00783,
        1.00783,
        1.00783
    ],
    "mr": [
        1.1535,
        3.0379,
        4.6402,
        1.0845,
        1.2739,
        1.1925,
        1.3134,
        6.9657,
        1.2085,
        1.0481,
        1.0533,
        1.0315,
        1.1016,
        1.1033,
        1.0747
    ],
    "mu": 1.1771441627940054,
    "mu_x": -0.7351,
    "mu_xx=": 3.0389,
    "mu_xxx=": 10.7243,
    "mu_xxy=": -1.6736,
    "mu_xxz=": -0.0009,
    "mu_xy=": -1.2828,
    "mu_xyy=": -3.2929,
    "mu_xyz=": -0.0001,
    "mu_xz=": -0.0003,
    "mu_xzz=": -0.6554,
    "mu_y": -0.9194,
    "mu_yy=": -3.4799,
    "mu_yyy=": 1.1101,
    "mu_yyz=": -0.0002,
    "mu_yz=": -0.0001,
    "mu_yzz=": 0.6703,
    "mu_z": -0.0001,
    "mu_zz=": 0.4409,
    "mu_zzz=": 0.0002,
    "na": 7,
    "ne": 32,
    "ne_down": 16,
    "ne_up": 16,
    "ni": 3,
    "oemga": [
        -118.4824,
        337.6368,
        666.3099,
        685.1564,
        867.0131,
        877.1083,
        1003.4638,
        1090.7264,
        1296.364,
        1445.8184,
        1454.767,
        3025.7136,
        3105.4611,
        3115.9314,
        3470.945
    ],
    "oemga0": 3470.945,
    "qa": [
        -0.33661,
        0.261104,
        -0.38604,
        0.112876,
        0.089591,
        0.112879,
        0.1462
    ],
    "r2": 234.9441,