{
    "A": 160.60026,
    "B": 5.01804,
    "C": 5.01803,
    "Cv": "11.000",
    "G": -419.256451,
    "H": -419.226475,
    "P": 1.0,
    "S": 0.00010053999664609529,
    "T": 298.15,
    "U": -419.227419,
    "U0": -419.231226,
    "alpha": 34.48933333333333,
    "alpha_xx": 70.588,
    "alpha_xy": 0.0,
    "alpha_xz": 32.88,
    "alpha_yy": 0.0,
    "alpha_yz": 0.0,
    "alpha_zz": 32.88,
    "bo": [
        0,
        1,
        0,
        1,
        1,
        1,
        1,
        0,
        3,
        0,
        0,
        0,
        0,
        3,
        0,
        0,
        0,
        0,
        1,
        0,
        0,
        0,
        0,
        0,
        1,
        0,
        0,
        0,
        0,
        0,
        1,
        0,
        0,
        0,
        0,
        0
    ],
    "coords": [
        -1.75322,
        8.6e-05,
        -4e-06,
        -0.297273,
        -2.3e-05,
        -3.3e-05,
        1.24829,
        -0.00012,
        -1.7e-05,
        -2.145431,
        0.879033,
        0.517989,
        -2.145576,
        -0.88796,
        0.502121,
        -2.145474,
        0.009263,
        -1.020139
    ],
    "e ne": -1153.820097539,
    "e_disp": -0.0013454476000021032,
    "e_k": 417.7496807894,
    "e_nn": 80.6111077465,
    "eigs": [
        -77.06811724039592,
        -10.205989634550688,
        -10.197519634853975,
        -6.53510976599512,
        -4.6961998318415885,
        -4.6961998318415885,
        -4.693809831927168,
        -0.7781499721365215,
        -0.6668799761208037,
        -0.4867999825689888,
        -0.4386199842941863,
        -0.4386199842941863,
        -0.3450299876453949,
        -0.26109999065070455,
        -0.26109999065070455,
        -0.03699999867512856,
        -0.03699999867512856,
        0.03973999857701646,
        0.0935799966491495,
        0.10679999617577651,
        0.10679999617577651,
        0.18157999349810394,
        0.22861999181372683,
        0.24246999131779523,
        0.24247999131743717,
        0.2857699897673376,
        0.299479989276419,
        0.2994899892760609,
        0.3162399886762881,
        0.3162399886762881,
        0.39120998599181206,
        0.39120998599181206,
        0.41196998524845174,
        0.41196998524845174,
        0.4423799841595507,
        0.4542799837334434,
        0.4667499832869259,
        0.4667499832869259,
        0.5242599812276459,
        0.6681099760767607,
        0.6906899752682311,
        0.690709975267515,
        0.7457099732981114,
        0.7840499719252582,
        0.7840499719252582,
        0.8617999691412378,
        0.8931499680186779,
        0.9931199644390185,
        0.9931299644386603,
        1.0321199630425322,
        1.0321299630421743,
        1.0841899611780443,
        1.140789959151349,
        1.140809959150633,
        1.187689957471985,
        1.2751599543399175,
        1.2751699543395594,
        1.2906799537841875,
        1.2906899537838294,
        1.3616999512411503,
        1.361929951232915,
        1.369549950960063,
        1.369549950960063,
        1.4030199497615914,
        1.4750799471813147,
        1.529019945249867,
        1.5290299452495089,
        1.5848499432507437,
        1.5848599432503854,
        1.7305899380321823,
        1.7727099365239773,
        1.7727199365236195,
        1.9288799309319458,
        1.9924599286553153,
        1.992499928653883,
        2.186069921722657,
        2.2402599197822575,
        2.2402699197818996,
        2.2540299192891906,
        2.3229899168199166,
        2.3230099168192004,
        2.4466399123923392,
        2.6568199048663534,
        2.678689904083247,
        2.6786999040828894,
        2.698989903356358,
        2.7438899017486085,
        2.8149198992052136,
        2.8149298992048553,
        2.825389898830311,
        2.9031998960441423,
        2.903209896043784,
        2.913009895692872,
        3.025779891654879,
        3.0257998916541626,
        3.0859498895003514,
        3.085959889499993,
        3.114859888465162,
        3.114879888464445,
        3.2683298829698093,
        3.2875598822812346,
        3.2875698822808763,
        3.29910988186766,
        3.3699698793303514,
        3.4333098770623156,
        3.4333398770612407,
        3.5954198712575876,
        3.5954298712572297,
        3.747099865826331,
        3.825369863023691,
        3.825389863022975,
        3.905889860140484,
        3.9465398586849165,
        3.9465598586842,
        4.0790098539415185,
        4.116399852602681,
        4.1164198526019655,
        4.142949851651997,
        4.32441984515404,
        4.373599843393035,
        4.488679839272327,
        4.488729839270537,
        4.845619826491257,
        4.845629826490899,
        4.934159823320876,
        5.049959819174385,
        5.1045998172178715,
        5.104609817217514,
        5.195959813946515,
        5.293839810441693,
        5.2938998104395445,
        5.696249796032462,
        5.80258979222471,
        5.802629792223278,
        8.272819703772354,
        13.456829518146767
    ],
    "et": [
        -419.273359558
    ],
    "fc": [
        0.2197,
        0.2201,
        1.7048,
        0.8688,
        0.8692,
        1.3716,
        1.3062,
        1.3066,
        19.1265,
        5.5093,
        6.0914,
        6.0925
    ],
    "gap": 0.22409999197557598,
    "homo": -0.26109999065070455,
    "id": "AZ7_64050",
    "ir": [
        13.0157,
        13.0142,
        0.2943,
        0.0279,
        0.0278,
        0.5487,
        10.5815,
        10.5835,
        42.4606,
        9.4847,
        4.8773,
        4.8745
    ],
    "lumo": -0.03699999867512856,
    "ma": [
        12.0,
        12.0,
        30.97376,
        1.00783,
        1.00783,
        1.00783
    ],
    "mr": [
        3.649,
        3.6492,
        5.0718,
        1.4114,
        1.4115,
        1.196,
        1.04,
        1.04,
        12.6739,
        1.0333,
        1.1003,
        1.1003
    ],
    "mu": 1.6208,
    "mu_x": 1.6208,
    "mu_xx=": 2.4418,
    "mu_xxx=": 6.7547,
    "mu_xxy=": -0.0001,
    "mu_xxz=": -0.0001,
    "mu_xy=": 0.0,
    "mu_xyy=": 1.9616,
    "mu_xyz=": 0.0,
    "mu_xz=": 0.0001,
    "mu_xzz=": 1.9613,
    "mu_y": 0.0,
    "mu_yy=": -1.2208,
    "mu_yyy=": 0.2283,
    "mu_yyz=": -0.6716,
    "mu_yz=": 0.0,
    "mu_yzz=": -0.2281,
    "mu_z": 0.0,
    "mu_zz=": -1.221,
    "mu_zzz=": 0.6716,
    "na": 6,
    "ne": 30,
    "ne_down": 15,
    "ne_up": 15,
    "ni": 3,
    "oemga": [
        319.6887,
        319.9342,
        755.3302,
        1022.1744,
        1022.3428,
        1395.116,
        1460.0257,
        1460.2631,
        1600.4336,
        3008.2777,
        3065.3723,
        3065.6137
    ],
    "oemga0": 3065.6137,
    "qa": [
        -0.237209,
        -0.165221,
        0.033157,
        0.123085,
        0.123088,
        0.1231
    ],
    "r2": 266.8589,