{
    "A": 21.01963,
    "B": 6.36928,
    "C": 5.51807,
    "Cv": "16.603",
    "G": -407.805225,
    "H": -407.771884,
    "P": 1.0,
    "S": 0.00011182626194870761,
    "T": 298.15,
    "U": -407.772829,
    "U0": -407.777883,
    "alpha": 38.410333333333334,
    "alpha_xx": 67.563,
    "alpha_xy": 2.499,
    "alpha_xz": 49.88,
    "alpha_yy": 0.0,
    "alpha_yz": -0.001,
    "alpha_zz": 47.668,
    "bo": [
        0,
        1,
        1,
        1,
        0,
        0,
        0,
        0,
        0,
        1,
        0,
        0,
        0,
        0,
        0,
        0,
        0,
        0,
        1,
        0,
        0,
        0,
        0,
        0,
        0,
        0,
        0,
        1,
        0,
        0,
        0,
        1,
        1,
        1,
        0,
        0,
        0,
        0,
        0,
        1,
        0,
        0,
        0,
        0,
        0,
        0,
        0,
        0,
        1,
        0,
        0,
        0,
        0,
        0,
        0,
        0,
        0,
        1,
        0,
        0,
        0,
        1,
        1,
        0,
        0,
        0,
        0,
        0,
        0,
        1,
        0,
        0,
        0,
        0,
        0,
        0,
        0,
        0,
        1,
        0,
        0
    ],
    "coords": [
        1.3076,
        0.234316,
        -0.408784,
        1.141946,
        1.204193,
        -1.081895,
        0.434797,
        -0.572909,
        -0.320695,
        2.666764,
        -0.017675,
        0.265058,
        3.304734,
        0.843312,
        0.457643,
        2.69291,
        -0.695171,
        1.116917,
        3.498872,
        -0.959434,
        -1.161332,
        2.451382,
        -1.873473,
        -1.464388,
        3.162695,
        -0.083261,
        -2.230823
    ],
    "e ne": -1156.445764521,
    "e_disp": -0.0035791748999969286,
    "e_k": 406.3196974954,
    "e_nn": 95.9718867471,
    "eigs": [
        -77.10254723916307,
        -10.172449635751665,
        -6.73737975875237,
        -6.565549764905145,
        -4.727359830725832,
        -4.727079830735858,
        -4.723869830850799,
        -0.7403799734889646,
        -0.6022699784343157,
        -0.49093998242074643,
        -0.4500599838845504,
        -0.3743599865951657,
        -0.37310998663992484,
        -0.3502399874588386,
        -0.32361998841202994,
        -0.2654699904942265,
        -0.039299998592771695,
        0.013979999499413441,
        0.027309999022101652,
        0.04701999831633906,
        0.07801999720631166,
        0.0800699971329066,
        0.1188399957446562,
        0.13262999525087302,
        0.1683199939729092,
        0.1834899934297119,
        0.19269999309992636,
        0.19922999286610443,
        0.2153499922888902,
        0.23939999142772375,
        0.24355999127876524,
        0.2508599910173717,
        0.29482998944292316,
        0.32256998844962764,
        0.35107998742876045,
        0.3619999870377444,
        0.3768399865063635,
        0.39251998594490445,
        0.4081399853855939,
        0.4373199843407358,
        0.4507799838587691,
        0.45344998376316353,
        0.4765399829363721,
        0.49307998234411876,
        0.5644699797878331,
        0.5667399797065504,
        0.6055799783157935,
        0.6206999777743866,
        0.6476899768079466,
        0.6830399755421572,
        0.6834899755260438,
        0.743329973383333,
        0.7532399730284822,
        0.8175499707257124,
        0.8193899706598269,
        0.866289968980463,
        0.9006599677497648,
        0.9253699668649655,
        0.9478599660596585,
        0.9634399655017801,
        0.991819964485568,
        0.9990899642252487,
        1.0575399621323098,
        1.083009961220297,
        1.099369960634489,
        1.137129959282404,
        1.15755995855086,
        1.1695899581200977,
        1.2185799563658966,
        1.227089956061176,
        1.2413799555494893,
        1.2970499535560949,
        1.3087899531357168,
        1.3124999530028716,
        1.365469951106157,
        1.3769499506950886,
        1.4512899480331714,
        1.4537599479447272,
        1.469739947372526,
        1.477629947090006,
        1.5035299461625962,
        1.5226599454776015,
        1.565599943940035,
        1.5951199428830023,
        1.6383399413354092,
        1.6494199409386638,
        1.6635999404309159,
        1.7126399386749238,
        1.739079937728178,
        1.7581499370453324,
        1.8188899348703944,
        1.8808999326499818,
        1.8993299319900523,
        1.9657499296117293,
        1.9846299289356866,
        2.031729927249161,
        2.0535799264667713,
        2.068829925920709,
        2.08336992540007,
        2.1306499237070997,
        2.250259919424184,
        2.321859916860379,
        2.3728999150327725,
        2.3743599149804933,
        2.43916991265982,
        2.473819911419096,
        2.507279910220983,
        2.51795990983856,
        2.687559903765636,
        2.71586990275193,
        2.771019900777156,
        2.8684898972870148,
        2.8994798961773456,
        2.941069894688118,
        2.972099893577017,
        3.0815498896579037,
        3.0967598891132746,
        3.098299889058131,
        3.178389886190321,
        3.2146398848923057,
        3.2380398840544133,
        3.2495198836433454,
        3.3080498815475425,
        3.326819880875439,
        3.3743098791749477,
        3.3995698782704546,
        3.4308998771486108,
        3.451579876408115,
        3.497779874753816,
        3.5242798738049217,
        3.5665598722909877,
        3.574399872010258,
        3.583799871673669,
        3.6217898703133486,
        3.640259869651987,
        3.678609868278776,
        3.6869598679797844,
        3.7248498666230443,
        3.7582298654277957,
        3.7767998647628533,
        3.7948598641161726,
        3.8507898621134684,
        3.8919998606378483,
        3.923329859516004,
        3.9483598586197473,
        3.9665698579676953,
        3.9848198573142115,
        4.030749855669581,
        4.084889853730971,
        4.088389853605646,
        4.0988498532311,
        4.109059852865508,
        4.189539849983733,
        4.189839849972992,
        4.191919849898511,
        4.2748698469282935,
        4.313339845550785,
        4.343119844484443,
        4.39401984266185,
        4.4310898413344715,
        4.475189839755368,
        4.527149837894818,
        4.629479834230654,
        4.714679831179869,
        4.780629828818375,
        4.783939828699853,
        4.9013398244960715,
        4.911859824119379,
        5.044679819363449,
        5.082949817993102,
        5.149869815596874,
        5.2438198122327755,
        5.303249810104745,
        5.512219802622087,
        5.696579796020646,
        5.920389788006606,
        9.940029644074006,
        11.869959574968354
    ],
    "et": [
        -407.843503777
    ],
    "fc": [
        0.0039,
        0.1185,
        0.1147,
        1.4217,
        0.2618,
        0.3523,
        0.4233,
        0.7749,
        0.895,
        1.1118,
        0.8462,
        0.8142,
        0.8771,
        1.2067,
        1.4273,
        3.4186,
        3.4719,
        4.1107,
        4.6587,
        5.8582,
        6.3513
    ],
    "gap": 0.2261699919014548,
    "homo": -0.2654699904942265,
    "id": "AZ7_04305",
    "ir": [
        6.9852,
        4.9756,
        0.9292,
        11.8257,
        0.9785,
        0.4479,
        1.2843,
        24.679,
        23.3054,
        16.6607,
        22.2255,
        0.8762,
        30.8499,
        53.5329,
        7.7363,
        36.8853,
        53.3226,
        99.4313,
        119.7844,
        5.0329,
        3.9892
    ],
    "lumo": -0.039299998592771695,
    "ma": [
        11.00931,
        1.00783,
        1.00783,
        12.0,
        1.00783,
        1.00783,
        30.97376,
        1.00783,
        1.00783
    ],