{
    "A": 289.51723,
    "B": 5.54444,
    "C": 5.44025,
    "Cv": "12.306",
    "G": -475.476043,
    "H": -475.446123,
    "P": 1.0,
    "S": 0.00010035217172565543,
    "T": 298.15,
    "U": -475.447067,
    "U0": -475.451105,
    "alpha": 29.11233333333333,
    "alpha_xx": 63.257,
    "alpha_xy": 1.63,
    "alpha_xz": 28.626,
    "alpha_yy": 0.0,
    "alpha_yz": 0.0,
    "alpha_zz": 24.08,
    "bo": [
        0,
        3,
        0,
        1,
        0,
        3,
        0,
        1,
        0,
        0,
        0,
        1,
        0,
        0,
        1,
        1,
        0,
        0,
        0,
        0,
        0,
        0,
        1,
        0,
        0
    ],
    "coords": [
        1.257551,
        -0.011712,
        -0.225494,
        0.068116,
        -0.182881,
        -0.273711,
        -1.581,
        -0.554814,
        -0.3999,
        2.305157,
        0.150692,
        -0.17793,
        -2.049825,
        0.598715,
        0.119465
    ],
    "e ne": -1282.819768591,
    "e_disp": -0.0010544375000023365,
    "e_k": 473.8787008988,
    "e_nn": 78.6090056652,
    "eigs": [
        -88.92724681575208,
        -10.202309634682459,
        -10.177729635562603,
        -7.978289714318689,
        -5.943079787194137,
        -5.939219787332354,
        -5.933389787541111,
        -0.8130999708850551,
        -0.7271699739619795,
        -0.5448999804885827,
        -0.4864299825822375,
        -0.4022199855975733,
        -0.34585998761567477,
        -0.29154998956037115,
        -0.24472999123687067,
        -0.014389999484732434,
        0.03109999888639185,
        0.03703999867369627,
        0.04228999848570776,
        0.07406999734775062,
        0.1923699931117428,
        0.20888999252020557,
        0.22318999200816067,
        0.27504999015119225,
        0.27561999013078203,
        0.29097998958078136,
        0.30317998914393185,
        0.3117999888352726,
        0.3683699868096516,
        0.40023998566847185,
        0.41344998519545695,
        0.4206799849365699,
        0.46436998337214735,
        0.4834799826878692,
        0.4991099821282005,
        0.5953399786824606,
        0.6034699783913469,
        0.647889976800785,
        0.6903399752807636,
        0.7622799727047839,
        0.7996699713659476,
        0.8038899712148407,
        0.820759970610771,
        0.8287499703246702,
        0.8540599694183866,
        0.9180799671260009,
        0.9436699662096912,
        1.0276999632008008,
        1.1431599590664856,
        1.1444499590202943,
        1.1749399579285287,
        1.1968699571432737,
        1.357809951380441,
        1.3593899513238656,
        1.4465699482021819,
        1.5006999462639308,
        1.5592199441684855,
        1.5978899427838158,
        1.6347199414650317,
        1.6428199411749922,
        1.6774499399349843,
        1.77017993661457,
        1.8324499343848468,
        1.8385799341653482,
        1.9057799317590953,
        1.9222999311675577,
        1.9262699310254028,
        1.9382699305957147,
        2.015089927844995,
        2.199729921233529,
        2.2375999198775047,
        2.251889919365818,
        2.400929914029093,
        2.4424699125416565,
        2.4784499112533083,
        2.5068599102360216,
        2.516389909894778,
        2.522249909684947,
        2.545049908868539,
        2.5839799074745597,
        2.6226799060888157,
        2.7886199001469465,
        2.8328398985635466,
        2.834219898514132,
        2.9096298958139006,
        2.9137498956663745,
        2.930409895069825,
        2.9358598948746746,
        2.945199894540234,
        2.98259989320104,
        2.995359892744138,
        3.0395698911610953,
        3.06351989030351,
        3.224949884523132,
        3.240769883956659,
        3.304639881669645,
        3.362469879598907,
        3.3664698794556775,
        3.46281987600564,
        3.534609873435032,
        3.6010898710545605,
        3.6088798707756213,
        3.7447198659115526,
        3.90918986002232,
        3.955429858366589,
        3.9709598578105005,
        3.974999857665839,
        4.029149855726872,
        4.048069855049397,
        4.122689852377454,
        4.276329846876014,
        4.474979839762888,
        4.777479828931169,
        4.811289827720522,
        4.861919825907596,
        5.43370980543332,
        5.688049796326082,
        5.721199795139069,
        5.900059788734569,
        6.080869782260245,
        7.712589723832698,
        16.205649419718842
    ],
    "et": [
        -475.478207459
    ],
    "fc": [
        0.2059,
        0.4507,
        0.2347,
        2.6395,
        0.3999,
        0.6303,
        16.2414,
        4.2656,
        8.2112
    ],
    "gap": 0.23033999175213823,
    "homo": -0.24472999123687067,
    "id": "AZ7_65203",
    "ir": [
        8.0273,
        7.2413,
        60.1002,
        1.844,
        32.4776,
        11.3825,
        15.8535,
        1.0106,
        86.2004
    ],
    "lumo": -0.014389999484732434,
    "ma": [
        12.0,
        12.0,
        31.97207,
        1.00783,
        1.00783
    ],
    "mr": [
        3.9558,
        5.9378,
        1.2201,
        8.8931,
        1.3043,
        1.1311,
        5.9296,
        1.0393,
        1.1576
    ],
    "mu": 0.8191191427381002,
    "mu_x": 0.0056,
    "mu_xx=": 4.2281,
    "mu_xxx=": -11.0306,
    "mu_xxy=": 2.3015,
    "mu_xxz=": 0.0003,
    "mu_xy=": 1.6188,
    "mu_xyy=": 4.7528,
    "mu_xyz=": 0.0,
    "mu_xz=": -0.0001,
    "mu_xzz=": 1.7742,
    "mu_y": 0.8191,
    "mu_yy=": -0.5025,
    "mu_yyy=": 1.606,
    "mu_yyz=": 0.0,
    "mu_yz=": 0.0,
    "mu_yzz=": 0.1542,
    "mu_z": 0.0,
    "mu_zz=": -3.7256,
    "mu_zzz=": 0.0001,
    "na": 5,
    "ne": 30,
    "ne_down": 15,
    "ne_up": 15,
    "ni": 3,
    "oemga": [
        297.2162,
        358.9089,
        571.3672,
        709.7646,
        721.3966,
        972.5212,
        2156.1198,
        2639.3336,
        3469.8208
    ],
    "oemga0": 3469.8208,
    "qa": [
        -0.123527,
        -0.13072,
        -0.012381,
        0.154903,
        0.111724
    ],
    "r2": 239.4587,