{
    "A": 37.48632,
    "B": 5.7852,
    "C": 5.39721,
    "Cv": "14.431",
    "G": -457.60033,
    "H": -457.566837,
    "P": 1.0,
    "S": 0.00011233607244663582,
    "T": 298.15,
    "U": -457.567781,
    "U0": -457.572777,
    "alpha": 30.357,
    "alpha_xx": 50.244,
    "alpha_xy": 2.846,
    "alpha_xz": 36.833,
    "alpha_yy": 1.945,
    "alpha_yz": -1.33,
    "alpha_zz": 38.882,
    "bo": [
        0,
        1,
        0,
        1,
        1,
        1,
        0,
        0,
        1,
        0,
        1,
        0,
        0,
        0,
        0,
        0,
        0,
        1,
        0,
        0,
        0,
        0,
        1,
        1,
        1,
        0,
        0,
        0,
        0,
        0,
        0,
        0,
        1,
        0,
        0,
        0,
        0,
        0,
        0,
        0,
        1,
        0,
        0,
        0,
        0,
        0,
        0,
        0,
        0,
        0,
        1,
        0,
        0,
        0,
        0,
        0,
        0,
        0,
        1,
        0,
        0,
        0,
        0,
        0
    ],
    "coords": [
        -1.600148,
        -0.205902,
        -0.021317,
        -0.423488,
        0.594893,
        0.044181,
        1.035277,
        -0.200355,
        -0.084476,
        -1.77861,
        -0.728762,
        0.92322,
        -1.542794,
        -0.943558,
        -0.827221,
        -2.434708,
        0.467192,
        -0.212041,
        1.807547,
        0.956264,
        -0.381067,
        1.454404,
        -0.196615,
        1.286556
    ],
    "e ne": -1314.4214184,
    "e_disp": -0.002640920999994023,
    "e_k": 455.9081352122,
    "e_nn": 115.0953041615,
    "eigs": [
        -77.11319723878175,
        -19.138069314716695,
        -10.221669633989228,
        -6.573049764636591,
        -4.736829830386736,
        -4.734189830481268,
        -4.730279830621274,
        -1.025749963270625,
        -0.7064899747024751,
        -0.6068499782703182,
        -0.47407998302445814,
        -0.4601199835243285,
        -0.4475599839740687,
        -0.3826399862986809,
        -0.3498299874735196,
        -0.2926299895216993,
        -0.24855999109972857,
        -0.004859999825976347,
        0.03444999876643728,
        0.044489998406931616,
        0.06980999750028986,
        0.10863999610989102,
        0.11144999600927238,
        0.13679999510155644,
        0.19153999314146283,
        0.24259999131314028,
        0.25941999071086086,
        0.2673499904269087,
        0.27793999004770903,
        0.3001099892538604,
        0.3141099887525577,
        0.319109988573521,
        0.36761998683650715,
        0.38226998631192965,
        0.42046998494408944,
        0.43394998446140653,
        0.4495299839035282,
        0.46125998348350816,
        0.47049998315264835,
        0.5176799814632583,
        0.5777599793119536,
        0.5918199788085025,
        0.6474699768158242,
        0.6733899758876981,
        0.7266299739813155,
        0.7383499735616533,
        0.8298199702863563,
        0.8426299698276644,
        0.8595799692207301,
        0.8958999679202078,
        0.9305699666787673,
        0.9674499653581928,
        0.9770299650151585,
        0.9890899645833221,
        1.0259599632631056,
        1.0624899619550636,
        1.088879961010108,
        1.1005499605922362,
        1.130459959521239,
        1.1615199584090632,
        1.1970099571382606,
        1.2585599549343192,
        1.2774299542586347,
        1.2954399536137446,
        1.317609952819896,
        1.351809951595285,
        1.3537999515240284,
        1.3964199499979197,
        1.420929949120282,
        1.4545199479175137,
        1.4902499466381176,
        1.5136799457991517,
        1.526029945356931,
        1.6359299414217048,
        1.6512599408727784,
        1.6815899397867415,
        1.7445599375319538,
        1.829469934491553,
        1.9194099312710413,
        1.9624999297281032,
        2.0439199268126695,
        2.0978199248826543,
        2.1186299241375037,
        2.20175992116084,
        2.2276799202327138,
        2.282339918275485,
        2.3719899150653565,
        2.3806799147541913,
        2.5033399103620635,
        2.5807399075905755,
        2.677039904142329,
        2.699709903330577,
        2.737739901968824,
        2.7863799002271548,
        2.7944598999378316,
        2.895889896305894,
        2.9232098953276373,
        2.985489893097556,
        2.990319892924607,
        3.023609891732581,
        3.031969891433231,
        3.1208098882521074,
        3.205249885228536,
        3.241959883914049,
        3.296239881970427,
        3.303259881719059,
        3.3455198802058415,
        3.384359878815084,
        3.3991298782862103,
        3.424319877384223,
        3.431719877119249,
        3.486959875141251,
        3.4937498748981195,
        3.5753898719748087,
        3.6048798709188503,
        3.660539868925814,
        3.6865398679948234,
        3.7031298674007798,
        3.71018986714798,
        3.741959866010381,
        3.8054398637373312,
        3.818629863265033,
        3.9369598590279504,
        3.9408398588890177,
        3.997069856875571,
        4.018609856104281,
        4.029409855717563,
        4.0778798539819805,
        4.097609853275502,
        4.134529851953495,
        4.153059851289985,
        4.195049849786435,
        4.24074984815004,
        4.291639846327804,
        4.3358298447454775,
        4.469199839969854,
        4.6689098328187715,
        4.691179832021342,
        4.720159830983645,
        4.80914982779715,
        4.926619823590862,
        4.937779823191252,
        5.000599820941836,
        5.040499819513123,
        5.13198981623711,
        5.179099814550226,
        5.2221298130094365,
        5.3112998098164965,
        5.338379808846833,
        5.482179803697739,
        5.573969800410984,
        5.657149797432528,
        5.791799792611072,
        5.81006979195687,
        5.9235297878941715,
        6.011109784758165,
        6.125149780674696,
        6.580639764364812,
        6.659749761532094,
        6.841769755014443,
        7.113949745268402,
        7.206149741966966,
        9.673339653623465,
        13.036499533197665
    ],
    "et": [
        -457.631921425
    ],
    "fc": [
        0.0052,
        0.01,
        0.2038,
        2.3308,
        0.5486,
        0.6495,
        2.0419,
        0.879,
        1.0302,
        1.1464,
        1.4232,
        1.3999,
        1.394,
        3.2079,
        3.4389,
        5.4518,
        6.0435,
        6.2292
    ],
    "gap": 0.24369999127375222,
    "homo": -0.24855999109972857,
    "id": "AZ7_87828",
    "ir": [
        4.0295,
        1.8177,
        3.7628,
        61.723,
        11.7733,
        79.8783,
        171.2349,
        3.1291,
        1.1217,
        8.3014,
        2.2005,
        9.9155,
        6.1706,
        134.6393,
        86.4794,
        59.864,
        41.9865,
        23.9566
    ],
    "lumo": -0.004859999825976347,
    "ma": [
        12.0,
        15.99491,
        30.97376,
        1.00783,
        1.00783,
        1.00783,
        1.00783,
        1.00783
    ],
    "mr": [
        1.1473,
        1.2485,
        3.4496,
        7.5714,
        1.114,
        1.2974,
        2.8351,
        1.1682,
        1.2637,
        1.3519,
        1.1109,
        1.0665,
        1.0455,
        1.0387,
        1.0388,
        1.0335,
        1.1055,
        1.1001
    ],
    "mu": 0.760623592849972,
    "mu_x": -0.5112,
    "mu_xx=": 3.0325,
    "mu_xxx=": -5.2665,
    "mu_xxy=": 1.9104,
    "mu_xxz=": 0.1597,
    "mu_xy=": 1.314,
    "mu_xyy=": -2.041,
    "mu_xyz=": -0.8548,
    "mu_xz=": 0.4547,
    "mu_xzz=": -1.995,
    "mu_y": -0.544,
    "mu_yy=": -2.205,
    "mu_yyy=": 3.6088,
    "mu_yyz=": 0.5923,
    "mu_yz=": -1.1395,
    "mu_yzz=": 0.923,
    "mu_z": 0.1459,
    "mu_zz=": -0.8275,
    "mu_zzz=": 0.4692,
    "na": 8,
    "ne": 34,