{
    "A": 678.22622,
    "B": 9.77651,
    "C": 9.63759,
    "Cv": "11.367",
    "G": -152.515825,
    "H": -152.48774,
    "P": 1.0,
    "S": 9.41975515680173e-05,
    "T": 298.15,
    "U": -152.488685,
    "U0": -152.492467,
    "alpha": 18.496,
    "alpha_xx": 39.143,
    "alpha_xy": -0.976,
    "alpha_xz": 17.39,
    "alpha_yy": 0.0,
    "alpha_yz": 0.0,
    "alpha_zz": 16.345,
    "bo": [
        0,
        3,
        0,
        1,
        0,
        3,
        0,
        1,
        0,
        0,
        0,
        1,
        0,
        0,
        1,
        1,
        0,
        0,
        0,
        0,
        0,
        0,
        1,
        0,
        0
    ],
    "coords": [
        0.851237,
        -0.079821,
        0.04013,
        -0.345393,
        -0.101804,
        0.014162,
        -1.653606,
        -0.072073,
        0.049216,
        1.910517,
        -0.065822,
        0.056651,
        -2.022154,
        -0.64928,
        -0.631658
    ],
    "e ne": -473.6583421105,
    "e_disp": -0.0007984737999962022,
    "e_k": 151.6499470208,
    "e_nn": 58.3114992998,
    "eigs": [
        -19.20311931238743,
        -10.228009633762207,
        -10.15969963620821,
        -1.105789960404606,
        -0.7475599732318678,
        -0.6269099775520229,
        -0.516489981505869,
        -0.46942998319096224,
        -0.4287599846472466,
        -0.2756799901286336,
        -0.2547899908766489,
        0.006769999757584335,
        0.058959997888799465,
        0.07837999719342101,
        0.07941999715618137,
        0.15692999438075475,
        0.21710999222586927,
        0.2945199894540234,
        0.2965999893795441,
        0.32304998843244015,
        0.34587998761495864,
        0.38364998626251556,
        0.4242599848083796,
        0.43911998427628257,
        0.5171999814804458,
        0.5458699804538495,
        0.5605599799278397,
        0.6059299783032608,
        0.6248799776247118,
        0.6557199765204137,
        0.7036299748048842,
        0.706529974701043,
        0.766079972568716,
        0.77943997209033,
        0.9161299671958253,
        0.9252099668706946,
        0.9541499658344303,
        0.9573799657187726,
        1.0707899616578627,
        1.088989961006169,
        1.2044099568732862,
        1.2660599546657643,
        1.3867999503423867,
        1.3951299500441112,
        1.4413399483894542,
        1.4942199464959625,
        1.736229937830229,
        1.8760599328232892,
        1.9164699313763145,
        1.9431799304199007,
        1.9492499302025503,
        2.0154599278317464,
        2.059019926271979,
        2.16028992264577,
        2.2379099198664045,
        2.3639099153546805,
        2.4784599112529504,
        2.518779909809198,
        2.5201499097601423,
        2.5301499094020685,
        2.5440999089025564,
        2.609389906564695,
        2.695439903483474,
        2.7448299017149496,
        2.772969900707331,
        2.7744399006546945,
        2.855899897737829,
        2.9118498957344086,
        2.919119895474089,
        2.9316498950254233,
        2.9319498950146814,
        2.9647398938405587,
        2.9962698927115534,
        3.035029891323661,
        3.0691298901026305,
        3.1786898861795794,
        3.271659882850571,
        3.28981988220031,
        3.3715998792719857,
        3.381489878917851,
        3.4437998766866964,
        3.5889698714885454,
        3.643369869540626,
        3.718369866855076,
        3.7789198646869417,
        3.8187798632596612,
        3.927649859361317,
        3.9405698588986864,
        4.033199855581852,
        4.081779853842332,
        4.17996985032641,
        4.217919848967521,
        4.3815898431069344,
        4.499459838886324,
        4.534989837614089,
        4.790809828453856,
        4.864069825830611,
        5.011499820551536,
        5.286329810710606,
        5.329249809173755,
        5.4762198039111505,
        5.596339799609973,
        5.642389797961045,
        6.030129784077109,
        6.120279780849078,
        6.375369771714984,
        6.418589770167391,
        6.537769765899872,
        6.58892976406797,
        6.625659762752766,
        6.664509761361651,
        6.831699755375022,
        6.946149751276874,
        7.210809741800104,
        7.541589729955753,
        8.562279693407563,
        12.751709543395235,
        16.351189414507445
    ],
    "et": [
        -152.524139739
    ],
    "fc": [
        0.4741,
        1.0477,
        0.2034,
        0.2947,
        6.5096,
        1.0932,
        18.5998,
        8.3184,
        8.8958
    ],
    "gap": 0.26155999063423324,
    "homo": -0.2547899908766489,
    "id": "AZ7_59302",
    "ir": [
        11.8854,
        4.4425,
        63.7536,
        49.2131,
        95.2051,
        90.1108,
        142.5427,
        95.6829,
        105.5546
    ],
    "lumo": 0.006769999757584335,
    "ma": [
        12.0,
        12.0,
        15.99491,
        1.00783,
        1.00783
    ],
    "mr": [
        5.0094,
        9.1866,
        1.1665,
        1.1899,
        9.4167,
        1.1759,
        6.0675,
        1.162,
        1.066
    ],
    "mu": 1.7102947962266624,
    "mu_x": -0.8035,
    "mu_xx=": 3.6193,
    "mu_xxx=": -1.5971,
    "mu_xxy=": 4.9413,
    "mu_xxz=": 0.0,
    "mu_xy=": -2.7775,
    "mu_xyy=": -5.9887,
    "mu_xyz=": 0.0,
    "mu_xz=": 0.0,
    "mu_xzz=": -3.9375,
    "mu_y": 1.5098,
    "mu_yy=": -0.953,
    "mu_yyy=": 1.2732,
    "mu_yyz=": 0.0,
    "mu_yz=": 0.0,
    "mu_yzz=": 0.1014,
    "mu_z": 0.0,
    "mu_zz=": -2.6664,
    "mu_zzz=": 0.0,
    "na": 5,
    "ne": 22,
    "ne_down": 11,
    "ne_up": 11,
    "ni": 3,
    "oemga": [
        400.801,
        439.9715,
        544.0179,
        648.3399,
        1083.1873,
        1256.1895,
        2280.9876,
        3485.6946,
        3763.453
    ],
    "oemga0": 3763.453,
    "qa": [
        -0.285441,
        0.100789,
        -0.202433,
        0.152518,
        0.234566
    ],
    "r2": 145.1226,
    "rn": [
        0.0,
        0.25,
        0.0,
        0.01,
        -0.52,
        0.0,
        -0.04,
        0.15,
        0.0,
        -0.01,
        0.4,
        0.0,
        0.55,
        0.43,
        0.0,
        0.0,
        0.0,
        0.42,
        0.0,
        0.0,
        -0.71,
        0.0,
        0.0,
        0.22,
        0.0,
        0.0,
        -0.38,
        0.0,
        0.0,
        0.36,
        0.0,
        0.0,
        0.08,
        0.0,
        0.0,
        0.07,
        0.0,
        0.0,
        -0.05,
        0.0,
        0.0,
        -0.99,
        0.0,
        0.0,
        -0.07,
        0.0,
        0.13,
        0.0,
        0.0,
        -0.02,
        0.0,
        0.0,
        -0.02,
        0.0,
        0.02,
        -0.99,
        0.0,
        -0.03,
        -0.03,
        0.0,
        0.48,
        0.01,
        0.0,
        0.25,
        0.06,
        0.0,
        -0.58,
        -0.07,
        0.0,
        0.55,
        0.0,
        0.0,
        0.01,
        0.24,
        0.0,
        0.04,
        0.0,
        0.0,
        0.01,
        -0.07,
        0.0,
        0.01,
        0.07,
        0.0,
        0.05,
        0.04,
        0.0,
        -0.92,
        -0.38,
        0.0,
        -0.37,
        -0.01,
        0.0,
        0.56,
        0.01,
        0.0,
        -0.09,
        0.0,
        0.0,
        -0.72,
        -0.01,
        0.0,
        -0.15,
        -0.04,
        0.0,
        -0.11,
        0.0,
        0.0,
        0.03,
        0.0,
        0.0,
        0.0,
        0.0,
        0.0,
        0.99,
        0.02,
        0.0,
        0.0,
        -0.02,
        0.0,
        0.0,
        0.0,
        0.0,
        0.0,
        0.0,
        0.0,
        -0.03,
        0.06,
        0.0,
        -0.01,
        0.0,
        0.0,
        0.44,
        -0.9,
        0.0
    ],
    "smi": "C#CO",
    "symbols": [
        "C",
        "C",
        "O",
        "H",
        "H"
    ],
    "zpe": 0.031673,