{
    "A": 27.37788,
    "B": 6.06504,
    "C": 5.12231,
    "Cv": "17.443",
    "G": -369.178158,
    "H": -369.144831,
    "P": 1.0,
    "S": 0.00011177930571854998,
    "T": 298.15,
    "U": -369.145776,
    "U0": -369.151014,
    "alpha": 36.809333333333335,
    "alpha_xx": 68.191,
    "alpha_xy": -6.45,
    "alpha_xz": 51.624,
    "alpha_yy": 0.001,
    "alpha_yz": -0.001,
    "alpha_zz": 42.236,
    "bo": [
        0,
        2,
        0,
        0,
        1,
        1,
        0,
        0,
        0,
        2,
        0,
        1,
        1,
        0,
        0,
        0,
        0,
        0,
        0,
        1,
        0,
        0,
        0,
        0,
        0,
        0,
        0,
        0,
        1,
        0,
        0,
        0,
        0,
        1,
        1,
        1,
        1,
        0,
        0,
        0,
        0,
        0,
        0,
        0,
        0,
        1,
        0,
        0,
        0,
        0,
        0,
        0,
        0,
        0,
        0,
        0,
        0,
        1,
        0,
        0,
        0,
        0,
        0,
        0,
        0,
        0,
        1,
        0,
        0,
        0,
        0,
        0,
        0,
        0,
        0,
        1,
        0,
        0,
        0,
        0,
        0
    ],
    "coords": [
        1.583795,
        -0.449686,
        5.2e-05,
        0.116001,
        0.420166,
        -8e-05,
        0.117726,
        1.90012,
        -0.00027,
        -1.592156,
        -0.349404,
        2.5e-05,
        1.624964,
        -1.531022,
        0.000219,
        2.542225,
        0.052167,
        -1.6e-05,
        -2.159206,
        -0.04143,
        0.880263,
        -2.159263,
        -0.041642,
        -0.880248,
        -1.518343,
        -1.43674,
        0.000151
    ],
    "e ne": -1072.948025936,
    "e_disp": -0.0022367684999977655,
    "e_k": 367.7941202851,
    "e_nn": 99.6944060634,
    "eigs": [
        -66.12088763238708,
        -10.172029635766703,
        -10.145649636711301,
        -5.269039811329714,
        -3.6300698700168637,
        -3.6264498701464865,
        -3.6244698702173848,
        -0.7145099744153003,
        -0.6537799765898799,
        -0.4826999827157989,
        -0.4251999847747207,
        -0.4188499850020973,
        -0.40199998560545097,
        -0.34282998772417106,
        -0.3331799880697118,
        -0.21694999223159844,
        -0.026229999060773574,
        0.021819999218683925,
        0.055049998028806155,
        0.06963999750637712,
        0.08391999699504836,
        0.09445999661763904,
        0.10996999606226726,
        0.13843999504283241,
        0.14592999477463545,
        0.17478999374123574,
        0.2069099925911041,
        0.23364999163361594,
        0.2655799904902877,
        0.26754999041974725,
        0.2750999901494019,
        0.29205998954210943,
        0.29953998927427056,
        0.34408998767905374,
        0.349229987495004,
        0.35999998710935904,
        0.38024998638426044,
        0.4392099842730599,
        0.45166998382690055,
        0.462109983453072,
        0.47353998304379413,
        0.4919699823838649,
        0.5050799819144307,
        0.5247399812104585,
        0.547019980412671,
        0.5783299792915434,
        0.607539978245611,
        0.6629499762615266,
        0.672969975902737,
        0.7148499744031259,
        0.7973399714493787,
        0.8369299700317662,
        0.8504899695462188,
        0.8697399688569276,
        0.900359967760507,
        0.9153099672251872,
        0.9347399665294508,
        0.9510399659457912,
        0.9587199656707908,
        0.9670199653735899,
        1.006799963949174,
        1.0149199636584185,
        1.0417699626969916,
        1.0969999607193524,
        1.0982599606742351,
        1.1028499605098796,
        1.128969959574592,
        1.1660999582450653,
        1.1871999574895307,
        1.2087499567178828,
        1.2596599548949312,
        1.271519954470256,
        1.2767299542836998,
        1.28544995397146,
        1.2946299536427486,
        1.3584499513575243,
        1.3589799513385468,
        1.381549950530375,
        1.3847999504140012,
        1.411269949466181,
        1.43264994870062,
        1.4440999482906258,
        1.533929945074053,
        1.547859944575257,
        1.554099944351819,
        1.5738299436453405,
        1.59188994299866,
        1.7652099367925325,
        2.1068999245575237,
        2.176519922064617,
        2.2000499212220705,
        2.250829919403774,
        2.2861599181387007,
        2.3211899168843697,
        2.3699799151373298,
        2.4508999122398003,
        2.518829909807408,
        2.5628399082315267,
        2.6006499068776514,
        2.6838399038988396,
        2.733549902118857,
        2.756739901288485,
        2.7724799007248766,
        2.79527989990847,
        2.799759899748053,
        2.887689896599514,
        2.916289895575424,
        2.9173098955389003,
        2.9940498927910455,
        3.0011898925353813,
        3.0169298919717735,
        3.030459891487301,
        3.0681798901366477,
        3.0706998900464133,
        3.108749888683944,
        3.1215598882252524,
        3.171419886439898,
        3.2273998844354033,
        3.257039883374074,
        3.274009882766424,
        3.3015098817817217,
        3.3178698811959144,
        3.352969879939077,
        3.3712198792855927,
        3.4030598781454873,
        3.4164098776674594,
        3.4387198768685976,
        3.4394398768428163,
        3.483209875275529,
        3.5066398744365634,
        3.5337298734665423,
        3.5554998726870166,
        3.61359987060661,
        3.643219869545997,
        3.7444798659201464,
        3.7773098647445913,
        3.7948198641176054,
        3.8047498637620385,
        3.850159862136027,
        3.8610298617468013,
        3.9068498601061092,
        3.9099098599965387,
        3.9526398584664912,
        3.9547098583923703,
        3.9867598572447447,
        4.023919855914145,
        4.049999854980289,
        4.055539854781916,
        4.087109853651479,
        4.097899853265118,
        4.1154898526352675,
        4.1502598513902464,
        4.2362998483093826,
        4.316619845433338,
        4.3670298436282895,
        4.544949837257448,
        4.685769832215059,
        4.721189830946764,
        4.779329828864924,
        4.833619826920944,
        4.863849825838489,
        4.897629824628917,
        4.920089823824684,
        4.93163982341111,
        5.036259819664946,
        5.046009819315825,
        5.0666898185753295,
        5.172899814772232,
        5.217329813181311,
        5.255379811818843,
        5.273039811186485,
        5.292409810492897,
        5.342869808686058,
        5.814919791783205,
        5.832509791153354,
        5.837979790957489,
        11.253259597050738,
        12.387509556436267
    ],
    "et": [
        -369.220115917
    ],
    "fc": [
        0.0077,
        0.0676,
        0.0853,
        0.2354,
        0.2638,
        0.9192,
        0.3722,
        0.4828,
        0.6258,
        0.5902,
        2.1698,
        1.2061,
        1.3895,
        1.3086,
        1.3162,
        3.0976,
        5.5856,
        6.1943,
        6.285,
        6.1312,
        6.8196
    ],
    "gap": 0.19071999317082486,
    "homo": -0.21694999223159844,
    "id": "AZ7_94140",
    "ir": [
        0.048,
        4.3843,
        5.2604,
        1.9222,
        27.2523,
        7.8501,
        33.835,
        1.0539,
        60.6245,
        48.4565,
        53.3781,
        9.7796,
        11.8949,
        5.7005,
        5.8568,
        86.5656,
        2.7943,
        3.7112,
        3.4214,
        1.3742,
        0.8125
    ],
    "lumo": -0.026229999060773574,
    "ma": [
        12.0,
        27.97693,
        1.00783,
        12.0,
        1.00783,
        1.00783,
        1.00783,
        1.00783,
        1.00783
    ],