{
    "A": 26.07598,
    "B": 1.53761,
    "C": 1.47846,
    "Cv": "13.503",
    "G": -733.758816,
    "H": -733.724135,
    "P": 1.0,
    "S": 0.00011632064397108087,
    "T": 298.15,
    "U": -733.725079,
    "U0": -733.729528,
    "alpha": 45.97666666666667,
    "alpha_xx": 89.848,
    "alpha_xy": 0.466,
    "alpha_xz": 51.521,
    "alpha_yy": -0.553,
    "alpha_yz": -1.481,
    "alpha_zz": 48.635,
    "bo": [
        0,
        1,
        1,
        1,
        1,
        0,
        1,
        0,
        0,
        0,
        0,
        1,
        1,
        0,
        0,
        0,
        0,
        0,
        1,
        0,
        0,
        0,
        0,
        0,
        1,
        0,
        0,
        0,
        0,
        0,
        0,
        1,
        0,
        0,
        0,
        0
    ],
    "coords": [
        -0.382986,
        -0.247902,
        -0.004276,
        1.297651,
        -0.394991,
        -0.617277,
        -1.343717,
        1.726863,
        -0.186007,
        -0.461129,
        -0.491683,
        1.046879,
        -1.003435,
        -0.91176,
        -0.594345,
        1.893616,
        0.319473,
        0.355027
    ],
    "e ne": -1985.483130448,
    "e_k": 547.2776875503,
    "e_nn": 161.0829213704,
    "eigs": [
        -88.90842681642596,
        -10.257159632718425,
        -7.9606097149517625,
        -6.827109755539379,
        -5.925129787836879,
        -5.921569787964353,
        -5.9156897881749,
        -4.828769827094609,
        -4.816109827547931,
        -4.8159098275550924,
        -1.910539931588652,
        -1.9066799317268683,
        -1.9065099317329557,
        -1.8956799321207494,
        -1.8956699321211075,
        -0.8107899709677701,
        -0.7026499748399754,
        -0.6311499774001998,
        -0.4839699826703236,
        -0.4266099847242324,
        -0.3915499859796376,
        -0.3530399873585781,
        -0.2671299904347863,
        -0.25880999073270333,
        -0.24992999105067254,
        -0.057299997948239645,
        0.00618999977835259,
        0.033319998806899565,
        0.06316999773805058,
        0.0792799971611944,
        0.14678999474384116,
        0.19336999307593541,
        0.2110999924410714,
        0.21378999234474963,
        0.2373999914993384,
        0.24843999110402543,
        0.2579299907642138,
        0.26341999056763155,
        0.28925998964237,
        0.2909399895822136,
        0.2970899893619986,
        0.30717998900070254,
        0.32903998821795416,
        0.34045998780903436,
        0.36941998677205395,
        0.38436998623673424,
        0.43181998453767617,
        0.4467399840034307,
        0.45570998368223886,
        0.5250599811990001,
        0.5344199808638436,
        0.5641499797992914,
        0.6486699767728553,
        0.6645599762038769,
        0.6974799750250993,
        0.7532199730291984,
        0.7855499718715472,
        0.8393299699458286,
        0.8498899695677031,
        0.8909299680981702,
        0.9057699675667892,
        0.9338599665609612,
        0.9362099664768139,
        0.9397799663489816,
        0.9567099657427636,
        0.9908399645206591,
        1.0259299632641798,
        1.0632799619267759,
        1.0694499617058446,
        1.1152099600673009,
        1.1820499576739385,
        1.2050799568492956,
        1.2285899560074651,
        1.2413999555487731,
        1.2823799540813885,
        1.3137399529584703,
        1.3627199512046269,
        1.3796799505973347,
        1.4485899481298512,
        1.4689599474004558,
        1.5027299461912418,
        1.5261899453512018,
        1.5481699445641566,
        1.588749943111095,
        1.620059941989967,
        1.6557499407120033,
        1.6779799399160065,
        1.7362899378280805,
        1.7790099362983913,
        1.8298699344772302,
        1.8620199333260243,
        1.9190899312824994,
        1.9392699305599075,
        2.001519928330901,
        2.0438499268151764,
        2.189619921595541,
        2.2433399196719708,
        2.2733699185966763,
        2.376789914893482,
        2.4201199133419498,
        2.4985899105321483,
        2.5259399095528177,
        2.5836599074860183,
        2.686729903795356,
        2.7556399013278727,
        2.8073298994769913,
        2.841439898255603,
        2.963599893881379,
        3.020469891845016,
        3.0476798908706986,
        3.0652698902408466,
        3.163419886726357,
        3.2054798852203006,
        3.3051598816510253,
        3.321839881053759,
        3.365699879483249,
        3.378899879010592,
        3.420739877512413,
        3.4597198761166434,
        3.489759875040991,
        3.610439870719762,
        3.6697098685974607,
        3.7083698672131495,
        3.731239866394236,
        3.841719862438241,
        3.93622985905409,
        3.963029858094453,
        3.969609857858841,
        3.989509857146275,
        4.074099854117332,
        4.10065985316629,
        4.128389852173352,
        4.1659798508273544,
        4.378799843206837,
        4.670539832760404,
        4.743719830140024,
        4.760609829535238,
        4.939769823119995,
        5.038339819590466,
        5.095769817534051,
        5.216799813200289,
        5.611399799070714,
        5.798549792369371,
        11.046039604470735,
        58.275567913307086
    ],
    "et": [
        -733.766021591
    ],
    "fc": [
        0.1039,
        0.05,
        0.771,
        0.5111,
        0.7215,
        0.589,
        0.8242,
        0.9139,
        1.3144,
        4.3539,
        6.0464,
        6.6927
    ],
    "gap": 0.1926299931024329,
    "homo": -0.24992999105067254,
    "id": "AZ7_92625",
    "ir": [
        6.5813,
        24.974,
        32.3845,
        27.1942,
        37.7756,
        9.0794,
        34.76,
        49.9448,
        0.9337,
        1.0894,
        1.0457,
        1.2041
    ],
    "lumo": -0.057299997948239645,
    "ma": [
        12.0,
        31.97207,
        126.9004,
        1.00783,
        1.00783,
        1.00783
    ],
    "mr": [
        5.4809,
        1.2351,
        5.794,
        1.8133,
        2.3179,
        1.1293,
        1.0694,
        1.1092,
        1.0822,
        1.0386,
        1.0545,
        1.1138
    ],
    "mu": 1.4809084002732917,
    "mu_x": -0.9188,
    "mu_xx=": -1.3461,
    "mu_xxx=": 55.9277,
    "mu_xxy=": -8.4396,
    "mu_xxz=": 3.5694,
    "mu_xy=": -0.8456,
    "mu_xyy=": 11.8167,
    "mu_xyz=": 3.4675,
    "mu_xz=": -1.9197,
    "mu_xzz=": 10.0984,
    "mu_y": 0.8544,
    "mu_yy=": 0.8514,
    "mu_yyy=": -0.3227,
    "mu_yyz=": 0.8865,
    "mu_yz=": -1.3756,
    "mu_yzz=": 0.3799,
    "mu_z": 0.7867,
    "mu_zz=": 0.4947,
    "mu_zzz=": 1.3063,
    "na": 6,
    "ne": 50,
    "ne_down": 25,
    "ne_up": 25,
    "ni": 3,
    "oemga": [
        179.3735,
        262.065,
        475.2275,
        691.6372,
        726.8305,
        940.889,
        1143.716,
        1182.5684,
        1435.7554,
        2667.4264,
        3119.6508,
        3193.5862
    ],
    "oemga0": 3193.5862,
    "qa": [
        -0.264932,
        -0.065943,
        -0.057284,
        0.146401,
        0.143088,
        0.09867
    ],
    "r2": 631.0548,