{
    "A": 46.20982,
    "B": 10.17103,
    "C": 9.14298,
    "Cv": "12.660",
    "G": -186.969585,
    "H": -186.939139,
    "P": 1.0,
    "S": 0.00010211638437022821,
    "T": 298.15,
    "U": -186.940083,
    "U0": -186.944305,
    "alpha": 18.394333333333332,
    "alpha_xx": 33.618,
    "alpha_xy": 1.328,
    "alpha_xz": 20.382,
    "alpha_yy": 0.001,
    "alpha_yz": -0.001,
    "alpha_zz": 21.564,
    "bo": [
        0,
        1,
        0,
        1,
        1,
        0,
        0,
        1,
        0,
        1,
        0,
        0,
        0,
        0,
        0,
        1,
        0,
        0,
        0,
        1,
        1,
        1,
        0,
        0,
        0,
        0,
        0,
        0,
        1,
        0,
        0,
        0,
        0,
        0,
        0,
        0,
        0,
        1,
        0,
        0,
        0,
        0,
        0,
        0,
        1,
        0,
        0,
        0,
        0
    ],
    "coords": [
        0.866339,
        -0.081969,
        0.473629,
        0.174426,
        -0.209854,
        -0.795176,
        -1.186914,
        0.133265,
        -0.651753,
        1.282664,
        -0.999779,
        0.617018,
        1.636316,
        0.551339,
        0.267926,
        -1.563473,
        -0.472329,
        0.075958,
        -1.209258,
        1.079226,
        -0.273902
    ],
    "e ne": -604.2628997975,
    "e_disp": -0.0017951555000053077,
    "e_k": 185.9634401245,
    "e_nn": 82.3998417889,
    "eigs": [
        -19.180519313196676,
        -14.35316948605122,
        -14.34668948628325,
        -1.0871899610706224,
        -0.8720499687742126,
        -0.743329973383333,
        -0.5275799811087657,
        -0.5123199816551856,
        -0.4761999829485466,
        -0.43713998434718115,
        -0.28417998982427123,
        -0.27585999012218826,
        -0.2693199903563683,
        0.029329998949770834,
        0.05507999802773193,
        0.07449999733235346,
        0.09240999669104409,
        0.1093099960859001,
        0.16539999407746664,
        0.3468699875795094,
        0.36113998706853867,
        0.38069998636814717,
        0.3963499858077624,
        0.42033998494874436,
        0.4348799844281057,
        0.4584499835841268,
        0.5009599820619569,
        0.5108799817067482,
        0.5369699807725347,
        0.5701299795851635,
        0.5725799794974356,
        0.6103799781439183,
        0.6199299778019582,
        0.7105499745570975,
        0.7545099729830069,
        0.8343799701230751,
        0.8388699699623,
        0.9071399675177331,
        0.9764299650366429,
        1.0276399632029494,
        1.0474699624928896,
        1.1311699594958158,
        1.185799957539661,
        1.219069956348351,
        1.2259199561030707,
        1.2335899558284282,
        1.3221699526566146,
        1.3450699518366265,
        1.3536799515283255,
        1.4334299486726905,
        1.4906499466237948,
        1.527799945293552,
        1.555619944297392,
        1.5931299429542587,
        1.5959199428543562,
        1.6631199404481032,
        1.6810899398046453,
        1.8993399319896946,
        1.981159929059938,
        1.9852199289145604,
        2.1163799242180703,
        2.221929920438606,
        2.3462499159870376,
        2.427189913088792,
        2.4909899108042843,
        2.6555199049129032,
        2.984549893131215,
        3.0240298917175417,
        3.0559298905752876,
        3.058659890477534,
        3.1112598885940677,
        3.1596198868624246,
        3.1856698859296437,
        3.200769885388953,
        3.258549883320005,
        3.2816798824917814,
        3.34047988038631,
        3.3413698803544416,
        3.351829879979897,
        3.4016698781952597,
        3.407399877990083,
        3.4355098769835393,
        3.478989875426636,
        3.5172098740580795,
        3.577539871897823,
        3.630919869986428,
        3.661959868874968,
        3.688659867918912,
        3.6927798677713852,
        3.7264798665646786,
        3.8039798637896096,
        3.829749862866855,
        3.832189862779485,
        3.8829198609629785,
        3.9246898594673065,
        3.952669858465417,
        4.03982985534445,
        4.064809854449982,
        4.082159853828725,
        4.134589851951347,
        4.194649849800759,
        4.2343298483799225,
        4.242529848086304,
        4.248529847871459,
        4.3885198428587895,
        4.406839842202799,
        4.527639837877273,
        4.594489835483554,
        4.663649833007117,
        4.696269831839082,
        4.830749827023712,
        4.848459826389563,
        4.89935982456697,
        4.982259821598542,
        5.123189816552215,
        5.13053981628903,
        5.187339814255174,
        5.28956981059459,
        5.323769809369979,
        5.347139808533161,
        5.3508698083996,
        5.424499805763106,
        5.462459804403859,
        5.53916980165708,
        5.694509796094768,
        5.709979795540828,
        5.8105197919407585,
        5.817449791692613,
        5.847189790627703,
        5.858539790221289,
        5.919949788022361,
        6.055699783161516,
        6.181259778665546,
        6.27958977514461,
        6.351379772574003,
        6.586979764137793,
        6.625909762743815,
        6.712909759628577,
        6.793099756757186,
        6.815019755972288,
        6.981439750013233,
        7.300399738592124,
        7.37630973587399,
        9.75692965063033,
        11.655489582647952,
        11.965149571559852
    ],
    "et": [
        -187.000803705
    ],
    "fc": [
        0.0211,
        0.083,
        0.4702,
        3.2387,
        2.3674,
        0.921,
        1.4938,
        1.0658,
        1.1904,
        1.6822,
        1.7407,
        7.1077,
        7.2074,
        7.8464,
        7.9459
    ],
    "gap": 0.2986499893061391,
    "homo": -0.2693199903563683,
    "id": "AZ7_97538",
    "ir": [
        84.7079,
        6.1755,
        35.567,
        24.4113,
        36.5797,
        57.884,
        67.457,
        1.0365,
        3.2265,
        12.4444,
        22.2847,
        3.4488,
        1.5322,
        0.1694,
        0.944
    ],
    "lumo": 0.029329998949770834,
    "ma": [
        14.00307,
        15.99491,
        14.00307,
        1.00783,
        1.00783,
        1.00783,
        1.00783
    ],
    "mr": [
        1.0679,
        1.2737,
        3.1823,
        8.206,
        5.3403,
        1.215,
        1.6467,
        1.1068,
        1.1311,
        1.0689,
        1.0648,
        1.0455,
        1.0464,
        1.0966,
        1.0968
    ],
    "mu": 2.0204652459272836,
    "mu_x": 1.5824,
    "mu_xx=": 1.0767,
    "mu_xxx=": 12.1984,
    "mu_xxy=": -1.9542,
    "mu_xxz=": 0.0007,
    "mu_xy=": 3.3027,
    "mu_xyy=": -2.4771,
    "mu_xyz=": -0.0022,
    "mu_xz=": 0.0004,
    "mu_xzz=": 1.2508,
    "mu_y": -1.2563,
    "mu_yy=": -2.8718,
    "mu_yyy=": 1.4251,
    "mu_yyz=": 0.0006,
    "mu_yz=": -0.0015,
    "mu_yzz=": -0.9441,
    "mu_z": 0.0006,
    "mu_zz=": 1.7952,
    "mu_zzz=": 0.0012,
    "na": 7,
    "ne": 26,
    "ne_down": 13,
    "ne_up": 13,
    "ni": 3,
    "oemga": [
        183.1921,
        332.5163,
        500.7912,
        818.4529,
        867.4106,
        1134.2573,
        1240.8141,
        1278.4586,
        1336.5285,
        1634.3129,
        1665.7305,
        3396.8779,
        3419.0985,
        3484.9285,
        3506.6444
    ],
    "oemga0": 3506.6444,
    "qa": [
        -0.203067,
        -0.221197,
        -0.117696,
        0.149187,
        0.149182,
        0.121799,
        0.121792
    ],
    "r2": 164.3404,