{
    "A": 41.15625,
    "B": 9.6534,
    "C": 8.61567,
    "Cv": "11.052",
    "G": -195.05923,
    "H": -195.02981,
    "P": 1.0,
    "S": 9.867516350835483e-05,
    "T": 298.15,
    "U": -195.030755,
    "U0": -195.034367,
    "alpha": 15.414,
    "alpha_xx": 24.368,
    "alpha_xy": 1.81,
    "alpha_xz": 22.008,
    "alpha_yy": -0.001,
    "alpha_yz": 0.0,
    "alpha_zz": 21.875,
    "bo": [
        0,
        1,
        0,
        1,
        1,
        0,
        0,
        1,
        0,
        1,
        0,
        0,
        1,
        1,
        0,
        1,
        0,
        0,
        0,
        0,
        0,
        1,
        0,
        0,
        0,
        0,
        0,
        0,
        1,
        0,
        0,
        0,
        0,
        0,
        0,
        0,
        1,
        0,
        0,
        0,
        0,
        0,
        0,
        1,
        0,
        0,
        0,
        0,
        0
    ],
    "coords": [
        0.88053,
        -0.172146,
        0.066054,
        -0.527068,
        -0.120165,
        0.112506,
        -1.083511,
        0.973353,
        -0.600377,
        1.235396,
        -0.290702,
        -0.873275,
        1.31463,
        0.637184,
        0.489022,
        -0.952958,
        -1.017185,
        -0.335772,
        -0.867019,
        -0.01024,
        1.141742
    ],
    "e ne": -619.6861080261,
    "e_disp": -0.0021213960999943993,
    "e_k": 194.0704706413,
    "e_nn": 79.6125226432,
    "eigs": [
        -24.642409117620947,
        -14.314849487423356,
        -10.266189632395085,
        -1.1680999581734508,
        -0.9022099676942633,
        -0.6670899761132841,
        -0.5344299808634854,
        -0.49386998231583096,
        -0.4756899829668083,
        -0.4365899843668752,
        -0.36334998698940446,
        -0.33606998796622856,
        -0.27748999006382236,
        0.03540999873206223,
        0.07106999745517263,
        0.07662999725608384,
        0.12128999565692822,
        0.1321299952687767,
        0.2057399926329987,
        0.2925699895238477,
        0.31140998884923754,
        0.3334699880593277,
        0.35160998740978255,
        0.4038199855402816,
        0.43697998435291024,
        0.44142998419356766,
        0.4631899834144,
        0.4760499829539177,
        0.5185699814313898,
        0.5358099808140713,
        0.6164499779265677,
        0.651719976663643,
        0.6718499759428412,
        0.7290499738946616,
        0.8107999709674119,
        0.8517599695007434,
        0.8662199689829695,
        0.9180799671260009,
        0.9745799651028865,
        1.0295599631341992,
        1.0352199629315297,
        1.0574799621344584,
        1.0858799611175298,
        1.1305899595165838,
        1.1765799578698044,
        1.1958299571805133,
        1.261589954825823,
        1.2890599538421956,
        1.3024099533641675,
        1.3700699509414431,
        1.4468099481935879,
        1.5330599451052056,
        1.5619999440689412,
        1.6219699419215752,
        1.6434099411538658,
        1.680889939811807,
        1.7749899364423367,
        2.072529925788222,
        2.1016399247458706,
        2.11938992411029,
        2.191269921536459,
        2.256349919206117,
        2.3400399162094017,
        2.363349915374733,
        2.4809599111634317,
        2.5369799091575045,
        2.5634299082104004,
        2.6055199067032695,
        2.8373698984013394,
        2.8665998973546905,
        2.886029896658954,
        2.907039895906642,
        2.9325398949935546,
        3.001749892515329,
        3.019149891892281,
        3.086709889473138,
        3.1152998884494063,
        3.179499886150575,
        3.229549884358418,
        3.252689883529836,
        3.2893798822160654,
        3.330819880732209,
        3.3462798801786278,
        3.3580398797575333,
        3.4218998774708766,
        3.456739876223349,
        3.4630098759988375,
        3.483499875265145,
        3.5619498724560597,
        3.6334798698947606,
        3.6774498683203123,
        3.706729867271873,
        3.7807098646228465,
        3.8398298625059173,
        3.852329862058325,
        3.898099860419423,
        3.918179859700412,
        4.002349856686509,
        4.054839854806982,
        4.054879854805549,
        4.099589853204604,
        4.1679798507557395,
        4.223679848761271,
        4.235109848351993,
        4.332969844847888,
        4.371349843473602,
        4.456149840437139,
        4.607669835011612,
        4.673779832644389,
        4.728569830682506,
        4.788259828545165,
        4.8680798256870235,
        4.878529825312837,
        4.918749823872666,
        4.9595998224099365,
        5.060459818798408,
        5.096209817518296,
        5.109589817039193,
        5.22837981278564,
        5.248799812054455,
        5.378679807403798,
        5.496829803173161,
        5.6996597959103585,
        5.7187097952282295,
        5.763069793639817,
        5.836869790997235,
        5.913289788260838,
        6.000259785146675,
        6.137979780215288,
        6.184739778540936,
        6.7742497574321545,
        6.911539752516165,
        6.915169752386183,
        7.019159748662579,
        7.053129747446205,
        7.26222973995889,
        7.272829739579332,
        7.340989737138704,
        8.401109699178631,
        8.403549699091261,
        8.81726968427705,
        8.857249682845474,
        9.011749677313238,
        11.050249604319987,
        11.912259573453703,
        13.177719528140953
    ],
    "et": [
        -195.091805627
    ],
    "fc": [
        0.1171,
        0.3336,
        0.6425,
        4.6447,
        0.5808,
        2.9324,
        1.085,
        1.4168,
        1.3254,
        1.5201,
        1.8227,
        5.8048,
        6.3457,
        7.6415,
        8.3794
    ],
    "gap": 0.3128999887958846,
    "homo": -0.27748999006382236,
    "id": "AZ7_78663",
    "ir": [
        46.1617,
        66.5884,
        139.7224,
        242.7832,
        0.4814,
        49.7717,
        1.3457,
        1.4689,
        11.3001,
        0.7448,
        29.0994,
        41.1545,
        32.5189,
        2.8613,
        7.3243
    ],
    "lumo": 0.03540999873206223,
    "ma": [
        14.00307,
        12.0,
        18.9984,
        1.00783,
        1.00783,
        1.00783,
        1.00783
    ],
    "mr": [
        1.1131,
        2.6979,
        1.7782,
        9.2943,
        1.125,
        3.6152,
        1.1715,
        1.263,
        1.1335,
        1.1259,
        1.1015,
        1.055,
        1.1145,
        1.0475,
        1.0955
    ],
    "mu": 1.213994913498405,
    "mu_x": -1.2134,
    "mu_xx=": -3.4585,
    "mu_xxx=": 7.2213,
    "mu_xxy=": -4.3342,
    "mu_xxz=": 0.0022,
    "mu_xy=": 3.1073,
    "mu_xyy=": 0.9549,
    "mu_xyz=": -0.0004,
    "mu_xz=": -0.0011,
    "mu_xzz=": -0.1573,
    "mu_y": 0.038,
    "mu_yy=": 1.1816,
    "mu_yyy=": -3.1138,
    "mu_yyz=": -0.0005,
    "mu_yz=": 0.0005,
    "mu_yzz=": -1.5761,
    "mu_z": 0.0003,
    "mu_zz=": 2.2768,
    "mu_zzz=": 0.001,
    "na": 7,
    "ne": 26,
    "ne_down": 13,
    "ne_up": 13,
    "ni": 3,
    "oemga": [
        422.6485,
        458.1257,
        783.0849,
        920.9748,
        936.0706,
        1173.3389,
        1253.7451,
        1379.8677,
        1408.7336,
        1513.7704,
        1675.9071,
        3055.9016,
        3108.7357,
        3518.673,
        3603.1053
    ],
    "oemga0": 3603.1053,
    "qa": [
        -0.298064,
        0.155611,
        -0.276025,
        0.142417,
        0.142418,
        0.066821,
        0.066822
    ],
    "r2": 166.4659,