{
    "A": 31.01489,
    "B": 28.06926,
    "C": 14.73433,
    "Cv": "7.533",
    "G": -205.484515,
    "H": -205.456648,
    "P": 1.0,
    "S": 9.346637598519644e-05,
    "T": 298.15,
    "U": -205.457592,
    "U0": -205.460591,
    "alpha": 9.604,
    "alpha_xx": 18.953,
    "alpha_xy": 0.0,
    "alpha_xz": 17.473,
    "alpha_yy": 0.002,
    "alpha_yz": 0.0,
    "alpha_zz": 9.857,
    "bo": [
        0,
        1,
        1,
        1,
        1,
        0,
        1,
        0,
        1,
        1,
        0,
        0,
        1,
        0,
        0,
        0
    ],
    "coords": [
        0.327763,
        -0.010778,
        0.30751,
        -0.849322,
        -0.722594,
        0.426392,
        -0.797014,
        0.776696,
        0.452817,
        1.318573,
        -0.043323,
        0.194973
    ],
    "e ne": -630.4464979195,
    "e_disp": -0.0006690948999903412,
    "e_k": 204.3970612351,
    "e_nn": 72.9178990057,
    "eigs": [
        -19.249919310711647,
        -19.24986931071344,
        -14.410219484008412,
        -1.2417799555351663,
        -0.9021299676971279,
        -0.7921399716355767,
        -0.57934997925502,
        -0.4947799822832463,
        -0.4689599832077917,
        -0.45195998381651636,
        -0.30125998921268193,
        -0.21900999215783534,
        -0.06436999769508178,
        0.0023299999165689073,
        0.02094999924983631,
        0.12026999569345169,
        0.3693899867731281,
        0.40437998552022947,
        0.4266699847220839,
        0.4424099841584765,
        0.5213699813311292,
        0.5298199810285572,
        0.5776599793155343,
        0.6114099781070367,
        0.6364899772089887,
        0.6738099758726589,
        0.6773099757473332,
        0.7539799730019848,
        0.8876299682163344,
        0.9887299645962125,
        1.0197099634869013,
        1.1519299587524554,
        1.311489953039037,
        1.3299999523762431,
        1.349229951687668,
        1.369009950979399,
        1.504789946117479,
        1.7072099388693578,
        1.7155699385700085,
        1.7306999380282435,
        1.7570599370843623,
        1.871839932974396,
        1.968109929527224,
        2.010619928005054,
        2.1110099244103555,
        2.1174299241804726,
        2.2992499176699828,
        2.7564199012999424,
        2.8630398974821647,
        3.0298998915073527,
        3.142659887469717,
        3.1494698872258695,
        3.296789881950733,
        3.4088398779385205,
        3.413309877778462,
        3.525589873758014,
        3.54440987308412,
        3.598409871150524,
        3.7882498643528595,
        3.7900998642866153,
        3.8019398638626574,
        3.839549862515943,
        3.9538098584245964,
        4.046349855110986,
        4.097919853264402,
        4.180039850323903,
        4.226869848647046,
        4.346419844366279,
        4.349859844243101,
        4.539889837438633,
        4.573489836235507,
        4.683869832283093,
        4.793259828366129,
        4.799919828127652,
        4.801229828080745,
        4.931119823429729,
        5.005959820749908,
        5.222789812985804,
        5.227219812827177,
        5.268149811361583,
        5.355069808249209,
        5.471479804080877,
        5.663889797191188,
        5.780039793032165,
        5.863309790050488,
        5.985409785678413,
        5.9856497856698185,
        6.144749779972872,
        6.146669779904122,
        6.2833797750089015,
        6.286359774902196,
        6.490689767585682,
        6.5430997657090195,
        6.601019763635058,
        6.687269760546675,
        6.82353975566721,
        6.824429755635343,
        6.868969754040483,
        7.1691897432904055,
        7.437969733666109,
        7.672519725267498,
        9.136029672863103,
        9.698689652715748,
        11.110119602176201
    ],
    "et": [
        -205.478557372
    ],
    "fc": [
        1.7746,
        5.159,
        0.8232,
        1.912,
        8.8177,
        9.2755
    ],
    "gap": 0.15463999446275356,
    "homo": -0.21900999215783534,
    "id": "AZ7_97397",
    "ir": [
        305.2972,
        0.5166,
        32.5759,
        3.4841,
        0.3758,
        229.2985
    ],
    "lumo": -0.06436999769508178,
    "ma": [
        14.00307,
        15.99491,
        15.99491,
        1.00783
    ],
    "mr": [
        1.2581,
        13.3603,
        1.6323,
        2.9312,
        8.8053,
        1.0927
    ],
    "mu": 2.307101467209451,
    "mu_x": 2.3071,
    "mu_xx=": 3.3552,
    "mu_xxx=": 7.1562,
    "mu_xxy=": -0.0003,
    "mu_xxz=": 0.0061,
    "mu_xy=": -0.0002,
    "mu_xyy=": 0.6887,
    "mu_xyz=": 0.0,
    "mu_xz=": 0.0041,
    "mu_xzz=": -1.1419,
    "mu_y": -0.0001,
    "mu_yy=": -0.7589,
    "mu_yyy=": -0.0002,
    "mu_yyz=": 0.0002,
    "mu_yz=": 0.0,
    "mu_yzz=": 0.0001,
    "mu_z": 0.0026,
    "mu_zz=": -2.5963,
    "mu_zzz=": 0.0023,
    "na": 4,
    "ne": 24,
    "ne_down": 12,
    "ne_up": 12,
    "ni": 3,
    "oemga": [
        -1547.2779,
        809.5636,
        925.194,
        1052.2028,
        1303.7113,
        3795.7056
    ],
    "oemga0": 3795.7056,
    "qa": [
        -0.039957,
        -0.092415,
        -0.09242,
        0.224792
    ],
    "r2": 100.8514,
    "rn": [
        0.0,
        0.0,
        0.13,
        0.0,
        0.0,
        -0.03,
        0.0,
        0.0,
        -0.03,
        0.0,
        0.0,
        -0.99,
        0.38,
        0.0,
        0.0,
        -0.18,
        0.57,
        0.0,
        -0.18,
        -0.57,
        0.0,
        0.4,
        0.0,
        0.0,
        0.0,
        -0.06,
        0.0,
        0.13,
        0.06,
        0.0,
        -0.13,
        0.06,
        0.0,
        0.0,
        -0.98,
        0.0,
        0.0,
        0.3,
        0.0,
        -0.12,
        -0.1,
        0.0,
        0.12,
        -0.1,
        0.0,
        0.0,
        -0.93,
        0.0,
        0.54,
        0.0,
        0.0,
        -0.26,
        -0.25,
        0.0,
        -0.26,
        0.25,
        0.0,
        0.66,
        0.0,
        0.0,
        0.08,
        0.0,
        0.0,
        0.0,
        0.0,
        0.0,
        0.0,
        0.0,
        0.0,
        -1.0,
        0.0,
        0.0
    ],
    "smi": "[nH]1oo1",
    "symbols": [
        "N",
        "O",
        "O",
        "H"
    ],
    "zpe": 0.017966,
    "zs": [
        7,
        8,
        8,
        1
    ]
}