{
    "A": 22.08454,
    "B": 20.81415,
    "C": 12.44268,
    "Cv": "13.079",
    "G": -103.933216,
    "H": -103.904033,
    "P": 1.0,
    "S": 9.788026161329295e-05,
    "T": 298.15,
    "U": -103.904977,
    "U0": -103.908826,
    "alpha": 22.756,
    "alpha_xx": 37.876,
    "alpha_xy": 0.0,
    "alpha_xz": 39.332,
    "alpha_yy": 0.0,
    "alpha_yz": 0.0,
    "alpha_zz": 30.392,
    "bo": [
        0,
        1,
        1,
        0,
        0,
        1,
        0,
        0,
        1,
        0,
        0,
        0,
        0,
        0,
        0,
        0,
        1,
        0,
        0,
        1,
        1,
        1,
        0,
        0,
        0,
        0,
        1,
        0,
        0,
        0,
        0,
        0,
        0,
        0,
        1,
        0,
        0,
        0,
        0,
        0,
        1,
        0,
        1,
        0,
        0,
        0,
        1,
        1,
        0,
        0,
        0,
        0,
        0,
        1,
        0,
        0,
        0,
        0,
        0,
        0,
        0,
        1,
        0,
        0
    ],
    "coords": [
        -0.02917,
        0.869555,
        -0.0001,
        -0.0681,
        2.048506,
        -0.000674,
        -0.757438,
        -0.468518,
        -0.068003,
        -1.327204,
        -0.821966,
        0.785332,
        -1.168255,
        -0.817313,
        -1.009978,
        0.785734,
        -0.417546,
        0.068881,
        1.377769,
        -0.733338,
        -0.78408,
        1.218364,
        -0.737781,
        1.011222
    ],
    "e ne": -363.5156935898,
    "e_disp": -0.0020753013999978975,
    "e_k": 103.2425959045,
    "e_nn": 61.7423280301,
    "eigs": [
        -10.156219636332816,
        -10.156019636339979,
        -6.7563297580738215,
        -0.7862799718454079,
        -0.593379978752643,
        -0.4840199826685332,
        -0.45764998361277265,
        -0.4268799847145644,
        -0.3620899870345218,
        -0.28515998978918006,
        -0.2618299906245652,
        -0.051999998138018526,
        0.05007999820676862,
        0.0679399975672496,
        0.07587999728293936,
        0.10933999608482588,
        0.13128999529885485,
        0.14810999469657546,
        0.17130999386584525,
        0.17258999382001186,
        0.21739999221548514,
        0.23902999144097248,
        0.2470399911541557,
        0.27104999029442156,
        0.32970998819396324,
        0.3557499872615402,
        0.35744998720066773,
        0.3576199871945805,
        0.40659998544073717,
        0.42824998466550834,
        0.43210998452729205,
        0.4349899844241669,
        0.47743998290414547,
        0.48055998279242657,
        0.48956998246980254,
        0.49620998223204177,
        0.611639978098801,
        0.6340999772945682,
        0.7065799746992525,
        0.7333599737403321,
        0.7382099735666665,
        0.7519999730728832,
        0.7866499718321591,
        0.8634799690810815,
        0.9268799668108963,
        0.9671299653696511,
        0.9789699649456922,
        0.9809499648747937,
        0.9923799644655159,
        1.0051499640082562,
        1.0653099618540869,
        1.066369961816131,
        1.151159958780027,
        1.1635199583374485,
        1.1715599580495575,
        1.1823999576614057,
        1.1923099573065552,
        1.2643899547255621,
        1.2673899546181404,
        1.3268899524876037,
        1.3363699521481505,
        1.3559399514474009,
        1.3614899512486702,
        1.4041099497225615,
        1.4200599491514345,
        1.498769946333039,
        1.5231099454614883,
        1.5371899449573212,
        1.5954399428715438,
        1.8259399346179528,
        1.8365899342366045,
        1.8499799337571443,
        1.881539932627065,
        1.9165899313720178,
        1.9918799286760838,
        1.997429928477353,
        2.015629927825659,
        2.060509926218626,
        2.15831992271631,
        2.209769920874023,
        2.2381899198563784,
        2.3265099166938743,
        2.3417799161470967,
        2.4347899128166564,
        2.476109911337097,
        2.5130799100133,
        2.55018990868449,
        2.6104699065260233,
        2.6982999033810655,
        2.72136990255499,
        2.845579898107361,
        2.8487298979945677,
        2.861119897550915,
        2.944049894581412,
        2.958009894081542,
        2.972229893572362,
        2.9996598925901665,
        3.021449891809925,
        3.080259889704095,
        3.100859888966464,
        3.1148498884655194,
        3.201319885369259,
        3.2230898845897333,
        3.2482098836902527,
        3.323049881010432,
        3.3503698800321753,
        3.3544898798846496,
        3.3767198790886526,
        3.452109876389137,
        3.467679875831617,
        3.4741598755995855,
        3.554749872713872,
        3.61172987067357,
        3.613399870613772,
        3.644179869511622,
        3.6459298694489592,
        3.6860198680134433,
        3.7492698657486296,
        3.7777298647295523,
        3.792369864205333,
        3.8242298630645113,
        3.8612298617396403,
        3.9108198599639543,
        3.9885498571806504,
        4.028639855745134,
        4.057539854710302,
        4.073509854138458,
        4.074039854119481,
        4.09349985342267,
        4.138439851813488,
        4.182289850243337,
        4.216189849029468,
        4.242429848089883,
        4.325319845121813,
        4.334369844797757,
        4.436829841128937,
        4.491769839161682,
        4.631999834140419,
        4.655679833292502,
        4.657129833240582,
        4.752779829815609,
        4.901879824476736,
        4.904369824387576,
        4.936299823244247,
        4.951969822683147,
        5.0189598202844135,
        5.057229818914066,
        5.1044198172243185,
        5.192269814078643,
        5.215379813251135,
        5.217419813178089,
        5.237679812452632,
        5.392649806903569,
        5.449779804857895,
        5.694379796099422,
        5.87774978953343,
        5.972659786134957,
        8.123859709106217,
        12.219109562466222,
        12.800099541662519
    ],
    "et": [
        -103.971568173
    ],
    "fc": [
        0.1064,
        0.1555,
        0.3015,
        0.4257,
        1.6911,
        0.9363,
        0.6626,
        0.9188,
        1.4457,
        1.0134,
        2.4084,
        1.261,
        1.5174,
        4.8556,
        5.9281,
        5.9766,
        6.4846,
        6.5363
    ],
    "gap": 0.20982999248654666,
    "homo": -0.2618299906245652,
    "id": "AZ7_00019",
    "ir": [
        8.9217,
        0.0,
        0.3424,
        17.1117,
        0.2625,
        43.0886,
        35.0304,
        30.0162,
        17.2448,
        0.0,
        18.1421,
        4.2164,
        17.7536,
        86.679,
        7.087,
        0.1725,
        0.0,
        7.0761
    ],
    "lumo": -0.051999998138018526,
    "ma": [
        11.00931,
        1.00783,
        12.0,
        1.00783,
        1.00783,
        12.0,
        1.00783,
        1.00783
    ],
    "mr": [
        1.0299,
        1.1236,
        1.0662,
        1.2802,
        4.258,
        1.7893,
        1.2421,
        1.5273,
        2.2924,
        1.2234,
        2.8708,
        1.0856,
        1.2586,
        1.1108,
        1.053,
        1.0597,
        1.111,
        1.1085
    ],
    "mu": 0.2215000225733623,
    "mu_x": 0.0,
    "mu_xx=": -0.9527,
    "mu_xxx=": 0.0013,
    "mu_xxy=": -4.3928,
    "mu_xxz=": -0.0008,
    "mu_xy=": 0.0,
    "mu_xyy=": -0.0006,
    "mu_xyz=": 0.0003,
    "mu_xz=": 0.0001,
    "mu_xzz=": 0.0003,
    "mu_y": -0.2215,
    "mu_yy=": -1.2779,
    "mu_yyy=": -4.0479,
    "mu_yyz=": 0.0005,
    "mu_yz=": -0.0002,
    "mu_yzz=": -1.7532,
    "mu_z": 0.0001,
    "mu_zz=": 2.2306,
    "mu_zzz=": 0.0003,
    "na": 8,
    "ne": 22,
    "ne_down": 11,
    "ne_up": 11,
    "ni": 3,