{
    "A": 48.04709,
    "B": 8.83342,
    "C": 7.81586,
    "Cv": "10.566",
    "G": -165.221407,
    "H": -165.192195,
    "P": 1.0,
    "S": 9.797752808989142e-05,
    "T": 298.15,
    "U": -165.193139,
    "U0": -165.196656,
    "alpha": 17.521333333333335,
    "alpha_xx": 29.367,
    "alpha_xy": 1.297,
    "alpha_xz": 28.112,
    "alpha_yy": 0.0,
    "alpha_yz": 0.0,
    "alpha_zz": 23.197,
    "bo": [
        0,
        1,
        1,
        1,
        0,
        0,
        0,
        1,
        0,
        0,
        0,
        1,
        1,
        1,
        1,
        0,
        0,
        0,
        0,
        0,
        0,
        1,
        0,
        0,
        0,
        0,
        0,
        0,
        0,
        1,
        0,
        0,
        0,
        0,
        0,
        0,
        1,
        0,
        0,
        0,
        0,
        0,
        0,
        1,
        0,
        0,
        0,
        0,
        0
    ],
    "coords": [
        0.867662,
        -0.072652,
        0.022312,
        -0.689933,
        -0.013482,
        -0.001625,
        1.557694,
        1.039077,
        -0.224311,
        1.519172,
        -1.049339,
        0.247537,
        -1.168711,
        -0.968017,
        0.211305,
        -1.037199,
        0.339442,
        -0.978681,
        -1.048685,
        0.724971,
        0.723463
    ],
    "e ne": -516.8980268482,
    "e_disp": -0.0019550391999985095,
    "e_k": 164.3110763117,
    "e_nn": 63.8210599453,
    "eigs": [
        -24.684909116099135,
        -10.153339636435943,
        -6.7954797566719645,
        -1.2080699567422315,
        -0.7100099745764334,
        -0.5472599804040772,
        -0.4744299830119256,
        -0.4583399835880656,
        -0.42939998462432993,
        -0.40188998560938977,
        -0.3930699859252104,
        -0.31835998860037645,
        -0.0263899990550444,
        0.04766999829306429,
        0.09402999663303621,
        0.10083999638918824,
        0.10420999626851751,
        0.1465799947513607,
        0.1822099934755453,
        0.20527999264947006,
        0.21705999222765965,
        0.2567299908071826,
        0.2667199904494673,
        0.30289998915395794,
        0.34119998778253696,
        0.3777399864741369,
        0.41148998526563935,
        0.4158699851088032,
        0.46229998344626855,
        0.4713499831222122,
        0.5062599818721781,
        0.548939980343921,
        0.5552999801161863,
        0.6323699773565149,
        0.6820999755758161,
        0.719189974247722,
        0.7795199720874654,
        0.8380299699923782,
        0.852369969478901,
        0.8863299682628839,
        0.8985099678267505,
        0.9466299661037014,
        0.9709899652314348,
        1.0006599641690312,
        1.0228199633755406,
        1.0814799612750823,
        1.140829959149917,
        1.154059958676186,
        1.155939958608868,
        1.2086299567221794,
        1.2440999554520933,
        1.2540999550940197,
        1.3063599532227286,
        1.3090699531256906,
        1.360299951291281,
        1.403339949750133,
        1.4395699484528333,
        1.4994899463072577,
        1.5314399451632132,
        1.6379699413486577,
        1.670779940173819,
        1.831959934402393,
        1.8560299335405104,
        1.8779399327559712,
        1.8933599322038221,
        1.9145699314443487,
        1.9542599300231556,
        1.9921099286678479,
        2.110559924426469,
        2.171919922229331,
        2.1823399218562183,
        2.275779918510381,
        2.2877199180828414,
        2.3505299158337825,
        2.4265799131106345,
        2.4580699119830616,
        2.540339909037192,
        2.6952199034913518,
        2.7613599011230545,
        2.782999900348184,
        2.812679899285422,
        2.9256098952416996,
        2.9413898946766603,
        3.0004798925608047,
        3.02100989182568,
        3.0409598911113234,
        3.068589890121967,
        3.092879889252207,
        3.167259886588857,
        3.2773798826457528,
        3.3186598811676262,
        3.3844698788111454,
        3.4248098773666777,
        3.4299998771808378,
        3.4627598760077887,
        3.5316698735403054,
        3.5539898727410857,
        3.5596498725384165,
        3.627589870105666,
        3.6398798696655934,
        3.765639865162463,
        3.783489864523302,
        3.816939863325547,
        3.880809861038532,
        3.892849860607412,
        4.068149854330386,
        4.075579854064338,
        4.096849853302715,
        4.173069850573481,
        4.178169850390862,
        4.231739848472664,
        4.275399846909316,
        4.332589844861493,
        4.3803398431516944,
        4.560129836713893,
        4.620779834542177,
        4.715689831143704,
        4.71577983114048,
        4.793149828370067,
        4.80509982794217,
        5.049119819204464,
        5.059779818822757,
        5.098179817447756,
        5.1221098165908865,
        5.160689815209438,
        5.268789811338666,
        5.299979810221835,
        5.406569806405132,
        5.45975980450054,
        5.836469791011558,
        5.847999790598699,
        6.874159753854643,
        6.875499753806661,
        7.002179749270588,
        7.00887974903068,
        7.0890397461603625,
        7.117889745127321,
        7.354739736646353,
        8.316019702225477,
        8.365729700445494,
        8.422219698422738,
        8.781229685567547,
        8.947909679599181,
        9.174319671492041,
        11.368199592935042,
        13.136209529627314
    ],
    "et": [
        -165.247450319
    ],
    "fc": [
        0.0086,
        0.2383,
        0.2304,
        0.7335,
        1.2289,
        1.05,
        1.0798,
        1.6931,
        2.6953,
        1.3115,
        1.3231,
        4.3604,
        5.5536,
        6.0162,
        6.2561
    ],
    "gap": 0.29196998954533204,
    "homo": -0.31835998860037645,
    "id": "AZ7_03798",
    "ir": [
        0.7099,
        5.4128,
        2.0079,
        1.9056,
        39.2551,
        53.1104,
        30.2944,
        71.5782,
        248.0819,
        2.1793,
        2.9316,
        165.9631,
        0.6234,
        7.7671,
        15.2461
    ],
    "lumo": -0.0263899990550444,
    "ma": [
        11.00931,
        12.0,
        18.9984,
        1.00783,
        1.00783,
        1.00783,
        1.00783
    ],
    "mr": [
        1.1555,
        2.6559,
        1.1543,
        1.7494,
        2.1993,
        1.7171,
        1.442,
        1.7066,
        2.4232,
        1.0559,
        1.0507,
        1.0936,
        1.0414,
        1.0946,
        1.0974
    ],
    "mu": 1.208894573567108,
    "mu_x": -1.2032,
    "mu_xx=": -1.2199,
    "mu_xxx=": 7.2466,
    "mu_xxy=": -0.6124,
    "mu_xxz=": 0.0002,
    "mu_xy=": 0.4128,
    "mu_xyy=": 2.2497,
    "mu_xyz=": 0.0004,
    "mu_xz=": -0.0002,
    "mu_xzz=": 3.0398,
    "mu_y": 0.1172,
    "mu_yy=": -0.4159,
    "mu_yyy=": -6.7598,
    "mu_yyz=": -0.0005,
    "mu_yz=": 0.0,
    "mu_yzz=": -1.93,
    "mu_z": 0.0001,
    "mu_zz=": 1.6358,
    "mu_zzz=": 0.0008,
    "na": 7,
    "ne": 24,
    "ne_down": 12,
    "ne_up": 12,
    "ni": 3,
    "oemga": [
        -112.2498,
        390.221,
        581.9922,
        843.5809,
        973.8524,
        1018.7498,
        1127.3597,
        1297.6258,
        1374.0137,
        1451.8979,
        1461.9327,
        2601.422,
        3008.5569,
        3054.2423,
        3110.5752
    ],
    "oemga0": 3110.5752,
    "qa": [
        0.274369,
        -0.363645,
        -0.19845,
        -0.037484,
        0.106422,
        0.10939,
        0.109398
    ],
    "r2": 183.5745,