{
    "A": 44.38611,
    "B": 10.58312,
    "C": 9.04437,
    "Cv": "10.679",
    "G": -214.821302,
    "H": -214.791651,
    "P": 1.0,
    "S": 9.944994130471644e-05,
    "T": 298.15,
    "U": -214.792596,
    "U0": -214.796329,
    "alpha": 14.473333333333334,
    "alpha_xx": 26.435,
    "alpha_xy": 1.692,
    "alpha_xz": 19.319,
    "alpha_yy": 0.0,
    "alpha_yz": 0.0,
    "alpha_zz": 16.985,
    "bo": [
        0,
        1,
        0,
        1,
        1,
        1,
        1,
        0,
        1,
        0,
        0,
        0,
        0,
        1,
        0,
        0,
        0,
        0,
        1,
        0,
        0,
        0,
        0,
        0,
        1,
        0,
        0,
        0,
        0,
        0,
        1,
        0,
        0,
        0,
        0,
        0
    ],
    "coords": [
        1.091387,
        -0.236398,
        1e-06,
        -0.028956,
        0.622892,
        0.0,
        -1.170925,
        -0.258921,
        -1e-06,
        1.934061,
        0.458771,
        1e-06,
        1.119152,
        -0.853565,
        0.899472,
        1.119153,
        -0.853565,
        -0.899471
    ],
    "e ne": -664.7180659636,
    "e_disp": -0.0015766789999958064,
    "e_k": 213.7477780584,
    "e_nn": 78.1262347345,
    "eigs": [
        -24.70489911538334,
        -19.23062931140237,
        -10.2385496333848,
        -1.2307499559301214,
        -0.9883699646091032,
        -0.6976799750179378,
        -0.5390099806994878,
        -0.49788998217188546,
        -0.4969599822051863,
        -0.4180399850311013,
        -0.4110799852803203,
        -0.37280998665066706,
        -0.29554998941714183,
        -0.049199998238279065,
        0.04263999847317519,
        0.08961999679094654,
        0.10623999619582863,
        0.10921999608912276,
        0.2504199910331269,
        0.25222999096831566,
        0.34017998781906045,
        0.4178199850389789,
        0.42841998465942116,
        0.4313599845541476,
        0.47810998288015455,
        0.5046299819305441,
        0.5172099814800877,
        0.5943799787168356,
        0.6548699765508498,
        0.6936399751625995,
        0.7670699725332668,
        0.7819099720018858,
        0.8511999695207955,
        0.9099899674156823,
        0.9429599662351144,
        0.9488999660224189,
        1.0037799640573122,
        1.0162699636100787,
        1.0428799626572456,
        1.1034299604891111,
        1.217429956407075,
        1.2244899561542752,
        1.2725999544315842,
        1.279299954191675,
        1.3721799508658896,
        1.4656799475179039,
        1.5041699461396794,
        1.554769944327828,
        1.7196099384253472,
        1.8495499337725418,
        1.8501099337524893,
        1.9559399299629991,
        1.9970299284916757,
        2.0611599261953515,
        2.1348399235570668,
        2.139459923391637,
        2.2655699188759733,
        2.3492899158781833,
        2.3755199149389568,
        2.4798699112024614,
        2.668339904453853,
        2.6722499043138463,
        2.772609900720222,
        2.774399900656127,
        2.837889898382719,
        2.8982698962206728,
        2.935519894886849,
        2.9512398943239573,
        3.0041498924293912,
        3.022399891775908,
        3.060539890410216,
        3.2594398832881364,
        3.263779883132733,
        3.352649879950535,
        3.3615998796300595,
        3.389559878628886,
        3.451879876397373,
        3.5251798737726956,
        3.6738798684481444,
        3.7317098663774066,
        3.7576798654474897,
        3.784389864491076,
        3.8329298627529877,
        3.9307798592492396,
        4.0109198563796395,
        4.026649855816391,
        4.115239852644218,
        4.185179850139853,
        4.191749849904599,
        4.251759847755801,
        4.506459838635672,
        4.528649837841107,
        4.61149983487447,
        4.6629698330314655,
        4.694769831892793,
        4.770259829189698,
        4.853709826201576,
        4.875799825410591,
        5.009209820633535,
        5.016569820369992,
        5.132559816216699,
        5.135659816105697,
        5.196639813922166,
        5.267299811392019,
        5.4434498050845574,
        5.4579798045642764,
        5.608229799184223,
        5.741599794408599,
        5.760409793735064,
        5.870279789800911,
        5.8776597895366525,
        6.023859784301621,
        6.324389773540442,
        6.574509764584311,
        6.6778597608836225,
        6.750379758286875,
        6.874759753833159,
        6.875529753805587,
        6.897049753035013,
        6.932969751748814,
        6.968629750471925,
        7.231309741066053,
        7.37049973608203,
        7.717779723646858,
        8.264999704052368,
        8.277079703619815,
        8.548689693894184,
        8.607439691790503,
        8.852279683023436,
        9.763739650386482,
        10.576319621290155,
        13.013549534019443
    ],
    "et": [
        -214.838602035
    ],
    "fc": [
        0.0471,
        0.3859,
        2.6655,
        3.2994,
        1.0299,
        1.5262,
        1.3813,
        1.2828,
        1.4315,
        5.4893,
        6.2498,
        6.2445
    ],
    "gap": 0.24634999117886278,
    "homo": -0.29554998941714183,
    "id": "AZ7_86760",
    "ir": [
        2.1313,
        6.5678,
        33.1392,
        13.7657,
        0.7477,
        7.5938,
        0.013,
        8.1018,
        8.3177,
        17.7567,
        30.1114,
        11.7888
    ],
    "lumo": -0.049199998238279065,
    "ma": [
        12.0,
        15.99491,
        18.9984,
        1.00783,
        1.00783,
        1.00783
    ],
    "mr": [
        1.218,
        3.4823,
        5.6883,
        5.5944,
        1.2729,
        1.77,
        1.1399,
        1.0458,
        1.0638,
        1.0266,
        1.1089,
        1.104
    ],
    "mu": 2.368361317451372,
    "mu_x": 2.2693,
    "mu_xx=": 0.987,
    "mu_xxx=": -4.6974,
    "mu_xxy=": 0.9198,
    "mu_xxz=": 0.0,
    "mu_xy=": -0.0056,
    "mu_xyy=": -2.0012,
    "mu_xyz=": 0.0,
    "mu_xz=": 0.0,
    "mu_xzz=": -2.4331,
    "mu_y": -0.6778,
    "mu_yy=": -0.6432,
    "mu_yyy=": 0.0113,
    "mu_yyz=": 0.0,
    "mu_yz=": 0.0,
    "mu_yzz=": -0.7608,
    "mu_z": 0.0,
    "mu_zz=": -0.3439,
    "mu_zzz=": 0.0,
    "na": 6,
    "ne": 26,
    "ne_down": 13,
    "ne_up": 13,
    "ni": 3,
    "oemga": [
        256.3129,
        433.6731,
        891.8081,
        1000.5054,
        1171.8744,
        1209.768,
        1434.1255,
        1442.9256,
        1511.2414,
        3012.482,
        3092.8334,
        3098.3774
    ],
    "oemga0": 3098.3774,
    "qa": [
        -0.039113,
        -0.088816,
        -0.147301,
        0.103486,
        0.085871,
        0.085871
    ],
    "r2": 155.8371,