{
    "A": 24.14843,
    "B": 7.88592,
    "C": 6.44016,
    "Cv": "13.367",
    "G": -493.592044,
    "H": -493.560776,
    "P": 1.0,
    "S": 0.00010487338587962904,
    "T": 298.15,
    "U": -493.56172,
    "U0": -493.565921,
    "alpha": 22.092,
    "alpha_xx": 35.189,
    "alpha_xy": 0.0,
    "alpha_xz": 29.437,
    "alpha_yy": 0.0,
    "alpha_yz": 3.371,
    "alpha_zz": 31.087,
    "bo": [
        0,
        1,
        0,
        1,
        0,
        0,
        1,
        0,
        1,
        0,
        1,
        0,
        0,
        1,
        0,
        0,
        0,
        1,
        1,
        0,
        0,
        0,
        0,
        0,
        0,
        1,
        0,
        0,
        0,
        0,
        0,
        0,
        1,
        0,
        0,
        0
    ],
    "coords": [
        0.944627,
        0.021323,
        -0.208177,
        0.69208,
        1.455605,
        -1.00612,
        0.944602,
        1.075411,
        -2.602783,
        1.779583,
        0.044435,
        0.268877,
        -0.712907,
        1.267932,
        -1.088841,
        1.779515,
        1.442893,
        -2.907956
    ],
    "e ne": -1407.703689619,
    "e_disp": -0.0015004779999969742,
    "e_k": 491.7827260667,
    "e_nn": 117.9916735642,
    "eigs": [
        -77.14137723777269,
        -19.1419093145792,
        -19.1419093145792,
        -6.596159763809083,
        -4.7599698295581545,
        -4.758399829614373,
        -4.7530398298062995,
        -1.0392899627857939,
        -1.0090999638668172,
        -0.6397499770922568,
        -0.5180999814482192,
        -0.45954998354473875,
        -0.4310399845656059,
        -0.3936099859058745,
        -0.345689987621762,
        -0.3244599883819518,
        -0.245769991199631,
        -0.0026899999036782665,
        0.016329999415266205,
        0.06254999776025112,
        0.08352999700901322,
        0.09607999655963116,
        0.23016999175822547,
        0.2735099902063355,
        0.28812998968283227,
        0.2977899893369334,
        0.30935998892264255,
        0.3615599870534996,
        0.38327998627576426,
        0.40502998549695474,
        0.4136899851868632,
        0.44508998406251277,
        0.5187299814256606,
        0.5697399795991284,
        0.5981199785829161,
        0.6188499778406301,
        0.630589977420252,
        0.6494299767456417,
        0.673799975873017,
        0.7251699740335941,
        0.7431299733904944,
        0.8295699702953083,
        0.864379969048855,
        0.872819968746641,
        0.9184599671123942,
        0.9631699655114482,
        1.0563499621749206,
        1.1515399587664203,
        1.1622499583829238,
        1.2038499568933385,
        1.2920699537344154,
        1.3008999534182366,
        1.3175499528220445,
        1.3222399526541082,
        1.3798299505919633,
        1.4019499497999053,
        1.414369949355178,
        1.463349947601335,
        1.5406699448327117,
        1.5506399444757126,
        1.5930199429581977,
        1.6734199400792877,
        1.7320499379799037,
        1.810909935156137,
        1.8473499338513177,
        1.918479931304342,
        1.9823899290158953,
        2.060259926227578,
        2.1034199246821332,
        2.1242699239355507,
        2.162629922561981,
        2.18177992187627,
        2.2377899198707016,
        2.2438999196519185,
        2.4083499137634026,
        2.4975799105683136,
        2.549639908704184,
        2.6620599046787228,
        2.7465499016533617,
        3.2280798844110543,
        3.228609884392077,
        3.247419883718541,
        3.2905598821738127,
        3.2943298820388187,
        3.361089879648321,
        3.3935798784849407,
        3.4278198772588975,
        3.5040898745278724,
        3.6206798703530945,
        3.637299869757977,
        3.684559868065722,
        3.7369498661897755,
        3.745929865868226,
        3.7778398647256135,
        3.8065398636979433,
        3.8351198626745697,
        3.9571598583046423,
        3.99072985710259,
        4.002069856696535,
        4.110499852813945,
        4.16948985070167,
        4.17996985032641,
        4.198129849676149,
        4.396899842558724,
        4.464109840152113,
        4.525059837969656,
        4.572999836253053,
        4.870549825598579,
        4.976499821804792,
        5.149419815612988,
        5.191819814094757,
        5.223349812965751,
        5.303259810104387,
        5.368159807780491,
        5.427429805658191,
        5.455099804667401,
        5.538949801664956,
        5.559459800930548,
        6.37103977187003,
        6.4062797706081795,
        6.456959768793464,
        6.518099766604203,
        6.5234697664119174,
        6.5352397659904655,
        6.567309764842124,
        6.6128697632107425,
        6.6259797627413075,
        6.667289761262107,
        6.677129760909763,
        6.747009758407546,
        6.9684897504769365,
        7.00291974924409,
        7.2125197417388724,
        7.25173974033451,
        10.859719611142356,
        11.260909596776811
    ],
    "et": [
        -493.604279159
    ],
    "fc": [
        0.0637,
        0.799,
        0.1108,
        3.7842,
        6.566,
        0.5088,
        0.6049,
        0.7824,
        0.9139,
        3.4388,
        9.2346,
        9.2441
    ],
    "gap": 0.24307999129595273,
    "homo": -0.245769991199631,
    "id": "AZ7_98061",
    "ir": [
        52.2996,
        6.5879,
        101.273,
        75.6639,
        227.3844,
        33.2936,
        58.3557,
        60.8971,
        103.7125,
        107.8481,
        84.6758,
        91.1366
    ],
    "lumo": -0.0026899999036782665,
    "ma": [
        15.99491,
        30.97376,
        15.99491,
        1.00783,
        1.00783,
        1.00783
    ],
    "mr": [
        1.1299,
        11.8204,
        1.0562,
        10.1523,
        17.1177,
        1.1035,
        1.0583,
        1.076,
        1.1789,
        1.04,
        1.0665,
        1.0669
    ],
    "mu": 2.12671965477352,
    "mu_x": 0.0,
    "mu_xx=": 1.0866,
    "mu_xxx=": -0.0002,
    "mu_xxy=": -4.943,
    "mu_xxz=": -9.8448,
    "mu_xy=": -0.0002,
    "mu_xyy=": 0.0002,
    "mu_xyz=": 0.0001,
    "mu_xz=": 0.0,
    "mu_xzz=": -0.0001,
    "mu_y": -0.1868,
    "mu_yy=": -0.939,
    "mu_yyy=": -5.2978,
    "mu_yyz=": -0.2715,
    "mu_yz=": 3.6336,
    "mu_yzz=": -4.2389,
    "mu_z": -2.1185,
    "mu_zz=": -0.1476,
    "mu_zzz=": 0.3457,
    "na": 6,
    "ne": 34,
    "ne_down": 17,
    "ne_up": 17,
    "ni": 3,
    "oemga": [
        309.3582,
        338.7157,
        421.875,
        795.3872,
        806.8677,
        884.5904,
        984.9631,
        1110.9386,
        1147.0485,
        2368.9935,
        3833.4847,
        3834.8997
    ],
    "oemga0": 3834.8997,
    "qa": [
        -0.375492,
        0.347511,
        -0.375491,
        0.201356,
        0.000765,
        0.201351
    ],
    "r2": 217.9288,