{
    "A": 73.53319,
    "B": 6.08628,
    "C": 5.62103,
    "Cv": "8.482",
    "G": -536.685913,
    "H": -536.656555,
    "P": 1.0,
    "S": 9.846721448935769e-05,
    "T": 298.15,
    "U": -536.657499,
    "U0": -536.660694,
    "alpha": 20.487,
    "alpha_xx": 42.468,
    "alpha_xy": -5.162,
    "alpha_xz": 24.987,
    "alpha_yy": 0.0,
    "alpha_yz": 0.0,
    "alpha_zz": 18.993,
    "bo": [
        0,
        2,
        1,
        1,
        2,
        0,
        0,
        0,
        1,
        0,
        0,
        0,
        1,
        0,
        0,
        0
    ],
    "coords": [
        -0.019797,
        0.074315,
        -0.000357,
        1.404548,
        -0.651118,
        0.003161,
        -1.188836,
        -0.570293,
        0.002696,
        -0.195915,
        1.147096,
        -0.005499
    ],
    "e ne": -1457.314083435,
    "e_disp": -0.0007042072000018607,
    "e_k": 534.8841079084,
    "e_nn": 91.3939620629,
    "eigs": [
        -88.89468681691797,
        -24.729799114491744,
        -10.331709630048987,
        -7.948569715382883,
        -5.911219788334959,
        -5.911139788337824,
        -5.903599788607811,
        -1.264829954709807,
        -0.8110899709570277,
        -0.6444799769228882,
        -0.5564999800732175,
        -0.500409982081651,
        -0.47745998290342934,
        -0.3885599860867015,
        -0.3173099886379742,
        -0.2631399905776576,
        -0.09198999670608315,
        0.04491999839153447,
        0.08780999685575781,
        0.11551999586353653,
        0.22153999206724276,
        0.25863999073879057,
        0.25999999069009266,
        0.2974099893505402,
        0.33063998816066237,
        0.34486998765112403,
        0.35057998744666413,
        0.3536899873353033,
        0.39128998598894754,
        0.42382998482377676,
        0.4309599845684705,
        0.5521999802271891,
        0.5685999796399487,
        0.6569999764745802,
        0.6880999753609721,
        0.8085299710486946,
        0.8306699702559203,
        0.8680899689160098,
        0.9212199670135659,
        0.9231499669444577,
        1.0193299635005082,
        1.0249799632981969,
        1.1207099598703605,
        1.1939999572460407,
        1.3705899509228232,
        1.5161499457107075,
        1.5191399456036436,
        1.5287299452602512,
        1.609039942384564,
        1.6191999420207615,
        1.6505599408978433,
        1.651429940866691,
        1.661929940490714,
        1.7143699386129774,
        1.770709936595592,
        1.8243199346759607,
        1.8715499329847805,
        1.8972699320638158,
        1.9045799318020638,
        1.9742799293062927,
        1.98038992908751,
        2.1146399242803753,
        2.1830499218307953,
        2.266509918842315,
        2.311209917241727,
        2.3685399151888924,
        2.409149913734756,
        2.53923990907658,
        2.6486699051581835,
        2.7585499012236734,
        2.8520298978764034,
        2.913189895686427,
        2.9753298934613586,
        3.0426898910493767,
        3.191539885719455,
        3.1977198854981657,
        3.259389883289927,
        3.3195998811339673,
        3.3866698787323695,
        3.398879878295162,
        3.4366998769409283,
        3.5061698744533927,
        3.6934898677459627,
        3.856879861895402,
        3.897999860423004,
        4.099699853200665,
        4.227639848619474,
        4.671309832732833,
        4.7503998299008305,
        4.780609828819092,
        4.878379825318207,
        4.999459820982656,
        5.3370798088933835,
        5.91583978816953,
        6.8293197554602445,
        6.830589755414768,
        6.932899751751321,
        6.988429749762939,
        7.186959742654109,
        7.261079740000068,
        7.414479734507223,
        8.282599703422159,
        8.302179702721052,
        8.711299688071554,
        8.820989684143846,
        8.848959683142317,
        10.34262962965797,
        11.180589599652858
    ],
    "et": [
        -536.679062077
    ],
    "fc": [
        1.9443,
        0.7383,
        4.0195,
        3.1604,
        1.5413,
        6.2782
    ],
    "gap": 0.17114999387157442,
    "homo": -0.2631399905776576,
    "id": "AZ7_92624",
    "ir": [
        5.4897,
        13.8169,
        34.7603,
        311.0486,
        89.4473,
        10.7506
    ],
    "lumo": -0.09198999670608315,
    "ma": [
        12.0,
        31.97207,
        18.9984,
        1.00783
    ],
    "mr": [
        14.7911,
        1.5429,
        6.9376,
        3.7543,
        1.3856,
        1.0891
    ],
    "mu": 1.4401340250129497,
    "mu_x": -0.564,
    "mu_xx=": -0.9251,
    "mu_xxx=": -7.9849,
    "mu_xxy=": -1.5233,
    "mu_xxz=": 0.0,
    "mu_xy=": -1.876,
    "mu_xyy=": -6.208,
    "mu_xyz=": 0.0,
    "mu_xz=": 0.0,
    "mu_xzz=": -3.621,
    "mu_y": 1.3251,
    "mu_yy=": 0.5969,
    "mu_yyy=": 1.1176,
    "mu_yyz=": 0.0,
    "mu_yz=": 0.0,
    "mu_yzz=": -0.9132,
    "mu_z": 0.0,
    "mu_zz=": 0.3282,
    "mu_zzz=": 0.0,
    "na": 4,
    "ne": 32,
    "ne_down": 16,
    "ne_up": 16,
    "ni": 3,
    "oemga": [
        472.3441,
        901.1688,
        991.6395,
        1195.3087,
        1374.0485,
        3127.9918
    ],
    "oemga0": 3127.9918,
    "qa": [
        0.111797,
        -0.105302,
        -0.129376,
        0.122881
    ],
    "r2": 214.2872,
    "rn": [
        -0.02,
        -0.5,
        0.0,
        0.35,
        0.11,
        0.0,
        -0.6,
        0.15,
        0.0,
        0.23,
        -0.43,
        0.0,
        0.0,
        0.0,
        0.21,
        0.0,
        0.0,
        -0.02,
        0.0,
        0.0,
        -0.04,
        0.0,
        0.0,
        -0.98,
        -0.07,
        0.53,
        0.0,
        0.17,
        -0.1,
        0.0,
        -0.21,
        -0.19,
        0.0,
        -0.66,
        0.4,
        0.0,
        0.4,
        0.07,
        0.0,
        -0.09,
        0.04,
        0.0,
        -0.14,
        -0.13,
        0.0,
        0.87,
        0.17,
        0.0,
        0.17,
        -0.02,
        0.0,
        -0.03,
        0.0,
        0.0,
        -0.02,
        0.03,
        0.0,
        -0.93,
        -0.33,
        0.0,
        -0.03,
        0.08,
        0.0,
        0.0,
        0.0,
        0.0,
        0.0,
        0.0,
        0.0,
        0.25,
        -0.96,
        0.0
    ],
    "smi": "C(=S)F",
    "symbols": [
        "C",
        "S",
        "F",
        "H"
    ],
    "zpe": 0.018368,
    "zs": [
        6,
        16,
        9,
        1
    ]
}