{
    "A": 678.89446,
    "B": 10.65075,
    "C": 10.48624,
    "Cv": "8.989",
    "G": -168.626285,
    "H": -168.598875,
    "P": 1.0,
    "S": 9.193359047460429e-05,
    "T": 298.15,
    "U": -168.599819,
    "U0": -168.603163,
    "alpha": 10.091000000000001,
    "alpha_xx": 16.954,
    "alpha_xy": 5.303,
    "alpha_xz": 26.988,
    "alpha_yy": 0.0,
    "alpha_yz": 0.0,
    "alpha_zz": 13.319,
    "bo": [
        0,
        3,
        0,
        0,
        3,
        0,
        1,
        0,
        0,
        1,
        0,
        1,
        0,
        0,
        1,
        0
    ],
    "coords": [
        1.198079,
        0.054907,
        0.057034,
        2.351131,
        0.022058,
        0.03449,
        3.648393,
        0.048326,
        0.052531,
        4.013797,
        -0.690291,
        -0.454555
    ],
    "e ne": -512.0081937062,
    "e_disp": -0.0005773222999962968,
    "e_k": 167.7023988112,
    "e_nn": 58.2542131763,
    "eigs": [
        -19.242799310966596,
        -14.317989487310921,
        -10.272389632173079,
        -1.149399958843048,
        -0.9134199672928631,
        -0.6774699757416041,
        -0.5141799815885839,
        -0.47307998306026544,
        -0.37558998655112263,
        -0.33934998784878057,
        -0.3167499886580263,
        -0.021739999221548515,
        0.042929998462791066,
        0.06867999754075217,
        0.109459996080529,
        0.24584999119676645,
        0.28338998985255903,
        0.2989199892964711,
        0.3120399888266788,
        0.34795998754047935,
        0.46979998317771354,
        0.48685998256684043,
        0.49640998222488036,
        0.5387799807077235,
        0.5542799801527097,
        0.595569978674225,
        0.6635899762386099,
        0.7100799745739269,
        0.7561999729224924,
        0.7671099725318344,
        0.9090499674493413,
        0.948609966032803,
        0.9609599655905824,
        1.1319699594671697,
        1.1638999583238416,
        1.206119956812056,
        1.2601399548777437,
        1.314189952942357,
        1.567739943863407,
        1.612019942277858,
        1.702019939055198,
        1.7100799387665908,
        1.817089934934848,
        1.851949933686604,
        1.9572399299164498,
        1.9913499286950616,
        2.0405399269336986,
        2.079289925546164,
        2.159889922660093,
        2.371739915074309,
        2.470759911528666,
        2.6106499065195785,
        2.620399906170457,
        2.7552899013404053,
        2.8111898993387747,
        2.874719897063935,
        2.9129798956939466,
        2.9193498954658534,
        2.9639398938692043,
        3.0751698898863546,
        3.1457798873579983,
        3.207529885146896,
        3.2200498846985877,
        3.2321998842635287,
        3.421489877485558,
        3.4833898752690837,
        3.517069874063093,
        3.550699872858892,
        3.6790298682637363,
        3.766749865122717,
        3.858419861840259,
        3.970759857817662,
        3.975029857664765,
        4.0946698533807755,
        4.121979852402877,
        4.3637798437446635,
        4.473989839798336,
        4.497269838964742,
        4.525209837964286,
        4.59021983563645,
        4.590419835629288,
        4.70580983149748,
        4.9778698217557364,
        5.039219819558957,
        5.056649818934835,
        5.225179812900223,
        5.411399806232183,
        5.475839803924757,
        5.599709799489302,
        5.719729795191706,
        6.130539780481693,
        6.260029775845003,
        6.339739772990799,
        6.5031697671388065,
        6.503779767116964,
        6.592939763924382,
        6.6116497632544275,
        6.879479753664148,
        6.923789752077525,
        7.189999742545254,
        7.372769736000747,
        7.880239717829598,
        12.538449551031508,
        14.834369468820729
    ],
    "et": [
        -168.624682658
    ],
    "fc": [
        0.6823,
        1.6921,
        9.5755,
        1.1011,
        40.4547,
        8.8465
    ],
    "gap": 0.29500998943647777,
    "homo": -0.3167499886580263,
    "id": "AZ7_82170",
    "ir": [
        14.053,
        3.3817,
        72.8761,
        93.5765,
        123.0302,
        146.7335
    ],
    "lumo": -0.021739999221548515,
    "ma": [
        14.00307,
        12.0,
        15.99491,
        1.00783
    ],
    "mr": [
        5.5485,
        10.8922,
        13.5017,
        1.2023,
        12.1355,
        1.0659
    ],
    "mu": 3.95856990970224,
    "mu_x": 0.3127,
    "mu_xx=": -1.3009,
    "mu_xxx=": 3.2041,
    "mu_xxy=": 2.6665,
    "mu_xxz=": 0.0,
    "mu_xy=": -3.0931,
    "mu_xyy=": 1.8999,
    "mu_xyz=": 0.0,
    "mu_xz=": 0.0,
    "mu_xzz=": 0.9476,
    "mu_y": 3.9462,
    "mu_yy=": 1.269,
    "mu_yyy=": 20.3405,
    "mu_yyz=": 0.0,
    "mu_yz=": 0.0,
    "mu_yzz=": 2.1765,
    "mu_z": 0.0,
    "mu_zz=": 0.0319,
    "mu_zzz=": 0.0,
    "na": 4,
    "ne": 22,
    "ne_down": 11,
    "ne_up": 11,
    "ni": 3,
    "oemga": [
        456.8427,
        513.488,
        1097.1384,
        1246.7067,
        2378.6489,
        3753.2534
    ],
    "oemga0": 3753.2534,
    "qa": [
        -0.123865,
        0.061767,
        -0.186855,
        0.248953
    ],
    "r2": 128.8339,
    "rn": [
        -0.24,
        0.12,
        0.0,
        0.48,
        -0.26,
        0.0,
        -0.11,
        0.11,
        0.0,
        -0.7,
        -0.35,
        0.0,
        0.0,
        0.0,
        0.37,
        0.0,
        0.0,
        -0.81,
        0.0,
        0.0,
        0.26,
        0.0,
        0.0,
        0.39,
        0.25,
        0.49,
        0.0,
        0.2,
        0.22,
        0.0,
        -0.39,
        -0.59,
        0.0,
        0.31,
        -0.09,
        0.0,
        0.03,
        0.04,
        0.0,
        -0.07,
        0.05,
        0.0,
        0.07,
        -0.03,
        0.0,
        -0.76,
        -0.64,
        0.0,
        -0.25,
        -0.47,
        0.0,
        0.37,
        0.72,
        0.0,
        -0.05,
        -0.11,
        0.0,
        -0.15,
        -0.16,
        0.0,
        0.0,
        0.0,
        0.0,
        0.0,
        0.0,
        0.0,
        0.04,
        -0.05,
        0.0,
        -0.6,
        0.8,
        0.0
    ],
    "smi": "C(#N)O",
    "symbols": [
        "N",
        "C",
        "O",
        "H"
    ],
    "zpe": 0.02152,
    "zs": [
        7,
        6,
        8,
        1
    ]
}