{
    "A": 34.71772,
    "B": 3.09597,
    "C": 2.91674,
    "Cv": "12.579",
    "G": -390.897678,
    "H": -390.864427,
    "P": 1.0,
    "S": 0.00011152440046958588,
    "T": 298.15,
    "U": -390.865371,
    "U0": -390.869562,
    "alpha": 37.69833333333333,
    "alpha_xx": 71.732,
    "alpha_xy": -1.716,
    "alpha_xz": 43.767,
    "alpha_yy": -0.086,
    "alpha_yz": 0.331,
    "alpha_zz": 41.449,
    "bo": [
        0,
        1,
        0,
        1,
        1,
        1,
        0,
        1,
        0,
        1,
        0,
        0,
        0,
        1,
        0,
        1,
        0,
        0,
        0,
        0,
        0,
        1,
        0,
        0,
        0,
        0,
        0,
        0,
        1,
        0,
        0,
        0,
        0,
        0,
        0,
        1,
        0,
        0,
        0,
        0,
        0,
        0,
        0,
        1,
        0,
        0,
        0,
        0,
        0
    ],
    "coords": [
        -0.663196,
        -0.100314,
        0.029985,
        0.625034,
        0.356669,
        -0.499726,
        2.22005,
        -0.870932,
        0.122654,
        -0.72278,
        -0.166185,
        1.121202,
        -0.90136,
        -1.076113,
        -0.389935,
        -1.416792,
        0.612029,
        -0.318967,
        0.859044,
        1.244845,
        -0.065215
    ],
    "e ne": -1092.805451735,
    "e_k": 205.2525086626,
    "e_nn": 123.3260826641,
    "eigs": [
        -14.350279486154703,
        -10.204999634586136,
        -6.83759975516376,
        -4.841269826647018,
        -4.825659827205971,
        -4.8251898272228,
        -1.9226699311543094,
        -1.918049931319739,
        -1.917539931338001,
        -1.904319931811374,
        -1.904319931811374,
        -0.897359967867929,
        -0.7012199748911798,
        -0.6483799767832394,
        -0.4861899825908313,
        -0.4476299839715622,
        -0.4220799848864396,
        -0.36247998702055684,
        -0.29734998935268864,
        -0.2631399905776576,
        -0.23548999156773046,
        -0.07227999741184575,
        0.039069998601007384,
        0.07142999744228198,
        0.10132999637164265,
        0.10868999610810065,
        0.1437799948516212,
        0.17106999387443902,
        0.23394999162287375,
        0.23505999158312757,
        0.24982999105425324,
        0.2590099907255419,
        0.27141999028117286,
        0.2806799899495969,
        0.30261998916398397,
        0.32049998852374884,
        0.34198998775424916,
        0.3824699863047682,
        0.41524998513100375,
        0.4380199843156707,
        0.45930998355333247,
        0.46616998330769416,
        0.4777599828926871,
        0.5213499813318454,
        0.5324299809351001,
        0.5585199800008868,
        0.6009599784812234,
        0.6782299757143905,
        0.6974299750268897,
        0.7429999733951493,
        0.8302999702691689,
        0.855229969376492,
        0.887269968229225,
        0.9096499674278568,
        0.921889966989575,
        0.9387299663865795,
        0.9444599661814034,
        0.9710299652300024,
        0.991699964489865,
        1.012249963754024,
        1.0293299631424349,
        1.0454599625648626,
        1.1122799601722162,
        1.1247799597246246,
        1.167929958179538,
        1.1858599575375124,
        1.2189799563515735,
        1.262009954810784,
        1.2909099537759519,
        1.3106499530691151,
        1.330549952356549,
        1.3595099513195685,
        1.3644199511437547,
        1.3879299503019242,
        1.4204199491385436,
        1.4487399481244798,
        1.4947799464759102,
        1.5263499453454727,
        1.580979943389318,
        1.6113999423000587,
        1.6530899408072508,
        1.7490999373693887,
        1.8234299347078295,
        2.1593299226801452,
        2.243249919675194,
        2.358539915546966,
        2.469619911569487,
        2.499819910488106,
        2.512969910017239,
        2.5537099085584485,
        2.6932299035626084,
        2.7044399031612083,
        2.752139901453198,
        2.785839900246491,
        2.823839898885812,
        2.84785989802572,
        2.8971698962600603,
        2.929249895111361,
        2.9740398935075505,
        2.991769892872686,
        3.0659198902175726,
        3.107729888720468,
        3.2839098824119315,
        3.297129881938558,
        3.312019881405387,
        3.342229880323647,
        3.369879879333575,
        3.397929878329179,
        3.4217098774776806,
        3.4421298767464945,
        3.461419876055771,
        3.573989872024939,
        3.6380198697321955,
        3.672579868494694,
        3.714199867004392,
        3.764499865203283,
        3.8349498626806566,
        3.8580698618527913,
        3.8638398616461833,
        3.9262898594100144,
        3.967109857948359,
        3.986929857238658,
        4.007499856502101,
        4.088729853593471,
        4.120459852457304,
        4.222749848794572,
        4.245069847995352,
        4.300029846027381,
        4.411529842034863,
        4.444249840863248,
        4.558079836787298,
        4.641669833794163,
        4.750359829902263,
        4.817159827510333,
        4.882339825176411,
        4.910339824173805,
        4.958259822457919,
        5.064899818639424,
        5.127599816394303,
        5.15612981537272,
        5.179799814525161,
        5.239119812401069,
        5.290049810577402,
        5.3289898091830645,
        5.381869807289572,
        5.538229801690738,
        5.6209797987276815,
        5.753599793978911,
        5.772549793300362,
        5.823089791490659,
        5.96478978641676,
        6.278729775175405,
        10.475669624894163,
        13.147309529229853,
        58.26804791357635
    ],
    "et": [
        -390.923171307
    ],
    "fc": [
        0.0408,
        0.1461,
        0.7862,
        0.4738,
        2.0981,
        0.9881,
        1.0298,
        1.3263,
        1.4101,
        1.3393,
        1.408,
        5.4823,
        6.0108,
        6.2283,
        7.7048
    ],
    "gap": 0.16320999415588472,
    "homo": -0.23548999156773046,
    "id": "AZ7_78936",
    "ir": [
        0.8258,
        1.4188,
        10.1321,
        50.8107,
        4.5228,
        13.1984,
        9.163,
        6.3134,
        6.1555,
        10.2401,
        7.0637,
        53.9401,
        18.7168,
        14.2607,
        13.3167
    ],
    "lumo": -0.07227999741184575,
    "ma": [
        12.0,
        14.00307,
        126.9004,
        1.00783,
        1.00783,
        1.00783,
        1.00783
    ],
    "mr": [
        1.1003,
        3.4119,
        5.9017,
        1.1197,
        3.508,
        1.3432,
        1.3506,
        1.1991,
        1.1505,
        1.0463,
        1.0472,
        1.0397,
        1.0995,
        1.0979,
        1.0749
    ],
    "mu": 1.6711353595684582,
    "mu_x": -1.2933,
    "mu_xx=": 3.6879,
    "mu_xxx=": 22.4272,
    "mu_xxy=": -2.144,
    "mu_xxz=": 2.2029,
    "mu_xy=": -0.4825,
    "mu_xyy=": 7.8177,
    "mu_xyz=": -3.0441,
    "mu_xz=": -1.5777,
    "mu_xzz=": 8.5037,
    "mu_y": -0.1913,
    "mu_yy=": -1.271,
    "mu_yyy=": 1.1888,
    "mu_yyz=": 2.261,
    "mu_yz=": 2.0212,
    "mu_yzz=": -0.3853,
    "mu_z": 1.0409,
    "mu_zz=": -2.4169,
    "mu_zzz=": 0.7765,
    "na": 7,
    "ne": 42,
    "ne_down": 21,
    "ne_up": 21,
    "ni": 3,
    "oemga": [
        250.9818,
        269.6041,
        475.4914,
        847.4813,
        1007.5212,
        1117.3751,
        1137.603,
        1370.153,
        1442.313,
        1474.0014,
        1510.5976,
        2991.5667,
        3046.1067,
        3103.0159,
        3487.9097
    ],
    "oemga0": 3487.9097,
    "qa": [
        -0.168034,
        -0.298853,
        0.03668,
        0.081755,
        0.11193,
        0.101713,
        0.134809
    ],
    "r2": 404.9053,