{
    "A": 36.94932,
    "B": 2.78638,
    "C": 2.65299,
    "Cv": "11.871",
    "G": -410.809,
    "H": -410.776052,
    "P": 1.0,
    "S": 0.000110508133489965,
    "T": 298.15,
    "U": -410.776996,
    "U0": -410.78098,
    "alpha": 35.78433333333333,
    "alpha_xx": 67.216,
    "alpha_xy": 2.66,
    "alpha_xz": 41.684,
    "alpha_yy": 1.193,
    "alpha_yz": -0.79,
    "alpha_zz": 38.944,
    "bo": [
        0,
        1,
        1,
        1,
        1,
        0,
        1,
        0,
        0,
        0,
        0,
        1,
        1,
        0,
        0,
        0,
        0,
        0,
        1,
        0,
        0,
        0,
        0,
        0,
        1,
        0,
        0,
        0,
        0,
        0,
        0,
        1,
        0,
        0,
        0,
        0
    ],
    "coords": [
        0.158035,
        -0.323498,
        0.007728,
        -1.108677,
        0.012151,
        -0.397837,
        1.649128,
        1.327821,
        -0.250562,
        0.535985,
        -1.111494,
        -0.630709,
        0.251021,
        -0.56463,
        1.063007,
        -1.485492,
        0.659649,
        0.208373
    ],
    "e ne": -1133.283410387,
    "e_k": 225.0582040015,
    "e_nn": 119.1916257626,
    "eigs": [
        -19.171429313522165,
        -10.280369631887336,
        -6.817999755865582,
        -4.818609827458412,
        -4.807719827848355,
        -4.807159827868407,
        -1.9005499319463675,
        -1.8973299320616672,
        -1.896829932079571,
        -1.887489932414011,
        -1.8874799324143694,
        -1.0743199615314627,
        -0.7321599737833009,
        -0.6531099766138708,
        -0.5495299803227945,
        -0.48041998279743964,
        -0.43223998452263707,
        -0.37089998671905905,
        -0.2918799895485547,
        -0.2566099908114795,
        -0.2527099909511281,
        -0.04325999845097465,
        0.020999999248045943,
        0.06348999772659225,
        0.09109999673795169,
        0.13236999526018292,
        0.1673399940080004,
        0.22340999200028305,
        0.24226999132495672,
        0.2625799905977097,
        0.27468999016408285,
        0.29604998939923816,
        0.30725998899783796,
        0.3134699887754744,
        0.3296299881968278,
        0.3407599877982922,
        0.3817199863316237,
        0.3898699860397939,
        0.4341699844535289,
        0.4477399839676234,
        0.47405998302517427,
        0.5499599803073975,
        0.5958899786627666,
        0.6160299779416067,
        0.6429899769762409,
        0.6911999752499693,
        0.7223999741327806,
        0.7610499727488269,
        0.8648999690302351,
        0.876919968599831,
        0.9013499677250577,
        0.9315199666447505,
        0.9438099662046783,
        0.9448499661674384,
        0.9558999657717675,
        1.006269963968152,
        1.0161699636136594,
        1.0400499627585802,
        1.0850599611468918,
        1.1118499601876135,
        1.1542099586708148,
        1.2157699564665152,
        1.2413799555494893,
        1.2705099545064216,
        1.2770199542733158,
        1.3237499526000391,
        1.353019951551958,
        1.3892099502560908,
        1.424349948997821,
        1.4441799482877615,
        1.4922699465657867,
        1.508829945972817,
        1.5714399437309197,
        1.7959999356900245,
        1.8804799326650206,
        1.8997199319760876,
        2.0176399277536867,
        2.057999926308502,
        2.187359921676465,
        2.231909920081249,
        2.354809915680527,
        2.4185399133985257,
        2.488509910893087,
        2.54774990877186,
        2.5782899076783035,
        2.724099902457236,
        2.773809900677253,
        2.854259897796553,
        2.9003998961444024,
        2.917519895531381,
        2.9564598941370432,
        2.9854298930997047,
        3.025589891661682,
        3.0904098893406506,
        3.1370898876691644,
        3.1769098862433163,
        3.3061798816145016,
        3.3451698802183736,
        3.3848898787961064,
        3.4102898778866,
        3.4478998765398865,
        3.508729874361726,
        3.621089870338414,
        3.6790598682626627,
        3.7132698670376936,
        3.745609865879684,
        3.810489863556504,
        3.8911098606697165,
        3.9588998582423374,
        3.9675598579322457,
        4.003049856661444,
        4.037329855433968,
        4.1399698517587025,
        4.165829850832726,
        4.264489847299974,
        4.472909839837008,
        4.621239834525706,
        4.681359832372969,
        4.7730498290897945,
        4.846869826446497,
        4.895959824688715,
        4.993319821202512,
        5.026489820014784,
        5.155969815378449,
        5.279229810964838,
        5.514299802547607,
        5.6973097959945065,
        5.768839793433208,
        5.941129787263962,
        6.168339779128177,
        6.428349769817912,
        6.590819764000294,
        6.649879761885512,
        6.686069760589645,
        6.779079757259205,
        6.905529752731367,
        7.063459747076314,
        7.350699736791015,
        11.25456959700383,
        12.175589564024557,
        58.28388791300916
    ],
    "et": [
        -410.823091624
    ],
    "fc": [
        0.1752,
        0.1271,
        0.6918,
        0.5046,
        3.0727,
        0.8732,
        1.093,
        1.4303,
        1.4692,
        5.9339,
        6.6528,
        9.046
    ],
    "gap": 0.20944999250015348,
    "homo": -0.2527099909511281,
    "id": "AZ7_86775",
    "ir": [
        23.4124,
        101.7554,
        110.7283,
        8.9819,
        371.7587,
        8.0586,
        43.0984,
        40.545,
        2.3156,
        14.7536,
        1.5247,
        59.9625
    ],
    "lumo": -0.04325999845097465,
    "ma": [
        12.0,
        15.99491,
        126.9004,
        1.00783,
        1.00783,
        1.00783
    ],
    "mr": [
        4.9093,
        1.2524,
        4.8084,
        1.1939,
        4.2759,
        1.1016,
        1.1788,
        1.2486,
        1.1045,
        1.0579,
        1.112,
        1.066
    ],
    "mu": 2.1137482371370533,
    "mu_x": 1.6198,
    "mu_xx=": 0.0873,
    "mu_xxx=": -27.6441,
    "mu_xxy=": -3.936,
    "mu_xxz=": 8.1802,
    "mu_xy=": 0.8439,
    "mu_xyy=": -0.9978,
    "mu_xyz=": -3.9961,
    "mu_xz=": 3.5054,
    "mu_xzz=": -2.3599,
    "mu_y": 0.4609,
    "mu_yy=": 0.5196,
    "mu_yyy=": -3.5292,
    "mu_yyz=": 1.1886,
    "mu_yz=": -1.6535,
    "mu_yzz=": -0.4774,
    "mu_z": 1.2774,
    "mu_zz=": -0.6069,
    "mu_zzz=": 0.6228,
    "na": 6,
    "ne": 42,
    "ne_down": 21,
    "ne_up": 21,
    "ni": 3,
    "oemga": [
        246.0922,
        414.9502,
        494.1484,
        846.9299,
        1104.393,
        1159.9081,
        1254.4498,
        1394.3359,
        1502.5387,
        3085.5556,
        3186.5165,
        3795.0565
    ],
    "oemga0": 3795.0565,
    "qa": [
        -0.034953,
        -0.26984,
        -0.137902,
        0.128116,
        0.099108,
        0.215471
    ],
    "r2": 408.0647,