{
    "A": 43.19776,
    "B": 9.97275,
    "C": 8.93994,
    "Cv": "12.956",
    "G": -170.955213,
    "H": -170.924222,
    "P": 1.0,
    "S": 0.00010394432332718502,
    "T": 298.15,
    "U": -170.925166,
    "U0": -170.929596,
    "alpha": 20.094666666666665,
    "alpha_xx": 35.188,
    "alpha_xy": -0.485,
    "alpha_xz": 23.926,
    "alpha_yy": 0.001,
    "alpha_yz": 0.0,
    "alpha_zz": 25.095,
    "bo": [
        0,
        1,
        0,
        1,
        1,
        1,
        0,
        0,
        1,
        0,
        1,
        0,
        0,
        0,
        0,
        0,
        0,
        1,
        0,
        0,
        0,
        0,
        1,
        1,
        1,
        0,
        0,
        0,
        0,
        0,
        0,
        0,
        1,
        0,
        0,
        0,
        0,
        0,
        0,
        0,
        1,
        0,
        0,
        0,
        0,
        0,
        0,
        0,
        0,
        0,
        1,
        0,
        0,
        0,
        0,
        0,
        0,
        0,
        1,
        0,
        0,
        0,
        0,
        0
    ],
    "coords": [
        1.171335,
        -0.205595,
        1.9e-05,
        -0.01046,
        0.576197,
        -4.7e-05,
        -1.148401,
        -0.309324,
        -0.000107,
        1.234271,
        -0.838533,
        -0.88982,
        1.234167,
        -0.83854,
        0.889861,
        1.997227,
        0.506257,
        6.8e-05,
        -1.686041,
        -0.012264,
        0.81101,
        -1.685899,
        -0.012346,
        -0.811349
    ],
    "e ne": -566.5561296985,
    "e_disp": -0.002354550200010408,
    "e_k": 170.0060307392,
    "e_nn": 82.828125685,
    "eigs": [
        -19.148189314354326,
        -14.347429486256752,
        -10.204189634615139,
        -1.0549799622239766,
        -0.81950997065553,
        -0.6540899765787795,
        -0.5063899818675232,
        -0.49093998242074643,
        -0.4408499842143359,
        -0.4208699849297665,
        -0.3624199870227053,
        -0.26494999051284635,
        -0.26015999068436346,
        0.0368999986787093,
        0.06606999763420932,
        0.08747999686757425,
        0.10114999637808796,
        0.115729995856017,
        0.1246999955348252,
        0.17301999380461475,
        0.26913999036281355,
        0.2829999898665239,
        0.3514399874158698,
        0.3716199866932778,
        0.3894699860541168,
        0.43354998447572946,
        0.44279998414451166,
        0.4485699839379033,
        0.4637699833936318,
        0.4953799822617619,
        0.5036399819659932,
        0.5378799807399501,
        0.563789979812182,
        0.5796899792428454,
        0.6303599774284877,
        0.6688299760509795,
        0.7216999741578456,
        0.7820199719979471,
        0.8261299704184856,
        0.8763099686216733,
        0.9423799662558826,
        0.9810699648704969,
        0.9849799647304902,
        1.011439963783028,
        1.0229399633712437,
        1.0652799618551612,
        1.0795299613449068,
        1.1220799598213045,
        1.1887199574351035,
        1.2023399569474076,
        1.2514599551885512,
        1.2844899540058348,
        1.3112799530465564,
        1.312849952990339,
        1.3381799520833388,
        1.3906499502045282,
        1.4517899480152676,
        1.4691899473922199,
        1.565849943931083,
        1.5844699432643503,
        1.5919899429950792,
        1.6774099399364166,
        1.8717599329772607,
        1.965399929624262,
        1.9758399292504334,
        1.9904599287269298,
        2.191479921528939,
        2.211009920829622,
        2.2756299185157522,
        2.3516699157929617,
        2.399679914073852,
        2.400509914044132,
        2.6077299066241357,
        2.714589902797764,
        2.7621899010933344,
        2.8027798996399147,
        2.898319896218882,
        2.907039895906642,
        2.920589895421452,
        2.9546698942011385,
        2.9826398931996074,
        3.0380998912137325,
        3.039139891176493,
        3.0654698902336857,
        3.1640298867045145,
        3.1922798856929573,
        3.204449885257182,
        3.2612498832233254,
        3.2762798826851407,
        3.308439881533577,
        3.3219498810498207,
        3.34924988007228,
        3.389549878629244,
        3.4115798778404085,
        3.4272398772796655,
        3.4637998759705497,
        3.4967898747892656,
        3.5438098731056047,
        3.585949871596683,
        3.667879868662988,
        3.696049867654296,
        3.702619867419042,
        3.7655198651667603,
        3.7937898641544865,
        3.8206898631912694,
        3.8394998625177337,
        3.8566798619025633,
        3.905939860138694,
        3.9332398591611537,
        4.045529855140348,
        4.05996985462329,
        4.077739853986994,
        4.089109853579864,
        4.107899852907044,
        4.195869849757074,
        4.2227298487952885,
        4.231399848484838,
        4.273379846981647,
        4.3473098443344105,
        4.383099843052865,
        4.4777198396647755,
        4.603639835155915,
        4.678629832470723,
        4.730459830614829,
        4.772809829098388,
        4.814519827604864,
        4.850539826315083,
        4.931099823430445,
        4.984869821505085,
        4.993889821182103,
        5.093249817624286,
        5.178849814559178,
        5.194129814012042,
        5.2394998123874625,
        5.2733298111761,
        5.286139810717408,
        5.328839809188435,
        5.411579806225736,
        5.457769804571796,
        5.5567198010286605,
        5.6740797968263115,
        5.7004697958813555,
        5.786369792805505,
        5.829559791258986,
        5.832759791144404,
        5.889839789100521,
        6.035259783893418,
        6.113959781075379,
        6.176999778818085,
        6.304649774247278,
        6.629479762615982,
        6.632779762497818,
        6.739749758667507,
        6.782759757127433,
        6.987739749787646,
        7.1710197432248775,
        7.40656973479046,
        9.99911964195815,
        11.752339579180013,
        13.038409533129272
    ],
    "et": [
        -170.997464062
    ],
    "fc": [
        0.0141,
        0.0377,
        0.3609,
        2.6623,
        1.7361,
        1.0182,
        1.2438,
        1.5295,
        1.1373,
        1.4263,
        1.3396,
        1.4137,
        1.7051,
        5.4475,
        6.0573,
        6.2205,
        7.2365,
        7.9352
    ],
    "gap": 0.29705998936307276,
    "homo": -0.26015999068436346,
    "id": "AZ7_86776",
    "ir": [
        38.5214,
        14.7521,
        15.2337,
        0.9065,
        80.9322,
        1.3653,
        32.2239,
        27.8006,
        2.3499,
        1.1717,
        4.4005,
        8.949,
        17.5265,
        52.7706,
        57.1764,
        28.0141,
        1.4991,
        0.2906
    ],
    "lumo": 0.0368999986787093,
    "ma": [
        12.0,
        15.99491,
        14.00307,
        1.00783,
        1.00783,
        1.00783,
        1.00783,
        1.00783
    ],
    "mr": [
        1.0887,
        1.2278,
        2.9314,
        5.9251,
        2.8949,
        1.2537,
        1.4876,
        1.6853,
        1.1227,
        1.1361,
        1.0491,
        1.0546,
        1.0664,
        1.0313,
        1.106,
        1.101,
        1.0473,
        1.096
    ],
    "mu": 0.5172423126543304,
    "mu_x": 0.5158,
    "mu_xx=": 3.7015,
    "mu_xxx=": 8.765,
    "mu_xxy=": 2.6716,
    "mu_xxz=": 0.0001,
    "mu_xy=": 1.1097,
    "mu_xyy=": -1.0974,
    "mu_xyz=": -0.0001,
    "mu_xz=": 0.0003,
    "mu_xzz=": 3.865,
    "mu_y": -0.0386,
    "mu_yy=": -3.8149,
    "mu_yyy=": 3.0581,
    "mu_yyz=": 0.0,
    "mu_yz=": -0.0001,
    "mu_yzz=": 0.2832,
    "mu_z": 0.0001,
    "mu_zz=": 0.1135,
    "mu_zzz=": 0.0008,
    "na": 8,
    "ne": 26,
    "ne_down": 13,
    "ne_up": 13,
    "ni": 3,