{
    "A": 85.37266,
    "B": 12.79156,
    "C": 11.12472,
    "Cv": "7.961",
    "G": -185.811446,
    "H": -185.783511,
    "P": 1.0,
    "S": 9.369444910275085e-05,
    "T": 298.15,
    "U": -185.784455,
    "U0": -185.787509,
    "alpha": 14.625333333333332,
    "alpha_xx": 32.406,
    "alpha_xy": 0.519,
    "alpha_xz": 20.928,
    "alpha_yy": 0.0,
    "alpha_yz": 0.0,
    "alpha_zz": 11.47,
    "bo": [
        0,
        2,
        0,
        1,
        0,
        2,
        0,
        2,
        0,
        1,
        0,
        2,
        0,
        0,
        0,
        1,
        0,
        0,
        0,
        0,
        0,
        1,
        0,
        0,
        0
    ],
    "coords": [
        0.881045,
        0.302479,
        0.232751,
        -0.347131,
        0.138597,
        0.010667,
        -0.958549,
        -0.832161,
        -0.452959,
        1.338221,
        -0.569998,
        -0.055292,
        -0.913586,
        0.961084,
        0.264833
    ],
    "e ne": -582.2148391973,
    "e_disp": -0.0009153730999997833,
    "e_k": 184.8327811628,
    "e_nn": 72.9711655876,
    "eigs": [
        -19.14905931432317,
        -14.518839480119018,
        -14.360449485790543,
        -1.1798399577530725,
        -0.9772799650062067,
        -0.7365699736253905,
        -0.5516099802483154,
        -0.5288799810622161,
        -0.5045599819330505,
        -0.34446998766544695,
        -0.2954299894214387,
        -0.28830998967638694,
        -0.061479997798564986,
        0.02365999915279843,
        0.06191999778280976,
        0.19599999298176216,
        0.26785999040864694,
        0.34751998755623453,
        0.39261998594132375,
        0.3937399859012195,
        0.4307399845763481,
        0.471379983121138,
        0.49023998244581163,
        0.5033199819774516,
        0.5378999807392341,
        0.5607599799206783,
        0.5880499789434961,
        0.5908399788435936,
        0.6666999761272491,
        0.6990999749670914,
        0.7307899738323569,
        0.8304799702627236,
        0.9345099665376864,
        0.9825899648160697,
        1.0157799636276241,
        1.1393699592021955,
        1.1837399576134242,
        1.2481999553052832,
        1.325919952522337,
        1.3833499504659217,
        1.4364099485659845,
        1.47982994701123,
        1.4931799465332019,
        1.5544799443382125,
        1.5695399437989537,
        1.6795899398583565,
        1.735689937849565,
        1.7612599369339712,
        2.050429926579564,
        2.10843992450238,
        2.144089923225849,
        2.1628299225548195,
        2.346029915994915,
        2.648729905156035,
        2.7308499022155366,
        2.9141498956520513,
        2.997719892659633,
        3.0307698914762002,
        3.092929889250416,
        3.115239888451555,
        3.226399884471211,
        3.280079882549073,
        3.329409880782698,
        3.37540987913556,
        3.388639878661829,
        3.4167898776538523,
        3.526159873737604,
        3.64120986961797,
        3.645329869470444,
        3.6913998678207993,
        3.754339865567086,
        3.754609865557418,
        3.779389864670112,
        3.871639861366886,
        3.8731398613131742,
        3.9736198577152533,
        4.044959855160758,
        4.076319854037839,
        4.088239853611016,
        4.169939850685558,
        4.197249849707659,
        4.355579844038283,
        4.374109843374773,
        4.498669838914611,
        4.5448498372610295,
        4.552789836976719,
        4.6631998330232305,
        4.68623983219823,
        4.752849829813103,
        4.849029826369153,
        4.911079824147309,
        5.048989819209119,
        5.091389817690888,
        5.127809816386784,
        5.235259812539286,
        5.251149811970307,
        5.32683980926005,
        5.433099805455162,
        5.494439803258741,
        5.560929800877911,
        5.5759498003400845,
        5.594629799671204,
        5.827529791331675,
        5.943729787170864,
        5.960949786554261,
        6.042559783632024,
        6.284029774985626,
        6.307969774128399,
        6.362779772165799,
        6.755879758089935,
        6.817039755899959,
        6.838209755141916,
        6.891289753241263,
        7.199609742201145,
        7.226859741225396,
        9.394619663603685,
        11.699839581059898,
        14.095169495289513
    ],
    "et": [
        -185.822238277
    ],
    "fc": [
        1.0247,
        0.9262,
        0.7932,
        3.3267,
        1.8265,
        2.2713,
        5.1335,
        6.9063,
        7.2637
    ],
    "gap": 0.22682999187782193,
    "homo": -0.28830998967638694,
    "id": "AZ7_97421",
    "ir": [
        42.1818,
        25.5667,
        116.3812,
        26.0039,
        111.8034,
        85.371,
        227.5854,
        1.6843,
        10.3295
    ],
    "lumo": -0.061479997798564986,
    "ma": [
        14.00307,
        14.00307,
        15.99491,
        1.00783,
        1.00783
    ],
    "mr": [
        3.6386,
        1.9203,
        1.1275,
        3.5476,
        1.491,
        1.6274,
        3.3255,
        1.0753,
        1.0711
    ],
    "mu": 1.2232008093522502,
    "mu_x": -0.681,
    "mu_xx=": -4.7858,
    "mu_xxx=": 4.7547,
    "mu_xxy=": -2.0367,
    "mu_xxz=": 0.0001,
    "mu_xy=": 2.5407,
    "mu_xyy=": -0.8542,
    "mu_xyz=": 0.0001,
    "mu_xz=": -0.0001,
    "mu_xzz=": 1.3821,
    "mu_y": 1.0161,
    "mu_yy=": 4.4263,
    "mu_yyy=": 2.6416,
    "mu_yyz=": 0.0001,
    "mu_yz=": 0.0,
    "mu_yzz=": 0.1119,
    "mu_z": 0.0001,
    "mu_zz=": 0.3595,
    "mu_zzz=": 0.0,
    "na": 5,
    "ne": 24,
    "ne_down": 12,
    "ne_up": 12,
    "ni": 3,
    "oemga": [
        691.3504,
        904.7694,
        1092.7179,
        1261.5765,
        1441.927,
        1539.1069,
        1618.6505,
        3301.7119,
        3392.5976
    ],
    "oemga0": 3392.5976,
    "qa": [
        -0.228788,
        0.226637,
        -0.325335,
        0.149588,
        0.177897
    ],
    "r2": 128.0757,
    "rn": [
        -0.21,
        0.11,
        0.0,
        0.0,
        -0.25,
        0.0,
        0.24,
        0.13,
        0.0,
        -0.86,
        0.06,
        0.0,
        -0.05,
        -0.25,
        0.0,
        0.0,
        0.0,
        0.15,
        0.0,
        0.0,
        -0.2,
        0.0,
        0.0,
        0.08,
        0.0,
        0.0,
        -0.9,
        0.0,
        0.0,
        0.36,
        0.0,
        0.0,
        0.02,
        0.0,
        0.0,
        0.09,
        0.0,
        0.0,
        -0.01,
        0.0,
        0.0,
        -0.58,
        0.0,
        0.0,
        -0.81,
        0.29,
        0.05,
        0.0,
        0.05,
        -0.18,
        0.0,
        -0.23,
        0.12,
        0.0,
        -0.85,
        -0.01,
        0.0,
        -0.26,
        -0.14,
        0.0,
        0.02,
        -0.05,
        0.0,
        -0.01,
        0.14,
        0.0,
        0.07,
        -0.09,
        0.0,
        -0.64,
        -0.08,
        0.0,
        -0.72,
        0.19,
        0.0,
        0.08,
        0.12,
        0.0,
        -0.12,
        -0.1,
        0.0,
        0.05,
        -0.03,
        0.0,
        0.59,
        0.14,
        0.0,
        -0.76,
        -0.07,
        0.0,
        -0.19,
        -0.01,
        0.0,
        0.35,
        -0.04,
        0.0,
        -0.12,
        0.04,
        0.0,
        0.38,
        0.0,
        0.0,
        -0.82,
        0.05,
        0.0,
        0.0,
        -0.01,
        0.0,
        0.01,
        0.07,
        0.0,
        0.0,
        0.0,
        0.0,
        -0.01,
        0.16,
        0.0,
        -0.06,
        -0.98,
        0.0,
        0.0,
        0.07,
        0.0,
        0.0,
        0.01,
        0.0,
        0.0,
        0.0,
        0.0,
        0.05,
        -0.98,
        0.0,
        -0.01,
        -0.16,
        0.0
    ],
    "smi": "N=N=O",