{
    "A": 204.29324,
    "B": 9.74418,
    "C": 9.55547,
    "Cv": "11.029",
    "G": -132.669883,
    "H": -132.641525,
    "P": 1.0,
    "S": 9.511319805466114e-05,
    "T": 298.15,
    "U": -132.642469,
    "U0": -132.646084,
    "alpha": 24.132333333333335,
    "alpha_xx": 51.705,
    "alpha_xy": 0.0,
    "alpha_xz": 21.019,
    "alpha_yy": 0.63,
    "alpha_yz": 0.0,
    "alpha_zz": 20.062,
    "bo": [
        0,
        2,
        0,
        1,
        1,
        0,
        2,
        0,
        2,
        0,
        0,
        0,
        0,
        2,
        0,
        0,
        0,
        1,
        1,
        0,
        0,
        0,
        0,
        0,
        1,
        0,
        0,
        0,
        0,
        0,
        0,
        0,
        1,
        0,
        0,
        0
    ],
    "coords": [
        -1.249508,
        0.000223,
        0.01374,
        0.057066,
        -5e-06,
        0.004821,
        1.269839,
        -0.000202,
        -0.124482,
        -1.795352,
        0.931846,
        0.024949,
        -1.795706,
        -0.931186,
        0.025353,
        1.818072,
        -0.000104,
        0.733638
    ],
    "e ne": -428.0158343426,
    "e_disp": -0.0009714277000014704,
    "e_k": 131.8959453821,
    "e_nn": 59.7384316157,
    "eigs": [
        -14.333989486738004,
        -10.242309633250164,
        -10.171919635770642,
        -0.9369499664503165,
        -0.7544799729840812,
        -0.5702199795819408,
        -0.4899699824554796,
        -0.4583499835877075,
        -0.386729986152229,
        -0.34000998782514763,
        -0.2417799913425023,
        -0.007729999723209292,
        0.02343999916067604,
        0.04688999832099402,
        0.07813999720201477,
        0.11982999570920692,
        0.17188999384507697,
        0.22802999183485317,
        0.2972799893551951,
        0.3118099888349145,
        0.3336499880528824,
        0.3562999872418462,
        0.38076998636564063,
        0.42882998464474004,
        0.46078998350033756,
        0.47068998314584504,
        0.47538998297755053,
        0.4955599822553166,
        0.5070299818446065,
        0.5168799814919042,
        0.5797899792392647,
        0.6057299783104224,
        0.6421499770063192,
        0.6891199753244485,
        0.7551199729611644,
        0.8253699704456992,
        0.8332499701635373,
        0.8914199680806245,
        0.8970399678793873,
        0.96919996529553,
        1.0353499629268745,
        1.0430299626518742,
        1.077279961425473,
        1.1833299576281051,
        1.252169955163128,
        1.2626999547860767,
        1.2923399537247475,
        1.3175199528231187,
        1.3347399522065164,
        1.4276399488800149,
        1.4741799472135415,
        1.4752599471748695,
        1.504369946132518,
        1.708279938831044,
        1.7190399384457569,
        1.8007799355188654,
        1.88467993251463,
        2.07417992572914,
        2.1880499216517584,
        2.209169920895507,
        2.225449920312564,
        2.2545499192705707,
        2.437409912722841,
        2.4539799121295136,
        2.4666799116747606,
        2.583739907483154,
        2.597359906995458,
        2.6156199063416157,
        2.667429904486438,
        2.696859903432628,
        2.7327599021471443,
        2.7573299012673584,
        2.851929897879984,
        2.9043698960022475,
        2.9194598954619146,
        2.9246698952753585,
        2.972319893569139,
        3.015649892017607,
        3.034769891332971,
        3.0782498897760684,
        3.111119888599081,
        3.1435098874392815,
        3.2113798850090376,
        3.2564798833941264,
        3.30393988169471,
        3.3568798797990693,
        3.4002698782453895,
        3.4233198774200306,
        3.4486198765141047,
        3.523119873846458,
        3.537059873347304,
        3.611109870695771,
        3.6207298703513042,
        3.7177598668769187,
        3.7309798664035454,
        3.7803998646339467,
        3.855079861959855,
        3.9270598593824433,
        3.94250985882922,
        3.9780698575559112,
        4.017019856161214,
        4.0558698547700995,
        4.082429853819057,
        4.1693298507074,
        4.270369847089426,
        4.336779844711462,
        4.437249841113898,
        4.544469837274635,
        4.640249833845009,
        4.650039833494455,
        4.692129831987324,
        4.826659827170164,
        4.844889826517396,
        4.912109824110427,
        4.97155982198168,
        5.04406981938529,
        5.069889818460745,
        5.105399817189227,
        5.242149812292573,
        5.402699806543706,
        5.545169801442234,
        5.559549800927324,
        5.615699798916744,
        5.810359791946487,
        5.890279789084765,
        5.89637978886634,
        6.223779777143018,
        6.344029772837186,
        6.670769761137497,
        8.994899677916592,
        14.134239493890519,
        14.733289472440134
    ],
    "et": [
        -132.689682738
    ],
    "fc": [
        0.2456,
        0.485,
        0.3834,
        0.5222,
        0.9934,
        0.8189,
        2.3407,
        1.6718,
        25.1138,
        6.2126,
        6.9218,
        7.6159
    ],
    "gap": 0.23404999161929302,
    "homo": -0.2417799913425023,
    "id": "AZ7_48647",
    "ir": [
        0.3799,
        20.7034,
        90.878,
        52.597,
        0.1291,
        212.881,
        19.6327,
        4.9055,
        390.5679,
        7.9732,
        0.6534,
        16.2924
    ],
    "lumo": -0.007729999723209292,
    "ma": [
        12.0,
        12.0,
        14.00307,
        1.00783,
        1.00783,
        1.00783
    ],
    "mr": [
        2.3655,
        3.4892,
        1.281,
        1.0952,
        1.6873,
        1.3075,
        2.9318,
        1.3739,
        9.4828,
        1.0567,
        1.1162,
        1.0769
    ],
    "mu": 1.448312635448576,
    "mu_x": -0.3385,
    "mu_xx=": 1.3849,
    "mu_xxx=": 2.3787,
    "mu_xxy=": -0.0001,
    "mu_xxz=": 5.4984,
    "mu_xy=": 0.0,
    "mu_xyy=": -1.5942,
    "mu_xyz=": 0.0,
    "mu_xz=": 2.838,
    "mu_xzz=": 3.6463,
    "mu_y": 0.0,
    "mu_yy=": 0.3698,
    "mu_yyy=": 0.0001,
    "mu_yyz=": 0.3078,
    "mu_yz=": 0.0,
    "mu_yzz=": 0.0,
    "mu_z": 1.4082,
    "mu_zz=": -1.7546,
    "mu_zzz=": 1.4231,
    "na": 6,
    "ne": 22,
    "ne_down": 11,
    "ne_up": 11,
    "ni": 3,
    "oemga": [
        419.7565,
        485.7031,
        712.7747,
        899.6056,
        999.645,
        1030.9918,
        1164.0607,
        1437.1399,
        2120.1247,
        3158.9431,
        3244.2162,
        3464.6104
    ],
    "oemga0": 3464.6104,
    "qa": [
        -0.437296,
        0.160694,
        -0.161883,
        0.133308,
        0.133309,
        0.171868
    ],
    "r2": 156.6957,