{
    "A": 15.3467,
    "B": 4.19596,
    "C": 3.45202,
    "Cv": "14.317",
    "G": -841.997283,
    "H": -841.964103,
    "P": 1.0,
    "S": 0.00011128626530275282,
    "T": 298.15,
    "U": -841.965047,
    "U0": -841.969621,
    "alpha": 33.94766666666667,
    "alpha_xx": 61.302,
    "alpha_xy": -1.274,
    "alpha_xz": 46.816,
    "alpha_yy": 0.094,
    "alpha_yz": -1.231,
    "alpha_zz": 40.447,
    "bo": [
        0,
        1,
        0,
        1,
        1,
        1,
        0,
        1,
        0,
        1,
        0,
        0,
        0,
        1,
        0,
        1,
        0,
        0,
        0,
        0,
        0,
        1,
        0,
        0,
        0,
        0,
        0,
        0,
        1,
        0,
        0,
        0,
        0,
        0,
        0,
        1,
        0,
        0,
        0,
        0,
        0,
        0,
        0,
        1,
        0,
        0,
        0,
        0,
        0
    ],
    "coords": [
        -0.767644,
        -0.151605,
        -0.030343,
        0.880181,
        0.343826,
        -0.718517,
        2.145419,
        -0.937214,
        0.375314,
        -1.499073,
        0.583501,
        -0.375183,
        -1.044839,
        -1.124662,
        -0.432832,
        -0.777,
        -0.18947,
        1.056684,
        1.062955,
        1.475624,
        0.124878
    ],
    "e ne": -2290.228207418,
    "e_disp": -0.0028938102999802595,
    "e_k": 839.5078377322,
    "e_nn": 145.5301268001,
    "eigs": [
        -101.54581636391471,
        -77.13185723811358,
        -10.187859635199873,
        -9.45163966156195,
        -7.2135297417027076,
        -7.206529741953359,
        -7.206079741969472,
        -6.590579764008888,
        -4.755129829731462,
        -4.751309829868247,
        -4.747239830013982,
        -0.8284099703368447,
        -0.7357299736554687,
        -0.5894399788937239,
        -0.4455599840456834,
        -0.43791998431925144,
        -0.38762998612000227,
        -0.3840899862467603,
        -0.3350799880016779,
        -0.3091399889305202,
        -0.2584399907459521,
        -0.03338999880439305,
        0.007829999719628559,
        0.0486499982579731,
        0.0690699975267873,
        0.09080999674833581,
        0.09955999643502163,
        0.20315999272538163,
        0.21441999232219103,
        0.21952999213921554,
        0.2278199918423727,
        0.23683999151939053,
        0.2562199908254444,
        0.2825399898829953,
        0.3038599891195829,
        0.3198499885470236,
        0.33922998785307734,
        0.3739499866098467,
        0.37619998652928016,
        0.38775998611534734,
        0.435389984409844,
        0.4422299841649218,
        0.45324998377032494,
        0.45976998353686116,
        0.47793998288624184,
        0.4937999823183375,
        0.5669499796990308,
        0.5890699789069725,
        0.5978999785907937,
        0.64858997677572,
        0.6571199764702834,
        0.7092999746018566,
        0.7233199740998376,
        0.7615099727323555,
        0.8527999694635038,
        0.883999968346315,
        0.9188699670977131,
        0.9602999656142153,
        0.9821099648332573,
        0.9842399647569876,
        1.0076599639183799,
        1.0410399627231308,
        1.0602999620334816,
        1.1452199589927226,
        1.1572799585608862,
        1.220039956313618,
        1.2569299549926853,
        1.2768099542808353,
        1.3061099532316804,
        1.3457899518108454,
        1.3966199499907583,
        1.4060999496513047,
        1.432229948715659,
        1.4767699471208005,
        1.5011199462488918,
        1.5173899456663065,
        1.5368899449680635,
        1.589699943077078,
        1.6368699413880459,
        1.694429939326976,
        1.7368799378069542,
        1.8071899352893404,
        1.9273899309852986,
        1.9341199307443153,
        1.974099929312738,
        1.9827299290037206,
        2.031029927274226,
        2.078529925573378,
        2.0938499250248097,
        2.094449925003325,
        2.110549924426827,
        2.1274399238220414,
        2.151429922963023,
        2.210349920853255,
        2.2312499201048817,
        2.2413399197435857,
        2.2546699192662736,
        2.2916899179406864,
        2.3311099165291607,
        2.385849914569067,
        2.4560299120561084,
        2.5320899093326026,
        2.6761699041734817,
        2.6972099034200956,
        2.715639902760166,
        2.7435299017614994,
        2.790389900083568,
        2.9408898946945636,
        2.965329893819432,
        2.981869893227179,
        3.017469891952438,
        3.044599890980985,
        3.062159890352208,
        3.0885398894076106,
        3.2405098839659696,
        3.293829882056722,
        3.312039881404671,
        3.3591998797159968,
        3.397929878329179,
        3.4114598778447056,
        3.4550698762831478,
        3.5201098739542385,
        3.5406398732191136,
        3.557899872601079,
        3.65589986909196,
        3.6671898686876956,
        3.7519898656512334,
        3.7827098645512316,
        3.845169862314706,
        3.925209859448686,
        3.9538098584245964,
        3.9804498574706892,
        3.9844198573285343,
        4.039329855362353,
        4.068789854307469,
        4.099149853220358,
        4.114809852659616,
        4.222329848809611,
        4.273459846978782,
        4.5440698372889585,
        4.700259831696211,
        4.715129831163756,
        4.848609826384193,
        4.90299982443663,
        5.020839820217095,
        5.051889819105278,
        5.1171998167667,
        5.172919814771516,
        5.226759812843649,
        5.245419812175483,
        5.328249809209562,
        5.792609792582067,
        5.811699791898506,
        12.541999550904393
    ],
    "et": [
        -842.017304162
    ],
    "fc": [
        0.0238,
        0.0886,
        2.4609,
        1.2095,
        0.3281,
        0.4818,
        0.5939,
        0.7625,
        1.2237,
        1.3026,
        1.342,
        3.402,
        5.5878,
        6.2318,
        6.3905
    ],
    "gap": 0.22504999194155903,
    "homo": -0.2584399907459521,
    "id": "AZ7_89169",
    "ir": [
        0.1428,
        1.6425,
        53.1705,
        19.4287,
        0.6794,
        5.1737,
        22.7833,
        24.6181,
        2.4056,
        6.4559,
        6.7754,
        71.958,
        5.7432,
        4.8329,
        3.8185
    ],
    "lumo": -0.03338999880439305,
    "ma": [
        12.0,
        30.97376,
        34.96885,
        1.00783,
        1.00783,
        1.00783,
        1.00783
    ],
    "mr": [
        1.1381,
        2.8641,
        18.6977,
        4.5511,
        1.0493,
        1.113,
        1.2655,
        1.222,
        1.1958,
        1.0483,
        1.0525,
        1.04,
        1.0348,
        1.0973,
        1.1057
    ],
    "mu": 2.2395069167118016,
    "mu_x": 2.1663,
    "mu_xx=": 0.7596,
    "mu_xxx=": -0.6,
    "mu_xxy=": 0.8165,
    "mu_xxz=": 0.5319,
    "mu_xy=": 0.439,
    "mu_xyy=": -2.0065,
    "mu_xyz=": -0.9513,
    "mu_xz=": 0.2816,
    "mu_xzz=": -1.1004,
    "mu_y": 0.2335,
    "mu_yy=": -0.4816,
    "mu_yyy=": 3.3994,
    "mu_yyz=": 2.0061,
    "mu_yz=": -1.2906,
    "mu_yzz=": 2.1776,
    "mu_z": 0.5177,
    "mu_zz=": -0.278,
    "mu_zzz=": 0.5983,
    "na": 7,
    "ne": 42,
    "ne_down": 21,
    "ne_up": 21,
    "ni": 3,
    "oemga": [
        188.2109,
        229.1699,
        472.6411,
        671.6224,
        728.4492,
        857.1593,
        892.486,
        1029.0864,
        1317.8859,
        1452.2532,
        1471.1077,
        2356.274,
        3027.4109,
        3104.717,
        3131.984
    ],
    "oemga0": 3131.984,
    "qa": [
        -0.34195,
        0.230058,
        -0.251222,
        0.100627,
        0.116257,
        0.119025,
        0.027205
    ],
    "r2": 373.8289,