{
    "A": 55.50274,
    "B": 4.09596,
    "C": 3.81446,
    "Cv": "11.101",
    "G": -2652.043463,
    "H": -2652.012227,
    "P": 1.0,
    "S": 0.00010476605735303699,
    "T": 298.15,
    "U": -2652.013172,
    "U0": -2652.016826,
    "alpha": 29.519666666666666,
    "alpha_xx": 62.68,
    "alpha_xy": -2.305,
    "alpha_xz": 37.009,
    "alpha_yy": 0.0,
    "alpha_yz": 0.0,
    "alpha_zz": 25.879,
    "bo": [
        0,
        2,
        0,
        1,
        1,
        0,
        2,
        0,
        1,
        0,
        0,
        1,
        0,
        1,
        0,
        0,
        0,
        0,
        1,
        0,
        0,
        0,
        0,
        0,
        1,
        0,
        0,
        0,
        0,
        0,
        0,
        1,
        0,
        0,
        0,
        0
    ],
    "coords": [
        -2.101219,
        -0.309473,
        -7e-06,
        -1.078068,
        0.523555,
        -7e-06,
        0.740007,
        -0.046091,
        8e-06,
        -3.109055,
        0.086489,
        -1.2e-05,
        -1.980331,
        -1.383312,
        0.0,
        -1.167195,
        1.598934,
        -1.1e-05
    ],
    "e ne": -6620.781194164,
    "e_disp": -0.0021975790999988476,
    "e_k": 2648.078748296,
    "e_nn": 143.9968663741,
    "eigs": [
        -482.8622127099899,
        -62.510357761670534,
        -56.326397983101664,
        -56.32302798322234,
        -56.32282798322951,
        -10.234719633521943,
        -10.188189635188058,
        -8.699069688509478,
        -6.527749766258663,
        -6.516859766648604,
        -6.516269766669731,
        -2.6431399053561977,
        -2.6400399054672,
        -2.6395999054829558,
        -2.630879905795196,
        -2.6308699057955534,
        -0.830559970259859,
        -0.7429299733976559,
        -0.5843299790766994,
        -0.4844999826513457,
        -0.4465499840102341,
        -0.3705299867323078,
        -0.34539998763214613,
        -0.29163998955714854,
        -0.2621999906113165,
        -0.016269999417414645,
        -0.0021299999237303744,
        0.05244999812190522,
        0.07585999728365549,
        0.12286999560035262,
        0.1955599929975174,
        0.23912999143739175,
        0.24770999113016479,
        0.25515999086340013,
        0.2625899905973516,
        0.2848499898002803,
        0.2993099892825063,
        0.30353998913104124,
        0.34330998770698345,
        0.36076998708178737,
        0.39131998598787326,
        0.41361998518936965,
        0.41502998513888134,
        0.4469199839969854,
        0.46843998322641156,
        0.4871699825557401,
        0.5215899813232516,
        0.5701099795858796,
        0.5872899789707097,
        0.6334799773167687,
        0.6575299764556023,
        0.6967299750519548,
        0.7424499734148434,
        0.8498899695677031,
        0.8684999689013287,
        0.8897999681386325,
        0.9733899651454971,
        0.9767199650262588,
        1.0081399639011923,
        1.0706399616632338,
        1.1013499605635906,
        1.1262699596712717,
        1.2076199567583448,
        1.2302799559469506,
        1.2672099546245856,
        1.2813999541164796,
        1.365979951087895,
        1.4129499494060245,
        1.4869799467552076,
        1.4869799467552076,
        1.496159946426496,
        1.551909944430237,
        1.5651799439550738,
        1.5680799438512325,
        1.6082799424117775,
        1.6754799400055247,
        1.7320999379781132,
        1.7341399379050664,
        1.7379699377679243,
        1.7857599360566916,
        1.8077499352692883,
        1.8809599326478332,
        1.914099931461178,
        1.9730999293485452,
        2.0275099274002684,
        2.109849924451892,
        2.175009922118686,
        2.204589921059505,
        2.2858099181512337,
        2.341869916143874,
        2.4573899120074105,
        2.458019911984852,
        2.582459907528987,
        2.661519904698059,
        2.703659903189138,
        2.773089900703034,
        2.7919199000287827,
        2.8181098990909885,
        2.8300798986623743,
        2.8438898981678755,
        2.9021998960799498,
        2.9270698951894207,
        2.9471898944689774,
        2.9645198938484363,
        3.092959889249342,
        3.1188698883215737,
        3.128059887992505,
        3.186639885894911,
        3.2151798848729696,
        3.2624498831803566,
        3.2893798822160654,
        3.4012198782113723,
        3.4976498747584714,
        3.4989598747115633,
        3.518899873997565,
        3.6006198710713897,
        3.664839868771842,
        3.687699867953287,
        3.7998098639389264,
        3.844039862355168,
        3.8537998620056886,
        3.906119860132249,
        4.022149855977523,
        4.024269855901611,
        4.118029852544316,
        4.155639851197602,
        4.158939851079438,
        4.248969847855704,
        4.4149398419127595,
        4.490579839204293,
        4.589739835653638,
        4.690349832051061,
        4.735799830423618,
        4.90412982439617,
        4.92525982363956,
        4.934779823298674,
        5.0635898186863315,
        5.070249818447854,
        5.161159815192609,
        5.303769810086125,
        5.791779792611788,
        5.862339790085222,
        6.089469781952301,
        10.291359631493814,
        13.78368950644278
    ],
    "et": [
        -2652.05880125
    ],
    "fc": [
        0.2394,
        0.295,
        0.8094,
        0.7204,
        0.5992,
        0.8106,
        1.1717,
        1.3911,
        7.0287,
        6.1464,
        6.6656,
        6.8543
    ],
    "gap": 0.24592999119390185,
    "homo": -0.2621999906113165,
    "id": "AG7_03619",
    "ir": [
        0.0948,
        15.8467,
        26.6231,
        26.1101,
        36.4914,
        9.4527,
        28.9661,
        9.8559,
        52.4019,
        0.2038,
        2.9989,
        2.4428
    ],
    "lumo": -0.016269999417414645,
    "ma": [
        12.0,
        12.0,
        78.91834,
        1.00783,
        1.00783,
        1.00783
    ],
    "mr": [
        3.2993,
        1.3965,
        3.7965,
        1.3843,
        1.068,
        1.3072,
        1.2088,
        1.1864,
        4.3367,
        1.0585,
        1.0989,
        1.1135
    ],
    "mu": 1.4922831668286016,
    "mu_x": 1.4557,
    "mu_xx=": 2.4857,
    "mu_xxx=": -17.2115,
    "mu_xxy=": -1.6285,
    "mu_xxz=": 0.0,
    "mu_xy=": 0.5932,
    "mu_xyy=": -4.4446,
    "mu_xyz=": 0.0,
    "mu_xz=": 0.0,
    "mu_xzz=": -10.1701,
    "mu_y": 0.3284,
    "mu_yy=": 0.6747,
    "mu_yyy=": 0.1138,
    "mu_yyz=": 0.0,
    "mu_yz=": 0.0,
    "mu_yzz=": -0.502,
    "mu_z": 0.0,
    "mu_zz=": -3.1603,
    "mu_zzz=": -0.0002,
    "na": 6,
    "ne": 50,
    "ne_down": 25,
    "ne_up": 25,
    "ni": 3,
    "oemga": [
        350.9457,
        598.7763,
        601.5274,
        939.8336,
        975.8313,
        1025.9377,
        1282.6811,
        1410.6963,
        1658.5643,
        3139.2957,
        3208.6127,
        3232.3051
    ],
    "oemga0": 3232.3051,
    "qa": [
        -0.242477,
        -0.110582,
        -0.053034,
        0.130732,
        0.136441,
        0.13892
    ],
    "r2": 332.1483,