{
    "A": 47.23306,
    "B": 9.31485,
    "C": 8.16995,
    "Cv": "12.937",
    "G": -117.817764,
    "H": -117.787743,
    "P": 1.0,
    "S": 0.00010069092738551318,
    "T": 298.15,
    "U": -117.788688,
    "U0": -117.792764,
    "alpha": 25.069000000000003,
    "alpha_xx": 48.895,
    "alpha_xy": 3.904,
    "alpha_xz": 36.157,
    "alpha_yy": 0.0,
    "alpha_yz": 0.0,
    "alpha_zz": 26.312,
    "bo": [
        0,
        2,
        0,
        1,
        1,
        0,
        0,
        0,
        0,
        2,
        0,
        1,
        0,
        0,
        1,
        0,
        0,
        0,
        0,
        1,
        0,
        0,
        0,
        0,
        1,
        1,
        1,
        1,
        0,
        0,
        0,
        0,
        0,
        0,
        0,
        0,
        1,
        0,
        0,
        0,
        0,
        0,
        0,
        0,
        0,
        0,
        1,
        0,
        0,
        0,
        0,
        0,
        0,
        0,
        0,
        0,
        1,
        0,
        0,
        0,
        0,
        0,
        0,
        0,
        0,
        1,
        0,
        0,
        0,
        0,
        0,
        0,
        0,
        0,
        1,
        0,
        0,
        0,
        0,
        0,
        0
    ],
    "coords": [
        -1.277781,
        -0.219643,
        0.0,
        -0.133372,
        0.451619,
        1e-06,
        1.231545,
        -0.16354,
        0.0,
        -1.300291,
        -1.303528,
        -1e-06,
        -2.23343,
        0.287816,
        1e-06,
        -0.164957,
        1.537879,
        3e-06,
        1.180308,
        -1.252802,
        -2e-06,
        1.804571,
        0.151984,
        -0.876436,
        1.80457,
        0.15198,
        0.876439
    ],
    "e ne": -414.2906024432,
    "e_disp": -0.002644902400007254,
    "e_k": 117.0926094012,
    "e_nn": 70.8738305281,
    "eigs": [
        -10.174519635677543,
        -10.166499635964717,
        -10.15841963625404,
        -0.7859099718586565,
        -0.6848499754773458,
        -0.5527999802057046,
        -0.4666399832908647,
        -0.4215099849068498,
        -0.41244998523126425,
        -0.3719699866807452,
        -0.34486998765112403,
        -0.2584899907441617,
        0.013729999508365275,
        0.04866999825725695,
        0.07614999727327136,
        0.08324999701903928,
        0.11371999592798974,
        0.1200799957002551,
        0.13638999511623745,
        0.19346999307235468,
        0.25305999093859555,
        0.25651999081470217,
        0.2742299901805542,
        0.3010499892202015,
        0.3220199884693216,
        0.3294899882018409,
        0.36392998696863615,
        0.410849985288556,
        0.41750998505007914,
        0.4461699840238409,
        0.45371998375349554,
        0.463609983399361,
        0.4717399831082473,
        0.4854799826162545,
        0.5155899815380957,
        0.5357299808169359,
        0.5451899804781984,
        0.6282899775026088,
        0.6305299774224004,
        0.6720999759338895,
        0.6747999758372096,
        0.7283999739179364,
        0.7464699732708979,
        0.8715799687910422,
        0.8734299687247986,
        0.9056399675714443,
        0.9083699674736901,
        0.9924799644619352,
        0.9978099642710819,
        1.0084599638897338,
        1.027819963196504,
        1.0463899625315616,
        1.0804799613108897,
        1.0896199609836106,
        1.1319799594668118,
        1.1505499588018695,
        1.1834999576220178,
        1.2075399567612095,
        1.2090399567074983,
        1.2815499541111086,
        1.2972199535500075,
        1.323719952601113,
        1.362859951199614,
        1.3784299506420938,
        1.4018899498020538,
        1.4260199489380228,
        1.4915699465908518,
        1.4954199464529934,
        1.5074099460236636,
        1.544979944678382,
        1.6674699402923414,
        1.8337699343375813,
        2.0197099276795654,
        2.084469925360682,
        2.164779922484995,
        2.2143499207100255,
        2.24779991951227,
        2.257609919161,
        2.3175499170147087,
        2.360529915475709,
        2.407539913792406,
        2.4688799115959843,
        2.537019909156072,
        2.5885599073105627,
        2.589289907284423,
        2.6484999051642704,
        2.7268699023580494,
        2.743039901779045,
        2.7487199015756594,
        2.765689900968009,
        2.8152898991919653,
        2.842419898220512,
        2.857969897663708,
        2.8828298967735373,
        2.883389896753485,
        2.889859896521812,
        2.9264398952119794,
        2.9670098937592764,
        2.9834498931706035,
        3.0099298922224254,
        3.022769891762659,
        3.0421798910676383,
        3.0991098890291267,
        3.1023098889145433,
        3.1347098877543855,
        3.1820998860574763,
        3.2384998840379424,
        3.252819883525181,
        3.279019882587029,
        3.3011398817949713,
        3.3325398806706206,
        3.384359878815084,
        3.434749877010753,
        3.4379098768976015,
        3.4471398765670997,
        3.458079876175367,
        3.512669874220645,
        3.5942098713009147,
        3.6062698708690784,
        3.6583498690042324,
        3.6999598675142886,
        3.7040798673667625,
        3.734719866269626,
        3.740339866068389,
        3.779249864675126,
        3.827219862957447,
        3.873509861299926,
        3.882499860978018,
        3.9096498600058487,
        3.922869859532476,
        3.94307985880881,
        4.018589856104997,
        4.023769855919515,
        4.042969855232015,
        4.105379852997279,
        4.111609852774199,
        4.119519852490963,
        4.19574984976137,
        4.220659848869409,
        4.241559848121035,
        4.283329846625364,
        4.373339843402345,
        4.390159842800066,
        4.426779841488801,
        4.449549840673468,
        4.533859837654552,
        4.6469898336036675,
        4.702839831603828,
        4.723979830846861,
        4.800499828106884,
        4.82570982720418,
        4.856269826109909,
        4.940909823079175,
        4.954819822581095,
        4.99672982108041,
        5.0282698199510465,
        5.0521398190963245,
        5.187209814259829,
        5.195419813965851,
        5.222399812999769,
        5.259759811662006,
        5.309459809882382,
        5.36446980791262,
        5.411369806233256,
        5.431469805513529,
        5.599549799495032,
        5.818829791643199,
        5.849539790543556,
        5.910589788357519,
        5.980829785842411,
        6.264969775668114,
        10.807759613002908,
        13.38500952071845,
        14.035639497421123
    ],
    "et": [
        -117.872151605
    ],
    "fc": [
        0.0284,
        0.2229,
        0.2463,
        1.2653,
        0.7009,
        0.6187,
        0.6592,
        1.0557,
        1.5103,
        1.3055,
        1.4194,
        1.4863,
        1.3448,
        1.3993,
        7.5574,
        5.5333,
        6.0297,
        6.171,
        6.1451,
        6.2149,
        6.7575
    ],
    "gap": 0.27221999025252697,
    "homo": -0.2584899907441617,
    "id": "AG7_00016",
    "ir": [
        0.4152,
        1.074,
        11.912,
        3.288,
        43.4775,
        3.3155,
        10.8315,
        2.1994,
        0.3196,
        0.048,
        1.6698,
        0.8052,
        6.5934,
        14.2272,
        14.5991,
        24.5668,
        20.8789,
        10.771,
        30.8851,
        3.7279,
        19.2937
    ],
    "lumo": 0.013729999508365275,
    "ma": [
        12.0,
        12.0,
        12.0,
        1.00783,
        1.00783,
        1.00783,
        1.00783,
        1.00783,
        1.00783
    ],