{
    "A": 10.88358,
    "B": 3.93408,
    "C": 2.88958,
    "Cv": "16.361",
    "G": -328.228661,
    "H": -328.195144,
    "P": 1.0,
    "S": 0.00011241656884105557,
    "T": 298.15,
    "U": -328.196088,
    "U0": -328.200896,
    "alpha": 20.805666666666667,
    "alpha_xx": 41.969,
    "alpha_xy": -3.947,
    "alpha_xz": 34.335,
    "alpha_yy": 0.0,
    "alpha_yz": 0.0,
    "alpha_zz": 20.448,
    "bo": [
        0,
        1,
        0,
        0,
        0,
        1,
        0,
        0,
        1,
        0,
        1,
        2,
        0,
        0,
        0,
        0,
        0,
        1,
        0,
        0,
        0,
        0,
        1,
        0,
        0,
        2,
        0,
        0,
        1,
        0,
        0,
        1,
        0,
        0,
        0,
        1,
        0,
        0,
        0,
        0,
        1,
        0,
        0,
        0,
        0,
        0,
        0,
        0,
        0,
        0,
        1,
        0,
        0,
        0,
        0,
        0,
        0,
        0,
        0,
        1,
        0,
        0,
        0,
        0
    ],
    "coords": [
        1.539545,
        -0.448736,
        0.261143,
        0.295017,
        -0.005073,
        -0.005373,
        0.283899,
        1.114289,
        -0.771433,
        -0.79878,
        -0.614424,
        0.444563,
        -2.010346,
        -0.067224,
        0.106288,
        2.165304,
        0.147708,
        -0.165904,
        -0.634797,
        1.373206,
        -0.921253,
        -0.839742,
        -1.499746,
        1.051868
    ],
    "e ne": -1129.423680043,
    "e_disp": -0.0034351244999868413,
    "e_k": 326.5295502352,
    "e_nn": 177.2741483415,
    "eigs": [
        -24.683719116141745,
        -19.179169313245016,
        -19.173509313447685,
        -10.293529631416114,
        -10.227069633795868,
        -1.2108599566423293,
        -1.1183899599534335,
        -1.048109962469973,
        -0.7594399728064767,
        -0.6299599774428105,
        -0.589969978874746,
        -0.5472499804044354,
        -0.49389998231475674,
        -0.4703899831565872,
        -0.43004998460105515,
        -0.4246499847944148,
        -0.410569985298582,
        -0.38331998627433195,
        -0.35189998739939843,
        -0.2170799922269435,
        0.02916999895550001,
        0.039279998593487846,
        0.0521799981315732,
        0.08455999697213167,
        0.11510999587821756,
        0.2043899926813386,
        0.23792999148036054,
        0.2531999909335825,
        0.29096998958113945,
        0.31777998862114476,
        0.35015998746170324,
        0.3623299870259279,
        0.384669986225992,
        0.39870998572325705,
        0.41475998514854934,
        0.44519998405857397,
        0.4767099829302849,
        0.5157499815323665,
        0.5416599806045984,
        0.5526399802114339,
        0.5719499795199942,
        0.6104199781424859,
        0.6219499777296273,
        0.6376099771688845,
        0.6405099770650433,
        0.6645599762038769,
        0.6962299750698585,
        0.7399299735050778,
        0.7771499721723287,
        0.7923399716284154,
        0.8171199707411095,
        0.8448899697467399,
        0.8762799686227475,
        0.9246299668914628,
        0.9703099652557838,
        1.0420899626855333,
        1.073619961556528,
        1.1269399596472809,
        1.147499958911082,
        1.1564999585888158,
        1.1915199573348427,
        1.2343999557994245,
        1.2595199548999443,
        1.298239953513484,
        1.358489951356092,
        1.4085899495621446,
        1.4880999467151033,
        1.6193599420150322,
        1.656339940690877,
        1.6622999404774657,
        1.7021699390498268,
        1.756669937098327,
        1.8609999333625478,
        1.9225999311568158,
        1.9391499305642044,
        1.972319929376475,
        1.993589928614853,
        2.0078299281049565,
        2.039079926985977,
        2.066479926004856,
        2.079729925530409,
        2.1455999231717797,
        2.1654099224624366,
        2.2392599198180645,
        2.2883199180613567,
        2.321409916876492,
        2.353999915709531,
        2.388099914488501,
        2.4895699108551304,
        2.5307899093791524,
        2.536199909185435,
        2.5799999076170734,
        2.7042099031694438,
        2.7492799015556075,
        2.7920499000241277,
        2.8160498991647516,
        2.874029897088642,
        2.9125998957075527,
        2.949989894368717,
        2.961249893965526,
        2.9676298937370755,
        3.0466998909057894,
        3.0618198903643825,
        3.099079889030201,
        3.1632498867324443,
        3.182629886038498,
        3.2030498853073124,
        3.2384798840386586,
        3.251489883572805,
        3.286129882332439,
        3.3114498814257973,
        3.320469881102815,
        3.4235898774103624,
        3.43618987695919,
        3.448339876524131,
        3.5142498741640695,
        3.5432698731249404,
        3.558399872583175,
        3.6076998708178736,
        3.672169868509375,
        3.7091598671848613,
        3.735549866239906,
        3.7896198643038033,
        3.79878986397545,
        3.801109863892377,
        3.852879862038631,
        3.872029861352921,
        3.9192598596617403,
        3.967099857948717,
        4.077349854000959,
        4.082679853810106,
        4.129929852118209,
        4.170999850647601,
        4.263629847330768,
        4.288599846436658,
        4.413709841956803,
        4.463329840180043,
        4.505409838673271,
        4.61175983486516,
        4.678449832477169,
        4.715809831139407,
        4.756849829669874,
        4.772909829094808,
        4.888059824971593,
        4.901129824503591,
        5.033559819761625,
        5.048419819229529,
        5.294319810424504,
        5.3475198085195546,
        5.374299807560634,
        5.386549807121995,
        5.576349800325762,
        5.63223979832449,
        5.777789793112733,
        5.915569788179197,
        5.91895978805781,
        5.930459787646026,
        6.203309777875994,
        6.296459774540541,
        6.358209772329437,
        6.428829769800724,
        6.515019766714489,
        6.5613397650558944,
        6.59261976393584,
        6.65619976165921,
        6.7194697593936805,
        6.736299758791042,
        6.783669757094848,
        6.839829755083909,
        6.866119754142534,
        6.875469753807735,
        6.91062975254875,
        6.985549749866064,
        7.010119748986277,
        7.066899746953137,
        7.169769743269636,
        7.211289741782916,
        7.2317997410485075,
        7.391649735324705,
        7.429919733954358,
        7.460549732857579,
        7.686479724767628,
        8.324899701907507,
        8.393759699441816,
        8.730719687376176,
        8.73982968704997,
        8.948909679563373,
        9.537489658487893,
        11.239009597560992,
        11.962339571660472,
        12.398739556034151,
        13.523259515768085
    ],
    "et": [
        -328.253845162
    ],
    "fc": [
        0.0079,
        0.2581,
        0.1632,
        0.1086,
        0.6952,
        1.4042,
        0.839,
        0.3989,
        2.8763,
        3.0945,
        1.3294,
        1.0765,
        1.63,
        3.4374,
        12.3947,
        6.9085,
        8.9493,
        9.1038
    ],
    "gap": 0.2462499911824435,
    "homo": -0.2170799922269435,
    "id": "AG7_23162",
    "ir": [
        142.6861,
        7.5373,
        12.0405,
        86.8386,
        10.2412,
        9.3653,
        0.0035,
        33.365,
        40.2097,
        245.5778,
        136.4,
        48.6168,
        65.2657,
        149.3384,
        142.754,
        8.4943,
        68.5652,
        119.4623
    ],
    "lumo": 0.02916999895550001,
    "ma": [
        15.99491,
        12.0,
        15.99491,
        12.0,
        18.9984,
        1.00783,
        1.00783,
        1.00783
    ],