{
    "A": 43.59655,
    "B": 1.50405,
    "C": 1.45389,
    "Cv": "20.595",
    "G": -552.833537,
    "H": -552.796402,
    "P": 1.0,
    "S": 0.00012455140030197815,
    "T": 298.15,
    "U": -552.797346,
    "U0": -552.803645,
    "alpha": 53.495,
    "alpha_xx": 125.568,
    "alpha_xy": 1.484,
    "alpha_xz": 49.925,
    "alpha_yy": 0.002,
    "alpha_yz": 0.002,
    "alpha_zz": 34.915,
    "bo": [
        0,
        3,
        0,
        0,
        0,
        1,
        0,
        0,
        0,
        3,
        0,
        1,
        0,
        0,
        0,
        0,
        0,
        0,
        0,
        1,
        0,
        2,
        0,
        0,
        1,
        0,
        0,
        0,
        0,
        2,
        0,
        1,
        0,
        0,
        1,
        0,
        0,
        0,
        0,
        1,
        0,
        0,
        0,
        0,
        1,
        1,
        0,
        0,
        0,
        0,
        0,
        0,
        0,
        0,
        0,
        0,
        1,
        0,
        0,
        0,
        0,
        0,
        0,
        0,
        0,
        0,
        1,
        0,
        0,
        0,
        0,
        0,
        0,
        0,
        0,
        0,
        1,
        0,
        0,
        0,
        0
    ],
    "coords": [
        2.550516,
        -0.170612,
        0.388538,
        1.428924,
        0.162754,
        0.10618,
        0.123774,
        0.588789,
        -0.238968,
        -0.96758,
        -0.165052,
        -0.048234,
        -2.589234,
        0.368657,
        -0.479367,
        3.537595,
        -0.468736,
        0.638964,
        0.032383,
        1.577648,
        -0.677246,
        -0.888644,
        -1.150966,
        0.387451,
        -3.227733,
        -0.742482,
        -0.077317
    ],
    "e ne": -1647.624109082,
    "e_disp": -0.003637054699993314,
    "e_k": 550.7881253826,
    "e_nn": 171.3482237159,
    "eigs": [
        -88.91127681632393,
        -10.22381963391224,
        -10.200389634751208,
        -10.17968963549242,
        -10.16805963590886,
        -7.963529714847207,
        -5.927789787741631,
        -5.924219787869464,
        -5.919199788049216,
        -0.8351799700944292,
        -0.7706499724050764,
        -0.7153999743834318,
        -0.6023199784325254,
        -0.541159980622502,
        -0.5046399819301859,
        -0.4504699838698693,
        -0.42484998478725333,
        -0.3605999870878746,
        -0.3528699873646654,
        -0.300299989247057,
        -0.28203998990089896,
        -0.22347999199777654,
        -0.03747999865794104,
        -0.0072699997396806675,
        0.025259999095506695,
        0.061539997796416536,
        0.07100999745732108,
        0.07656999725823228,
        0.10103999638202678,
        0.10177999635552934,
        0.17204999383934785,
        0.18444999339533685,
        0.21387999234152694,
        0.2546899908802296,
        0.2653599904981653,
        0.26785999040864694,
        0.28988998961981133,
        0.29021998960799494,
        0.2995899892724802,
        0.300839989227721,
        0.3081199889670436,
        0.34847998752185955,
        0.37685998650564734,
        0.3820499863198073,
        0.3980999857450995,
        0.4026799855811019,
        0.40478998550554846,
        0.4313999845527153,
        0.45383998374919865,
        0.47960998282644357,
        0.5011199820562278,
        0.5053199819058369,
        0.5366399807843512,
        0.5574599800388425,
        0.586969978982168,
        0.5879499789470768,
        0.6393999771047892,
        0.6701699760029977,
        0.6744199758508164,
        0.6750299758289741,
        0.6762099757867213,
        0.7311599738191082,
        0.7808999720380514,
        0.8147699708252568,
        0.819239970665198,
        0.8329699701735633,
        0.8429999698144157,
        0.8591999692343368,
        0.8892099681597586,
        0.9092399674425378,
        0.9215099670031818,
        0.9487499660277899,
        0.9671899653675027,
        0.9894299645711475,
        1.0266299632391145,
        1.0644899618834487,
        1.1227599597969553,
        1.1425199590894024,
        1.1728299580040822,
        1.1882599574515749,
        1.237729955680186,
        1.2539899550979585,
        1.278469954221395,
        1.2851199539832763,
        1.355929951447759,
        1.3790799506188192,
        1.4131299493995793,
        1.4499099480825854,
        1.4619399476518231,
        1.4758999471519527,
        1.5116699458711245,
        1.530269945205108,
        1.5758399435733677,
        1.5882099431304308,
        1.6187099420383073,
        1.6901999394784404,
        1.7371799377962118,
        1.7418499376289915,
        1.821129934790186,
        1.830419934457536,
        1.8478699338326978,
        1.9022399318858532,
        1.924349931094153,
        1.9423099304510532,
        1.9585399298699,
        1.982289929019476,
        2.0018899283176523,
        2.1243899239312536,
        2.167889922373634,
        2.196799921338444,
        2.246349919564191,
        2.2647999189035453,
        2.3075499173727816,
        2.3085399173373324,
        2.328469916623692,
        2.4076899137870353,
        2.41295991359833,
        2.4485599123235895,
        2.467979911628211,
        2.4760499113392456,
        2.51468990995565,
        2.5175399098535993,
        2.523979909623,
        2.565699908129118,
        2.6209299061514786,
        2.6335499056995904,
        2.6707299043682733,
        2.731609902188323,
        2.7808899004237375,
        2.7909999000617254,
        2.8207398989968144,
        2.852909897844893,
        2.8547198977800816,
        2.8740798970868515,
        2.8922998964344417,
        2.9062398959352875,
        2.9223198953595055,
        2.9228998953387375,
        2.9339398949434248,
        2.9403798947128252,
        2.983989893151267,
        3.009039892254294,
        3.0155898920197557,
        3.048669890835249,
        3.068779890115163,
        3.0766598898330018,
        3.1049098888214446,
        3.1224098881948157,
        3.192209885695464,
        3.220609884678536,
        3.2542198834750513,
        3.2676698829934425,
        3.279109882583807,
        3.309319881502067,
        3.3353598805696443,
        3.3716198792712695,
        3.411009877860819,
        3.430209877173318,
        3.4468798765764097,
        3.505139874490274,
        3.525339873766966,
        3.540209873234511,
        3.586759871567679,
        3.6051598709088246,
        3.6342398698675473,
        3.670919868554134,
        3.701739867450552,
        3.784129864500386,
        3.8202998632052343,
        3.8632898616658773,
        3.894939860532575,
        3.9247898594637256,
        3.9400698589165897,
        3.981649857427721,
        3.9878998572039244,
        3.995199856942531,
        4.0601598546164865,
        4.072389854178563,
        4.088239853611016,
        4.136489851883312,
        4.182909850221136,
        4.186009850110133,
        4.288149846452772,
        4.28995984638796,
        4.40829984215052,
        4.46948983995947,
        4.524909837975027,
        4.530489837775223,
        4.63241983412538,
        4.69033983205142,
        4.820849827378204,
        4.948619822803101,
        4.978479821733894,
        5.081199818055764,
        5.130419816293327,
        5.148309815652734,
        5.188679814207192,
        5.294419810420924,
        5.5596498009237445,
        5.690029796255184,
        5.747529794196263,
        5.850059790524935,
        5.864749789998926,
        5.881459789400585,
        6.130359780488139,
        6.229479776938916,
        8.692769688735064,
        11.033219604929783,
        13.650949511195845,
        16.637749404246495
    ],
    "et": [
        -552.863953485
    ],