{
    "A": 10.06547,
    "B": 1.48238,
    "C": 1.29383,
    "Cv": "20.555",
    "G": -2782.606176,
    "H": -2782.568872,
    "P": 1.0,
    "S": 0.00012511822907915196,
    "T": 298.15,
    "U": -2782.569816,
    "U0": -2782.575791,
    "alpha": 36.103,
    "alpha_xx": 75.725,
    "alpha_xy": -2.131,
    "alpha_xz": 54.418,
    "alpha_yy": -0.523,
    "alpha_yz": 0.291,
    "alpha_zz": 33.107,
    "bo": [
        0,
        2,
        0,
        0,
        1,
        1,
        0,
        0,
        0,
        2,
        0,
        1,
        1,
        0,
        0,
        0,
        0,
        0,
        0,
        1,
        0,
        0,
        0,
        0,
        1,
        1,
        0,
        0,
        1,
        0,
        0,
        0,
        0,
        0,
        0,
        1,
        1,
        0,
        0,
        0,
        0,
        0,
        0,
        0,
        0,
        1,
        0,
        0,
        0,
        0,
        0,
        0,
        0,
        0,
        0,
        0,
        1,
        0,
        0,
        0,
        0,
        0,
        0,
        0,
        0,
        1,
        0,
        0,
        0,
        0,
        0,
        0,
        0,
        0,
        0,
        1,
        0,
        0,
        0,
        0,
        0
    ],
    "coords": [
        1.020307,
        -0.543054,
        -0.000726,
        -0.25535,
        -0.126239,
        -0.012757,
        -0.715153,
        1.116097,
        -0.366332,
        -1.29617,
        -0.954338,
        0.29445,
        2.46523,
        0.637804,
        -0.376459,
        1.310516,
        -1.564084,
        0.175617,
        -1.5692,
        1.393055,
        0.091514,
        -0.012417,
        1.83617,
        -0.412967,
        -0.947763,
        -1.795411,
        0.607662
    ],
    "e ne": -7262.276891311,
    "e_disp": -0.00548661840002751,
    "e_k": 2777.948263983,
    "e_nn": 310.9458032246,
    "eigs": [
        -482.85459271026275,
        -62.50248776195234,
        -56.31858798338133,
        -56.3151479835045,
        -56.31500798350951,
        -19.17300931346559,
        -14.333359486760562,
        -10.27897963193711,
        -10.194519634961399,
        -8.691059688796294,
        -6.519799766543331,
        -6.508729766939719,
        -6.508309766954757,
        -2.6351399056426565,
        -2.632009905754734,
        -2.6316599057672665,
        -2.6228099060841608,
        -2.6227899060848774,
        -1.0852599611397304,
        -0.9224399669698811,
        -0.8067699711117154,
        -0.7117799745130543,
        -0.6282199775051154,
        -0.5510099802697997,
        -0.4959299822420678,
        -0.4760699829532016,
        -0.43342998448002634,
        -0.4233699848402482,
        -0.37613998653142866,
        -0.3236999884091653,
        -0.29942998927820935,
        -0.28733998971112,
        -0.20634999261115622,
        -0.002049999926594961,
        0.029389998947622394,
        0.041439998516143994,
        0.055429998015199364,
        0.08362999700543249,
        0.09684999653205952,
        0.20186999277157308,
        0.2250299919422752,
        0.23454999160138934,
        0.25797999076242345,
        0.26194999062026836,
        0.2731599902188681,
        0.29965998926997367,
        0.30755998898709574,
        0.3172899886386904,
        0.3399999878255058,
        0.35948998712762076,
        0.3620199870370282,
        0.3731199866395668,
        0.39083998600506076,
        0.4106299852964336,
        0.42018998495411547,
        0.44130998419786455,
        0.47292998306563655,
        0.4880399825245877,
        0.49515998226963953,
        0.5004599820798606,
        0.5275799811087657,
        0.5445199805021894,
        0.5700199795891023,
        0.5934299787508527,
        0.6175199778882539,
        0.6606199763449577,
        0.6778499757279972,
        0.6897999753000996,
        0.7099899745771494,
        0.7248199740461267,
        0.7636799726546536,
        0.7924699716237604,
        0.8374999700113561,
        0.8923199680483979,
        0.8995299677902271,
        0.9316499666400954,
        0.9566999657431217,
        0.985129964725119,
        1.0153599636426633,
        1.0277199632000846,
        1.0782099613921723,
        1.1178599599724115,
        1.1369399592892073,
        1.1811099577075974,
        1.2101099566691846,
        1.2500699552383234,
        1.2813999541164796,
        1.2953499536169675,
        1.3671399510463587,
        1.3743999507863973,
        1.4555199478817062,
        1.4786399470538407,
        1.48745994673802,
        1.5071399460333315,
        1.5286699452623997,
        1.5400799448538378,
        1.5676699438659136,
        1.5788099434670197,
        1.5846699432571887,
        1.6070399424561788,
        1.6312099415907153,
        1.6953599392936747,
        1.7258299382026252,
        1.7457099374907754,
        1.7570299370854365,
        1.794409935746958,
        1.8116799351285655,
        1.8377599341947104,
        1.8510899337173983,
        1.8697099330506657,
        1.9010599319281059,
        1.9554199299816188,
        1.9762199292368263,
        2.0163199278009523,
        2.0656399260349345,
        2.085689925316997,
        2.114899924271065,
        2.189629921595183,
        2.2369699199000634,
        2.3119099172166617,
        2.3217599168639595,
        2.354649915686256,
        2.4411999125871313,
        2.525769909558905,
        2.5482199087550303,
        2.5975399069890126,
        2.6355399056283337,
        2.711429902910915,
        2.7799699004566802,
        2.7942098999467837,
        2.8397298983168335,
        2.863799897454951,
        2.8895998965311223,
        2.9148398956273445,
        2.9669398937617824,
        2.9719598935820297,
        2.997719892659633,
        3.0402498911367464,
        3.0438498910078406,
        3.1021298889209885,
        3.14993988720904,
        3.1604098868341377,
        3.1850098859532765,
        3.2203598846874875,
        3.257979883340415,
        3.2760298826940932,
        3.2866698823131033,
        3.310509881459456,
        3.3246998809513495,
        3.391319878565865,
        3.4076198779822056,
        3.4415798767661885,
        3.4626598760113696,
        3.512569874224226,
        3.5484498729394582,
        3.566099872307459,
        3.588359871510388,
        3.618559870429006,
        3.676839868342155,
        3.7337898663029265,
        3.756249865498694,
        3.7627898652645144,
        3.7853098644581324,
        3.826599862979648,
        3.879989861067894,
        3.915979859779188,
        3.954149858412422,
        3.983549857359687,
        3.9929798570220236,
        4.030229855688201,
        4.107599852917787,
        4.123039852364921,
        4.172109850607855,
        4.175549850484678,
        4.214479849090699,
        4.251459847766543,
        4.259419847481517,
        4.308599845720512,
        4.42391984159121,
        4.453459840533461,
        4.507079838613472,
        4.61367983479641,
        4.671429832728536,
        4.702699831608841,
        4.740649830249952,
        4.811169827724819,
        4.898069824613161,
        4.971899821969505,
        5.005169820778196,
        5.0575298189033235,
        5.101109817342841,
        5.214119813296254,
        5.283099810826264,
        5.315909809651425,
        5.43240980547987,
        5.4565598046151225,
        5.4981998031241055,
        5.65533979749734,
        5.749549794123931,
        5.788809792718135,
        5.8587497902137695,
        5.919859788025583,
        6.056289783140389,
        6.119169780888823,
        6.358519772318338,
        6.424179769967228,
        6.5656597649012065,
        6.594709763861003,
        6.665699761319041,
        6.752029758227794,
        6.7656097577415295,
        6.803259756393383,
        6.998839749390185,
        7.215579741629303,
        7.418059734379033,
        9.079099674901617,
