{
    "A": 9.24883,
    "B": 2.8942,
    "C": 2.20439,
    "Cv": "15.877",
    "G": -606.081717,
    "H": -606.047958,
    "P": 1.0,
    "S": 0.00011322824081848684,
    "T": 298.15,
    "U": -606.048903,
    "U0": -606.053549,
    "alpha": 37.00933333333333,
    "alpha_xx": 81.368,
    "alpha_xy": 2.673,
    "alpha_xz": 49.093,
    "alpha_yy": 0.012,
    "alpha_yz": 0.017,
    "alpha_zz": 29.648,
    "bo": [
        0,
        2,
        0,
        0,
        0,
        1,
        1,
        0,
        2,
        0,
        1,
        0,
        0,
        0,
        0,
        0,
        0,
        1,
        0,
        2,
        1,
        0,
        0,
        0,
        0,
        0,
        2,
        0,
        0,
        0,
        0,
        0,
        0,
        0,
        1,
        0,
        0,
        0,
        0,
        1,
        1,
        0,
        0,
        0,
        0,
        0,
        0,
        0,
        1,
        0,
        0,
        0,
        0,
        0,
        0,
        0,
        0,
        0,
        0,
        0,
        1,
        0,
        0,
        0
    ],
    "coords": [
        -1.608183,
        -0.207076,
        0.225262,
        -0.448305,
        -0.652821,
        -0.032633,
        0.639086,
        0.144453,
        0.473032,
        0.556227,
        1.162662,
        1.10273,
        2.155792,
        -0.65709,
        -0.006253,
        -2.468897,
        -0.766489,
        -0.130144,
        -1.776752,
        0.712784,
        0.78801,
        2.95103,
        0.263578,
        0.57169
    ],
    "e ne": -1841.585699342,
    "e_disp": -0.0036132955000027778,
    "e_k": 603.7837779383,
    "e_nn": 204.307166939,
    "eigs": [
        -88.91460681620468,
        -19.13929931467265,
        -14.345789486315475,
        -10.318089630536683,
        -10.247779633054298,
        -7.9671897147161514,
        -5.9312197876188115,
        -5.9273597877570285,
        -5.923469787896319,
        -1.0806799613037281,
        -0.9446899661731678,
        -0.786539971836098,
        -0.6768899757623723,
        -0.5606499799246171,
        -0.5119499816684344,
        -0.4840199826685332,
        -0.44905998392035773,
        -0.4338699844642711,
        -0.3959299858228015,
        -0.3478599875440601,
        -0.3163399886727073,
        -0.2808999899417193,
        -0.2764599901007039,
        -0.08761999686256122,
        0.0059699997862302035,
        0.028699998972329457,
        0.04489999839225062,
        0.057509997940720106,
        0.1052599962309198,
        0.14466999481975268,
        0.1851399933706298,
        0.20507999265663154,
        0.24634999117886278,
        0.2586999907366421,
        0.2612999906435431,
        0.284619989808516,
        0.2991299892889516,
        0.3075099889888861,
        0.31847998859607957,
        0.3374899879153822,
        0.34684998758022545,
        0.39365998590408413,
        0.3979699857497545,
        0.4116299852606263,
        0.41724998505938904,
        0.45705998363389905,
        0.4791799828418407,
        0.5279199810965911,
        0.5317799809583749,
        0.5579999800195066,
        0.5698199795962637,
        0.5842699790788477,
        0.5952899786842509,
        0.6503499767126991,
        0.6938399751554379,
        0.7037699747998711,
        0.7361799736393553,
        0.7429799733958655,
        0.7767999721848614,
        0.8010799713154593,
        0.8116899709355435,
        0.8350299700998003,
        0.8593699692282496,
        0.8806499684662696,
        0.920109967053312,
        0.9280799667679276,
        0.9823399648250216,
        1.0534799622776876,
        1.0696699616979668,
        1.0950599607888185,
        1.1058799604013831,
        1.1746499579389127,
        1.2132099565581818,
        1.2221599562377061,
        1.2658899546718514,
        1.3615499512465217,
        1.3960499500111687,
        1.4080399495818385,
        1.4398399484431654,
        1.4664899474888997,
        1.4961899464254218,
        1.516209945708559,
        1.5585999441906861,
        1.5783999434817009,
        1.5876999431486924,
        1.5992799427340438,
        1.631119941593938,
        1.689039939519977,
        1.7053199389370337,
        1.736789937810177,
        1.7767599363789575,
        1.8138899350494313,
        1.8443899339573075,
        1.8692699330664209,
        1.9200799312470502,
        1.9377299306150506,
        1.9650099296382266,
        1.9859399288887793,
        2.0399099269562573,
        2.0919399250932016,
        2.1162199242238,
        2.18312992182793,
        2.1853999217466478,
        2.2694399187373993,
        2.2773699184534473,
        2.345439916016042,
        2.422689913249925,
        2.4820499111244017,
        2.5269299095173685,
        2.571249907930387,
        2.5894499072786936,
        2.608099906610887,
        2.6450699052870896,
        2.676749904152713,
        2.768199900878133,
        2.7958898998866273,
        2.859429897611429,
        2.8953198963263036,
        2.924639895276433,
        2.939599894740755,
        2.9519398942988926,
        2.9617598939472645,
        2.996599892699737,
        3.0074798923101533,
        3.058689890476459,
        3.0670798901760357,
        3.1052698888085537,
        3.1984598854716677,
        3.202389885330945,
        3.258089883336477,
        3.2704698828931815,
        3.3073698815718915,
        3.3357398805560368,
        3.374469879169219,
        3.375779879122311,
        3.3904598785966598,
        3.4209598775045356,
        3.4835998752615644,
        3.5364998733673567,
        3.5820598717359737,
        3.609209870763805,
        3.687429867962955,
        3.6992098675411444,
        3.7066398672750958,
        3.768239865069364,
        3.792209864211062,
        3.846119862280689,
        3.8723398613418203,
        3.952209858481888,
        3.9626298581087758,
        3.9822698574055204,
        3.9881798571938987,
        4.066639854384454,
        4.070239854255549,
        4.128879852155806,
        4.1836398501949965,
        4.307209845770284,
        4.309039845704757,
        4.360229843871779,
        4.567929836434595,
        4.589609835658293,
        4.594369835487849,
        4.731309830584393,
        4.735159830446534,
        4.827249827149037,
        4.874329825463228,
        4.883329825140962,
        4.921429823776702,
        4.9306598234462005,
        5.01042982058985,
        5.0960998175222345,
        5.131349816260026,
        5.160079815231282,
        5.190939814126267,
        5.3266998092650635,
        5.3971398067427945,
        5.446129804988593,
        5.512629802607404,
        5.6021897994005,
        5.624569798599132,
        5.6726597968771575,
        5.762059793675981,
        5.877679789535938,
        6.163409779304707,
        6.202629777900343,
        6.287349774866747,
        6.33350977321388,
        6.434639769592684,
        6.712399759646837,
        6.807279756249438,
        7.001529749293863,
        7.013219748875274,
        8.325729701877789,
        10.309229630853936,
        12.723679544398914,
        13.4610595179953
    ],
    "et": [
        -606.103135365
    ],
    "fc": [
        0.0149,
        0.2025,
        0.463,
        0.1208,
        1.1972,
        0.2733,
        1.4349,
        0.8865,
        0.6741,
        2.9565,
        1.0116,
        1.3668,
        1.5021,
        9.8667,
        20.0388,
        4.3775,
        5.7876,
        6.5624
    ],
    "gap": 0.18883999323814266,
    "homo": -0.2764599901007039,
    "id": "AG7_10944",
    "ir": [
        19.0221,
        7.7066,
        17.5457,
        10.4356,
        1.1113,
        3.1362,
        10.3003,
        4.775,
        85.5273,
        298.5319,
        13.3994,
        5.5494,
        64.5801,
        76.4564,
        288.8564,
        0.2325,
        25.1406,
        8.5867
    ],
    "lumo": -0.08761999686256122,