{
    "A": 7.00366,
    "B": 3.41097,
    "C": 2.77006,
    "Cv": "18.497",
    "G": -664.231921,
    "H": -664.1959,
    "P": 1.0,
    "S": 0.00012081502599364478,
    "T": 298.15,
    "U": -664.196844,
    "U0": -664.202453,
    "alpha": 28.468333333333334,
    "alpha_xx": 46.407,
    "alpha_xy": 0.833,
    "alpha_xz": 41.951,
    "alpha_yy": -0.299,
    "alpha_yz": -0.864,
    "alpha_zz": 39.297,
    "bo": [
        0,
        2,
        0,
        0,
        0,
        0,
        0,
        0,
        0,
        2,
        0,
        1,
        2,
        1,
        0,
        0,
        0,
        0,
        0,
        1,
        0,
        0,
        0,
        0,
        0,
        0,
        0,
        0,
        2,
        0,
        0,
        0,
        0,
        0,
        0,
        0,
        0,
        1,
        0,
        0,
        0,
        1,
        1,
        1,
        0,
        0,
        0,
        0,
        0,
        1,
        0,
        0,
        0,
        1,
        0,
        0,
        0,
        0,
        1,
        0,
        0,
        0,
        0,
        0,
        0,
        0,
        0,
        1,
        0,
        0,
        0,
        0,
        0,
        0,
        0,
        0,
        0,
        1,
        0,
        0,
        0
    ],
    "coords": [
        -1.207521,
        1.209443,
        0.654508,
        -0.949614,
        0.196221,
        -0.364817,
        -1.749194,
        -0.885392,
        -0.083158,
        -1.084757,
        0.48944,
        -1.779729,
        0.716054,
        -0.483642,
        0.053981,
        1.550986,
        0.554714,
        0.436832,
        0.528134,
        -1.225266,
        0.841574,
        1.116388,
        -0.961257,
        -0.837805,
        1.079324,
        1.105638,
        1.078714
    ],
    "e ne": -2104.528714479,
    "e_disp": -0.005710149499975614,
    "e_k": 661.6114187411,
    "e_nn": 266.4568436511,
    "eigs": [
        -89.09587680971389,
        -19.168649313621707,
        -19.138269314709532,
        -19.136509314772557,
        -10.280659631876953,
        -8.123119709132713,
        -6.086589782055427,
        -6.085819782082998,
        -6.085599782090876,
        -1.122529959805191,
        -1.0695699617015475,
        -1.0193599634994341,
        -0.7690999724605778,
        -0.6627299762694042,
        -0.5638499798100336,
        -0.5443199805093509,
        -0.4991299821274844,
        -0.487459982545356,
        -0.4571399836310344,
        -0.40352998555066566,
        -0.3606999870842939,
        -0.34590998761388436,
        -0.33700998793256964,
        -0.32698998829135917,
        -0.29882998929969373,
        -0.003399999878255057,
        0.006369999771907269,
        0.03712999867047362,
        0.05224999812906669,
        0.0688099975360972,
        0.0760499972768521,
        0.09190999670894776,
        0.14968999463999988,
        0.22760999184989225,
        0.2372699915039934,
        0.2872699897136266,
        0.29279998951561204,
        0.30176998919442016,
        0.31848998859572153,
        0.33164998812449703,
        0.36005998710721054,
        0.37969998640395447,
        0.3936399859048002,
        0.4190899849935036,
        0.4449899840660935,
        0.465509983331327,
        0.4924899823652451,
        0.49803998216651435,
        0.5596099799618567,
        0.5744499794304758,
        0.5961399786538147,
        0.6120199780851941,
        0.6487899767685585,
        0.6703999759947619,
        0.699709974945249,
        0.7087199746226248,
        0.7281699739261721,
        0.7601899727796212,
        0.7840699719245422,
        0.8140099708524704,
        0.8587999692486599,
        0.8735899687190692,
        0.8982499678360604,
        0.9117999673508711,
        0.9677299653481667,
        0.9942899643971238,
        1.0202499634675655,
        1.0402799627503445,
        1.0673799617799657,
        1.0739299615454276,
        1.1411999591366682,
        1.1955399571908976,
        1.2157499564672314,
        1.2436599554678485,
        1.2869699539170327,
        1.2996399534633536,
        1.3356499521739318,
        1.3684999509976608,
        1.3870399503337927,
        1.4154499493165063,
        1.4624499476335615,
        1.481289946958951,
        1.515779945723956,
        1.543089944746058,
        1.5922099429872014,
        1.6128299422488543,
        1.6399799412766851,
        1.6966799392464091,
        1.7310299380164271,
        1.7548099371649286,
        1.8279899345445478,
        1.8496799337678869,
        1.887259932422247,
        1.897629932050925,
        1.930629930869283,
        1.9846799289338963,
        2.0271599274128005,
        2.05995992623832,
        2.0697799258866922,
        2.1686499223464204,
        2.181819921874838,
        2.241359919742869,
        2.268829918759242,
        2.288009918072457,
        2.293989917858329,
        2.3466799159716407,
        2.37184991507037,
        2.3989999140982006,
        2.531529909352655,
        2.540519909030747,
        2.582749907518603,
        2.599929906903433,
        2.6157699063362445,
        2.7564699012981526,
        2.7842199003044987,
        2.8506498979258175,
        2.871149897191767,
        2.9241498952939784,
        2.9838298931569964,
        3.0025098924881157,
        3.024389891704651,
        3.0579798905018825,
        3.1355298877250237,
        3.1992398854437383,
        3.239639883997122,
        3.2906798821695156,
        3.3135098813520343,
        3.358579879738197,
        3.3707898793009896,
        3.395959878399719,
        3.432269877099555,
        3.4641798759569427,
        3.4994198746950924,
        3.587529871540108,
        3.5977498711741567,
        3.650979869268132,
        3.6774098683217447,
        3.7063198672865543,
        3.7607098653389937,
        3.777949864721675,
        3.819489863234238,
        3.82722986295709,
        3.8581598618495683,
        3.886589860831566,
        3.912119859917404,
        3.9385298589717332,
        3.9530198584528846,
        3.975019857665123,
        4.037349855433252,
        4.0553498547887195,
        4.086759853664011,
        4.108419852888424,
        4.140759851730415,
        4.1901898499604595,
        4.27666984686384,
        4.330809844925231,
        4.51775983823105,
        4.6449598336763565,
        4.676139832559884,
        4.711679831287292,
        4.730849830600865,
        4.764799829385206,
        4.794789828311343,
        4.8562798261095494,
        4.982839821577774,
        5.029799819896262,
        5.12191981659769,
        5.124249816514258,
        5.133579816180177,
        5.138339816009734,
        5.160659815210513,
        5.1755398146777,
        5.226139812865849,
        5.244319812214872,
        5.267319811391303,
        5.291039810541953,
        5.32060980948313,
        5.4924298033307135,
        5.525609802142626,
        5.544199801476967,
        5.5840398000504035,
        5.633259798287966,
        5.6865797963787195,
        5.736589794587994,
        5.779169793063317,
        5.936019787446938,
        6.131479780448035,
        6.264729775676709,
        6.275299775298224,
        6.304509774252292,
        6.353039772514562,
        6.423049770007691,
        6.463199768570025,
        6.597149763773633,
        6.633529762470963,
        6.681359760758297,
        6.7015497600353475,
        6.724939759197814,
        6.7534897581755144,
        6.781519757171835,
        6.831489755382542,
        6.8939697531453,
        6.964899750605486,
        7.061059747162253,
        7.121099745012379,
        7.34101973713763,
        9.251379668732726,
        9.691219652983229,
        11.359759593237255,
        12.036499569005
    ],
    "et": [
        -664.263928532
    ],