{
    "A": 2.0887,
    "B": 0.8306,
    "C": 0.59428,
    "Cv": "18.506",
    "G": -5623.707798,
    "H": -5623.668214,
    "P": 1.0,
    "S": 0.00013276538655074434,
    "T": 298.15,
    "U": -5623.669159,
    "U0": -5623.675037,
    "alpha": 52.43633333333333,
    "alpha_xx": 112.555,
    "alpha_xy": 5.465,
    "alpha_xz": 83.397,
    "alpha_yy": -0.003,
    "alpha_yz": -0.001,
    "alpha_zz": 44.757,
    "bo": [
        0,
        1,
        0,
        0,
        0,
        1,
        0,
        1,
        0,
        1,
        2,
        0,
        0,
        0,
        0,
        1,
        0,
        0,
        0,
        0,
        0,
        0,
        2,
        0,
        0,
        1,
        0,
        1,
        0,
        0,
        0,
        1,
        0,
        0,
        0,
        1,
        0,
        0,
        0,
        0,
        0,
        0,
        0,
        0,
        0,
        1,
        0,
        0,
        0
    ],
    "coords": [
        2.149153,
        1.639624,
        -0.000261,
        0.718976,
        0.580724,
        -6.7e-05,
        1.029939,
        -1.292705,
        -0.000108,
        -0.499356,
        1.113072,
        2.5e-05,
        -2.128366,
        0.163213,
        7.6e-05,
        3.061471,
        0.65578,
        0.000405,
        -0.6348,
        2.18456,
        6.4e-05
    ],
    "e ne": -14712.25835546,
    "e_disp": -0.005766073199993116,
    "e_k": 5615.126125489,
    "e_nn": 641.460980007,
    "eigs": [
        -482.8827727092537,
        -482.87397270956876,
        -88.92159681595439,
        -62.53065776094364,
        -62.52188776125767,
        -56.346967982365115,
        -56.34323798249867,
        -56.343047982505475,
        -56.33810798268237,
        -56.33451798281091,
        -56.334297982818796,
        -10.278069631969693,
        -10.24036963331963,
        -8.719239687787242,
        -8.710539688098768,
        -7.973689714483403,
        -6.548629765511006,
        -6.539699765830765,
        -6.536619765941051,
        -6.536069765960745,
        -6.528109766245771,
        -6.527419766270479,
        -5.938449787359925,
        -5.934439787503512,
        -5.928789787705824,
        -2.663869904613912,
        -2.660459904736015,
        -2.6600599047503377,
        -2.655019904930807,
        -2.6517199050489713,
        -2.6511999050675907,
        -2.6504399050948044,
        -2.6504399050948044,
        -2.6419199053998823,
        -2.641909905400241,
        -0.8786099685393165,
        -0.8135299708696578,
        -0.7756599722256817,
        -0.7138799744378589,
        -0.5585799799987382,
        -0.49103998241716573,
        -0.4602999835178832,
        -0.4075699854060041,
        -0.3946699858679187,
        -0.3702499867423339,
        -0.3227999884413919,
        -0.3130099887919458,
        -0.2964199893859895,
        -0.291579989559297,
        -0.23735999150077072,
        -0.05070999818420999,
        -0.027319999021743584,
        -0.013729999508365275,
        0.013479999517317112,
        0.04771999829127393,
        0.09880999646187712,
        0.16794999398615792,
        0.18837999325461402,
        0.19983999284426193,
        0.2231199920106672,
        0.229959991765745,
        0.2374999914957577,
        0.25240999096187033,
        0.2532599909314341,
        0.256539990813986,
        0.2674199904244022,
        0.2738699901934449,
        0.27598999011753333,
        0.2831699898604366,
        0.28827998967746116,
        0.30673998901645777,
        0.3133299887804874,
        0.3255999883411314,
        0.3533999873456874,
        0.36799998682290036,
        0.4013799856276515,
        0.41623998509555443,
        0.42070998493549566,
        0.45163998382797477,
        0.4525499837953901,
        0.4561499836664837,
        0.4834499826889434,
        0.5090699817715595,
        0.5373399807592861,
        0.5756799793864328,
        0.5985999785657287,
        0.6255999775989306,
        0.6416299770249391,
        0.6718399759431993,
        0.6988699749753271,
        0.7323599737761394,
        0.744139973354329,
        0.7876799717952776,
        0.7896599717243791,
        0.7954999715152642,
        0.8224299705509727,
        0.8742099686968687,
        0.8887999681744397,
        0.9383999663983958,
        0.9565699657477765,
        0.9907199645249561,
        1.0690399617205255,
        1.1187899599391105,
        1.1344499593783677,
        1.1611599584219536,
        1.1979999571028113,
        1.2470799553453873,
        1.278229954229989,
        1.4080499495814804,
        1.4155299493136415,
        1.45501994789961,
        1.4631099476099285,
        1.4710599473252604,
        1.4714099473127278,
        1.476539947129036,
        1.4784199470617183,
        1.4887499466918286,
        1.502299946206639,
        1.529729945224444,
        1.5319599451445935,
        1.5533799443776004,
        1.5832099433094677,
        1.5931999429517523,
        1.6083599424089132,
        1.6176699420755467,
        1.6306199416118417,
        1.668069940270857,
        1.6859099396320543,
        1.6884799395400292,
        1.697089939231728,
        1.7095099387870012,
        1.721629938353016,
        1.7549099371613481,
        1.7671199367241404,
        1.7796899362740422,
        1.8118299351231943,
        1.8214499347787279,
        1.823349934710694,
        1.8351499342881674,
        1.8418799340471839,
        1.8543499336006664,
        1.8671199331434065,
        1.8928999322202935,
        1.9129199315034309,
        1.9437899303980584,
        1.968769929503591,
        2.0314299272599032,
        2.0442699268001374,
        2.0689099259178443,
        2.1016199247465863,
        2.153079922903941,
        2.1694799223167007,
        2.257449919166729,
        2.260989919039971,
        2.2737999185812794,
        2.318789916970307,
        2.3769399148881107,
        2.491269910794258,
        2.5255599095664247,
        2.5686399080238442,
        2.6179499062581844,
        2.651689905050045,
        2.7889199001362046,
        2.814199899230995,
        2.836269898440727,
        2.9001798961522804,
        2.945009894547037,
        2.95259989427526,
        2.9661298937907867,
        2.995279892747003,
        3.0492998908126903,
        3.0760298898555596,
        3.133349887803084,
        3.159269886874957,
        3.2140898849119997,
        3.2516098835685083,
        3.28763988227837,
        3.3196298811328933,
        3.331169880719677,
        3.356809879801576,
        3.3632098795724095,
        3.4810698753521567,
        3.5342198734489965,
        3.613519870609475,
        3.6257098701729844,
        3.6906998678458653,
        3.710819867125421,
        3.7655798651646117,
        3.7767798647635695,
        3.9353998590838097,
        3.9664798579709175,
        3.966549857968411,
        3.9815098574327337,
        4.056299854754704,
        4.140129851752974,
        4.279339846768234,
        4.299329846052447,
        4.353459844114195,
        4.412489842000488,
        4.503289838749182,
        4.676329832553081,
        4.834509826889076,
        4.9960798211036845,
        5.117219816765984,
        5.232239812647424,
        5.7306297948014056,
        7.805069720521236,
        12.826279540725084
    ],
    "et": [
        -5623.70665522
    ],
    "fc": [
        0.0407,
        0.3989,
        0.0695,
        0.4087,
        1.1298,
        0.5765,
        1.1588,
        1.9019,
        0.4705,
        1.9527,
        0.6909,
        1.0874,
        13.8907,
        4.4761,
        6.563
    ],
    "gap": 0.18664999331656074,
    "homo": -0.23735999150077072,
    "id": "AG7_25411",
    "ir": [
        18.3348,
        0.0665,
        2.1248,
        0.0092,
        1.1047,
        5.3222,
        6.2917,
        50.796,
        22.1045,
        44.7686,
        5.8304,
        14.6424,
        9.0725,
        2.5537,
        14.7471
    ],