{
    "A": 21.81172,
    "B": 3.00977,
    "C": 2.65753,
    "Cv": "17.640",
    "G": -263.267417,
    "H": -263.232345,
    "P": 1.0,
    "S": 0.0001176320643971617,
    "T": 298.15,
    "U": -263.233289,
    "U0": -263.238839,
    "alpha": 29.91433333333333,
    "alpha_xx": 66.101,
    "alpha_xy": -3.515,
    "alpha_xz": 41.414,
    "alpha_yy": -0.861,
    "alpha_yz": -0.465,
    "alpha_zz": 24.503,
    "bo": [
        0,
        1,
        0,
        0,
        0,
        1,
        1,
        0,
        0,
        1,
        0,
        2,
        0,
        0,
        0,
        0,
        1,
        0,
        0,
        2,
        0,
        1,
        0,
        0,
        0,
        0,
        0,
        0,
        0,
        1,
        0,
        2,
        0,
        0,
        0,
        1,
        0,
        0,
        0,
        2,
        0,
        0,
        0,
        0,
        0,
        1,
        0,
        0,
        0,
        0,
        0,
        0,
        0,
        0,
        1,
        0,
        0,
        0,
        0,
        0,
        0,
        0,
        0,
        0,
        1,
        0,
        0,
        0,
        0,
        0,
        0,
        0,
        0,
        0,
        0,
        1,
        0,
        0,
        0,
        0,
        0
    ],
    "coords": [
        -2.118651,
        -0.11335,
        0.028207,
        -0.79097,
        -0.260068,
        -0.06613,
        0.015722,
        0.741782,
        0.021457,
        1.374658,
        0.427717,
        -0.011,
        1.877374,
        -0.660275,
        0.17163,
        -2.503971,
        0.801729,
        0.194626,
        -2.738881,
        -0.894781,
        -0.074107,
        -0.442,
        -1.280907,
        -0.230322,
        1.992943,
        1.316828,
        -0.208157
    ],
    "e ne": -939.7492352989,
    "e_disp": -0.003448136499997645,
    "e_k": 261.797437134,
    "e_nn": 161.7385398894,
    "eigs": [
        -19.100499316061978,
        -14.368259485510885,
        -14.298439488010954,
        -10.269349632281934,
        -10.260309632605633,
        -1.0368799628720895,
        -0.9758199650584853,
        -0.8855999682890233,
        -0.6753699758167995,
        -0.6060899782975318,
        -0.5643599797917718,
        -0.48781998253246533,
        -0.4674799832607866,
        -0.4360499843862112,
        -0.4184599850160622,
        -0.3713699867022296,
        -0.2881899896806838,
        -0.2650599905089075,
        -0.25113999100734563,
        -0.0414799985147117,
        0.01627999941705657,
        0.05556999801018634,
        0.060939997817900944,
        0.09442999661871325,
        0.10615999619869321,
        0.17494999373550654,
        0.21515999229569358,
        0.24467999123866102,
        0.2657899904827682,
        0.2777199900555867,
        0.29202998954318365,
        0.3181699886071799,
        0.33926998785164514,
        0.3694299867716958,
        0.41957998497595794,
        0.42430998480658927,
        0.4440399841001105,
        0.45252998379610626,
        0.46770998325255086,
        0.49165998239496517,
        0.49463998228825934,
        0.5020799820218527,
        0.5240199812362398,
        0.5487199803517986,
        0.5806899792070381,
        0.5968099786298238,
        0.6074699782481175,
        0.6357899772340538,
        0.6644499762078155,
        0.7005899749137384,
        0.7274299739526696,
        0.7383399735620114,
        0.7815299720154927,
        0.8084499710515592,
        0.8371299700246049,
        0.8618399691398055,
        0.8885499681833915,
        0.9249899668785722,
        0.9408899663092356,
        0.9822599648278861,
        1.0048499640189983,
        1.0161499636143756,
        1.0613599619955258,
        1.07658996145018,
        1.0948299607970544,
        1.160859958432696,
        1.182139957670716,
        1.2560399550245538,
        1.29058995378741,
        1.2923199537254635,
        1.336689952136692,
        1.36366995117061,
        1.4070599496169296,
        1.4180199492244814,
        1.437569948524448,
        1.5124799458421203,
        1.563419944018095,
        1.5877499431469022,
        1.6237799418567638,
        1.6627399404617103,
        1.6918999394175682,
        1.709099938801682,
        1.7753699364287299,
        1.8184899348847174,
        1.844049933969482,
        1.9466199302967235,
        1.9947399285736744,
        2.050849926564525,
        2.0625899261441467,
        2.1003699247913454,
        2.1082399245095416,
        2.2289199201883125,
        2.3267799166842065,
        2.3977399141433184,
        2.420089913343024,
        2.5143999099660346,
        2.529369909429999,
        2.5456799088459805,
        2.5629399082279467,
        2.639489905486894,
        2.6941399035300235,
        2.7461899016662517,
        2.802609899646002,
        2.8127098992843482,
        2.848589897999581,
        2.8938698963782246,
        2.9181498955088223,
        2.9405798947056643,
        2.9510498943307613,
        2.982099893218943,
        3.004469892417933,
        3.027629891588635,
        3.042229891065848,
        3.055989890573139,
        3.094439889196347,
        3.1149398884622963,
        3.1217398882188068,
        3.1373398876602123,
        3.190489885757053,
        3.2377398840651557,
        3.258839883309621,
        3.2872998822905446,
        3.339259880429995,
        3.3545298798832173,
        3.387649878697278,
        3.4192898775643346,
        3.434709877012185,
        3.443679876690993,
        3.4685298758011807,
        3.4931698749188884,
        3.577709871891736,
        3.5813298717621134,
        3.6026998709969105,
        3.663599868816244,
        3.682779868129459,
        3.73058986641751,
        3.7528998656186485,
        3.8470698622466717,
        3.8629198616791256,
        3.8823698609826724,
        3.897379860445205,
        3.9238498594973845,
        3.9743198576901886,
        4.018799856097478,
        4.0318898556287595,
        4.056639854742528,
        4.0880598536174615,
        4.114669852664629,
        4.129889852119641,
        4.19304984985805,
        4.218219848956779,
        4.3284898450083045,
        4.366349843652638,
        4.392479842716993,
        4.447679840740428,
        4.518419838207417,
        4.585969835788631,
        4.611819834863011,
        4.6617198330762255,
        4.686379832193216,
        4.72070983096395,
        4.728249830693963,
        4.788299828543733,
        4.820619827386439,
        4.858319826036504,
        4.882459825172114,
        4.890569824881717,
        4.934089823323382,
        5.046419819301144,
        5.058949818852478,
        5.085059817917548,
        5.1315098162542965,
        5.210839813413701,
        5.257809811731831,
        5.264309811499084,
        5.282129810860996,
        5.3342098089961505,
        5.357749808153246,
        5.397359806734917,
        5.470919804100929,
        5.545959801413947,
        5.644739797876897,
        5.670019796971689,
        5.710339795527937,
        5.7491297941389705,
        5.777399793126697,
        5.85360979039782,
        6.006239784932546,
        6.041219783680006,
        6.092929781828408,
        6.204729777825147,
        6.221209777235043,
        6.376679771668077,
        6.416199770252971,
        6.514109766747073,
        6.818629755843024,
        6.834099755289085,
        6.8844497534861855,
        6.936699751615252,
        7.040709747890931,
        7.198859742228001,
        9.41368966292084,
        10.34884962943525,
        12.595389548992637,
        13.18170952799808,
        14.213319491058876
    ],
    "et": [
        -263.306434295
    ],