{
    "A": 37.5163,
    "B": 1.54975,
    "C": 1.48827,
    "Cv": "16.706",
    "G": -647.593734,
    "H": -647.558252,
    "P": 1.0,
    "S": 0.00011900721113534057,
    "T": 298.15,
    "U": -647.559197,
    "U0": -647.564578,
    "alpha": 39.363,
    "alpha_xx": 89.505,
    "alpha_xy": 4.135,
    "alpha_xz": 44.715,
    "alpha_yy": -0.001,
    "alpha_yz": 0.0,
    "alpha_zz": 28.585,
    "bo": [
        0,
        2,
        0,
        0,
        0,
        1,
        0,
        0,
        2,
        0,
        1,
        0,
        0,
        0,
        1,
        0,
        0,
        1,
        0,
        2,
        0,
        0,
        0,
        0,
        0,
        0,
        2,
        0,
        1,
        0,
        0,
        1,
        0,
        0,
        0,
        1,
        0,
        0,
        0,
        0,
        1,
        0,
        0,
        0,
        0,
        0,
        0,
        0,
        0,
        1,
        0,
        0,
        0,
        0,
        0,
        0,
        0,
        0,
        0,
        1,
        0,
        0,
        0,
        0
    ],
    "coords": [
        2.881779,
        -0.27804,
        -2.5e-05,
        1.789106,
        0.351802,
        -2.3e-05,
        0.520828,
        -0.273597,
        3.8e-05,
        -0.486253,
        0.475212,
        8.5e-05,
        -2.100555,
        -0.16554,
        1.3e-05,
        2.702399,
        -1.28446,
        3e-06,
        1.804663,
        1.445489,
        -1.8e-05,
        -0.481728,
        1.5651,
        -9.3e-05
    ],
    "e ne": -1908.160961507,
    "e_disp": -0.003175476499990282,
    "e_k": 645.3148185079,
    "e_nn": 188.9317520942,
    "eigs": [
        -101.58661636245375,
        -14.35301948605659,
        -14.315989487382536,
        -10.30259963109134,
        -10.258989632652899,
        -9.492269660107098,
        -7.254989740218136,
        -7.24717974049779,
        -7.2458097405468465,
        -0.9928599644483284,
        -0.915489967218742,
        -0.8619099691372989,
        -0.6586099764169304,
        -0.6120399780844781,
        -0.553429980183146,
        -0.48968998246550566,
        -0.4457299840395961,
        -0.43711998434789734,
        -0.3660399868930827,
        -0.3423999877395681,
        -0.31169998883885336,
        -0.30031998924634085,
        -0.29282998951453776,
        -0.07565999729081696,
        0.008829999683821222,
        0.0201199992795564,
        0.051269998164157886,
        0.08190999706702111,
        0.08849999683105075,
        0.15632999440223916,
        0.20515999265376694,
        0.22660999188569958,
        0.2532299909325083,
        0.284079989827852,
        0.2906799895915235,
        0.3173399886369,
        0.32259998844855337,
        0.3373899879189629,
        0.35899998714516634,
        0.35901998714445027,
        0.3854499861980623,
        0.39767998576013863,
        0.3981499857433092,
        0.43144998455092487,
        0.4400799842419076,
        0.443839984107272,
        0.4504599838702274,
        0.5045399819337667,
        0.5127699816390723,
        0.5251499811957775,
        0.5343099808677823,
        0.5416199806060307,
        0.5803899792177802,
        0.6057499783097062,
        0.6359299772290409,
        0.6739699758669297,
        0.6939699751507831,
        0.7246199740532882,
        0.7444799733421544,
        0.7796699720820943,
        0.7924199716255509,
        0.8038599712159148,
        0.878819968531797,
        0.9115699673591067,
        0.9307299666730381,
        0.9778099649872287,
        1.0142399636827677,
        1.0526899623059753,
        1.0765299614523285,
        1.0770999614319183,
        1.087219961069548,
        1.1318399594718247,
        1.167139958207826,
        1.2415299555441182,
        1.3148699529180081,
        1.3538199515233125,
        1.391359950179105,
        1.4143799493548201,
        1.4153499493200872,
        1.4444699482773773,
        1.5709399437488236,
        1.5711099437427363,
        1.6330499415248299,
        1.6557599407116452,
        1.7226899383150602,
        1.7826899361666204,
        1.8052799353577325,
        1.8643399332429513,
        1.8665699331631007,
        1.8842199325311013,
        1.9126499315130987,
        1.9712899294133566,
        1.9784099291584083,
        1.9957299285382253,
        2.0434999268277085,
        2.0551299264112695,
        2.060589926215761,
        2.066019926021328,
        2.1161999242245155,
        2.1344499235710317,
        2.1661399224362974,
        2.19687992133558,
        2.2158499206563147,
        2.2630599189658502,
        2.2805799183385056,
        2.325269916738276,
        2.372929915031698,
        2.3921599143431234,
        2.442209912550966,
        2.5315499093519387,
        2.564319908178532,
        2.623499906059454,
        2.689469903697244,
        2.696979903428331,
        2.7431899017736736,
        2.8078098994598037,
        2.8357498984593468,
        2.866539897356839,
        2.8875498966045265,
        2.906419895928842,
        2.9249098952667647,
        2.966229893787206,
        2.983489893169171,
        3.0096298922331677,
        3.0199298918643516,
        3.060549890409858,
        3.1290098879584876,
        3.1504398871911365,
        3.150999887171084,
        3.1864998858999236,
        3.2188698847408403,
        3.293419882071403,
        3.304789881664274,
        3.3786398790199024,
        3.3801098789672657,
        3.3994498782747513,
        3.4210698775005968,
        3.4355898769806745,
        3.4519498763948664,
        3.4846498752239667,
        3.54409987309522,
        3.5643198723711964,
        3.5750598719866256,
        3.6200298703763694,
        3.659639868958041,
        3.6826298681348306,
        3.798249863994786,
        3.8171398633183857,
        3.8501498621363854,
        3.8584498618391843,
        3.9011998603084206,
        3.942789858819194,
        3.9606298581803907,
        4.046019855122802,
        4.100009853189564,
        4.12437985231694,
        4.225539848694669,
        4.321699845251436,
        4.349579844253127,
        4.393259842689063,
        4.4806498395598595,
        4.551919837007871,
        4.648839833537424,
        4.6732298326640835,
        4.704269831552624,
        4.7091898313764515,
        4.741809830208417,
        4.826599827172312,
        4.829339827074199,
        4.86400982583276,
        4.898929824582368,
        4.961939822326147,
        5.017319820343137,
        5.0187298202926485,
        5.060599818793396,
        5.158949815271743,
        5.205729813596677,
        5.208009813515036,
        5.339889808792764,
        5.351239808386351,
        5.395149806814051,
        5.412589806189571,
        5.505709802855192,
        5.572529800462546,
        5.643259797929893,
        5.650809797659548,
        5.669799796979567,
        5.959569786603675,
        6.008399784855202,
        6.090099781929743,
        6.473779768191184,
        6.6141197631659825,
        9.03168967659924,
        10.63073961934152,
        13.147439529225197,
        13.925049501381055
    ],
    "et": [
        -647.617588223
    ],
    "fc": [
        0.028,
        0.1413,
        0.0944,
        0.9616,
        0.7569,
        2.4168,
        0.7917,
        0.9098,
        3.0031,
        0.7802,
        1.22,
        1.2337,
        1.4062,
        15.1745,
        14.8745,
        5.9508,
        6.1083,
        7.4414
    ],
    "gap": 0.2171699922237208,
    "homo": -0.29282998951453776,
    "id": "AG7_11321",
    "ir": [
        1.6881,
        3.875,
        3.739,
        17.8513,
        11.8863,
        105.6078,
        33.0588,
        0.0043,
        46.5176,
        64.335,
        148.7063,
        61.2669,
        37.6573,
        439.3904,
        9.2696,
        38.6611,
        20.467,
        3.6065
    ],
    "lumo": -0.07565999729081696,