{
    "A": 31.72509,
    "B": 0.98633,
    "C": 0.95659,
    "Cv": "17.958",
    "G": -2745.455161,
    "H": -2745.418385,
    "P": 1.0,
    "S": 0.0001233473084015361,
    "T": 298.15,
    "U": -2745.419329,
    "U0": -2745.424928,
    "alpha": 48.23766666666666,
    "alpha_xx": 110.222,
    "alpha_xy": 6.133,
    "alpha_xz": 53.832,
    "alpha_yy": 0.0,
    "alpha_yz": 0.0,
    "alpha_zz": 34.491,
    "bo": [
        0,
        2,
        0,
        0,
        0,
        1,
        0,
        0,
        0,
        2,
        0,
        1,
        0,
        0,
        0,
        1,
        0,
        0,
        0,
        1,
        0,
        2,
        0,
        0,
        0,
        1,
        0,
        0,
        0,
        2,
        0,
        1,
        0,
        0,
        0,
        1,
        0,
        0,
        0,
        1,
        0,
        0,
        0,
        0,
        0,
        1,
        0,
        0,
        0,
        0,
        0,
        0,
        0,
        0,
        0,
        1,
        0,
        0,
        0,
        0,
        0,
        0,
        0,
        0,
        0,
        1,
        0,
        0,
        0,
        0,
        0,
        0,
        0,
        0,
        0,
        1,
        0,
        0,
        0,
        0,
        0
    ],
    "coords": [
        -3.663016,
        -0.284904,
        1e-06,
        -2.566902,
        0.360174,
        2e-05,
        -1.216453,
        -0.204043,
        6e-06,
        -0.137237,
        0.573319,
        -1e-06,
        1.634649,
        -0.088677,
        -1e-05,
        -3.495663,
        -1.293732,
        -7e-06,
        -2.628092,
        1.450342,
        0.0,
        -1.121943,
        -1.284233,
        2e-06,
        -0.181255,
        1.652737,
        6e-06
    ],
    "e ne": -7084.073361053,
    "e_disp": -0.004784365799991974,
    "e_k": 2740.965178067,
    "e_nn": 267.0506025779,
    "eigs": [
        -482.8790927093854,
        -62.52709776107112,
        -56.34318798250047,
        -56.339827982620776,
        -56.33952798263152,
        -14.312389487511442,
        -10.25234963289066,
        -10.23200963361898,
        -10.208519634460094,
        -8.715769687911493,
        -6.544539765657457,
        -6.533659766047041,
        -6.532749766079625,
        -2.659929904754993,
        -2.656909904863131,
        -2.6561999048885543,
        -2.6474799052007936,
        -2.6474699052011523,
        -0.9178099671356689,
        -0.8491799695931265,
        -0.7693899724501938,
        -0.6300199774406623,
        -0.5971299786183656,
        -0.5135299816118587,
        -0.4776599828962679,
        -0.4235199848348771,
        -0.39827998573865425,
        -0.38451998623136313,
        -0.3383599878842298,
        -0.30781998897778584,
        -0.27777999005343823,
        -0.2660999904716679,
        -0.06568999764781609,
        -0.013879999502994176,
        0.036709998685512696,
        0.037209998667609025,
        0.06517999766607785,
        0.09034999676480719,
        0.10536999622698101,
        0.18627999332980946,
        0.2060499926218984,
        0.22983999177004188,
        0.24073999137974192,
        0.2435699912784072,
        0.26574999048420045,
        0.28063998995102923,
        0.28151998991951876,
        0.31064998887645107,
        0.31120998885639894,
        0.33065998815994624,
        0.33975998783409955,
        0.3547999872955572,
        0.3893699860576976,
        0.3973999857701646,
        0.40132998562944183,
        0.4244199848026505,
        0.4256299847593236,
        0.44905998392035773,
        0.4809399827788198,
        0.4954899822578231,
        0.5037099819634868,
        0.5170899814843847,
        0.5232399812641695,
        0.5511999802629964,
        0.6004099785009174,
        0.6221499777224658,
        0.6323199773583053,
        0.6375899771696006,
        0.6605599763471062,
        0.7021199748589532,
        0.7070299746831392,
        0.7171199743218432,
        0.7366699736218097,
        0.7642199726353176,
        0.8625499691143824,
        0.8957399679259368,
        0.9034299676505784,
        0.9325399666082268,
        0.9595899656396385,
        0.973279965149436,
        1.0189999635123246,
        1.021019963439994,
        1.0514399623507344,
        1.0801399613230642,
        1.1051599604271645,
        1.1534199586991025,
        1.2022999569488397,
        1.214579956509126,
        1.2258399561059354,
        1.2759999543098393,
        1.2852999539768313,
        1.3601199512977262,
        1.377989950657849,
        1.4153899493186546,
        1.4527999479791023,
        1.4706299473406574,
        1.4739699472210608,
        1.493879946508137,
        1.5092199459588522,
        1.5607799441126262,
        1.571939943713016,
        1.5779699434970982,
        1.603199942593679,
        1.6077799424296815,
        1.6313399415860605,
        1.6908799394540917,
        1.7157099385649954,
        1.7240199382674366,
        1.7313699380042529,
        1.743149937582442,
        1.7561599371165888,
        1.8039299354060723,
        1.830969934437842,
        1.871319932993016,
        1.9192099312782027,
        1.9851599289167088,
        2.015519927829598,
        2.135759923524124,
        2.13957992338734,
        2.1690499223320976,
        2.2325699200576157,
        2.2427099196945295,
        2.3025199175528925,
        2.325659916724311,
        2.3906699143964762,
        2.4077799137838127,
        2.4464899123977104,
        2.4800599111956583,
        2.5172299098646995,
        2.5431199089376477,
        2.592299907176643,
        2.703799903184125,
        2.7511299014893638,
        2.751599901472534,
        2.768669900861303,
        2.8003898997254946,
        2.8289398987031946,
        2.841399898257036,
        2.863829897453877,
        2.891699896455927,
        2.9132298956849945,
        2.915669895597625,
        2.9597298940199535,
        2.9833298931749,
        3.0452698909569937,
        3.049329890811616,
        3.0556498905853133,
        3.109439888659237,
        3.1384798876193924,
        3.143879887426032,
        3.152549887115583,
        3.2080698851275598,
        3.2341898841922716,
        3.2686998829565606,
        3.2765798826743993,
        3.329189880790575,
        3.343329880284259,
        3.386699878731295,
        3.4169798776470492,
        3.430109877176899,
        3.4551898762788507,
        3.498769874718367,
        3.533419873477643,
        3.535619873398867,
        3.581219871766052,
        3.6338398698818706,
        3.668499868640788,
        3.7044098673549466,
        3.7193598668196266,
        3.781519864593843,
        3.796369864062104,
        3.8459698622860596,
        3.866409861554158,
        3.89615986048889,
        3.9118598599267145,
        3.9365698590419154,
        3.9664998579702013,
        3.989779857136607,
        4.001879856703338,
        4.1021198531140115,
        4.152599851306456,
        4.17903985035971,
        4.204119849461662,
        4.258639847509446,
        4.295289846197107,
        4.32389984517266,
        4.384049843018849,
        4.4279298414476225,
        4.476739839699867,
        4.541229837390651,
        4.595999835429484,
        4.629329834236025,
        4.70834983140653,
        4.764819829384489,
        4.795299828293082,
        4.884069825114465,
        4.895399824708768,
        4.928379823527841,
        4.943219822996461,
        5.021189820204563,
        5.030349819876568,
        5.040649819507752,
        5.241039812332319,
        5.269479811313959,
        5.398889806680131,
        5.425569805724791,
        5.5093698027241365,
        5.584449800035723,
        5.627059798509972,
        5.650929797655251,
        5.8288497912844095,
        5.940689787279717,
        6.027969784154453,
        6.374129771759385,
        6.575319764555307,
        10.448809625855949,
        11.014189605611197,
