{
    "A": 8.7607,
    "B": 4.45535,
    "C": 3.31709,
    "Cv": "18.181",
    "G": -304.207388,
    "H": -304.172491,
    "P": 1.0,
    "S": 0.00011704511152104929,
    "T": 298.15,
    "U": -304.173435,
    "U0": -304.178893,
    "alpha": 23.336,
    "alpha_xx": 38.033,
    "alpha_xy": -1.765,
    "alpha_xz": 35.886,
    "alpha_yy": 1.483,
    "alpha_yz": -2.831,
    "alpha_zz": 30.492,
    "bo": [
        0,
        2,
        0,
        0,
        0,
        0,
        0,
        0,
        0,
        2,
        0,
        1,
        0,
        0,
        1,
        0,
        0,
        0,
        0,
        1,
        0,
        1,
        1,
        0,
        1,
        0,
        0,
        0,
        0,
        1,
        0,
        0,
        0,
        0,
        1,
        0,
        0,
        0,
        1,
        0,
        0,
        0,
        0,
        0,
        1,
        0,
        1,
        0,
        0,
        0,
        0,
        0,
        0,
        0,
        0,
        0,
        1,
        0,
        0,
        0,
        0,
        0,
        0,
        0,
        0,
        0,
        1,
        0,
        0,
        0,
        0,
        0,
        0,
        0,
        0,
        0,
        1,
        0,
        0,
        0,
        0
    ],
    "coords": [
        -0.532574,
        -1.717987,
        0.562139,
        -0.795408,
        -0.54278,
        0.513968,
        -0.037304,
        0.418729,
        -0.405055,
        0.887137,
        -0.277094,
        -1.170038,
        0.556408,
        1.41303,
        0.410668,
        -1.553779,
        -0.081534,
        1.169727,
        -0.738651,
        0.961099,
        -1.046701,
        0.876105,
        -1.196275,
        -0.856286,
        1.338067,
        1.022813,
        0.821577
    ],
    "e ne": -1076.358092671,
    "e_disp": -0.0045878485999821805,
    "e_k": 302.5733274484,
    "e_nn": 180.422504872,
    "eigs": [
        -19.16391931379108,
        -19.151169314247625,
        -19.146269314423076,
        -10.293479631417904,
        -10.285899631689322,
        -1.1007899605836424,
        -1.068849961727329,
        -1.0168399635896683,
        -0.7288199739028974,
        -0.6185799778502982,
        -0.5489199803446371,
        -0.5452599804756919,
        -0.4987399821414492,
        -0.4746599830036899,
        -0.4148899851438943,
        -0.3919299859660308,
        -0.38192998632410413,
        -0.346229987602426,
        -0.31199998882811114,
        -0.2787199900197793,
        -0.06255999775989306,
        0.040709998542283354,
        0.05560999800875405,
        0.06858999754397482,
        0.08423999698359,
        0.14919999465754546,
        0.20146999278589603,
        0.2096899924915597,
        0.22994999176610306,
        0.28646998974227245,
        0.3090999889319524,
        0.32450998838016143,
        0.36271998701196306,
        0.37774998647377883,
        0.3802199863853347,
        0.4025999855839666,
        0.41261998522517696,
        0.4351699844177216,
        0.45239998380076124,
        0.4968199822101993,
        0.5169899814879653,
        0.5480199803768636,
        0.566539979713712,
        0.5765199793563547,
        0.6031099784042376,
        0.6367899771982465,
        0.6548699765508498,
        0.668079976077835,
        0.6953899750999366,
        0.724099974071908,
        0.7349999736816081,
        0.7554299729500642,
        0.7922699716309219,
        0.8053099711639943,
        0.8167299707550744,
        0.957059965730231,
        0.9745699651032447,
        0.9956699643477098,
        1.0308999630862172,
        1.0368299628738797,
        1.0604299620288267,
        1.0961799607487144,
        1.1416599591201968,
        1.167949958178822,
        1.197799957109973,
        1.2090099567085726,
        1.2450299554187925,
        1.279459954185946,
        1.3126199529985745,
        1.3322799522946025,
        1.3851399504018265,
        1.419289949179006,
        1.4324699487070653,
        1.4594399477413416,
        1.6284699416888275,
        1.6838499397058173,
        1.7527299372394078,
        1.7582199370428255,
        1.8245999346659347,
        1.863129933286278,
        1.9073099317043098,
        1.9182399313129357,
        1.941509930479699,
        1.993199928628818,
        2.0288099273537186,
        2.064449926077545,
        2.1179499241618527,
        2.123909923948441,
        2.1303799237167675,
        2.1546499228477236,
        2.251129919393031,
        2.316949917036193,
        2.367329915232219,
        2.4012199140187085,
        2.4653299117231002,
        2.5395899090640475,
        2.6181099062524558,
        2.6348999056512503,
        2.684249903884158,
        2.7247399024343193,
        2.73335990212566,
        2.801929899670351,
        2.8434498981836303,
        2.8668798973446648,
        2.9137198956674486,
        2.9490798944013012,
        2.972129893575942,
        2.993409892813962,
        3.006339892350973,
        3.0592998904546165,
        3.105419888803183,
        3.1482798872684805,
        3.183369886012001,
        3.195449885579448,
        3.226749884458678,
        3.25872988331356,
        3.2922498821132984,
        3.329339880785204,
        3.339689880414598,
        3.359749879696303,
        3.3646098795222787,
        3.4252798773498476,
        3.4798898753944094,
        3.484879875215731,
        3.5200598739560287,
        3.589809871458467,
        3.644679869493719,
        3.6705698685666666,
        3.689889867874869,
        3.7495998657368133,
        3.77158986494941,
        3.783769864513276,
        3.8259598630025646,
        3.837109862603313,
        3.862339861699894,
        3.9288598593179898,
        3.9408798588875853,
        3.9561198583418817,
        3.99747985686089,
        4.040959855303988,
        4.065239854434585,
        4.095389853354995,
        4.138649851805969,
        4.158419851098057,
        4.198179849674358,
        4.216589849015145,
        4.26581984725235,
        4.303849845890597,
        4.370909843489357,
        4.383939843022787,
        4.483539839456376,
        4.607899835003376,
        4.64440983369605,
        4.677339832516915,
        4.731619830573293,
        4.772599829105908,
        4.818179827473809,
        4.878539825312479,
        4.926559823593011,
        4.959589822410295,
        5.005389820770319,
        5.111489816971161,
        5.174769814705272,
        5.219869813090361,
        5.248659812059468,
        5.2782698109992126,
        5.450839804819941,
        5.462349804407798,
        5.541549801571857,
        5.587319799932955,
        5.644479797886208,
        5.659369797353037,
        5.746019794250331,
        5.7973297924130565,
        5.976489785997814,
        6.12532978066825,
        6.156999779534232,
        6.172289778986738,
        6.2304297769048995,
        6.328039773409745,
        6.3845897713848405,
        6.432399769672892,
        6.473579768198346,
        6.5850597642065445,
        6.5932097639147145,
        6.626729762714453,
        6.654379761724379,
        6.69211976037301,
        6.745709758454096,
        6.752139758223854,
        6.806529756276293,
        6.844159754928862,
        6.924569752049595,
        6.941969751426548,
        6.9734197503004065,
        7.004499749187515,
        7.097489745857791,
        7.1139197452694765,
        7.201369742138124,
        7.358419736514582,
        7.403939734884633,
        9.636129654955853,
        11.242089597450704,
        11.624789583747239,
        12.303789559434056,
        13.003129534392556
    ],
    "et": [
        -304.244669599
    ],