{
    "A": 8.15199,
    "B": 1.75176,
    "C": 1.44191,
    "Cv": "16.217",
    "G": -2744.274361,
    "H": -2744.23844,
    "P": 1.0,
    "S": 0.00012047962435064223,
    "T": 298.15,
    "U": -2744.239384,
    "U0": -2744.244442,
    "alpha": 37.318,
    "alpha_xx": 79.746,
    "alpha_xy": 2.116,
    "alpha_xz": 58.227,
    "alpha_yy": 0.0,
    "alpha_yz": 0.0,
    "alpha_zz": 32.208,
    "bo": [
        0,
        3,
        0,
        0,
        0,
        0,
        0,
        3,
        0,
        1,
        0,
        0,
        0,
        0,
        0,
        1,
        0,
        2,
        0,
        1,
        0,
        0,
        0,
        2,
        0,
        1,
        0,
        1,
        0,
        0,
        0,
        1,
        0,
        0,
        0,
        0,
        0,
        1,
        0,
        0,
        0,
        0,
        0,
        0,
        0,
        1,
        0,
        0,
        0
    ],
    "coords": [
        -2.700255,
        -1.090057,
        4e-05,
        -2.065267,
        -0.127707,
        -2.7e-05,
        -1.330584,
        1.087401,
        -2e-05,
        -0.001643,
        1.186968,
        -6e-06,
        1.188519,
        -0.269331,
        -1.6e-05,
        -1.914145,
        2.000762,
        -1.6e-05,
        0.494627,
        2.144845,
        1.3e-05
    ],
    "e ne": -7067.307889372,
    "e_disp": -0.0038147161999972923,
    "e_k": 2739.783587566,
    "e_nn": 260.0820435143,
    "eigs": [
        -482.8899027089984,
        -62.53783776068656,
        -56.353997982113384,
        -56.35057798223585,
        -56.350187982249814,
        -14.327979486953206,
        -10.272069632184538,
        -10.2423896332473,
        -10.223989633906156,
        -8.726479687527998,
        -6.555459765266441,
        -6.544409765662112,
        -6.543169765706513,
        -2.6708399043643345,
        -2.6677999044731893,
        -2.6668599045068477,
        -2.6579999048241008,
        -2.6579699048251753,
        -0.9226599669620035,
        -0.8677999689263938,
        -0.7891299717433569,
        -0.6591899763961623,
        -0.5361199808029711,
        -0.5153499815466893,
        -0.4190599849945778,
        -0.40523998548943513,
        -0.3755299865532711,
        -0.3503499874548998,
        -0.34997998746814857,
        -0.3142699887468285,
        -0.28278998987404347,
        -0.07595999728007476,
        -0.022769999184666958,
        0.005609999799120846,
        0.05347999808502367,
        0.0749999973144498,
        0.09662999653993712,
        0.13681999510084028,
        0.19241999310995242,
        0.20846999253524467,
        0.23035999175142208,
        0.23418999161427997,
        0.2567299908071826,
        0.27506999015047606,
        0.2756599901293498,
        0.29000998961551444,
        0.301119989217695,
        0.3207199885158712,
        0.35541998727335666,
        0.35771998719099973,
        0.3693699867738443,
        0.39704998578269723,
        0.4261499847407037,
        0.4270899847070449,
        0.44428998409115866,
        0.46411998338109917,
        0.48120998276915183,
        0.5085299817908955,
        0.5418599805974369,
        0.5534699801817138,
        0.593909978733665,
        0.5989899785517637,
        0.6358999772301152,
        0.6467199768426797,
        0.683079975540725,
        0.6886999753394877,
        0.7176999743010749,
        0.7618999727183906,
        0.8026799712581675,
        0.8422399698416293,
        0.8726299687534445,
        0.9102899674049401,
        0.9669199653771706,
        0.987459964641688,
        1.0366499628803252,
        1.0528399623006044,
        1.1019699605413897,
        1.133869959399136,
        1.1341299593898262,
        1.1591099584953588,
        1.1995899570458777,
        1.2474999553303483,
        1.2761499543044679,
        1.3110099530562245,
        1.3289599524134825,
        1.3382799520797584,
        1.4503699480661139,
        1.4628299476199549,
        1.4748199471906247,
        1.5076699460143537,
        1.5502199444907516,
        1.5554499443034793,
        1.556159944278056,
        1.5826599433291617,
        1.655819940709497,
        1.6639599404180254,
        1.7146499386029512,
        1.7190299384461154,
        1.7395799377102743,
        1.7544599371774612,
        1.772479936532213,
        1.7965599356699722,
        1.870779933012352,
        1.8781099327498842,
        1.9477099302576937,
        1.9999399283874766,
        2.0087299280727295,
        2.0438399268155343,
        2.077549925608469,
        2.1053599246126673,
        2.1539399228731466,
        2.1720999222228854,
        2.2725399186263964,
        2.2962999177756145,
        2.354339915697357,
        2.4388399126716362,
        2.4937699107047395,
        2.51442990996496,
        2.5574699084238124,
        2.6085699065940573,
        2.6307599057994926,
        2.671249904349654,
        2.7287599022903732,
        2.787919900172012,
        2.788229900160912,
        2.809429899401796,
        2.840769898279594,
        2.863549897463903,
        2.8908098964877946,
        2.9134498956771173,
        2.9405098947081707,
        2.948869894408821,
        2.968969893689094,
        2.986219893071417,
        3.0158198920115202,
        3.0335698913759397,
        3.073509889945795,
        3.1241398881328695,
        3.170219886482867,
        3.186859885887033,
        3.2281198844096224,
        3.253109883514797,
        3.2740798827639175,
        3.330959880727196,
        3.3489098800844546,
        3.4261798773176215,
        3.5396798732534887,
        3.5503498728714247,
        3.5692298721953826,
        3.7038598673746406,
        3.71101986711826,
        3.7375998661665006,
        3.7621698652867144,
        3.8217798631522393,
        3.837109862603313,
        3.9087798600370016,
        3.9246798594676644,
        3.9630098580951696,
        3.9667698579605335,
        3.9888898571684757,
        4.091709853486765,
        4.214339849095711,
        4.243429848054076,
        4.298309846088969,
        4.38908984283838,
        4.408509842143,
        4.419369841754134,
        4.539999837434695,
        4.5448498372610295,
        4.592809835543709,
        4.644889833678864,
        4.6744498326203985,
        4.716599831111118,
        4.796089828264794,
        4.901259824498936,
        4.990879821289882,
        5.039049819565044,
        5.099819817389032,
        5.13302981619987,
        5.133169816194857,
        5.293389810457805,
        5.6361197981855575,
        5.721189795139427,
        5.82547979140508,
        6.069449782669164,
        6.089359781956241,
        6.358559772316906,
        8.081199710633756,
        10.821049612527027,
        13.538879515208777,
        15.305869451937571
    ],
    "et": [
        -2744.28578246
    ],
    "fc": [
        0.1101,
        0.206,
        0.6774,
        0.5527,
        1.3487,
        2.2674,
        0.4832,
        0.6727,
        2.0616,
        0.9399,
        1.4485,
        11.6938,
        40.6331,
        6.3844,
        6.6827
    ],
    "gap": 0.20682999259396873,
    "homo": -0.28278998987404347,
    "id": "AG7_18534",
    "ir": [
        2.8,
        0.9837,
        3.0674,
        2.6489,
        18.1328,
        12.9478,
        46.7849,
        0.0241,
        12.268,
        0.3545,
        32.3013,
        38.2709,
        8.6542,
        5.1026,
        4.0553
    ],
    "lumo": -0.07595999728007476,
    "ma": [
        14.00307,
        12.0,
        12.0,
        12.0,
        78.91834,
        1.00783,
        1.00783
    ],
    "mr": [
        15.3389,
        4.5842,
        10.2174,
        3.3252,
        6.4524,
        7.5853,
        1.4813,
        1.2622,
        3.7468,
        1.0722,
        1.3567,
        7.3408,
        12.6347,
        1.086,
        1.095
    ],
    "mu": 4.0304868465236305,
    "mu_x": 1.7914,
    "mu_xx=": -4.5562,
    "mu_xxx=": 62.8358,