{
    "A": 10.05603,
    "B": 1.1307,
    "C": 1.01739,
    "Cv": "20.795",
    "G": -504.222278,
    "H": -504.184011,
    "P": 1.0,
    "S": 0.00012834814690598333,
    "T": 298.15,
    "U": -504.184955,
    "U0": -504.191052,
    "alpha": 44.943000000000005,
    "alpha_xx": 92.16,
    "alpha_xy": -1.969,
    "alpha_xz": 63.176,
    "alpha_yy": -0.517,
    "alpha_yz": 0.229,
    "alpha_zz": 43.186,
    "bo": [
        0,
        2,
        0,
        0,
        1,
        1,
        0,
        0,
        0,
        2,
        0,
        1,
        1,
        0,
        0,
        0,
        0,
        0,
        0,
        1,
        0,
        0,
        0,
        0,
        1,
        1,
        0,
        0,
        1,
        0,
        0,
        0,
        0,
        0,
        0,
        1,
        1,
        0,
        0,
        0,
        0,
        0,
        0,
        0,
        0,
        1,
        0,
        0,
        0,
        0,
        0,
        0,
        0,
        0,
        0,
        0,
        1,
        0,
        0,
        0,
        0,
        0,
        0,
        0,
        0,
        1,
        0,
        0,
        0,
        0,
        0,
        0,
        0,
        0,
        0,
        1,
        0,
        0,
        0,
        0,
        0
    ],
    "coords": [
        1.145124,
        -0.08694,
        -0.051227,
        -0.150727,
        0.256624,
        0.029884,
        -1.209599,
        -0.54699,
        0.365165,
        -0.579787,
        1.535915,
        -0.184001,
        1.822254,
        -2.055386,
        0.234291,
        1.92829,
        0.63327,
        -0.216041,
        -1.0294,
        -1.537654,
        0.33783,
        -2.090673,
        -0.270074,
        -0.03817,
        0.164518,
        2.071235,
        -0.477731
    ],
    "e ne": -1603.854690591,
    "e_k": 317.9649366756,
    "e_nn": 245.6232250508,
    "eigs": [
        -19.172199313494595,
        -14.333219486765575,
        -10.279669631912402,
        -10.186449635250362,
        -6.82711975553902,
        -4.828599827100698,
        -4.816439827536114,
        -4.815839827557599,
        -1.9106999315829232,
        -1.9068199317218557,
        -1.9061699317451302,
        -1.89583993211502,
        -1.895829932115378,
        -1.0843999611705248,
        -0.9213099670103432,
        -0.7608999727541981,
        -0.6783999757083032,
        -0.623909977659445,
        -0.5487599803503663,
        -0.49355998232693127,
        -0.47029998315980986,
        -0.4301999845956841,
        -0.41896998499780047,
        -0.35216998738973043,
        -0.31497998872140526,
        -0.2791299900050983,
        -0.26069999066502747,
        -0.20403999269387116,
        -0.024859999109829625,
        0.026479999051821742,
        0.03895999860494619,
        0.0529299981047177,
        0.08587999692486599,
        0.09329999665917553,
        0.16717999401372954,
        0.18293999344940595,
        0.22111999208228186,
        0.23845999146138266,
        0.24515999122147347,
        0.258859990730913,
        0.271949990262195,
        0.2832799898564978,
        0.2932499894994987,
        0.3138699887611514,
        0.3407599877982922,
        0.3454599876299977,
        0.3585599871609216,
        0.3661699868884278,
        0.39559998583461786,
        0.40872998536446753,
        0.42398998481804756,
        0.45166998382690055,
        0.4598699835332804,
        0.480099982808898,
        0.48675998257042113,
        0.4998799821006289,
        0.529169981051832,
        0.5632899798300857,
        0.5668399797029696,
        0.5889699789105532,
        0.6085799782083714,
        0.6289799774779018,
        0.6726599759138374,
        0.6859099754393901,
        0.6933699751722674,
        0.7197699742269538,
        0.7661499725662094,
        0.7946099715471328,
        0.8212599705928672,
        0.8722399687674093,
        0.8771399685919533,
        0.9056199675721603,
        0.9119899673440677,
        0.9271999667994382,
        0.9339099665591709,
        0.9618799655576395,
        0.9773199650047744,
        1.0190099635119665,
        1.041859962693769,
        1.0531199622905785,
        1.0704099616714695,
        1.0855099611307786,
        1.1371999592798974,
        1.1419199591108868,
        1.1881699574547975,
        1.1965499571547322,
        1.23883995564044,
        1.293899953668888,
        1.3102699530827218,
        1.3197499527432683,
        1.3522499515795299,
        1.364879951127283,
        1.3870199503345089,
        1.3964799499957712,
        1.4181799492187521,
        1.4263799489251319,
        1.5009499462549791,
        1.518679945620115,
        1.5264499453418918,
        1.5633299440213173,
        1.6174799420823502,
        1.6631899404455968,
        1.7032599390107968,
        1.7831599361497907,
        1.8172599349287606,
        1.8641499332497546,
        1.9031299318539847,
        1.9250699310683719,
        2.0452799267639716,
        2.0698599258838275,
        2.0791199255522517,
        2.215609920664908,
        2.264569918911781,
        2.2893099180259076,
        2.3476799159358333,
        2.395559914221378,
        2.449139912302821,
        2.471119911515776,
        2.5328699093046727,
        2.580109907613134,
        2.5956599070563304,
        2.6320599057529432,
        2.65264990501567,
        2.732199902167197,
        2.7758099006056387,
        2.815719899176568,
        2.8365998984289105,
        2.866539897356839,
        2.884229896723407,
        2.9542298942168936,
        2.9686898936991195,
        3.0063698923498996,
        3.030639891480855,
        3.0400198911449823,
        3.0883998894126234,
        3.1435398874382066,
        3.1515798871503162,
        3.170679886466396,
        3.2158098848504104,
        3.256829883381594,
        3.277819882629998,
        3.2822798824702972,
        3.317539881207731,
        3.322019881047314,
        3.377769879051055,
        3.387019878719837,
        3.398669878302681,
        3.4513998764145604,
        3.50760987440183,
        3.5454898730454483,
        3.5602998725151416,
        3.583629871679756,
        3.614239870583694,
        3.6785098682823567,
        3.7251898666108696,
        3.749839865728219,
        3.77018986499954,
        3.7878998643653916,
        3.824769863045175,
        3.8766598611871332,
        3.912339859909527,
        3.959709858213333,
        3.978409857543736,
        3.999569856786053,
        4.051189854937679,
        4.109149852862285,
        4.119739852483086,
        4.170619850661208,
        4.184139850177093,
        4.240159848171166,
        4.252459847730736,
        4.296189846164881,
        4.404839842274415,
        4.423849841593716,
        4.483409839461032,
        4.540329837422878,
        4.618399834627399,
        4.680649832398393,
        4.694479831903178,
        4.740309830262127,
        4.813369827646043,
        4.895709824697667,
        4.970289822027157,
        5.009099820637473,
        5.051689819112439,
        5.087239817839489,
        5.213249813327406,
        5.278289810998496,
        5.312109809787493,
        5.431549805510664,
        5.458599804542075,
        5.501109803019905,
        5.655269797499846,
        5.742799794365631,
        5.784799792861722,
        5.855319790336589,
        5.919669788032388,
        6.045829783514933,
        6.110149781211806,
        6.34767977270649,
        6.423289769999097,
        6.568059764815269,
        6.593739763895736,
        6.667379761258883,
        6.753249758184109,
        6.768939757622291,
        6.8034797563855065,
        7.003469749224396,
        7.217989741543008,
        7.41684973442236,
        9.079419674890158,
        12.11076956634559,
        12.925789537161892,
        13.817909505217452,
        58.280167913142364
    ],
    "et": [
        -504.254708717
    ],