{
    "A": 9.33782,
    "B": 2.58949,
    "C": 2.04272,
    "Cv": "19.482",
    "G": -664.833509,
    "H": -664.797786,
    "P": 1.0,
    "S": 0.00011981552909634562,
    "T": 298.15,
    "U": -664.79873,
    "U0": -664.8044,
    "alpha": 33.42666666666667,
    "alpha_xx": 68.626,
    "alpha_xy": -2.983,
    "alpha_xz": 47.339,
    "alpha_yy": 0.987,
    "alpha_yz": 0.006,
    "alpha_zz": 30.667,
    "bo": [
        0,
        1,
        0,
        0,
        0,
        1,
        1,
        0,
        0,
        1,
        0,
        2,
        0,
        0,
        0,
        0,
        0,
        0,
        0,
        2,
        0,
        1,
        1,
        0,
        0,
        0,
        0,
        0,
        0,
        1,
        0,
        0,
        0,
        0,
        1,
        1,
        0,
        0,
        1,
        0,
        0,
        0,
        0,
        0,
        0,
        1,
        0,
        0,
        0,
        0,
        0,
        0,
        0,
        0,
        1,
        0,
        0,
        0,
        0,
        0,
        0,
        0,
        0,
        0,
        0,
        0,
        1,
        0,
        0,
        0,
        0,
        0,
        0,
        0,
        0,
        1,
        0,
        0,
        0,
        0,
        0
    ],
    "coords": [
        1.17046,
        -0.930045,
        -0.629313,
        0.81962,
        -0.079943,
        0.46164,
        -0.294592,
        0.494448,
        0.29317,
        -1.112164,
        0.411574,
        -0.81159,
        -0.880363,
        1.563577,
        1.551926,
        2.074405,
        -1.317631,
        -0.393901,
        1.29996,
        -0.368019,
        -1.470292,
        -2.066037,
        0.701034,
        -0.669804,
        -1.011288,
        -0.474993,
        -1.292835
    ],
    "e ne": -2012.644462814,
    "e_disp": -0.004378327600022658,
    "e_k": 662.4803262792,
    "e_nn": 220.3459553037,
    "eigs": [
        -101.5641063632598,
        -14.345999486307957,
        -14.341529486468017,
        -14.327589486967172,
        -10.28874963158727,
        -9.469869660909183,
        -7.232909741008762,
        -7.224099741324224,
        -7.223749741336756,
        -1.0060399639763877,
        -0.9239099669172441,
        -0.8525299694731718,
        -0.7866999718303687,
        -0.5892099789019596,
        -0.5525299802153726,
        -0.5266199811431407,
        -0.4924799823656031,
        -0.4298999846064262,
        -0.4215899849039852,
        -0.3493599874903491,
        -0.32581998833325376,
        -0.31188998883204994,
        -0.28307998986365934,
        -0.22415999197342754,
        0.014949999464680326,
        0.02133999923587145,
        0.03320999881083837,
        0.056039997993356884,
        0.09847999647369356,
        0.1062299961961867,
        0.17047999389556534,
        0.20943999250051154,
        0.24829999110903844,
        0.27574999012612705,
        0.31035998888683525,
        0.31541998870565,
        0.3206199885194519,
        0.34601998760994557,
        0.3582499871720219,
        0.370509986733024,
        0.3865399861590323,
        0.39952998569389503,
        0.405259985488719,
        0.4188099850035296,
        0.4436799841130012,
        0.45190998381830677,
        0.4566899836471477,
        0.4757899829632276,
        0.4818899827448028,
        0.5116999816773862,
        0.5304199810070729,
        0.5522899802239664,
        0.5630399798390375,
        0.5882699789356184,
        0.6088799781976292,
        0.6230199776913135,
        0.6754999758121446,
        0.693409975170835,
        0.7325899737679037,
        0.7634799726618152,
        0.7968399714672824,
        0.8292799703056923,
        0.8604199691906519,
        0.907449967506633,
        0.9292699667253168,
        0.9447599661706613,
        0.9823899648232312,
        0.9930299644422411,
        1.017719963558158,
        1.0630799619339373,
        1.0853599611361497,
        1.1006999605868653,
        1.194799957217395,
        1.23011995595268,
        1.246459955367588,
        1.2650899547004972,
        1.2818599541000082,
        1.3489399516980523,
        1.3927899501279006,
        1.4362899485702814,
        1.4614899476679364,
        1.520699945547784,
        1.5265099453397437,
        1.5527899443987268,
        1.5875999431522734,
        1.6029899426011982,
        1.6586499406081618,
        1.7016699390677306,
        1.709899938773036,
        1.7140599386240776,
        1.7916099358472186,
        1.8334799343479655,
        1.9028699318632945,
        1.9150399314275193,
        1.9192299312774865,
        1.9379299306078894,
        1.9542599300231556,
        2.02320992755424,
        2.0312099272677813,
        2.0506299265724026,
        2.0871699252640026,
        2.0988899248443404,
        2.1839799217974942,
        2.1938699214433597,
        2.219999920507714,
        2.244439919632583,
        2.270639918694431,
        2.2751499185329394,
        2.332429916481895,
        2.3784499148340417,
        2.430379912974567,
        2.526999909514862,
        2.535079909225538,
        2.593889907119709,
        2.6732099042794712,
        2.7504999015119225,
        2.8540998978022825,
        2.862089897516181,
        2.9381498947926756,
        2.969179893681574,
        2.9775698933811507,
        2.9984498926334933,
        3.0583498904886337,
        3.083159889600254,
        3.114789888467668,
        3.141449887513044,
        3.157059886954092,
        3.179489886150933,
        3.2053998852231653,
        3.216339884831433,
        3.301529881781006,
        3.307939881551481,
        3.3109998814419104,
        3.322219881040152,
        3.3664298794571095,
        3.3770698790761196,
        3.3977098783370563,
        3.416169877676053,
        3.4439698766806095,
        3.464779875935459,
        3.5090298743509836,
        3.5310098735639386,
        3.547249872982427,
        3.590879871420153,
        3.6269498701285823,
        3.6615898688882162,
        3.710769867127212,
        3.7433298659613246,
        3.775889864795438,
        3.8153798633814064,
        3.8387998625427984,
        3.8554298619473224,
        3.905579860151585,
        3.9105098599750545,
        3.9333698591564987,
        3.9938498569908716,
        4.06489985444676,
        4.072869854161375,
        4.111349852783509,
        4.124209852323027,
        4.161139851000661,
        4.19989984961277,
        4.205409849415471,
        4.259459847480085,
        4.300479846011267,
        4.318329845372106,
        4.399569842463118,
        4.493919839084697,
        4.563909836578541,
        4.629129834243186,
        4.661779833074077,
        4.705249831517532,
        4.733069830521372,
        4.766049829340446,
        4.8034998279994605,
        4.846579826456881,
        4.938459823166904,
        4.983279821562019,
        5.018609820296945,
        5.050639819150036,
        5.085459817903225,
        5.123319816547559,
        5.162489815144985,
        5.2332898126098275,
        5.286169810716334,
        5.333259809030167,
        5.358869808113141,
        5.422429805837227,
        5.466639804254185,
        5.4972998031563325,
        5.615379798928202,
        5.658329797390277,
        5.681159796572795,
        5.737939794539654,
        5.800479792300264,
        5.891569789038573,
        5.90161978867871,
        5.925149787836163,
        5.951929786877242,
        6.043129783611613,
        6.0595597830233,
        6.129649780513562,
        6.335309773149426,
        6.650449761865103,
        6.744089758512104,
        6.8728497539015505,
        8.468649696760204,
        12.144449565139599,
        12.701919545178082,
        13.459069518066558
    ],
    "et": [
        -664.870316896
    ],