{
    "A": 9.11494,
    "B": 5.89128,
    "C": 3.57843,
    "Cv": "12.431",
    "G": -601.023185,
    "H": -600.991497,
    "P": 1.0,
    "S": 0.0001062820727822607,
    "T": 298.15,
    "U": -600.992441,
    "U0": -600.996164,
    "alpha": 27.539666666666665,
    "alpha_xx": 56.947,
    "alpha_xy": -0.632,
    "alpha_xz": 49.684,
    "alpha_yy": 0.0,
    "alpha_yz": 0.0,
    "alpha_zz": 25.672,
    "bo": [
        0,
        2,
        0,
        0,
        1,
        1,
        2,
        0,
        1,
        0,
        0,
        0,
        0,
        1,
        0,
        2,
        0,
        0,
        0,
        0,
        2,
        0,
        1,
        0,
        1,
        0,
        0,
        1,
        0,
        0,
        1,
        0,
        0,
        0,
        0,
        0
    ],
    "coords": [
        0.824742,
        0.041334,
        0.099696,
        0.145207,
        -1.07155,
        0.106275,
        -1.180062,
        -0.829057,
        -0.079279,
        -1.526836,
        0.377469,
        -0.221905,
        -0.157684,
        1.411815,
        -0.135967,
        1.894633,
        0.06999,
        0.231181
    ],
    "e ne": -1839.308504026,
    "e_disp": -0.0012061111999912555,
    "e_k": 598.7286105761,
    "e_nn": 209.9518134064,
    "eigs": [
        -88.97238681413575,
        -14.41124948397153,
        -14.405069484192818,
        -14.375409485254865,
        -10.27478963208714,
        -8.022389712739585,
        -5.986079785654423,
        -5.9818497858058866,
        -5.980189785865328,
        -1.1115299601990718,
        -0.9206899670325438,
        -0.8477899696428987,
        -0.6727899759091823,
        -0.6241299776515673,
        -0.5217299813182387,
        -0.48462998264669077,
        -0.46837998322855995,
        -0.3836099862639478,
        -0.3408799877939953,
        -0.3256899883379087,
        -0.3134799887751163,
        -0.29785998933442687,
        -0.08161999707740523,
        -0.03406999878004407,
        -0.015609999441047484,
        0.04253999847675593,
        0.07519999730728832,
        0.14952999464572903,
        0.18820999326070129,
        0.2080699925495676,
        0.23912999143739175,
        0.23953999142271074,
        0.2829199898693885,
        0.3084799889541529,
        0.3297599881921729,
        0.35095998743305734,
        0.3693599867742024,
        0.38418998624317957,
        0.39982998568315287,
        0.4106799852946432,
        0.4238199848241348,
        0.45166998382690055,
        0.4667899832854936,
        0.4881799825195747,
        0.4928999823505641,
        0.5393399806876714,
        0.5736499794591217,
        0.6139799780150119,
        0.6161099779387423,
        0.6610599763292023,
        0.6804199756359725,
        0.7131099744654307,
        0.7465399732683914,
        0.7930699716022761,
        0.8218199705728152,
        0.8487499696085236,
        0.8682199689113547,
        0.9292599667256749,
        0.9643699654684793,
        0.9756099650660048,
        0.9975999642786016,
        1.0656499618419124,
        1.1006699605879395,
        1.1178099599742017,
        1.241809955534092,
        1.2797299541762779,
        1.351519951605669,
        1.3733299508247112,
        1.4014899498163766,
        1.4385799484882824,
        1.4995099463065416,
        1.5000999462854152,
        1.517999945644464,
        1.553279944381181,
        1.5732999436643182,
        1.5928199429653591,
        1.6576499406439695,
        1.6646099403947503,
        1.692359939401097,
        1.7155499385707247,
        1.7203899383974173,
        1.777119936366067,
        1.7992399355740085,
        1.8403999341001787,
        1.8662899331731269,
        1.9086899316548958,
        1.9210799312112428,
        2.034469927151049,
        2.1043399246491905,
        2.109189924475525,
        2.146809923128453,
        2.1909099215493497,
        2.2442999196375957,
        2.2978099177215454,
        2.427099913092015,
        2.4889799108762567,
        2.567739908056071,
        2.7123399028783304,
        2.7258899023931407,
        2.7920099000255596,
        2.8350198984854864,
        2.8562598977249385,
        2.931969895013965,
        2.9679798937245425,
        2.9926298928418924,
        3.0690598901051374,
        3.0691098901033467,
        3.116939888390682,
        3.191749885711935,
        3.2207498846735225,
        3.224809884528145,
        3.2623498831839375,
        3.277789882631072,
        3.376519879095814,
        3.409039877931359,
        3.4602398760980235,
        3.5319898735288473,
        3.5473898729774143,
        3.580529871790759,
        3.5880498715214877,
        3.713849867016925,
        3.738259866142868,
        3.7415698660243457,
        3.823369863095306,
        3.8347298626885347,
        3.8645598616204015,
        3.8754898612290276,
        4.014539856250018,
        4.065249854434227,
        4.0824598538179835,
        4.170909850650824,
        4.214469849091057,
        4.2822698466633184,
        4.327549845041963,
        4.393669842674382,
        4.458859840340101,
        4.496569838989807,
        4.568619836409889,
        4.5867298357614175,
        4.604889835111156,
        4.652429833408875,
        4.75137982986574,
        4.7859798286268065,
        4.798909828163818,
        4.8114998277130026,
        4.832269826969285,
        4.8866098250235135,
        4.9613098223487055,
        5.040959819496652,
        5.064599818650167,
        5.076829818212243,
        5.201939813732387,
        5.2450098121901645,
        5.300029810220044,
        5.389809807005262,
        5.490259803408415,
        5.573199800438555,
        5.637789798125759,
        5.669059797006064,
        5.7856397928316445,
        5.8212797915554715,
        5.891069789056477,
        6.110129781212522,
        6.309399774077194,
        7.459429732897683,
        9.787569649533193,
        11.927889572894035,
        12.643449547271738
    ],
    "et": [
        -601.026412893
    ],
    "fc": [
        1.0443,
        2.9349,
        3.5798,
        4.0283,
        0.5328,
        4.0275,
        1.7572,
        6.1787,
        1.3952,
        7.5932,
        10.7141,
        6.7736
    ],
    "gap": 0.21623999225702162,
    "homo": -0.29785998933442687,
    "id": "AG7_41377",
    "ir": [
        0.1463,
        16.6338,
        1.0557,
        2.3148,
        19.7762,
        23.1903,
        22.6205,
        15.0196,
        23.423,
        28.7746,
        12.3655,
        1.8331
    ],
    "lumo": -0.08161999707740523,
    "ma": [
        12.0,
        14.00307,
        14.00307,
        14.00307,
        31.97207,
        1.00783
    ],
    "mr": [
        6.6075,
        17.6333,
        13.4557,
        13.8043,
        1.228,
        8.9362,
        3.5074,
        10.4988,
        1.588,
        7.3459,
        9.1033,
        1.0956
    ],
    "mu": 3.669448495346406,
    "mu_x": -2.8208,
    "mu_xx=": -2.5337,
    "mu_xxx=": -11.2922,
    "mu_xxy=": -1.8603,
    "mu_xxz=": -0.0001,
    "mu_xy=": -0.833,
    "mu_xyy=": -4.8058,
    "mu_xyz=": 0.0,
    "mu_xz=": 0.0002,
    "mu_xzz=": 0.3831,
    "mu_y": 2.3469,
    "mu_yy=": 1.5798,
    "mu_yyy=": 12.9649,
    "mu_yyz=": 0.0007,
    "mu_yz=": 0.0005,
    "mu_yzz=": -0.965,
    "mu_z": 0.0001,
    "mu_zz=": 0.9539,
    "mu_zzz=": 0.0,
    "na": 6,
    "ne": 44,
    "ne_down": 22,
    "ne_up": 22,
    "ni": 5,
    "oemga": [
        517.9163,
        531.4972,
        671.9764,
        703.7653,
        858.1561,
        874.6175,
        922.1289,
        999.4312,
        1221.1211,
        1324.5446,
        1413.3608,
        3239.2824
    ],
    "oemga0": 3239.2824,
    "qa": [
        -0.087931,
        -0.110124,
        -0.002975,
        -0.170918,
        0.214699,
        0.157247
    ],
    "r2": 340.6146,