{
    "A": 14.24919,
    "B": 3.46064,
    "C": 2.7844,
    "Cv": "14.902",
    "G": -270.022192,
    "H": -269.988813,
    "P": 1.0,
    "S": 0.00011195371457328499,
    "T": 298.15,
    "U": -269.989757,
    "U0": -269.99443,
    "alpha": 27.043666666666667,
    "alpha_xx": 58.494,
    "alpha_xy": -4.967,
    "alpha_xz": 35.295,
    "alpha_yy": 0.0,
    "alpha_yz": 0.0,
    "alpha_zz": 22.637,
    "bo": [
        0,
        3,
        0,
        0,
        0,
        0,
        0,
        3,
        0,
        1,
        0,
        0,
        0,
        0,
        0,
        1,
        0,
        2,
        0,
        1,
        0,
        0,
        0,
        2,
        0,
        1,
        0,
        1,
        0,
        0,
        0,
        1,
        0,
        0,
        0,
        0,
        0,
        1,
        0,
        0,
        0,
        0,
        0,
        0,
        0,
        1,
        0,
        0,
        0
    ],
    "coords": [
        2.167241,
        -0.503601,
        1.1e-05,
        1.1928,
        0.112209,
        -8e-06,
        0.01716,
        0.907363,
        2e-06,
        -1.216482,
        0.411141,
        5e-06,
        -1.465438,
        -0.89393,
        -1.1e-05,
        0.134834,
        1.981955,
        6e-06,
        -2.113679,
        1.014355,
        3e-06
    ],
    "e ne": -914.0227922487,
    "e_disp": -0.0025196212999958334,
    "e_k": 268.5671515433,
    "e_nn": 140.0895427818,
    "eigs": [
        -24.733039114375725,
        -14.324809487066714,
        -10.306179630963149,
        -10.235529633492938,
        -10.223009633941247,
        -1.269899954528264,
        -0.9193299670812417,
        -0.8319699702093706,
        -0.6812399756066104,
        -0.5877999789524478,
        -0.5604999799299882,
        -0.5052899819069112,
        -0.4882399825174263,
        -0.4213999849107886,
        -0.3866899861536612,
        -0.3734499866277504,
        -0.34791998754191167,
        -0.2935299894894727,
        -0.06303999774270554,
        0.005019999820247173,
        0.05396999806747807,
        0.06851999754648133,
        0.08883999681887626,
        0.10302999631077017,
        0.1369799950951111,
        0.2231199920106672,
        0.2505099910299043,
        0.27061999030981876,
        0.29341998949341147,
        0.32366998841023953,
        0.32580998833361186,
        0.3418199877603364,
        0.35917998713872107,
        0.39028998602475484,
        0.4134699851947408,
        0.4470999839905401,
        0.4629299834237099,
        0.4780099828837353,
        0.4993299821203229,
        0.5265399811460053,
        0.53652998078829,
        0.5949699786957092,
        0.6056999783114967,
        0.6203099777883514,
        0.6635399762404003,
        0.6700499760072945,
        0.7282699739225914,
        0.747669973227929,
        0.787079971816762,
        0.8271299703826781,
        0.8617899691415959,
        0.8682299689109966,
        0.9242299669057857,
        0.9811299648683484,
        0.9831799647949434,
        1.0325099630285675,
        1.0578099621226418,
        1.0705699616657403,
        1.136199959315705,
        1.145019958999884,
        1.1725399580144662,
        1.222339956231261,
        1.2704599545082118,
        1.2984599535056063,
        1.3316699523164446,
        1.345959951804758,
        1.3492499516869518,
        1.4489599481166024,
        1.5204099455581683,
        1.6137899422144792,
        1.6703599401888585,
        1.7206999383863166,
        1.779279936288723,
        1.8867499324405088,
        1.9199999312499147,
        1.9447599303633252,
        1.957459929908572,
        2.035859927101277,
        2.066489926004498,
        2.103189924690369,
        2.133419923607913,
        2.1953699213896485,
        2.2182999205685867,
        2.2846799181916952,
        2.330749916542052,
        2.3620999154194915,
        2.3734799150120036,
        2.4659099117023318,
        2.4764899113234904,
        2.5584499083887215,
        2.560289908322836,
        2.608509906596206,
        2.6288899058664525,
        2.6791099040682083,
        2.714019902818174,
        2.7658399009626375,
        2.767289900910717,
        2.8294998986831428,
        2.829569898680636,
        2.8758798970223984,
        2.905529895960711,
        2.912749895702182,
        2.9788098933367495,
        2.991419892885219,
        2.9951498927516575,
        3.062589890336811,
        3.0637298902959906,
        3.071399890021348,
        3.1128398885374917,
        3.117779888360604,
        3.146469887333291,
        3.202209885337391,
        3.237059884089505,
        3.3018098817709802,
        3.3475198801342265,
        3.348029880115965,
        3.4068998780079864,
        3.4452198766358495,
        3.5425498731507217,
        3.5519998728123423,
        3.5836398716793987,
        3.67717986832998,
        3.6955898676707672,
        3.725519866599053,
        3.7582298654277957,
        3.8285798629087493,
        3.8314898628045504,
        3.88276986096835,
        3.9509298585277217,
        3.9659598579895374,
        3.972239857764668,
        3.988839857170266,
        4.191259849922145,
        4.259419847481517,
        4.2852798465555395,
        4.358829843921909,
        4.3620998438048195,
        4.415729841884472,
        4.54121983739101,
        4.546259837210541,
        4.563469836594296,
        4.6294698342310125,
        4.6611398330969935,
        4.692959831957604,
        4.739449830292921,
        4.75973982956639,
        4.815229827579442,
        4.975849821828067,
        5.002269820882037,
        5.050029819171878,
        5.101209817339259,
        5.133409816186263,
        5.140509815932031,
        5.320779809477043,
        5.623379798641742,
        5.758409793806678,
        5.824719791432294,
        5.944359787148303,
        6.075599782448949,
        6.112149781140191,
        6.366409772035818,
        6.830469755419065,
        6.833549755308779,
        6.964299750626969,
        7.021839748566616,
        7.2324997410234415,
        7.374889735924835,
        7.7015297242287275,
        8.201399706329713,
        8.292089703082347,
        8.392469699488005,
        8.734039687257296,
        8.920619680576362,
        8.996509677858944,
        11.031489604991732,
        11.472539589198906,
        13.730299508354534,
        15.313329451670448
    ],
    "et": [
        -270.037998785
    ],
    "fc": [
        0.1653,
        0.2076,
        0.9682,
        0.9787,
        2.599,
        0.4783,
        3.3421,
        0.7138,
        1.6388,
        1.2925,
        1.7133,
        11.5863,
        40.7928,
        6.5068,
        6.6828
    ],
    "gap": 0.23048999174676715,
    "homo": -0.2935299894894727,
    "id": "AG7_18535",
    "ir": [
        2.4103,
        0.4599,
        3.5622,
        3.8106,
        9.4951,
        37.7883,
        15.2993,
        0.253,
        66.4519,
        54.9487,
        7.7769,
        100.6304,
        12.7212,
        5.9468,
        1.4254
    ],
    "lumo": -0.06303999774270554,
    "ma": [
        14.00307,
        12.0,
        12.0,
        12.0,
        18.9984,
        1.00783,
        1.00783
    ],
    "mr": [
        12.3545,
        3.9946,
        9.5408,
        4.7721,
        7.7362,
        1.3391,
        6.4107,
        1.3421,
        2.2585,
        1.3469,
        1.4562,
        6.7654,
        12.6301,
        1.0855,
        1.0994
    ],
    "mu": 4.519519135925856,
    "mu_x": -3.3971,
    "mu_xx=": -3.5422,
    "mu_xxx=": -37.4817,
    "mu_xxy=": 7.974,
    "mu_xxz=": -0.0001,
    "mu_xy=": 0.5114,
    "mu_xyy=": -5.6356,
    "mu_xyz=": 0.0,
    "mu_xz=": -0.0001,
    "mu_xzz=": -4.0646,
    "mu_y": 2.9809,
    "mu_yy=": 2.9073,
    "mu_yyy=": -0.414,
    "mu_yyz=": 0.0,
    "mu_yz=": 0.0,
    "mu_yzz=": -3.3054,
    "mu_z": 0.0,
    "mu_zz=": 0.6349,
    "mu_zzz=": -0.0001,
    "na": 7,
    "ne": 36,
    "ne_down": 18,