{
    "A": 5.4006,
    "B": 3.83011,
    "C": 2.24088,
    "Cv": "19.054",
    "G": -590.018188,
    "H": -589.982739,
    "P": 1.0,
    "S": 0.00011889652859289426,
    "T": 298.15,
    "U": -589.983684,
    "U0": -589.989214,
    "alpha": 31.207000000000004,
    "alpha_xx": 62.131,
    "alpha_xy": -1.1,
    "alpha_xz": 78.488,
    "alpha_yy": 0.002,
    "alpha_yz": -0.001,
    "alpha_zz": 31.488,
    "bo": [
        0,
        2,
        0,
        0,
        0,
        1,
        1,
        0,
        0,
        2,
        0,
        1,
        0,
        1,
        0,
        0,
        0,
        0,
        0,
        1,
        0,
        2,
        0,
        0,
        0,
        1,
        0,
        0,
        0,
        2,
        0,
        0,
        0,
        0,
        0,
        0,
        0,
        1,
        0,
        0,
        0,
        0,
        0,
        0,
        1,
        1,
        0,
        0,
        0,
        0,
        0,
        0,
        0,
        0,
        1,
        0,
        0,
        0,
        0,
        0,
        0,
        0,
        0,
        0,
        0,
        1,
        0,
        0,
        0,
        0,
        0,
        0,
        0,
        0,
        0,
        0,
        1,
        0,
        0,
        0,
        0
    ],
    "coords": [
        -0.760967,
        1.204525,
        0.212191,
        0.165204,
        0.267143,
        -0.019625,
        -0.26016,
        -1.154567,
        -0.005628,
        0.468139,
        -2.097356,
        -0.197953,
        1.86604,
        0.603279,
        -0.342494,
        -0.539346,
        2.262325,
        0.220831,
        -1.785241,
        0.909942,
        0.401994,
        -1.337545,
        -1.292882,
        0.202455,
        2.183876,
        -0.702409,
        -0.47177
    ],
    "e ne": -1799.308348174,
    "e_disp": -0.004750228099993592,
    "e_k": 587.8065004207,
    "e_nn": 202.4453146542,
    "eigs": [
        -88.90192681665872,
        -19.14575931444134,
        -10.28022963189235,
        -10.234439633531968,
        -10.20366963463376,
        -7.954629715165891,
        -5.918779788064256,
        -5.915359788186716,
        -5.91028978836826,
        -1.069799961693312,
        -0.8413299698742139,
        -0.7362199736379231,
        -0.6581899764319695,
        -0.5541699801566486,
        -0.5083399817976988,
        -0.48545998261697065,
        -0.43331998448396514,
        -0.4263199847346165,
        -0.4113199852717266,
        -0.357269987207113,
        -0.3371399879279147,
        -0.28417998982427123,
        -0.2447799912350803,
        -0.07948999715367487,
        0.015039999461457666,
        0.0314199988749335,
        0.03712999867047362,
        0.06014999784618874,
        0.0894899967956015,
        0.10742999615321788,
        0.16859999396288314,
        0.1984299928947503,
        0.20877999252414436,
        0.22524999193439757,
        0.2604799906729051,
        0.28490998979813187,
        0.2910499895782748,
        0.293889989476582,
        0.3042799891045438,
        0.3130199887915877,
        0.3415899877685721,
        0.3506199874452319,
        0.3783799864512202,
        0.3854799861969881,
        0.4051499854926578,
        0.4232699848438289,
        0.45737998362244064,
        0.47138998312077984,
        0.4752999829807732,
        0.4756799829671664,
        0.5099299817407651,
        0.5407099806386154,
        0.5578899800234453,
        0.591609978816022,
        0.5946999787053773,
        0.6161599779369519,
        0.6299299774438848,
        0.6786399756997095,
        0.6793599756739281,
        0.7115299745220062,
        0.7572299728856109,
        0.7779699721429669,
        0.7906099716903621,
        0.8272399703787393,
        0.8370599700271114,
        0.8419499698520134,
        0.8757199686427998,
        0.8789299685278581,
        0.9017899677093025,
        0.9636599654939025,
        0.9955499643520067,
        1.0109899637991413,
        1.0726099615926934,
        1.0882799610315923,
        1.1240299597514802,
        1.146949958930776,
        1.1739099579654102,
        1.2107099566477002,
        1.2238099561786242,
        1.2647799547115974,
        1.2667899546396248,
        1.2950999536259191,
        1.3055099532531647,
        1.3678599510205773,
        1.4083399495710964,
        1.4920099465750967,
        1.5191299456040017,
        1.5206399455499326,
        1.575099943599865,
        1.5998199427147077,
        1.6378699413522386,
        1.6437599411413335,
        1.6860999396252507,
        1.6948899393105041,
        1.7525199372469276,
        1.7871399360072775,
        1.8255999346301273,
        1.851949933686604,
        1.858929933436669,
        1.8821599326048644,
        1.9509699301409618,
        1.9926699286477958,
        1.9937099286105562,
        2.0380699270221423,
        2.09275992506384,
        2.100459924788123,
        2.118129924155407,
        2.159639922669045,
        2.169379922320281,
        2.2102499208568354,
        2.2495599194492493,
        2.289939918003349,
        2.350839915822682,
        2.4160899134862537,
        2.4760699113385294,
        2.488399910897025,
        2.49122991079569,
        2.5280999094754737,
        2.5696199079887534,
        2.577849907694059,
        2.630529905807728,
        2.684129903888455,
        2.7376599019716887,
        2.793379899976504,
        2.8278598987418664,
        2.8339198985248744,
        2.8383798983651736,
        2.9158398955915374,
        2.9246698952753585,
        2.9362598948603513,
        2.9609398939766267,
        2.962499893920767,
        3.020899891829619,
        3.0271698916051064,
        3.0435798910175085,
        3.0898798893596284,
        3.0934898892303644,
        3.1081698887047127,
        3.165469886652952,
        3.191239885730197,
        3.198889885456271,
        3.278389882609588,
        3.286789882308806,
        3.287789882272999,
        3.3123098813950027,
        3.3336198806319484,
        3.3596298797006,
        3.3877698786929815,
        3.4338898770415467,
        3.502749874575853,
        3.53215987352276,
        3.5827998717094767,
        3.583839871672237,
        3.6378898697368505,
        3.64556986946185,
        3.7045398673502916,
        3.743079865970276,
        3.7568698654764936,
        3.8091598636041275,
        3.8850398608870673,
        3.8855798608677317,
        3.912089859918479,
        3.9425898588263553,
        3.9762798576200056,
        4.001589856713722,
        4.015789856205258,
        4.029089855729021,
        4.062169854544514,
        4.091899853479962,
        4.150789851371267,
        4.1940198498233165,
        4.1981998496736415,
        4.199639849622079,
        4.290799846357882,
        4.3464998443634135,
        4.395289842616374,
        4.430579841352733,
        4.480779839555205,
        4.573189836246249,
        4.665359832945887,
        4.74047983025604,
        4.785919828628955,
        4.795689828279117,
        4.88087982522869,
        4.889859824907139,
        4.979019821714558,
        5.004709820794667,
        5.074859818282783,
        5.166159815013573,
        5.207569813530791,
        5.282029810864577,
        5.40448980647961,
        5.606379799250468,
        5.628329798464496,
        5.768669793439295,
        5.798579792368297,
        5.848269790589031,
        6.041489783670337,
        6.152729779687129,
        6.265379775653434,
        6.335859773129733,
        6.46757976841319,
        6.797879756586027,
        6.836789755192763,
        7.004949749171401,
        7.046659747677878,
        9.068289675288693,
        10.734559615624002,
        13.021979533717586,
        13.931899501135776
    ],
    "et": [
        -590.050219843
    ],