{
    "A": 8.80555,
    "B": 1.36703,
    "C": 1.18332,
    "Cv": "14.996",
    "G": -499.147425,
    "H": -499.111858,
    "P": 1.0,
    "S": 0.00011929230253233125,
    "T": 298.15,
    "U": -499.112802,
    "U0": -499.117442,
    "alpha": 44.824666666666666,
    "alpha_xx": 94.616,
    "alpha_xy": 3.486,
    "alpha_xz": 59.532,
    "alpha_yy": -0.001,
    "alpha_yz": -0.001,
    "alpha_zz": 39.859,
    "bo": [
        0,
        2,
        0,
        0,
        0,
        1,
        0,
        2,
        0,
        1,
        0,
        0,
        0,
        0,
        0,
        1,
        0,
        2,
        1,
        0,
        0,
        0,
        0,
        2,
        0,
        0,
        0,
        1,
        0,
        0,
        1,
        0,
        0,
        0,
        0,
        1,
        0,
        0,
        0,
        0,
        0,
        0,
        0,
        0,
        0,
        1,
        0,
        0,
        0
    ],
    "coords": [
        0.953508,
        0.070988,
        -0.031717,
        0.423434,
        0.981312,
        0.609427,
        -1.061561,
        0.882265,
        0.539414,
        -1.74502,
        0.032147,
        -0.059411,
        -1.932758,
        2.46099,
        1.652153,
        1.971414,
        0.194587,
        0.055007,
        -1.131616,
        -0.640688,
        -0.533373
    ],
    "e ne": -1556.574287054,
    "e_k": 312.8765961055,
    "e_nn": 228.516766975,
    "eigs": [
        -14.411439483964728,
        -14.400429484358964,
        -14.334319486726185,
        -10.294199631392122,
        -6.842669754982216,
        -4.844399826534942,
        -4.83229982696821,
        -4.83084982702013,
        -1.926559931015019,
        -1.9227899311500123,
        -1.9216299311915488,
        -1.9111999315650194,
        -1.9111599315664518,
        -1.0790199613631684,
        -0.9411099663013579,
        -0.7619699727158842,
        -0.7046899747669284,
        -0.5765399793556386,
        -0.5392599806905359,
        -0.4848199826398873,
        -0.4560399836704225,
        -0.3972499857755357,
        -0.3607599870821455,
        -0.3167399886583844,
        -0.2761299901125203,
        -0.27093999029836036,
        -0.2644199905318242,
        -0.11269999596451323,
        -0.04229999848534968,
        0.012159999564582795,
        0.03443999876679535,
        0.08706999688225525,
        0.12027999569309361,
        0.16060999424898376,
        0.19932999286252373,
        0.23857999145708578,
        0.24968999105926626,
        0.25542999085373214,
        0.2592199907180224,
        0.28079998994530003,
        0.28733998971112,
        0.3041599891088406,
        0.3276699882670102,
        0.3497199874774584,
        0.3503699874541837,
        0.38900998607058823,
        0.40508998549480624,
        0.446019984029212,
        0.4463199840184698,
        0.45477998371553974,
        0.5021599820189883,
        0.511859981671657,
        0.5240099812365978,
        0.5499799803066814,
        0.5613299799002681,
        0.5803499792192126,
        0.6028799784124732,
        0.6073699782516984,
        0.615459977962017,
        0.6560999765068068,
        0.7234999740933924,
        0.7424799734137691,
        0.8010699713158173,
        0.809299971021123,
        0.8320699702057899,
        0.8946299679656831,
        0.9220599669834877,
        0.9227899669573484,
        0.9395699663565014,
        0.9465099661079984,
        0.9622699655436747,
        0.9880799646194873,
        1.0168299635900264,
        1.033409962996341,
        1.080789961299789,
        1.1173999599888826,
        1.1551899586357235,
        1.1652099582769342,
        1.223849956177192,
        1.2300099559566187,
        1.2713199544774176,
        1.3069199532026765,
        1.3456799518147842,
        1.364209951151274,
        1.4050899496874703,
        1.4416099483797864,
        1.4575399478093756,
        1.4638099475848634,
        1.4844199468468744,
        1.4958299464383125,
        1.5072499460293929,
        1.530939945181117,
        1.5745899436181265,
        1.6055099425109638,
        1.6726499401068595,
        1.7475199374259642,
        1.754359937181042,
        1.8165699349534676,
        1.9476499302598422,
        1.9968999284963307,
        2.040309926941934,
        2.076629925641412,
        2.3704799151194265,
        2.3794899147968023,
        2.455129912088335,
        2.470179911549435,
        2.470299911545138,
        2.5966799070198068,
        2.6649499045752405,
        2.717549902691774,
        2.7778999005308007,
        2.8118098993165748,
        2.8546198977836625,
        2.8590798976239618,
        2.8953598963248717,
        2.931459895032227,
        2.9638998938706367,
        2.9803398932819642,
        3.0727698899722915,
        3.0915398893001886,
        3.1652198866619043,
        3.1805598861126194,
        3.201029885379643,
        3.245549883785501,
        3.284799882380063,
        3.296769881951449,
        3.355889879834519,
        3.3596298797006,
        3.3714998792755666,
        3.4135398777702264,
        3.4801598753847416,
        3.48419987524008,
        3.5093498743395255,
        3.5877598715318717,
        3.6091498707659535,
        3.6948898676958324,
        3.759719865374443,
        3.764049865219397,
        3.8112798635282163,
        3.8284398629137626,
        3.871709861364379,
        3.912189859914898,
        3.9330798591668827,
        4.02446985589445,
        4.057979854694546,
        4.138619851807044,
        4.195419849773186,
        4.315589845470219,
        4.322299845229952,
        4.342909844491962,
        4.3989598424849605,
        4.495919839013082,
        4.555719836871804,
        4.605859835076423,
        4.606959835037036,
        4.607069835033097,
        4.67497983260142,
        4.718169831054902,
        4.784309828686604,
        4.809809827773516,
        4.867969825690962,
        4.919169823857628,
        4.968089822105933,
        4.991449821269472,
        5.030279819879074,
        5.087879817816572,
        5.185979814303871,
        5.25925981167991,
        5.395839806789344,
        5.402799806540125,
        5.4088498063234915,
        5.495529803219711,
        5.586019799979505,
        5.663389797209091,
        5.7546697939405975,
        5.844839790711849,
        5.907439788470311,
        5.930009787662139,
        6.049479783384236,
        6.121309780812196,
        6.247369776298323,
        6.628039762667545,
        8.054379711594109,
        9.375919664273283,
        13.282999524371155,
        13.678759510200045,
        58.26114791382342
    ],
    "et": [
        -499.157145447
    ],
    "fc": [
        0.0792,
        0.2231,
        0.6661,
        0.4506,
        0.4312,
        1.645,
        1.2682,
        0.4727,
        0.7809,
        1.37,
        1.6057,
        14.3186,
        16.7871,
        6.944,
        7.2023
    ],
    "gap": 0.15171999456731095,
    "homo": -0.2644199905318242,
    "id": "AG7_26545",
    "ir": [
        1.3161,
        1.4274,
        1.0727,
        11.7112,
        9.7565,
        40.8153,
        176.8961,
        19.3806,
        80.2787,
        139.7891,
        50.4029,
        24.0401,
        202.2716,
        1.5086,
        20.0044
    ],
    "lumo": -0.11269999596451323,
    "ma": [
        14.00307,
        14.00307,
        12.0,
        14.00307,
        126.9004,
        1.00783,
        1.00783
    ],
    "mr": [
        13.6659,
        7.8733,
        10.0493,
        4.718,
        3.9873,
        5.3475,
        3.3201,
        1.0928,
        1.3169,
        1.6142,
        1.2927,
        9.3801,
        9.8329,
        1.0744,
        1.0711
    ],
    "mu": 2.432187866921468,
    "mu_x": 1.9187,
    "mu_xx=": 7.8118,
    "mu_xxx=": -21.5443,
    "mu_xxy=": -16.738,
    "mu_xxz=": 0.0044,
    "mu_xy=": -2.8957,
    "mu_xyy=": -6.4349,
    "mu_xyz=": -0.0017,
    "mu_xz=": 0.0019,