{
    "A": 8.001,
    "B": 1.2931,
    "C": 1.11319,
    "Cv": "16.886",
    "G": -467.076751,
    "H": -467.040552,
    "P": 1.0,
    "S": 0.00012141204091903583,
    "T": 298.15,
    "U": -467.041496,
    "U0": -467.046476,
    "alpha": 53.15966666666666,
    "alpha_xx": 114.663,
    "alpha_xy": 3.372,
    "alpha_xz": 71.469,
    "alpha_yy": 0.0,
    "alpha_yz": 0.0,
    "alpha_zz": 44.816,
    "bo": [
        0,
        2,
        0,
        0,
        0,
        1,
        1,
        0,
        0,
        2,
        0,
        1,
        0,
        0,
        0,
        0,
        1,
        0,
        0,
        1,
        0,
        2,
        1,
        0,
        0,
        0,
        0,
        0,
        0,
        2,
        0,
        0,
        0,
        0,
        0,
        1,
        0,
        0,
        1,
        0,
        0,
        0,
        0,
        0,
        0,
        1,
        0,
        0,
        0,
        0,
        0,
        0,
        0,
        0,
        1,
        0,
        0,
        0,
        0,
        0,
        0,
        0,
        0,
        0,
        1,
        0,
        0,
        0,
        0,
        0,
        0,
        0,
        0,
        0,
        0,
        1,
        0,
        0,
        0,
        0,
        0
    ],
    "coords": [
        1.526088,
        -0.383726,
        0.186797,
        0.518301,
        0.427082,
        -0.125263,
        -0.871592,
        0.139519,
        0.274713,
        -1.243188,
        -0.856882,
        0.924788,
        -2.277445,
        1.701002,
        -0.414829,
        1.361895,
        -1.29181,
        0.750383,
        2.537019,
        -0.150384,
        -0.11843,
        0.683608,
        1.333512,
        -0.688033,
        -2.234686,
        -0.918313,
        1.125219
    ],
    "e ne": -1467.142859462,
    "e_k": 280.9511401763,
    "e_nn": 222.1239885948,
    "eigs": [
        -14.328969486917757,
        -10.278079631969335,
        -10.204979634586852,
        -10.198009634836428,
        -6.829019755470986,
        -4.829519827067754,
        -4.818849827449819,
        -4.818219827472378,
        -1.9115599315521286,
        -1.908249931670651,
        -1.9078499316849742,
        -1.8986399320147596,
        -1.8986299320151176,
        -0.9401399663360911,
        -0.800569971333721,
        -0.7063899747060559,
        -0.6446899769153684,
        -0.5687499796345776,
        -0.4870099825614693,
        -0.48152998275769354,
        -0.41487998514425245,
        -0.3934499859116037,
        -0.38918998606414285,
        -0.28843998967173196,
        -0.2834099898518429,
        -0.26322999057443497,
        -0.2615099906360236,
        -0.07306999738355795,
        -0.04889999824902127,
        0.05043999819387797,
        0.05070999818420999,
        0.06798999756545922,
        0.08417999698573846,
        0.12389999556347106,
        0.1515699945726821,
        0.1944099930386958,
        0.19977999284641043,
        0.22370999198954084,
        0.23722999150542567,
        0.2439199912658746,
        0.2537899909124562,
        0.27918999000294986,
        0.2810899899349159,
        0.3008199892284371,
        0.3116299888413599,
        0.3229199884370951,
        0.3335699880557469,
        0.34657998758989345,
        0.3740699866055498,
        0.3977299857583482,
        0.4136699851875793,
        0.41650998508588644,
        0.4427499841463019,
        0.46505998334744025,
        0.48300998270469864,
        0.5136899816061296,
        0.5225099812903089,
        0.5232499812638114,
        0.5569299800578204,
        0.5671499796918694,
        0.5721799795117585,
        0.6024499784278704,
        0.6317899773772832,
        0.6351199772580448,
        0.6651799761816762,
        0.6763399757820664,
        0.704729974765496,
        0.7255799740189132,
        0.7438599733643549,
        0.8003699713408825,
        0.8442499697696565,
        0.8738799687086851,
        0.888219968195208,
        0.9160599671983317,
        0.9200299670561767,
        0.9322099666200433,
        0.9461199661219631,
        0.950239965974437,
        0.9710799652282123,
        0.9800199649080945,
        0.9988099642352747,
        1.0123699637497272,
        1.0666899618046726,
        1.079609961342042,
        1.1074699603444496,
        1.1350799593558092,
        1.1355599593386214,
        1.1650299582833794,
        1.2166599564346465,
        1.2541599550918714,
        1.2598999548863372,
        1.2973599535449944,
        1.3152499529044015,
        1.32660995249763,
        1.3512299516160533,
        1.3647299511326543,
        1.3871499503298539,
        1.393389950106416,
        1.4138199493748722,
        1.4356299485939141,
        1.4693899473850585,
        1.5097399459402325,
        1.5399099448599252,
        1.5565999442623009,
        1.6152999421604102,
        1.6188199420343683,
        1.6726799401057852,
        1.7536199372075394,
        1.8248899346555505,
        1.9173199313458784,
        1.9862799288766047,
        2.0298799273154047,
        2.081909925452349,
        2.134559923567093,
        2.221499920454003,
        2.2433799196705384,
        2.2938799178622684,
        2.3859899145640546,
        2.3867799145357664,
        2.4220199132739157,
        2.442399912544163,
        2.4744599113961794,
        2.5050999102990423,
        2.5599099083364423,
        2.5884299073152173,
        2.6030599067913562,
        2.689139903709061,
        2.6907799036503364,
        2.7476499016139733,
        2.7681099008813552,
        2.797749899820026,
        2.8107498993545303,
        2.8382698983691124,
        2.847469898039685,
        2.8982898962199557,
        2.9028898960552425,
        2.9302498950755536,
        2.946949894477571,
        2.953539894241601,
        2.9789098933331686,
        3.027729891585055,
        3.072969889965131,
        3.0869298894652606,
        3.1058598887874274,
        3.122839888179419,
        3.1586598868967997,
        3.172539886399794,
        3.193399885652853,
        3.243499883858906,
        3.291279882148031,
        3.293599882064958,
        3.298569881886995,
        3.3308798807300604,
        3.3716898792687635,
        3.4564098762351656,
        3.4652198759197033,
        3.4713498757002044,
        3.5062998744487377,
        3.591429871400459,
        3.5966898712121127,
        3.639269869687436,
        3.656609869066537,
        3.6776598683127926,
        3.7383898661382133,
        3.7901298642855417,
        3.803419863809662,
        3.8311398628170825,
        3.856309861915812,
        3.8908598606786686,
        3.9240398594905814,
        3.9394698589380743,
        3.9779898575587755,
        3.997279856868052,
        4.060239854613623,
        4.07330985414562,
        4.109339852855482,
        4.213839849113615,
        4.222809848792424,
        4.247399847911921,
        4.2696498471152085,
        4.317349845407198,
        4.4258698415213855,
        4.473559839813734,
        4.520219838142964,
        4.556699836836712,
        4.616609834691494,
        4.66796983285243,
        4.7043498315497585,
        4.756209829692791,
        4.784489828680159,
        4.847879826410332,
        4.90729982428266,
        4.963109822284253,
        4.969209822065828,
        5.018949820284771,
        5.113739816890593,
        5.152579815499838,
        5.210459813427309,
        5.260849811622975,
        5.3693298077385965,
        5.410129806277657,
        5.432219805486673,
        5.60877979916453,
        5.623229798647114,
        5.841869790818198,
        5.883139789340429,
        5.912379788293423,
        6.114639781051031,
        6.295399774578497,
        6.6407997622106425,
        9.179809671295459,
        11.141189601063665,
        13.539069515201971,
        14.417209483758118,
        58.27739791324156
    ],
    "et": [
        -467.110083684
    ],