{
    "A": 5.67293,
    "B": 5.67277,
    "C": 5.67272,
    "Cv": "12.744",
    "G": -437.513474,
    "H": -437.481392,
    "P": 1.0,
    "S": 0.00010760355525723886,
    "T": 298.15,
    "U": -437.482336,
    "U0": -437.486273,
    "alpha": 10.437,
    "alpha_xx": 15.655,
    "alpha_xy": -0.001,
    "alpha_xz": 15.655,
    "alpha_yy": 0.0,
    "alpha_yz": 0.0,
    "alpha_zz": 15.656,
    "bo": [
        0,
        1,
        0,
        0,
        0,
        1,
        0,
        1,
        1,
        1,
        0,
        1,
        0,
        0,
        0,
        0,
        1,
        0,
        0,
        0,
        0,
        1,
        0,
        0,
        0
    ],
    "coords": [
        1.268651,
        0.36719,
        -0.119165,
        1.1e-05,
        -3e-06,
        -7e-06,
        -0.136025,
        -1.256602,
        -0.401146,
        -0.372344,
        0.101755,
        1.268641,
        -0.76025,
        0.78767,
        -0.748351
    ],
    "e ne": -1450.684339107,
    "e_disp": -0.0009864958999799,
    "e_k": 435.4181766213,
    "e_nn": 204.9606685284,
    "eigs": [
        -24.747669113851867,
        -24.747669113851867,
        -24.747659113852222,
        -24.747649113852578,
        -10.518549623358744,
        -1.3818299505203488,
        -1.2684499545801846,
        -1.2684499545801846,
        -1.2684399545805427,
        -0.7401499734972002,
        -0.6474199768176144,
        -0.6474199768176144,
        -0.6474199768176144,
        -0.5134399816150814,
        -0.5134299816154395,
        -0.4878599825310331,
        -0.4878599825310331,
        -0.4878599825310331,
        -0.44475998407432926,
        -0.44475998407432926,
        -0.44475998407432926,
        0.13571999514022837,
        0.1656599940681567,
        0.1656599940681567,
        0.16567999406744058,
        0.26586999047990356,
        0.2658799904795455,
        0.2658799904795455,
        0.26949999034992295,
        0.600189978508795,
        0.6001999785084369,
        0.6001999785084369,
        0.6377399771642295,
        0.6377499771638715,
        0.7428299734012366,
        0.8525199694735298,
        0.8525499694724556,
        0.8563199693374619,
        0.856329969337104,
        0.8563399693367459,
        0.8799099684927669,
        0.8799299684920509,
        0.8799299684920509,
        1.0614099619937354,
        1.0614199619933775,
        1.0614299619930194,
        1.4752299471759438,
        1.4752399471755857,
        1.4752499471752276,
        1.6988699391679911,
        1.8468599338688632,
        1.8468799338681474,
        1.8468899338677893,
        1.853489933631461,
        1.8535099336307446,
        1.8535199336303867,
        1.907029931714336,
        1.907039931713978,
        2.0733499257588597,
        2.073359925758502,
        2.073369925758144,
        2.28194991828945,
        2.2819599182890915,
        2.2819799182883753,
        2.457399912007052,
        2.457409912006694,
        2.457429912005978,
        2.5286899094543474,
        2.8385398983594445,
        2.8385398983594445,
        2.83856989835837,
        2.885979896660744,
        2.886019896659312,
        2.973979893509699,
        2.9739898935093407,
        3.29521988200695,
        3.3618998796193167,
        3.361919879618601,
        3.361919879618601,
        3.4984898747283926,
        3.4984898747283926,
        3.498519874727319,
        3.5139998741730207,
        3.5140198741723054,
        3.514049874171231,
        4.593789835508618,
        4.694869831889212,
        4.69490983188778,
        4.737529830361671,
        4.737559830360597,
        4.7375798303598815,
        4.774979829020687,
        4.775009829019612,
        4.775019829019254,
        5.895189788908951,
        5.895209788908234,
        5.895229788907518,
        6.75912975797356,
        6.759149757972844,
        6.759159757972487,
        6.799129756541267,
        6.799139756540909,
        6.799179756539477,
        6.799729756519784,
        6.802549756418806,
        6.802579756417733,
        6.802609756416658,
        6.8064697562784415,
        6.815409755958324,
        6.815419755957966,
        6.894579753123458,
        6.894589753123099,
        6.8945997531227405,
        6.92760975194074,
        7.05030974754718,
        7.050319747546823,
        7.050339747546106,
        7.106099745549489,
        7.1061197455487735,
        7.528889730410506,
        7.528899730410148,
        7.528919730409433,
        7.531679730310604,
        7.531689730310246,
        7.531719730309171,
        8.212149705944784,
        8.212169705944069,
        8.256539704355296,
        8.256559704354581,
        8.256569704354224,
        8.384369699778047,
        8.38438969977733,
        8.38439969977697,
        8.402279699136736,
        8.671869689483438,
        8.671869689483438,
        8.67187968948308,
        8.792899685149674,
        8.792909685149317,
        8.792909685149317,
        9.005169677548851,
        9.005179677548492,
        9.00520967754742,
        9.076549674992924,
        9.07658967499149,
        10.316539630592185,
        11.064679603803285,
        11.06476960380006,
        11.064779603799705,
        11.904589573728346
    ],
    "et": [
        -437.503119294
    ],
    "fc": [
        2.052,
        2.0529,
        4.1519,
        4.1528,
        4.1541,
        9.1235,
        12.0919,
        12.098,
        12.1005
    ],
    "gap": 0.5804799792145576,
    "homo": -0.44475998407432926,
    "id": "AG7_41360",
    "ir": [
        0.0,
        0.0,
        3.352,
        3.3467,
        3.3614,
        0.0,
        407.5403,
        407.4904,
        407.4125
    ],
    "lumo": 0.13571999514022837,
    "ma": [
        18.9984,
        12.0,
        18.9984,
        18.9984,
        18.9984
    ],
    "mr": [
        18.9984,
        18.9984,
        18.2193,
        18.2195,
        18.2185,
        18.9984,
        13.0051,
        13.0044,
        13.0045
    ],
    "mu": 0.0001,
    "mu_x": 0.0,
    "mu_xx=": 0.0,
    "mu_xxx=": -0.1207,
    "mu_xxy=": -0.2378,
    "mu_xxz=": 0.3271,
    "mu_xy=": 0.0,
    "mu_xyy=": 0.7361,
    "mu_xyz=": 0.5803,
    "mu_xz=": 0.0,
    "mu_xzz=": -0.6155,
    "mu_y": 0.0,
    "mu_yy=": 0.0,
    "mu_yyy=": -0.0506,
    "mu_yyz=": 0.1348,
    "mu_yz=": 0.0,
    "mu_yzz=": 0.2883,
    "mu_z": 0.0001,
    "mu_zz=": 0.0,
    "mu_zzz=": -0.4616,
    "na": 5,
    "ne": 42,
    "ne_down": 21,
    "ne_up": 21,
    "ni": 5,
    "oemga": [
        428.1549,
        428.2505,
        621.9172,
        621.9792,
        622.0955,
        902.8123,
        1256.2179,
        1256.5694,
        1256.6919
    ],
    "oemga0": 1256.6919,
    "qa": [
        -0.136069,
        0.544234,
        -0.136054,
        -0.136056,
        -0.136055
    ],
    "r2": 282.6232,