{
    "A": 10.486,
    "B": 4.19496,
    "C": 2.99629,
    "Cv": "15.813",
    "G": -287.270207,
    "H": -287.235102,
    "P": 1.0,
    "S": 0.00011774274693960802,
    "T": 298.15,
    "U": -287.236046,
    "U0": -287.241033,
    "alpha": 22.262666666666664,
    "alpha_xx": 44.806,
    "alpha_xy": 0.223,
    "alpha_xz": 43.878,
    "alpha_yy": -0.001,
    "alpha_yz": -0.001,
    "alpha_zz": 21.983,
    "bo": [
        0,
        2,
        0,
        0,
        0,
        1,
        0,
        0,
        2,
        0,
        1,
        0,
        0,
        0,
        1,
        0,
        0,
        1,
        0,
        2,
        1,
        0,
        0,
        0,
        0,
        0,
        2,
        0,
        0,
        0,
        0,
        1,
        0,
        0,
        1,
        0,
        0,
        0,
        0,
        0,
        1,
        0,
        0,
        0,
        0,
        0,
        0,
        0,
        0,
        1,
        0,
        0,
        0,
        0,
        0,
        0,
        0,
        0,
        0,
        1,
        0,
        0,
        0,
        0
    ],
    "coords": [
        -1.980265,
        -0.052365,
        4.6e-05,
        -0.840587,
        -0.596594,
        -7.5e-05,
        0.482674,
        0.10537,
        -3.9e-05,
        0.775115,
        1.319159,
        -1.5e-05,
        1.483087,
        -0.793584,
        -3.1e-05,
        -1.919759,
        0.96948,
        0.000189,
        -0.775644,
        -1.683321,
        -0.000224,
        -0.053327,
        1.909923,
        -3.2e-05
    ],
    "e ne": -996.1822771547,
    "e_disp": -0.003574416199995767,
    "e_k": 285.7351408416,
    "e_nn": 160.6760841769,
    "eigs": [
        -24.71410911505356,
        -14.346749486281103,
        -14.335319486690379,
        -10.32107963042962,
        -10.25759963270267,
        -1.2533499551208753,
        -0.9626299655307842,
        -0.9245899668928952,
        -0.7094799745954113,
        -0.618599977849582,
        -0.5748899794147206,
        -0.5273299811177175,
        -0.5000999820927513,
        -0.4685799832213985,
        -0.4310999845634574,
        -0.38571998618839437,
        -0.3310799881449072,
        -0.32840998824051276,
        -0.301109989218053,
        -0.08905999681099866,
        0.01371999950872335,
        0.052349998125485964,
        0.06643999762096059,
        0.10760999614677258,
        0.15568999442515585,
        0.19694999294774515,
        0.22064999209911132,
        0.2338599916260964,
        0.26484999051642705,
        0.3096599889119003,
        0.34187998775818795,
        0.3421799877474458,
        0.35592998725509495,
        0.402539985586115,
        0.41917998499028086,
        0.44776998396654916,
        0.4665399832944455,
        0.46694998327976445,
        0.4905699824339952,
        0.4943599822982854,
        0.5249299812036551,
        0.5364399807915127,
        0.5500499803041748,
        0.5685799796406649,
        0.617509977888612,
        0.6495499767413448,
        0.6534599766013383,
        0.7198199742251634,
        0.7230699741087895,
        0.7568099729006501,
        0.7854699718744118,
        0.8165899707600875,
        0.8443499697660759,
        0.8731599687344666,
        0.899379967795598,
        0.9403699663278555,
        0.9915599644948779,
        1.0232899633587111,
        1.0618299619786966,
        1.0979699606846192,
        1.1203799598821769,
        1.1315699594814927,
        1.1986899570781044,
        1.2104399566573683,
        1.313639952962051,
        1.367899951019145,
        1.3753099507538127,
        1.3953799500351594,
        1.437969948510125,
        1.4987999463319648,
        1.5303699452015271,
        1.5323199451317027,
        1.622959941886126,
        1.6335199415080006,
        1.6875099395747626,
        1.7477899374162962,
        1.8003399355346206,
        1.8583999334556467,
        1.902509931876185,
        1.9425599304421013,
        2.0254699274733152,
        2.0401299269483797,
        2.109589924461202,
        2.150749922987372,
        2.1828599218375984,
        2.2156899206620437,
        2.2821199182833625,
        2.345559916011745,
        2.366129915275188,
        2.4301399129831602,
        2.4940899106932815,
        2.501789910417565,
        2.5855599074179847,
        2.65264990501567,
        2.6764299041641717,
        2.690659903654633,
        2.7707099007882556,
        2.796259899873379,
        2.7998698997441136,
        2.874409897075035,
        2.894899896341343,
        2.930079895081641,
        2.9754998934552717,
        2.9936698928046526,
        3.0279898915757446,
        3.035569891304325,
        3.044929890969168,
        3.094949889178085,
        3.12320988816617,
        3.1534798870822818,
        3.166269886624306,
        3.2363698841142123,
        3.2696498829225433,
        3.290719882168083,
        3.291189882151254,
        3.3468598801578593,
        3.3574898797772272,
        3.38438987881401,
        3.4121998778182077,
        3.453519876338649,
        3.46592987589428,
        3.5022998745919667,
        3.5387498732867897,
        3.5434698731177794,
        3.626619870140399,
        3.688819867913183,
        3.714699866986489,
        3.7282198665023736,
        3.795239864102566,
        3.8034998638067976,
        3.8149298633975195,
        3.8474298622337813,
        3.9133498598733616,
        3.952949858455391,
        3.9588798582430536,
        4.0554598547847815,
        4.114499852670716,
        4.152629851305382,
        4.221379848843628,
        4.244589848012539,
        4.3163398454433635,
        4.33972984460583,
        4.385219842976954,
        4.491869839158101,
        4.50337983874596,
        4.5811598359608645,
        4.643769833718967,
        4.691369832014538,
        4.749969829916228,
        4.7900698284803545,
        4.800629828102228,
        4.8373698267866665,
        4.88840982495906,
        4.891649824843046,
        4.903579824415863,
        4.975269821848835,
        5.041939819461561,
        5.092579817648276,
        5.21389981330413,
        5.246789812126427,
        5.317179809605948,
        5.465879804281398,
        5.480669803751808,
        5.497879803135564,
        5.550539801249949,
        5.573029800444642,
        5.6143997989632926,
        5.679979796615047,
        5.805529792119437,
        5.867259789909049,
        5.958729786633752,
        6.052129783289347,
        6.251099776164762,
        6.327299773436242,
        6.673239761049053,
        6.8462597548536674,
        6.873309753885079,
        6.969019750457959,
        7.051439747506718,
        7.205799741979497,
        7.285589739122431,
        7.609059727539831,
        8.30367970266734,
        8.354629700842956,
        8.46525969688159,
        8.72955968741771,
        8.925939680385868,
        9.404399663253491,
        10.90763960942647,
        11.438299590424949,
        13.084869531465664,
        14.982629463511934
    ],
    "et": [
        -287.296006206
    ],
    "fc": [
        0.0009,
        0.2843,
        1.0868,
        0.537,
        0.8248,
        0.5045,
        2.3179,
        1.1734,
        1.1313,
        0.8218,
        1.0628,
        2.3639,
        1.6312,
        16.3642,
        16.3936,
        6.2207,
        7.292,
        7.7344
    ],
    "gap": 0.21204999240705433,
    "homo": -0.301109989218053,
    "id": "AG7_11259",
    "ir": [
        1.6345,
        16.9677,
        6.7659,
        36.0656,
        1.3961,
        42.4875,
        0.3874,
        0.0055,
        232.4423,
        61.7837,
        85.3377,
        179.0003,
        1.8443,
        26.3588,
        84.8803,
        12.3306,
        2.286,
        5.3095
    ],
    "lumo": -0.08905999681099866,
    "ma": [
        14.00307,
        12.0,
        12.0,
        14.00307,
        18.9984,
        1.00783,
        1.00783,
        1.00783
    ],