{
    "A": 3.90483,
    "B": 1.61635,
    "C": 1.14315,
    "Cv": "20.808",
    "G": -1350.511479,
    "H": -1350.473046,
    "P": 1.0,
    "S": 0.0001289049136338785,
    "T": 298.15,
    "U": -1350.47399,
    "U0": -1350.48034,
    "alpha": 47.553666666666665,
    "alpha_xx": 103.764,
    "alpha_xy": -1.572,
    "alpha_xz": 72.922,
    "alpha_yy": 0.001,
    "alpha_yz": -0.002,
    "alpha_zz": 38.896,
    "bo": [
        0,
        2,
        0,
        1,
        1,
        0,
        0,
        2,
        0,
        1,
        0,
        0,
        0,
        0,
        0,
        1,
        0,
        0,
        0,
        1,
        0,
        1,
        0,
        0,
        0,
        0,
        0,
        1,
        1,
        0,
        0,
        0,
        0,
        0,
        0,
        0,
        0,
        1,
        0,
        0,
        0,
        0,
        0,
        0,
        0,
        1,
        0,
        0,
        0
    ],
    "coords": [
        -0.366716,
        0.576082,
        -0.118938,
        0.315367,
        -0.474009,
        -0.150756,
        2.008221,
        -0.450653,
        0.058538,
        -2.123002,
        0.627111,
        -0.327577,
        0.281886,
        2.210016,
        0.139559,
        2.132753,
        -1.783966,
        -0.072188,
        -2.248509,
        -0.704581,
        -0.488514
    ],
    "e ne": -3863.561496918,
    "e_disp": -0.003830271799984075,
    "e_k": 1346.520458963,
    "e_nn": 329.0212986634,
    "eigs": [
        -101.57865636273878,
        -88.93153681559846,
        -88.92452681584948,
        -14.358879485846758,
        -10.309719630836392,
        -9.483989660403584,
        -7.980969714222726,
        -7.976639714377771,
        -7.246809740511039,
        -7.238449740810389,
        -7.23793974082865,
        -5.9464697870727505,
        -5.941819787239254,
        -5.941399787254294,
        -5.937199787404685,
        -5.935559787463409,
        -5.931849787596254,
        -0.9769099650194553,
        -0.8600699692031846,
        -0.7919599716420221,
        -0.733079973750358,
        -0.5616099798902421,
        -0.5032899819785259,
        -0.4722999830881952,
        -0.4329599844968558,
        -0.41331998520011193,
        -0.3884299860913564,
        -0.337919987899985,
        -0.33380998804715317,
        -0.29913998928859353,
        -0.2930999895048698,
        -0.2387799914499243,
        -0.028879998965884134,
        -0.023849999145995036,
        -0.014409999484016287,
        0.0038499998621417566,
        0.027189999026398532,
        0.08636999690732039,
        0.16004999426903585,
        0.19779999291730893,
        0.21238999239487988,
        0.23392999162358988,
        0.25751999077889487,
        0.26033999067791813,
        0.26339999056834773,
        0.28028998996356175,
        0.2843099898196163,
        0.2876899896985875,
        0.29966998926961563,
        0.30859998894985613,
        0.31408998875327376,
        0.3250499883608254,
        0.3357199879787611,
        0.3423499877413585,
        0.3669099868619304,
        0.39197998596424044,
        0.41772998504220155,
        0.43002998460177133,
        0.44901998392178993,
        0.4631499834158323,
        0.4659699833148556,
        0.48666998257364374,
        0.5322799809404712,
        0.5345899808577562,
        0.5708499795593822,
        0.6299299774438848,
        0.6456199768820677,
        0.6649299761906281,
        0.6794399756710636,
        0.6891699753226582,
        0.7075799746634451,
        0.7510399731072585,
        0.7887999717551732,
        0.8247899704664674,
        0.8349699701019486,
        0.8357299700747352,
        0.8888799681715751,
        0.9083899674729741,
        0.9242499669050698,
        0.9479899660550035,
        0.9715399652117407,
        1.0003199641812057,
        1.0874399610616705,
        1.1740999579586067,
        1.2010699569928829,
        1.2140699565273874,
        1.2804599541501385,
        1.3671499510460008,
        1.384959950408272,
        1.4662599474971354,
        1.4720699472890948,
        1.4803299469933262,
        1.5005299462700181,
        1.5181099456405251,
        1.5506199444764288,
        1.5725099436926062,
        1.5911899430237253,
        1.604539942545697,
        1.615049942169362,
        1.61669994211028,
        1.652809940817277,
        1.7247099382427296,
        1.7464499374642781,
        1.760239936970495,
        1.7766699363821803,
        1.8191299348618009,
        1.8198599348356614,
        1.844189933964469,
        1.8625199333081206,
        1.8751499328558738,
        1.8893399323477678,
        1.8941099321769668,
        1.9022699318847789,
        1.924769931079114,
        1.938249930596431,
        1.9477299302569775,
        1.9631699297041123,
        1.976129929240049,
        2.005549928186597,
        2.0334299271882887,
        2.070159925873085,
        2.075149925694406,
        2.08471992535173,
        2.1260499238718134,
        2.1752499221100923,
        2.1844099217820974,
        2.2175299205961583,
        2.23637991992119,
        2.254099919286684,
        2.258669919123044,
        2.308779917328739,
        2.3115399172299105,
        2.3663699152665942,
        2.3973099141587153,
        2.4199899133466047,
        2.459909911917176,
        2.5169899098732933,
        2.5322999093250833,
        2.644619905303203,
        2.7725599007220123,
        2.8387498983519253,
        2.890669896492808,
        2.9110398957634125,
        2.9635298938838854,
        3.043179891031831,
        3.087299889452012,
        3.163309886730296,
        3.208349885117533,
        3.2267598844583203,
        3.2743298827549654,
        3.3088098815203284,
        3.3106598814540846,
        3.3406098803816553,
        3.373919879188913,
        3.415989877682498,
        3.4276798772639108,
        3.505719874469506,
        3.589849871457035,
        3.604729870924222,
        3.6162498705117208,
        3.619689870388544,
        3.7356198662373994,
        3.8033298638128845,
        3.8091298636052024,
        3.9501498585556516,
        3.9683798579028835,
        3.975439857650084,
        4.0011798567284025,
        4.073649854133445,
        4.073739854130223,
        4.0927198534506,
        4.147599851485493,
        4.208169849316643,
        4.336699844714326,
        4.419599841745898,
        4.465269840110577,
        4.67767983250474,
        4.730259830621991,
        4.8700798256154085,
        4.897629824628917,
        5.079219818126663,
        5.254439811852501,
        5.318769809549015,
        5.337929808862946,
        5.443339805088495,
        5.508289802762809,
        5.715439795345319,
        5.8201197915970075,
        7.283979739180081,
        12.469549553498632
    ],
    "et": [
        -1350.51052221
    ],
    "fc": [
        0.23,
        0.1957,
        0.4148,
        0.0544,
        0.0558,
        1.7068,
        1.5141,
        1.9484,
        2.2946,
        1.6163,
        0.774,
        0.7706,
        19.657,
        4.3391,
        4.3657
    ],
    "gap": 0.20989999248404015,
    "homo": -0.2387799914499243,
    "id": "AG7_35691",
    "ir": [
        3.8845,
        0.8026,
        0.5233,
        35.7459,
        0.2042,
        2.1157,
        22.3729,
        1.9454,
        60.1511,
        108.152,
        35.7459,
        11.5743,
        171.6268,
        0.1844,
        1.2094
    ],
    "lumo": -0.028879998965884134,
    "ma": [
        12.0,
        14.00307,
        31.97207,
        31.97207,
        34.96885,
        1.00783,
        1.00783
    ],
    "mr": [
        15.2447,
        9.5345,
        11.5365,
        1.0825,
        1.1,
        19.5971,
        8.9781,
        11.3747,
        7.3032,
        3.709,
        1.4065,
        1.1937,
        11.9164,
        1.0379,
        1.0393
    ],
    "mu": 1.4604332576328163,
    "mu_x": 0.2644,
    "mu_xx=": 2.5268,