{
    "A": 13.28396,
    "B": 1.86067,
    "C": 1.64898,
    "Cv": "18.879",
    "G": -631.280167,
    "H": -631.24334,
    "P": 1.0,
    "S": 0.00012351836324003555,
    "T": 298.15,
    "U": -631.244284,
    "U0": -631.250118,
    "alpha": 35.527,
    "alpha_xx": 73.274,
    "alpha_xy": -6.605,
    "alpha_xz": 47.295,
    "alpha_yy": 0.0,
    "alpha_yz": 0.0,
    "alpha_zz": 33.307,
    "bo": [
        0,
        1,
        0,
        0,
        0,
        0,
        0,
        0,
        0,
        1,
        0,
        1,
        0,
        0,
        1,
        1,
        0,
        0,
        0,
        1,
        0,
        2,
        0,
        0,
        0,
        1,
        0,
        0,
        0,
        2,
        0,
        1,
        0,
        0,
        0,
        0,
        0,
        0,
        0,
        1,
        0,
        0,
        0,
        0,
        1,
        0,
        1,
        0,
        0,
        0,
        0,
        0,
        0,
        0,
        0,
        1,
        0,
        0,
        0,
        0,
        0,
        0,
        0,
        0,
        0,
        1,
        0,
        0,
        0,
        0,
        0,
        0,
        0,
        0,
        0,
        0,
        1,
        0,
        0,
        0,
        0
    ],
    "coords": [
        2.599707,
        -0.213308,
        5e-06,
        1.236715,
        -0.465749,
        0.000258,
        0.475415,
        0.825914,
        -0.000183,
        -0.785985,
        0.974503,
        -5.8e-05,
        -1.770045,
        -0.43891,
        0.000709,
        0.992792,
        -1.059717,
        -0.887107,
        0.992987,
        -1.058999,
        0.888156,
        1.078421,
        1.732743,
        -0.00068,
        -2.928375,
        0.242751,
        0.000601
    ],
    "e ne": -1921.428943453,
    "e_disp": -0.004808654200019191,
    "e_k": 628.9206805503,
    "e_nn": 213.3460330601,
    "eigs": [
        -88.9233868158903,
        -24.677909116349788,
        -14.354949485987483,
        -10.26869963230521,
        -10.231929633621844,
        -7.97372971448197,
        -5.938629787353479,
        -5.934599787497783,
        -5.928879787702602,
        -1.2069399567826937,
        -0.9486199660324449,
        -0.7658599725765936,
        -0.7201299742140631,
        -0.5875399789617578,
        -0.5206199813579847,
        -0.5100699817357521,
        -0.49919998212497785,
        -0.4392799842705535,
        -0.41390998517898553,
        -0.3950199858553861,
        -0.38342998627039315,
        -0.35115998742589594,
        -0.27503999015155034,
        -0.25226999096688335,
        -0.029239998952993493,
        -0.013019999533788485,
        0.022769999184666958,
        0.047189998310251814,
        0.0811599970938766,
        0.09893999645722217,
        0.11303999595233874,
        0.17780999363309757,
        0.2094699924994373,
        0.2501199910438691,
        0.2590099907255419,
        0.2790999900061725,
        0.2869299897258011,
        0.30162998919943323,
        0.30808998896811784,
        0.3182799886032411,
        0.33603998796730283,
        0.36317998699549175,
        0.3766199865142411,
        0.3983799857350735,
        0.42100998492475344,
        0.4329599844968558,
        0.43458998443848984,
        0.45027998387667273,
        0.4685799832213985,
        0.47643998293995277,
        0.4968099822105574,
        0.5425699805720137,
        0.5480199803768636,
        0.5990999785478249,
        0.636999977190727,
        0.6725099759192085,
        0.7203899742047531,
        0.7425699734105464,
        0.774409972270441,
        0.7974699714447236,
        0.8068899711074187,
        0.8255799704381795,
        0.8489199696024363,
        0.8559999693489203,
        0.8969899678811777,
        0.9219099669888589,
        0.949159966013109,
        0.9612699655794821,
        0.9974299642846889,
        1.0488999624416853,
        1.059299962069289,
        1.071959961615968,
        1.094179960820329,
        1.1105499602341629,
        1.197129957133964,
        1.2238699561764756,
        1.22601995609949,
        1.2676099546102628,
        1.3115299530376048,
        1.3351399521921934,
        1.364639951135877,
        1.3703999509296267,
        1.4404599484209648,
        1.4537599479447272,
        1.467819947441276,
        1.5311299451743137,
        1.5513099444517215,
        1.5811799433821565,
        1.5943299429112898,
        1.619809941998919,
        1.7045299389653215,
        1.7391499377256716,
        1.7502499373282103,
        1.77972993627261,
        1.8379199341889811,
        1.848829933798323,
        1.862199933319579,
        1.906729931725078,
        1.9440599303883903,
        1.9623999297316836,
        2.01988992767312,
        2.0876599252464567,
        2.1110099244103555,
        2.1470299231205754,
        2.1710099222619155,
        2.17990992194323,
        2.230789920121353,
        2.3038899175038368,
        2.3276199166541285,
        2.365579915294882,
        2.4089699137412017,
        2.457769911993804,
        2.4861899109761594,
        2.5156999099194843,
        2.5511799086490408,
        2.5869899073667795,
        2.641469905415996,
        2.6560799048928514,
        2.712529902871527,
        2.7646199010063226,
        2.807209899481288,
        2.8488298979909867,
        2.866809897347171,
        2.896689896277248,
        2.960629893987727,
        2.982319893211066,
        2.9999198925808566,
        3.003959892436195,
        3.086989889463112,
        3.0985598890488206,
        3.1381398876315663,
        3.1497698872151276,
        3.194179885624923,
        3.228459884397448,
        3.2873098822901863,
        3.296319881967562,
        3.3254498809244946,
        3.3266898808800933,
        3.418869877579373,
        3.4435298766963642,
        3.459219876134547,
        3.492099874957202,
        3.5406198732198297,
        3.554249872731776,
        3.5812998717631874,
        3.61857987042829,
        3.6487898693465506,
        3.653359869182911,
        3.692329867787499,
        3.724269866643813,
        3.822109863140423,
        3.8319698627873624,
        3.83610986263912,
        3.9018698602844304,
        3.9384798589735235,
        3.9599198582058137,
        3.9696698578566925,
        3.9845298573245955,
        4.055699854776187,
        4.071919854195393,
        4.072179854186083,
        4.097139853292331,
        4.109859852836863,
        4.15987985104578,
        4.238749848221654,
        4.268639847151374,
        4.291849846320285,
        4.427249841471972,
        4.564649836552044,
        4.580939835968742,
        4.6657198329329965,
        4.715589831147284,
        4.756349829687777,
        4.779589828855615,
        4.785299828651155,
        4.831469826997931,
        4.887239825000956,
        4.902579824451672,
        4.967179822138517,
        4.9789698217163485,
        5.017239820346002,
        5.03570981968464,
        5.130029816307292,
        5.189089814192511,
        5.280649810913991,
        5.357759808152887,
        5.390069806995952,
        5.424599805759525,
        5.523129802231429,
        5.549019801304376,
        5.770059793389523,
        5.844809790712924,
        5.950759786919137,
        5.967419786322586,
        6.881419753594683,
        6.883299753527364,
        7.011049748952977,
        7.030799748245783,
        7.277239739421422,
        7.290539738945185,
        7.340759737146941,
        8.35402970086444,
        8.37961969994813,
        8.835389683628222,
        8.843209683348208,
        8.96898967884436,
        9.331959665847373,
        11.325069594479412,
        12.152689564844547,
        13.20921952701302
    ],
    "et": [
        -631.310623021
    ],