{
    "A": 23.7888,
    "B": 1.77436,
    "C": 1.6512,
    "Cv": "13.851",
    "G": -667.488933,
    "H": -667.455131,
    "P": 1.0,
    "S": 0.00011337246352481398,
    "T": 298.15,
    "U": -667.456075,
    "U0": -667.460602,
    "alpha": 32.958666666666666,
    "alpha_xx": 73.111,
    "alpha_xy": 3.158,
    "alpha_xz": 40.165,
    "alpha_yy": 0.007,
    "alpha_yz": -0.003,
    "alpha_zz": 25.758,
    "bo": [
        0,
        2,
        0,
        0,
        0,
        0,
        0,
        2,
        0,
        1,
        0,
        0,
        1,
        0,
        0,
        1,
        0,
        2,
        0,
        0,
        0,
        0,
        0,
        2,
        0,
        1,
        0,
        1,
        0,
        0,
        0,
        1,
        0,
        0,
        0,
        0,
        1,
        0,
        0,
        0,
        0,
        0,
        0,
        0,
        0,
        1,
        0,
        0,
        0
    ],
    "coords": [
        2.37045,
        -0.671558,
        -0.002019,
        1.882547,
        0.425598,
        -0.000313,
        0.481346,
        0.733469,
        -0.000999,
        -0.297572,
        -0.254731,
        0.000323,
        -2.015429,
        -0.044513,
        -0.000805,
        2.485726,
        1.342617,
        0.001867,
        -0.000761,
        -1.300853,
        0.002232
    ],
    "e ne": -1961.12497131,
    "e_disp": -0.0032065417000239904,
    "e_k": 665.1247247556,
    "e_nn": 191.1564566581,
    "eigs": [
        -101.5913263622851,
        -19.149359314312434,
        -14.348729486210203,
        -10.307869630902635,
        -10.304269631031543,
        -9.496979659938447,
        -7.259589740053422,
        -7.252099740321619,
        -7.2503897403828494,
        -1.0848299611551275,
        -0.9715799652103084,
        -0.8728599687452087,
        -0.6893599753158548,
        -0.5925799787812888,
        -0.5442199805129316,
        -0.483769982677485,
        -0.45690998363927005,
        -0.4540299837423952,
        -0.39728998577410346,
        -0.350329987455616,
        -0.32373998840773305,
        -0.3231199884299336,
        -0.28894998965347024,
        -0.09949999643717007,
        0.013909999501919956,
        0.020049999282062914,
        0.06154999779605847,
        0.08293999703013956,
        0.1509099945963149,
        0.18604999333804512,
        0.2191799921517481,
        0.25196999097762557,
        0.2578799907660042,
        0.2853999897805863,
        0.30973998890903576,
        0.3115199888452987,
        0.3306899881588721,
        0.3517799874036953,
        0.3791199864247228,
        0.38870998608133045,
        0.3959399858224434,
        0.4268299847163548,
        0.4348199844302541,
        0.43614998438263036,
        0.45595998367328705,
        0.48929998247947054,
        0.5109899817028094,
        0.5443699805075605,
        0.55697998005603,
        0.5721199795139068,
        0.6184399778553111,
        0.6384699771380902,
        0.6790899756835962,
        0.6909099752603535,
        0.7160299743608732,
        0.7221399741420904,
        0.796069971494854,
        0.8237899705022746,
        0.8342599701273719,
        0.9036699676419847,
        0.9225299669666582,
        0.9564199657531478,
        1.017039963582507,
        1.0465699625251164,
        1.059549962060337,
        1.078799961371046,
        1.10087996058042,
        1.1378399592569808,
        1.190289957378886,
        1.304229953298998,
        1.3542199515089892,
        1.378779950629561,
        1.3845499504229528,
        1.4500999480757821,
        1.5168999456838521,
        1.5714999437287713,
        1.6453499410844,
        1.6897599394941958,
        1.7293399380769416,
        1.7797899362704614,
        1.8560099335412263,
        1.8787499327269674,
        1.8939999321809053,
        1.9160599313909958,
        1.918499931303626,
        1.96512992963393,
        1.969059929493207,
        2.0158799278167074,
        2.0450599267718492,
        2.052869926492194,
        2.0533699264742906,
        2.0575299263253317,
        2.1073399245417685,
        2.1336599235993194,
        2.1437299232387397,
        2.1896399215948246,
        2.1919599215117516,
        2.209259920892285,
        2.2680499187871717,
        2.2823499182751266,
        2.38035991476565,
        2.3963899141916576,
        2.432959912882184,
        2.5167899098804547,
        2.559549908349333,
        2.678479904090767,
        2.6802599040270296,
        2.704959903142588,
        2.741399901837769,
        2.8168698991353893,
        2.848719897994926,
        2.9009698961239927,
        2.9122998957182955,
        2.9137598956660162,
        2.9455398945280593,
        3.00029989256725,
        3.003009892470212,
        3.0393398911693317,
        3.0975498890849864,
        3.1345198877611895,
        3.189339885798231,
        3.240219883976353,
        3.267629882994875,
        3.2994198818565597,
        3.309589881492399,
        3.322509881029768,
        3.3867198787305792,
        3.415869877686795,
        3.4611098760668715,
        3.534139873451861,
        3.537229873341217,
        3.557309872622206,
        3.6700698685845703,
        3.695489867674348,
        3.778619864697684,
        3.820139863210963,
        3.8698098614324135,
        3.9531298584489454,
        3.9763098576189315,
        4.040969855303629,
        4.060699854597151,
        4.089489853566257,
        4.20991984925398,
        4.321929845243201,
        4.385959842950457,
        4.452819840556378,
        4.546859837189055,
        4.593559835516854,
        4.660259833128504,
        4.6669998328871625,
        4.713869831208873,
        4.794659828315998,
        4.812519827676479,
        4.835239826862937,
        4.938419823168335,
        5.055389818979951,
        5.083519817972691,
        5.085399817905373,
        5.172659814780825,
        5.234549812564708,
        5.272139811218711,
        5.33098980911145,
        5.376969807465029,
        5.467949804207278,
        5.484269803622902,
        5.544379801470523,
        5.70609979567976,
        5.759669793761561,
        5.898889788776464,
        6.064069782861807,
        6.170769779041166,
        6.193179778238723,
        6.32878977338289,
        6.403599770704143,
        6.787139756970597,
        6.8796097536594925,
        7.00182974928312,
        7.118339745111207,
        9.12297967333039,
        10.02833964091186,
        12.69634954537753,
        13.268139524903255
    ],
    "et": [
        -667.501014653
    ],
    "fc": [
        0.0517,
        0.2547,
        0.1157,
        1.0303,
        2.7848,
        2.3737,
        0.8156,
        4.0415,
        1.1634,
        1.2543,
        1.3253,
        13.884,
        18.2992,
        5.8495,
        6.2662
    ],
    "gap": 0.18944999321630018,
    "homo": -0.28894998965347024,
    "id": "AG7_17184",
    "ir": [
        39.3724,
        1.2418,
        0.9044,
        7.153,
        112.9856,
        125.8251,
        6.3199,
        131.1374,
        0.4994,
        13.1746,
        41.1054,
        644.47,
        147.2237,
        78.5369,
        1.7447
    ],
    "lumo": -0.09949999643717007,
    "ma": [
        15.99491,
        12.0,
        14.00307,
        12.0,
        34.96885,
        1.00783,
        1.00783
    ],
    "mr": [
        2.2954,
        9.67,
        3.8107,
        12.4376,
        10.0124,
        4.9922,
        1.4863,
        6.3797,
        1.7591,
        1.2067,
        1.1425,
        8.8481,
        9.829,
        1.09,
        1.0928
    ],
    "mu": 0.5836916309148178,
    "mu_x": -0.581,
    "mu_xx=": -1.5292,
    "mu_xxx=": -13.7313,
    "mu_xxy=": 13.6271,
    "mu_xxz=": 0.0076,
    "mu_xy=": 4.8903,
    "mu_xyy=": 0.597,
    "mu_xyz=": -0.0006,
    "mu_xz=": 0.0074,
    "mu_xzz=": 1.0696,
    "mu_y": 0.0556,
    "mu_yy=": 0.0308,
    "mu_yyy=": -4.7463,
    "mu_yyz=": 0.0103,