{
    "A": 10.27597,
    "B": 4.82519,
    "C": 3.28343,
    "Cv": "17.604",
    "G": -263.191152,
    "H": -263.157319,
    "P": 1.0,
    "S": 0.00011347643803459851,
    "T": 298.15,
    "U": -263.158263,
    "U0": -263.163346,
    "alpha": 32.141,
    "alpha_xx": 71.946,
    "alpha_xy": 7.636,
    "alpha_xz": 42.514,
    "alpha_yy": 0.003,
    "alpha_yz": 0.0,
    "alpha_zz": 24.474,
    "bo": [
        0,
        2,
        0,
        0,
        0,
        1,
        1,
        0,
        0,
        2,
        0,
        1,
        1,
        0,
        0,
        0,
        0,
        0,
        0,
        1,
        0,
        0,
        0,
        0,
        0,
        1,
        0,
        0,
        1,
        0,
        0,
        2,
        0,
        0,
        0,
        0,
        0,
        0,
        0,
        2,
        0,
        0,
        0,
        0,
        1,
        1,
        0,
        0,
        0,
        0,
        0,
        0,
        0,
        0,
        1,
        0,
        0,
        0,
        0,
        0,
        0,
        0,
        0,
        0,
        0,
        1,
        0,
        0,
        0,
        0,
        0,
        0,
        0,
        0,
        0,
        0,
        1,
        0,
        0,
        0,
        0
    ],
    "coords": [
        -1.013418,
        0.899287,
        0.449629,
        -0.197194,
        -0.064204,
        0.009779,
        -0.550097,
        -1.321115,
        -0.343423,
        1.177392,
        0.259901,
        -0.098103,
        1.899295,
        -0.666008,
        -0.511727,
        -0.594312,
        1.860562,
        0.696507,
        -2.077134,
        0.746314,
        0.565489,
        -1.500713,
        -1.42687,
        -0.229883,
        2.855981,
        -0.287868,
        -0.538267
    ],
    "e ne": -946.9670644777,
    "e_disp": -0.0034953606999863496,
    "e_k": 261.7240606399,
    "e_nn": 165.526072216,
    "eigs": [
        -19.168589313623855,
        -14.373499485323256,
        -14.35663948592697,
        -10.26725963235677,
        -10.17947963549994,
        -1.0872899610670417,
        -1.024939963299629,
        -0.8012899713079397,
        -0.6962399750695003,
        -0.5987499785603576,
        -0.530949980988095,
        -0.4942899823007919,
        -0.44360998411550767,
        -0.42417998481124425,
        -0.41984998496628995,
        -0.3833599862728997,
        -0.36785998682791343,
        -0.2530699909382375,
        -0.23948999142450111,
        -0.07139999744335622,
        0.021879999216535488,
        0.05822999791493882,
        0.061539997796416536,
        0.08502999695530221,
        0.1002999964085242,
        0.1848499933810139,
        0.21030999246935916,
        0.23914999143667562,
        0.2945299894536653,
        0.31595998868631414,
        0.3286699882312029,
        0.3330699880736506,
        0.3616799870492027,
        0.3699899867516437,
        0.39516998585001506,
        0.4155099851216938,
        0.4409199842118294,
        0.45696998363712166,
        0.4599599835300577,
        0.4896099824683702,
        0.5086599817862405,
        0.5087899817815855,
        0.5190099814156345,
        0.5334499808985765,
        0.5541599801570066,
        0.5996199785292052,
        0.615039977977056,
        0.6388699771237674,
        0.6442999769293334,
        0.6802399756424177,
        0.6952799751038755,
        0.7229099741145187,
        0.7450999733199539,
        0.7983099714146455,
        0.8231499705251915,
        0.8400399699204055,
        0.8415299698670525,
        0.9459999661262601,
        0.9764299650366429,
        0.9854599647133027,
        1.0121199637586789,
        1.0270499632240755,
        1.0515899623453635,
        1.062039961971177,
        1.1381699592451644,
        1.1464399589490377,
        1.2271699560583116,
        1.2304199559419378,
        1.2571799549837332,
        1.2890099538439859,
        1.3175999528202542,
        1.338059952087636,
        1.3724499508562218,
        1.4067899496265979,
        1.4140199493677108,
        1.5047399461192692,
        1.524669945405629,
        1.5644199439822872,
        1.6223099419094007,
        1.6584599406149656,
        1.6992399391547426,
        1.7431199375835162,
        1.783539936136184,
        1.8477399338373528,
        1.933479930767232,
        1.9500299301746205,
        1.9764699292278747,
        2.04002992695196,
        2.0609999262010805,
        2.1023599247200893,
        2.1136299243165406,
        2.204449921064518,
        2.309379917307254,
        2.366269915270175,
        2.4254999131493062,
        2.4701999115487188,
        2.507549910211315,
        2.552619908597478,
        2.5911199072188955,
        2.630959905792331,
        2.6925099035883897,
        2.713439902838942,
        2.786779900212832,
        2.8044298995808328,
        2.8321198985893274,
        2.861919897522269,
        2.8690998972651722,
        2.888639896565497,
        2.9430298946179354,
        2.981599893236847,
        2.989329892960056,
        2.9911998928930967,
        3.0439898910028274,
        3.1237098881482663,
        3.128809887965649,
        3.161569886792601,
        3.2202598846910684,
        3.2208098846713744,
        3.2318598842757034,
        3.242609883890774,
        3.271849882843768,
        3.3057398816302572,
        3.3113398814297357,
        3.360699879662286,
        3.363249879570977,
        3.370249879320326,
        3.394929878436601,
        3.4373898769162214,
        3.4994898746925855,
        3.5126198742224353,
        3.6122498706549506,
        3.6160798705178085,
        3.636829869774806,
        3.66165986888571,
        3.6876098679565095,
        3.741759866017542,
        3.753909865582483,
        3.7931698641766873,
        3.812569863482025,
        3.832459862769817,
        3.835719862653085,
        3.855349861950187,
        3.9008698603202374,
        3.901429860300185,
        3.9519098584926304,
        3.9833998573650575,
        4.02114985601333,
        4.031809855631624,
        4.091119853507891,
        4.094429853389369,
        4.12982985212179,
        4.185289850135915,
        4.270339847090501,
        4.304389845871261,
        4.369489843540204,
        4.411369842040592,
        4.423759841596939,
        4.4983098389275025,
        4.554839836903314,
        4.589939835646477,
        4.634979834033714,
        4.636659833973558,
        4.689449832083288,
        4.70933983137108,
        4.773679829067236,
        4.78246982875249,
        4.811159827725178,
        4.815989827552228,
        4.906089824325986,
        4.92120982378458,
        4.966319822169311,
        4.990269821311725,
        5.0189598202844135,
        5.074749818286722,
        5.118909816705469,
        5.1916798140997695,
        5.274179811145665,
        5.343769808653832,
        5.367659807798395,
        5.4976798031427245,
        5.533579801857241,
        5.550739801242789,
        5.555599801068764,
        5.726389794953229,
        5.826429791371063,
        5.842459790797072,
        5.886499789220116,
        5.970589786209077,
        6.013389784676523,
        6.1884397784084495,
        6.336779773096789,
        6.420469770100073,
        6.448599769092813,
        6.59131976398239,
        6.636029762381443,
        6.768899757623724,
        6.774289757430722,
        6.826599755557639,
        7.06571974699539,
        7.251219740353129,
        7.442829733492085,
        9.313609666504437,
        10.238579633383726,
        12.308139559278295,
        13.267049524942282,
        13.909589501934637
    ],
    "et": [
        -263.229992032
    ],