{
    "A": 8.97635,
    "B": 1.66355,
    "C": 1.41051,
    "Cv": "20.014",
    "G": -2778.754942,
    "H": -2778.717838,
    "P": 1.0,
    "S": 0.00012444742579238426,
    "T": 298.15,
    "U": -2778.718782,
    "U0": -2778.724683,
    "alpha": 37.91733333333334,
    "alpha_xx": 80.045,
    "alpha_xy": 3.648,
    "alpha_xz": 52.61,
    "alpha_yy": -1.002,
    "alpha_yz": -0.08,
    "alpha_zz": 34.709,
    "bo": [
        0,
        1,
        0,
        0,
        0,
        1,
        1,
        0,
        0,
        1,
        0,
        2,
        0,
        0,
        0,
        0,
        0,
        0,
        0,
        2,
        0,
        1,
        1,
        0,
        0,
        0,
        0,
        0,
        0,
        1,
        0,
        0,
        0,
        0,
        1,
        1,
        0,
        0,
        1,
        0,
        0,
        0,
        0,
        0,
        0,
        1,
        0,
        0,
        0,
        0,
        0,
        0,
        0,
        0,
        1,
        0,
        0,
        0,
        0,
        0,
        0,
        0,
        0,
        0,
        0,
        0,
        1,
        0,
        0,
        0,
        0,
        0,
        0,
        0,
        0,
        1,
        0,
        0,
        0,
        0,
        0
    ],
    "coords": [
        1.419421,
        -0.377776,
        0.49191,
        0.896599,
        0.397961,
        -0.580794,
        -0.365457,
        0.403571,
        -0.621921,
        -1.225747,
        -0.205969,
        0.266143,
        -1.223631,
        1.395659,
        -2.021574,
        2.421233,
        -0.242633,
        0.469772,
        1.083573,
        -0.009969,
        1.381817,
        -2.176698,
        -0.309394,
        -0.04757,
        -0.829293,
        -1.051448,
        0.662217
    ],
    "e ne": -7267.599072336,
    "e_disp": -0.004714534900017497,
    "e_k": 2774.107353121,
    "e_nn": 318.6995822333,
    "eigs": [
        -482.8646827099015,
        -62.51286776158066,
        -56.32899798300857,
        -56.32543798313604,
        -56.32533798313962,
        -14.347239486263556,
        -14.34314948641001,
        -14.330359486867986,
        -10.283359631780273,
        -8.701529688421392,
        -6.530469766161266,
        -6.519019766571261,
        -6.5187397665812865,
        -2.6457899052613083,
        -2.6424899053794726,
        -2.642299905386276,
        -2.633119905714987,
        -2.633119905714987,
        -1.0042599640401246,
        -0.9208999670250243,
        -0.8209699706032513,
        -0.7699199724312158,
        -0.586969978982168,
        -0.5521599802286213,
        -0.5255899811800223,
        -0.49218998237598727,
        -0.42216998488321694,
        -0.40300998556928547,
        -0.34015998781977663,
        -0.30294998915216753,
        -0.29486998944149084,
        -0.28188998990627,
        -0.22416999197306947,
        -0.011969999571386187,
        0.013709999509081422,
        0.03053999890644396,
        0.05571999800481524,
        0.09527999658827703,
        0.1048799962445266,
        0.1638599941326099,
        0.20028999282814866,
        0.23198999169305612,
        0.24102999136935777,
        0.2598799906943895,
        0.2804799899567584,
        0.3040399891131375,
        0.31413998875148347,
        0.32287998843852733,
        0.3467299875845224,
        0.35661998723038785,
        0.3676899868340006,
        0.3904899860175934,
        0.39356998590730674,
        0.4180599850303851,
        0.43535998441091817,
        0.45022998387846314,
        0.4523899838011193,
        0.4635699834007932,
        0.5041299819484477,
        0.5114499816863379,
        0.541849980597795,
        0.5445499805011151,
        0.5698099795966219,
        0.5874399789653385,
        0.6023199784325254,
        0.6264799775674201,
        0.6757999758014022,
        0.6877499753735046,
        0.7277699739404951,
        0.7783299721300762,
        0.8138799708571254,
        0.8221399705613568,
        0.8539499694223255,
        0.8937199679982676,
        0.9335799665709872,
        0.9456499661387926,
        0.9623199655418844,
        0.9843399647534068,
        1.0135799637064002,
        1.063919961903859,
        1.08369996119559,
        1.1790299577820766,
        1.2043699568747186,
        1.2216099562574003,
        1.250269955231162,
        1.2683099545851977,
        1.318029952804857,
        1.3420399519451227,
        1.3952099500412467,
        1.4070499496172877,
        1.453519947953321,
        1.4815299469503573,
        1.4893999466685537,
        1.4996399463018866,
        1.5188599456136695,
        1.5213399455248673,
        1.5561199442794882,
        1.5680199438533808,
        1.5881499431325794,
        1.6043399425528586,
        1.6331999415194587,
        1.6726899401054272,
        1.6869099395962466,
        1.6933899393642153,
        1.7071999388697159,
        1.7142099386187064,
        1.7366199378162641,
        1.757629937063952,
        1.782309936180227,
        1.8255299346326341,
        1.8611499333571766,
        1.8815899326252745,
        1.9073999317010875,
        1.9560799299579863,
        1.9688999294989362,
        2.0946199249972377,
        2.1299299237328806,
        2.179669921951824,
        2.2640699189296845,
        2.3748999149611576,
        2.3762999149110273,
        2.5034799103570506,
        2.5289399094453957,
        2.5912199072153146,
        2.640109905464694,
        2.776299900588093,
        2.826079898805604,
        2.873469897108694,
        2.923009895334799,
        2.9423298946430014,
        2.965879893799738,
        2.994009892792478,
        3.032279891422131,
        3.057479890519786,
        3.068409890128412,
        3.097189889097877,
        3.1199998882811117,
        3.145259887376618,
        3.163559886721344,
        3.1998798854208217,
        3.2236198845707555,
        3.2439198838438665,
        3.30808988154611,
        3.334009880617984,
        3.343079880293211,
        3.379729878980872,
        3.3846398788050585,
        3.4242998773849394,
        3.459889876110556,
        3.4674698758391362,
        3.4979298747484453,
        3.515629874114655,
        3.551069872845644,
        3.5711398721269902,
        3.6283298700791686,
        3.6526498692083345,
        3.709959867156216,
        3.7151798669693017,
        3.764579865200419,
        3.8089598636112894,
        3.8420798624253507,
        3.8642798616304277,
        3.8715398613704664,
        3.908289860054547,
        3.944849858745431,
        3.971399857794746,
        4.024619855889079,
        4.069459854283479,
        4.10844985288735,
        4.12915985214578,
        4.151479851346561,
        4.191679849907105,
        4.207119849354241,
        4.249079847851765,
        4.311789845606286,
        4.3366398447164745,
        4.395119842622462,
        4.498929838905301,
        4.535639837590814,
        4.617589834656403,
        4.662389833052235,
        4.703669831574107,
        4.731539830576158,
        4.771259829153889,
        4.807499827856232,
        4.853869826195846,
        4.935109823286858,
        4.988679821368658,
        5.010599820583763,
        5.031989819817844,
        5.088389817798309,
        5.110379817010906,
        5.175249814688084,
        5.266909811405984,
        5.273209811180397,
        5.328929809185213,
        5.405649806438074,
        5.45493980467313,
        5.48176980371242,
        5.616569798885592,
        5.656329797461891,
        5.661449797278558,
        5.724049795037018,
        5.800499792299547,
        5.881089789413834,
        5.8954897888982085,
        5.913969788236489,
        5.937559787391795,
        6.018119784507154,
        6.042199783644914,
        6.103969781433095,
        6.310579774034942,
        6.655899761669952,
        6.741929758589446,
        6.870719753977821,
        8.384929699757995,
