{
    "A": 19.83708,
    "B": 2.13898,
    "C": 1.93079,
    "Cv": "18.111",
    "G": -606.063229,
    "H": -606.027261,
    "P": 1.0,
    "S": 0.0001206372631226742,
    "T": 298.15,
    "U": -606.028205,
    "U0": -606.033891,
    "alpha": 40.31366666666667,
    "alpha_xx": 92.084,
    "alpha_xy": 0.569,
    "alpha_xz": 47.854,
    "alpha_yy": -0.001,
    "alpha_yz": -0.001,
    "alpha_zz": 28.858,
    "bo": [
        0,
        2,
        0,
        0,
        0,
        1,
        1,
        0,
        2,
        0,
        1,
        0,
        0,
        0,
        0,
        0,
        0,
        1,
        0,
        1,
        0,
        0,
        0,
        0,
        0,
        0,
        1,
        0,
        2,
        0,
        0,
        1,
        0,
        0,
        0,
        2,
        0,
        0,
        0,
        0,
        1,
        0,
        0,
        0,
        0,
        0,
        0,
        0,
        1,
        0,
        0,
        0,
        0,
        0,
        0,
        0,
        0,
        0,
        0,
        1,
        0,
        0,
        0,
        0
    ],
    "coords": [
        2.446867,
        0.19482,
        0.0,
        1.229386,
        0.548404,
        2.2e-05,
        0.015968,
        -0.657504,
        -2.6e-05,
        -1.377473,
        0.477837,
        4.8e-05,
        -2.519113,
        0.129403,
        2.9e-05,
        2.800991,
        -0.837229,
        -0.000117,
        3.194672,
        0.983333,
        -4.9e-05,
        -1.012823,
        1.520083,
        0.000107
    ],
    "e ne": -1837.772942907,
    "e_disp": -0.0027632148999998662,
    "e_k": 603.762090639,
    "e_nn": 202.5465677038,
    "eigs": [
        -88.93789681537073,
        -19.144559314484304,
        -14.370629485426024,
        -10.292119631466603,
        -10.239369633355437,
        -7.987559713986755,
        -5.9520997868711545,
        -5.947829787024053,
        -5.9436897871722945,
        -1.0742199615350434,
        -0.9587599656693584,
        -0.7796399720831686,
        -0.6283799774993862,
        -0.5881299789406316,
        -0.520979981345094,
        -0.48071998278669736,
        -0.4463299840181117,
        -0.42982998460893274,
        -0.42752998469128967,
        -0.39144998598321834,
        -0.29797998933013004,
        -0.27456999016837974,
        -0.26575999048384236,
        -0.04991999821249778,
        -0.03586999871559086,
        -0.016829999397362537,
        0.04531999837721153,
        0.06757999758014023,
        0.09415999662838123,
        0.11171999599960443,
        0.1694499939324469,
        0.173119993801034,
        0.24300999129845927,
        0.2546799908805877,
        0.2643999905325404,
        0.2924699895274284,
        0.30263998916326784,
        0.31515998871496,
        0.3201699885355652,
        0.3367599879415215,
        0.36886998679174793,
        0.39128998598894754,
        0.414529985156785,
        0.42059998493943446,
        0.43984998425014327,
        0.44373998411085275,
        0.46055998350857336,
        0.49311998234268645,
        0.5077899818173928,
        0.5305699810017017,
        0.5879199789481511,
        0.5941699787243551,
        0.5945299787114645,
        0.643679976951534,
        0.6784999757047225,
        0.7008699749037124,
        0.7169599743275723,
        0.7325799737682618,
        0.7646099726213529,
        0.7665899725504542,
        0.7825599719786112,
        0.860139969200678,
        0.8701499688422465,
        0.8948399679581633,
        0.9148599672413006,
        0.9801699649027233,
        0.9903799645371306,
        1.0030799640823773,
        1.0454099625666529,
        1.0501199623980002,
        1.1293099595624174,
        1.1557199586167457,
        1.1593099584881974,
        1.187579957475924,
        1.2731099544133224,
        1.3324099522899475,
        1.3562199514373747,
        1.3870699503327184,
        1.3909999501919956,
        1.4140599493662784,
        1.479279947030924,
        1.5157399457253884,
        1.5162299457078428,
        1.5676499438666296,
        1.5949799428880154,
        1.6132999422320249,
        1.6376499413601162,
        1.680769939816104,
        1.7260299381954636,
        1.7390699377285361,
        1.765399936785729,
        1.8141299350408375,
        1.8420999340393065,
        1.8615699333421374,
        1.8950399321436662,
        1.9836799289697038,
        1.9971499284873788,
        2.008709928073446,
        2.042609926859577,
        2.1064699245729206,
        2.112529924355928,
        2.1268299238438835,
        2.164009922512567,
        2.1683699223564465,
        2.2508499194030573,
        2.3246999167586857,
        2.424069913200511,
        2.4864699109661337,
        2.5053999102883004,
        2.5413199090021004,
        2.5593499083564946,
        2.569089908007731,
        2.6229099060805803,
        2.676889904147701,
        2.7440299017435956,
        2.755189901343986,
        2.8863798966464214,
        2.8944298963581723,
        2.9133898956792654,
        2.9212198953988935,
        2.9250998952599616,
        2.9470498944739902,
        2.9731898935379872,
        2.984299893140167,
        3.002009892506019,
        3.093079889245045,
        3.0976198890824795,
        3.1351498877386303,
        3.2259598844869664,
        3.2737698827750172,
        3.278439882607797,
        3.295169882008741,
        3.313879881338785,
        3.326899880872574,
        3.338319880463654,
        3.365409879493633,
        3.40208987818022,
        3.4428698767199974,
        3.4755098755512455,
        3.6249198702012713,
        3.6327798699198257,
        3.698649867561197,
        3.722989866689646,
        3.779379864670471,
        3.798509863985476,
        3.846759862257772,
        3.8583998618409745,
        3.906599860115061,
        3.9629198580983918,
        4.01589985620132,
        4.0416598552789225,
        4.055119854796955,
        4.073079854153856,
        4.08804985361782,
        4.166969850791905,
        4.221579848836466,
        4.342129844519892,
        4.421059841693619,
        4.514829838335965,
        4.624549834407184,
        4.641139833813141,
        4.6513398334479055,
        4.69028983205321,
        4.788289828544092,
        4.798659828172768,
        4.8082198278304515,
        4.858389826033997,
        4.895709824697667,
        4.9256698236248795,
        5.001179820921068,
        5.053939819031871,
        5.15669981535231,
        5.1826598144227525,
        5.185619814316762,
        5.259369811675971,
        5.278729810982742,
        5.310769809835474,
        5.334229808995434,
        5.54042980161196,
        5.590079799834128,
        5.613519798994803,
        5.721299795135488,
        5.773869793253096,
        6.151389779735111,
        6.186899778463593,
        6.324249773545455,
        6.331449773287643,
        6.371159771865733,
        6.640339762227114,
        6.791389756818416,
        6.922139752136608,
        6.998979749385171,
        9.43232966225339,
        9.611259655846384,
        12.820019540949234,
        13.262399525108787
    ],
    "et": [
        -606.084171405
    ],
    "fc": [
        0.0227,
        0.0963,
        0.0844,
        0.4503,
        0.9135,
        2.5599,
        0.3398,
        2.1368,
        0.812,
        0.8618,
        1.1892,
        1.1817,
        1.5376,
        8.4335,
        19.4951,
        5.5591,
        5.7596,
        6.4973
    ],
    "gap": 0.21583999227134457,
    "homo": -0.26575999048384236,
    "id": "AG7_09114",
    "ir": [
        0.3954,
        0.3552,
        25.1478,
        12.5645,
        2.8661,
        33.6536,
        2.9731,
        121.2449,
        1.485,
        22.7459,
        7.9075,
        11.0324,
        6.9177,
        6.4575,
        489.1075,
        33.9795,
        25.2213,
        9.583
    ],
    "lumo": -0.04991999821249778,