{
    "A": 8.73161,
    "B": 1.21904,
    "C": 1.0697,
    "Cv": "18.185",
    "G": -524.090333,
    "H": -524.052919,
    "P": 1.0,
    "S": 0.00012548717088717924,
    "T": 298.15,
    "U": -524.053863,
    "U0": -524.059467,
    "alpha": 42.513,
    "alpha_xx": 87.291,
    "alpha_xy": -5.06,
    "alpha_xz": 57.762,
    "alpha_yy": 0.0,
    "alpha_yz": 0.0,
    "alpha_zz": 40.248,
    "bo": [
        0,
        2,
        0,
        0,
        1,
        1,
        0,
        0,
        2,
        0,
        1,
        1,
        0,
        0,
        0,
        0,
        0,
        1,
        0,
        0,
        0,
        0,
        1,
        0,
        0,
        1,
        0,
        0,
        0,
        0,
        0,
        0,
        1,
        0,
        0,
        0,
        0,
        0,
        0,
        1,
        1,
        0,
        0,
        0,
        0,
        0,
        0,
        0,
        0,
        0,
        1,
        0,
        0,
        0,
        0,
        0,
        0,
        0,
        0,
        0,
        1,
        0,
        0,
        0
    ],
    "coords": [
        0.528516,
        0.379545,
        0.086952,
        -0.743925,
        0.246479,
        -0.276953,
        -1.430665,
        -0.924603,
        -0.255706,
        -1.885479,
        1.873939,
        -0.949309,
        1.198689,
        -0.754118,
        0.516951,
        1.057218,
        1.318334,
        0.063242,
        -0.826479,
        -1.610748,
        0.065479,
        2.102125,
        -0.528828,
        0.749345
    ],
    "e ne": -1653.713381089,
    "e_k": 337.7466669287,
    "e_nn": 246.2798125005,
    "eigs": [
        -19.168529313626006,
        -19.164499313770307,
        -10.261859632550133,
        -10.228519633743948,
        -6.835079755253993,
        -4.837199826792754,
        -4.823889827269349,
        -4.823649827277944,
        -1.9192799312756963,
        -1.9149099314321743,
        -1.9145999314432744,
        -1.903239931850046,
        -1.903239931850046,
        -1.080129961323422,
        -1.055079962220396,
        -0.7736299722983706,
        -0.6969099750455096,
        -0.6025399784246478,
        -0.5583099800084061,
        -0.5299199810249765,
        -0.42716998470418027,
        -0.4238199848241348,
        -0.3845599862299308,
        -0.37270998665424776,
        -0.3622499870287926,
        -0.27725999007205804,
        -0.26688999044338013,
        -0.21124999243570025,
        -0.03385999878756361,
        0.010399999627603703,
        0.027099999029621194,
        0.06646999761988638,
        0.08178999707131798,
        0.1427599948881447,
        0.15173999456659484,
        0.2209499920883691,
        0.2406199913840388,
        0.24652999117241745,
        0.25784999076707843,
        0.2666199904530481,
        0.278349990033028,
        0.28567998977056025,
        0.2901799896094272,
        0.3368599879379408,
        0.35250998737755596,
        0.35584998725795947,
        0.3615399870542157,
        0.3964399858045397,
        0.4070499854246239,
        0.4294399846228976,
        0.4512799838408654,
        0.4641299833807411,
        0.5298299810281991,
        0.5562099800836016,
        0.5743199794351308,
        0.5883199789338279,
        0.5950899786914124,
        0.6199099778026743,
        0.6372599771814171,
        0.656629976487829,
        0.6951299751092466,
        0.6987499749796239,
        0.7119399745073253,
        0.7568699728985017,
        0.7924099716259089,
        0.7958199715038058,
        0.8273899703733681,
        0.8347199701109005,
        0.861079969167019,
        0.9240399669125893,
        0.9306699666751866,
        0.9414999662873932,
        0.9440399661964426,
        0.9530199658748926,
        1.0530799622920106,
        1.067069961791066,
        1.0693399617097832,
        1.0947799607988449,
        1.1386799592269026,
        1.1579099585383277,
        1.1888299574311647,
        1.2412199555552184,
        1.301939953380997,
        1.3048999532750072,
        1.3102899530820056,
        1.3387199520640032,
        1.3530899515494514,
        1.374059950798572,
        1.4140799493655622,
        1.4204099491389017,
        1.4649599475436852,
        1.4756199471619786,
        1.494429946488443,
        1.5612399440961549,
        1.6785299398963125,
        1.7141199386219292,
        1.79908993557938,
        1.8182399348936695,
        1.8793699327047668,
        1.9571099299211043,
        1.9795099291190206,
        2.020699927644116,
        2.0319499272412838,
        2.0399699269541087,
        2.08128992547455,
        2.1423799232870797,
        2.18976992159017,
        2.2473899195269516,
        2.2757299185121713,
        2.4114899136509678,
        2.4280899130565654,
        2.4815999111405147,
        2.5218999096974795,
        2.5483499087503754,
        2.604649906734422,
        2.6768099041505646,
        2.6979799033925236,
        2.7374099019806404,
        2.7455399016895266,
        2.846109898088383,
        2.865029897410908,
        2.922309895359864,
        2.9258898952316734,
        2.960049894008495,
        2.9820598932203755,
        2.9916898928755513,
        3.0177298919431275,
        3.1089298886774985,
        3.1299198879259027,
        3.1851698859475475,
        3.2023298853330937,
        3.2446598838173695,
        3.290589882172738,
        3.3009398818021323,
        3.3265498808851066,
        3.3460298801875794,
        3.352199879966648,
        3.3991798782844196,
        3.4416398767640404,
        3.4727498756500736,
        3.6007798710656607,
        3.604289870939977,
        3.6277698700992205,
        3.7038698673742823,
        3.741499866026852,
        3.773619864876721,
        3.8172198633155205,
        3.8232398630999604,
        3.892209860630329,
        3.915949859780263,
        3.937549859006824,
        3.9585098582563027,
        4.034199855546045,
        4.072289854182143,
        4.154599851234842,
        4.234369848378491,
        4.241689848116382,
        4.2986798460757205,
        4.41052984207067,
        4.429399841394987,
        4.5235098380251575,
        4.565119836535215,
        4.618699834616656,
        4.646179833632671,
        4.828139827117169,
        4.845609826491614,
        4.905679824340669,
        5.006049820746686,
        5.0363598196613655,
        5.215639813241825,
        5.3353098089567625,
        5.4171998060245,
        5.433219805450866,
        5.506139802839796,
        5.663749797196201,
        5.7384597945210345,
        5.894709788926138,
        5.941889787236748,
        6.188899778391979,
        6.303569774285951,
        6.3949097710153096,
        6.4182897701781325,
        6.568819764788055,
        6.6001697636654955,
        6.622399762869498,
        6.662259761442217,
        6.701539760035705,
        6.724839759201395,
        6.791799756803735,
        6.791859756801587,
        6.972939750317594,
        7.039829747922441,
        7.122949744946136,
        7.186669742664493,
        7.386619735504815,
        7.419499734327471,
        8.981189678407512,
        11.825619576556052,
        12.209369562814985,
        13.303279523644985,
        58.27122791346249
    ],
    "et": [
        -524.109757316
    ],
    "fc": [
        0.0316,
        0.1191,
        0.1097,
        0.3739,
        0.0621,
        0.7149,
        1.0327,
        0.4346,
        1.4396,
        2.9694,
        2.46,
        1.0943,
        1.4041,
        1.639,
        11.7329,
        6.723,
        8.7001,
        9.3755
    ],
    "gap": 0.17738999364813665,
    "homo": -0.21124999243570025,
    "id": "AG7_22111",