{
    "A": 17.17734,
    "B": 3.52121,
    "C": 3.36322,
    "Cv": "15.595",
    "G": -226.074943,
    "H": -226.041971,
    "P": 1.0,
    "S": 0.00011058862988428943,
    "T": 298.15,
    "U": -226.042915,
    "U0": -226.047558,
    "alpha": 31.857,
    "alpha_xx": 57.797,
    "alpha_xy": -1.665,
    "alpha_xz": 35.865,
    "alpha_yy": 1.216,
    "alpha_yz": 0.195,
    "alpha_zz": 36.558,
    "bo": [
        0,
        3,
        0,
        0,
        0,
        0,
        0,
        0,
        0,
        3,
        0,
        1,
        0,
        0,
        0,
        0,
        0,
        0,
        0,
        1,
        0,
        1,
        1,
        1,
        0,
        0,
        0,
        0,
        0,
        1,
        0,
        1,
        0,
        1,
        1,
        0,
        0,
        0,
        1,
        1,
        0,
        0,
        0,
        0,
        1,
        0,
        0,
        1,
        0,
        0,
        0,
        0,
        0,
        0,
        0,
        0,
        0,
        1,
        0,
        0,
        0,
        0,
        0,
        0,
        0,
        0,
        1,
        0,
        0,
        0,
        0,
        0,
        0,
        0,
        0,
        0,
        1,
        0,
        0,
        0,
        0
    ],
    "coords": [
        2.21063,
        0.042829,
        -0.243983,
        1.120906,
        0.031126,
        0.129069,
        -0.242177,
        -0.00787,
        0.59046,
        -1.296439,
        0.670234,
        -0.218737,
        -1.243289,
        -0.78776,
        -0.162368,
        -0.348544,
        -0.060416,
        1.666328,
        -0.981364,
        1.175912,
        -1.122402,
        -2.130935,
        1.121118,
        0.301997,
        -0.827102,
        -1.166567,
        -1.007216
    ],
    "e ne": -824.4250210836,
    "e_disp": -0.0034636553000098047,
    "e_k": 224.7483539117,
    "e_nn": 149.2376781774,
    "eigs": [
        -14.350979486129637,
        -14.3235894871104,
        -10.262259632535807,
        -10.23678963344782,
        -10.220109634045087,
        -1.0002099641851445,
        -0.9150599672341391,
        -0.7228199741177413,
        -0.6755899758089219,
        -0.5845599790684636,
        -0.5172999814768651,
        -0.443979984102259,
        -0.40806998538810035,
        -0.39725998577517774,
        -0.37243998666391576,
        -0.3441199876779795,
        -0.34266998772990015,
        -0.28296998986759814,
        -0.001109999960253857,
        0.006859999754361675,
        0.0365599986908838,
        0.04692999831956172,
        0.06982999749957373,
        0.08878999682066663,
        0.1293999953665307,
        0.15789999434602164,
        0.1647499941007414,
        0.18539999336131993,
        0.22258999202964508,
        0.27632999010535886,
        0.3089299889380397,
        0.3210999885022644,
        0.33092998815027824,
        0.352099987392237,
        0.35595998725402067,
        0.37138998670151346,
        0.38222998631336197,
        0.39176998597175994,
        0.42042998494552175,
        0.4427499841463019,
        0.45634998365932217,
        0.47715998291417155,
        0.4795699828278759,
        0.5161899815166112,
        0.5293999810435963,
        0.5488899803457113,
        0.5591199799794022,
        0.6135599780300509,
        0.6198999778030324,
        0.637809977161723,
        0.6384199771398805,
        0.7072299746759777,
        0.7484199732010736,
        0.7862999718446917,
        0.8261399704181275,
        0.8690399688819928,
        0.9029699676670498,
        0.927219966798722,
        0.9528499658809798,
        0.9640599654795796,
        0.9904699645339079,
        1.0182099635406123,
        1.0339399629773631,
        1.0627999619439632,
        1.0755699614867036,
        1.1270799596422678,
        1.1346099593726384,
        1.1625499583721814,
        1.184019957603398,
        1.2173399564102978,
        1.232539955866026,
        1.251479955187835,
        1.279299954191675,
        1.3137599529577544,
        1.3221699526566146,
        1.3651299511183315,
        1.377979950658207,
        1.4515499480238612,
        1.4808299469754227,
        1.5257399453673153,
        1.5525399444076786,
        1.597999942779877,
        1.652399940831958,
        1.6827399397455634,
        1.7136099386401908,
        1.7415299376404503,
        1.7858599360531109,
        1.790359935891978,
        1.8714799329872867,
        2.0174699277597736,
        2.0841999253703505,
        2.121889924020772,
        2.19111992154183,
        2.2555199192358377,
        2.273619918587725,
        2.314039917140392,
        2.3753199149461186,
        2.429609913002138,
        2.442329912546669,
        2.5020699104075383,
        2.562049908259815,
        2.5879099073338367,
        2.6115299064880677,
        2.629039905861081,
        2.6557399049050257,
        2.66354990462537,
        2.702409903233897,
        2.736129902026474,
        2.7769399005651767,
        2.792519900007298,
        2.8133598992610733,
        2.840889898275297,
        2.886339896647854,
        2.918339895502019,
        2.9434698946021807,
        2.959409894031412,
        2.961639893951561,
        2.996219892713344,
        3.014689892051982,
        3.0543198906329376,
        3.0713498900231384,
        3.079729889723073,
        3.108499888692896,
        3.133839887785538,
        3.1941198856270714,
        3.2063798851880736,
        3.237049884089863,
        3.238549884036152,
        3.273169882796502,
        3.3242398809678213,
        3.354569879881785,
        3.3692998793543425,
        3.4051998780688595,
        3.4579998761782322,
        3.4850298752103597,
        3.510409874301569,
        3.534719873431093,
        3.597259871191702,
        3.640959869626922,
        3.6580898690135424,
        3.680569868208593,
        3.7256598665940404,
        3.761899865296382,
        3.780669864624279,
        3.8124798634852475,
        3.8259798630018484,
        3.87612986120611,
        3.9108798599618058,
        3.9345398591146044,
        3.9572098583028517,
        3.9692398578720898,
        3.9812398574424015,
        3.9956598569260597,
        4.000079856767791,
        4.036189855474789,
        4.101729853127976,
        4.151549851344054,
        4.179779850333213,
        4.188639850015961,
        4.203059849499618,
        4.255799847611139,
        4.3183398453717485,
        4.3836198430342455,
        4.413029841981152,
        4.465269840110577,
        4.52403983800618,
        4.5374898375245705,
        4.550529837057644,
        4.607359835022712,
        4.628179834277204,
        4.650179833489442,
        4.687289832160632,
        4.745339830082016,
        4.808539827818993,
        4.8286698270981905,
        4.884889825085103,
        4.961349822347274,
        5.031929819819991,
        5.0934598176167665,
        5.102139817305959,
        5.126219816443718,
        5.158299815295019,
        5.205189813616013,
        5.214979813265459,
        5.280609810915424,
        5.302929810116203,
        5.328859809187719,
        5.406429806410145,
        5.431369805517109,
        5.482589803683057,
        5.68870979630245,
        5.71367979540834,
        5.765149793565337,
        5.796579792439911,
        5.881179789410611,
        5.907119788481769,
        6.02172978437789,
        6.086019782075837,
        6.160909779394225,
        6.348389772681066,
        6.43747976949099,
        8.100019709959863,
        11.01995960540459,
        12.069169567835173,
        13.083909531500037,
        15.47086944602936
    ],
    "et": [
        -226.116538711
    ],