{
    "A": 3.88539,
    "B": 1.49748,
    "C": 1.08089,
    "Cv": "20.741",
    "G": -1273.037511,
    "H": -1272.998833,
    "P": 1.0,
    "S": 0.0001297266476602071,
    "T": 298.15,
    "U": -1272.999777,
    "U0": -1273.006116,
    "alpha": 52.889,
    "alpha_xx": 114.337,
    "alpha_xy": -4.855,
    "alpha_xz": 85.846,
    "alpha_yy": 0.001,
    "alpha_yz": -0.009,
    "alpha_zz": 44.329,
    "bo": [
        0,
        2,
        0,
        0,
        1,
        1,
        0,
        0,
        0,
        2,
        0,
        1,
        1,
        0,
        0,
        0,
        0,
        0,
        0,
        1,
        0,
        0,
        0,
        0,
        1,
        0,
        0,
        0,
        1,
        0,
        0,
        0,
        0,
        0,
        1,
        0,
        1,
        0,
        0,
        0,
        0,
        0,
        0,
        0,
        1,
        1,
        0,
        0,
        0,
        0,
        0,
        0,
        0,
        0,
        0,
        0,
        1,
        0,
        0,
        0,
        0,
        0,
        0,
        0,
        0,
        0,
        1,
        0,
        0,
        0,
        0,
        0,
        0,
        0,
        0,
        0,
        1,
        0,
        0,
        0,
        0
    ],
    "coords": [
        -0.224194,
        -0.492947,
        0.56684,
        0.159979,
        0.337641,
        -0.405529,
        0.606666,
        -0.174705,
        -2.05091,
        0.262795,
        2.092352,
        -0.131399,
        -0.66408,
        0.046504,
        2.198379,
        -0.282607,
        -1.555949,
        0.389663,
        0.410168,
        -1.494841,
        -1.872694,
        0.673385,
        2.420077,
        -1.369116,
        -0.942112,
        -1.178131,
        2.674765
    ],
    "e ne": -3672.475194231,
    "e_disp": -0.005400716500048475,
    "e_k": 1269.207702115,
    "e_nn": 325.6573826328,
    "eigs": [
        -88.91137681632033,
        -88.9097468163787,
        -88.90396681658568,
        -10.24545963313737,
        -10.209879634411395,
        -7.963399714851861,
        -7.961779714909868,
        -7.955929715119342,
        -5.928199787726951,
        -5.926279787795702,
        -5.924249787868389,
        -5.9226897879242495,
        -5.920349788008038,
        -5.918369788078937,
        -5.9169797881287085,
        -5.916799788135155,
        -5.911299788332094,
        -0.8564799693317329,
        -0.7794599720896139,
        -0.7429899733955074,
        -0.6822999755686546,
        -0.5473799803997804,
        -0.4964999822216577,
        -0.4504399838709436,
        -0.4257399847553848,
        -0.37612998653178675,
        -0.3755799865514807,
        -0.3621199870334475,
        -0.333149988070786,
        -0.29198998954461597,
        -0.26409999054328254,
        -0.20588999262762758,
        -0.03257999883339699,
        -0.004219999848893041,
        0.007309999738248373,
        0.01675999939986905,
        0.025129999100161643,
        0.0513499981612933,
        0.07768999721812807,
        0.11369999592870589,
        0.18248999346551925,
        0.19585999298677517,
        0.21465999231359723,
        0.22005999212023764,
        0.2356099915634336,
        0.24644999117528205,
        0.26108999065106264,
        0.2649099905142786,
        0.26848999038608834,
        0.2762399901085815,
        0.27712999007671296,
        0.2981899893226105,
        0.29827998931938776,
        0.3102599888904159,
        0.3121999888209496,
        0.33020998817605957,
        0.36005998710721054,
        0.3737599866166501,
        0.39586998582494987,
        0.4056599854743961,
        0.4183199850210752,
        0.4301299845981906,
        0.44213998416814443,
        0.46529998333884653,
        0.4707899831422642,
        0.4840199826685332,
        0.5292099810503997,
        0.543349980544084,
        0.578099979299779,
        0.5867599789896875,
        0.5970199786223043,
        0.6437699769483113,
        0.6616899763066438,
        0.6819599755808292,
        0.7197199742287441,
        0.7317099737994142,
        0.7505899731233716,
        0.7561199729253572,
        0.7920699716380833,
        0.8138899708567673,
        0.817199970738245,
        0.8329399701746375,
        0.8571899693063096,
        0.8649699690277286,
        0.8871099682349541,
        0.8944399679724864,
        0.9256099668563718,
        0.9646799654573791,
        0.9806699648848197,
        0.9998299641987513,
        1.0760799614684418,
        1.1373699592738102,
        1.1524199587349098,
        1.1651699582783663,
        1.1940599572438921,
        1.2138199565363392,
        1.2418399555330177,
        1.274929954348153,
        1.309419953113158,
        1.3689199509826215,
        1.4329799486888035,
        1.4579599477943361,
        1.4837899468694329,
        1.4934999465217438,
        1.5249699453948868,
        1.544069944710967,
        1.5472599445967412,
        1.56702994388883,
        1.5717599437194616,
        1.5855699432249621,
        1.6003099426971619,
        1.6238799418531833,
        1.6435799411477785,
        1.6482299409812746,
        1.6849299396671453,
        1.6868699395976792,
        1.691399939435472,
        1.7552499371491734,
        1.7592199370070185,
        1.79550993570757,
        1.8149199350125498,
        1.8206699348066577,
        1.8292299345001466,
        1.8502199337485508,
        1.8610199333618314,
        1.8659599331849432,
        1.8725099329504051,
        1.8927399322260228,
        1.9140499314629684,
        1.9272999309885213,
        1.9456899303300244,
        1.953239930059679,
        1.981159929059938,
        1.9965999285070728,
        2.0268899274224683,
        2.0292399273383217,
        2.040169926946947,
        2.117249924186918,
        2.1745799221340834,
        2.1820899218651704,
        2.2121799207877273,
        2.237659919875356,
        2.286559918124378,
        2.3446299160450454,
        2.3508199158233984,
        2.3948599142464437,
        2.4277899130673077,
        2.4630999118029506,
        2.5001799104752145,
        2.5458799088388195,
        2.5726399078806153,
        2.584749907446988,
        2.621989906113523,
        2.7010499032825948,
        2.762929901066837,
        2.811619899323378,
        2.861369897541963,
        2.907529895889096,
        2.944069894580696,
        2.9840298931498355,
        3.0474198908800076,
        3.0843298895583593,
        3.0873498894502207,
        3.095119889171998,
        3.1632298867331605,
        3.1689098865297747,
        3.197559885503895,
        3.2318898842746284,
        3.2466298837468286,
        3.274809882737778,
        3.282299882469581,
        3.305469881639925,
        3.3100898814744952,
        3.3327098806645337,
        3.362989879580287,
        3.3980998783230913,
        3.435809876972797,
        3.4456798766193786,
        3.534779873428945,
        3.575539871969438,
        3.594349871295902,
        3.610319870724059,
        3.616379870507066,
        3.622949870271812,
        3.694659867704068,
        3.7035498673857408,
        3.744389865923369,
        3.778169864713797,
        3.8217398631536716,
        3.8368598626122647,
        3.9015398602962463,
        3.9777698575666527,
        3.992379857043508,
        3.99373985699481,
        3.9992698567967957,
        4.008509856465936,
        4.022189855976092,
        4.059429854642626,
        4.105789852982597,
        4.135319851925208,
        4.1542798512463,
        4.233469848410717,
        4.35773984396094,
        4.402109842372169,
        4.427279841470897,
        4.429599841387824,
        4.549039837110996,
        4.607939835001944,
        4.754519829753305,
        4.852249826253853,
        5.042789819431124,
        5.212309813361065,
        5.286409810707741,
        5.578409800251999,
        5.754959793930213,
        5.857959790242059,
