{
    "A": 9.18987,
    "B": 2.87002,
    "C": 2.18701,
    "Cv": "15.494",
    "G": -622.100173,
    "H": -622.066389,
    "P": 1.0,
    "S": 0.00011331209122952345,
    "T": 298.15,
    "U": -622.067333,
    "U0": -622.071969,
    "alpha": 33.42366666666667,
    "alpha_xx": 73.089,
    "alpha_xy": -3.512,
    "alpha_xz": 46.678,
    "alpha_yy": 0.001,
    "alpha_yz": -0.001,
    "alpha_zz": 27.181,
    "bo": [
        0,
        2,
        1,
        0,
        1,
        0,
        0,
        2,
        0,
        0,
        0,
        0,
        0,
        0,
        1,
        0,
        0,
        2,
        0,
        0,
        0,
        0,
        0,
        2,
        0,
        0,
        1,
        0,
        1,
        0,
        0,
        0,
        0,
        0,
        1,
        0,
        0,
        0,
        1,
        0,
        0,
        0,
        0,
        0,
        0,
        0,
        1,
        0,
        0
    ],
    "coords": [
        0.490605,
        -0.626781,
        0.233121,
        0.292433,
        -1.597093,
        0.890428,
        -0.534379,
        0.43126,
        -0.099893,
        -1.621817,
        0.154486,
        0.40709,
        2.048121,
        -0.205399,
        -0.507226,
        -2.271669,
        0.911136,
        0.142848,
        1.596706,
        0.932391,
        -1.066368
    ],
    "e ne": -1878.583797524,
    "e_disp": -0.002744027700003926,
    "e_k": 619.7411904131,
    "e_nn": 203.6873189114,
    "eigs": [
        -88.92563681580972,
        -19.15042931427412,
        -14.404319484219673,
        -14.396769484490019,
        -10.321359630419595,
        -7.978309714317973,
        -5.942169787226723,
        -5.938489787358493,
        -5.934729787493128,
        -1.101279960566097,
        -1.0531299622902202,
        -0.8110099709598924,
        -0.7244299740600917,
        -0.5655299797498772,
        -0.5133699816175878,
        -0.49310998234304454,
        -0.4672899832675899,
        -0.45072998386055946,
        -0.39553998583676636,
        -0.3853099862030753,
        -0.3165799886641135,
        -0.29136998956681653,
        -0.2602999906793504,
        -0.10948999607945478,
        -0.005499999803059652,
        0.007809999720344706,
        0.03605999870878747,
        0.04367999843593556,
        0.15390999448889292,
        0.18087999352316908,
        0.1939199930562414,
        0.24693999115773643,
        0.271539990276876,
        0.2739399901909384,
        0.295119989432539,
        0.3126599888044783,
        0.3129399887944523,
        0.3464999875927581,
        0.36490998693354504,
        0.3864399861626131,
        0.3947999858632637,
        0.40624998545326974,
        0.4534899837617312,
        0.4638699833900511,
        0.4857999826047961,
        0.5422299805841881,
        0.5439799805215254,
        0.5537499801716876,
        0.5902999788629296,
        0.60441997835733,
        0.6503299767134151,
        0.6658399761580434,
        0.6920899752181009,
        0.6984499749903661,
        0.7140999744299813,
        0.7704999724104477,
        0.7728699723255841,
        0.8315599702240516,
        0.842809969821219,
        0.8898999681350517,
        0.9008799677418872,
        0.9674399653585508,
        1.0144099636766803,
        1.049579962417336,
        1.1122699601725745,
        1.1522099587424293,
        1.1759499578923633,
        1.208179956738293,
        1.2214299562638455,
        1.2811699541247152,
        1.3488399517016327,
        1.4250099489741883,
        1.4563799478509118,
        1.4634199475988283,
        1.4863599467774078,
        1.5089799459674462,
        1.5578399442178996,
        1.5765599435475863,
        1.5952499428783473,
        1.6064799424762308,
        1.6362999414084562,
        1.6482399409809163,
        1.704199938977138,
        1.734189937903276,
        1.7770299363692899,
        1.781109936223196,
        1.8194899348489102,
        1.8325899343798342,
        1.8866599324437314,
        1.9121799315299284,
        1.916409931378463,
        1.9272899309888794,
        1.9786799291487405,
        2.1175699241754598,
        2.150329923002411,
        2.1784699219947927,
        2.1801299219353525,
        2.241359919742869,
        2.382589914685799,
        2.4109099136717353,
        2.442869912527333,
        2.4963899106109246,
        2.6647199045834755,
        2.7124399028747495,
        2.7674599009046297,
        2.825809898815272,
        2.8970398962647153,
        2.923959895300782,
        2.9546898942004223,
        2.9902398929274714,
        3.0063698923498996,
        3.0507498907607697,
        3.1221098882055585,
        3.1531198870951727,
        3.178129886199631,
        3.210689885033744,
        3.212499884968933,
        3.2846998823836433,
        3.290229882185629,
        3.3337398806276517,
        3.3705298793103,
        3.3873298787087367,
        3.4002998782443155,
        3.4899798750331135,
        3.5161198740971096,
        3.552539872793006,
        3.586319871583435,
        3.639699869672039,
        3.695609867670051,
        3.7335898663100884,
        3.772129864930074,
        3.7923998642042593,
        3.844009862356242,
        3.8537298620081955,
        3.9302998592664276,
        3.95553985836265,
        3.983249857370429,
        3.9958098569206886,
        4.066549854387678,
        4.097209853289824,
        4.180739850298838,
        4.257939847534511,
        4.317859845388935,
        4.365359843688088,
        4.366979843630079,
        4.489069839258362,
        4.567409836453215,
        4.578759836046802,
        4.634119834064508,
        4.657519833226616,
        4.76253982946613,
        4.7973498282196765,
        4.85829982603722,
        4.89613982468227,
        4.955719822548869,
        5.026609820010487,
        5.156659815353742,
        5.173979814733559,
        5.238349812428641,
        5.2466598121310835,
        5.492039803344679,
        5.548199801333738,
        5.585919799983085,
        5.592229799757141,
        5.667779797051897,
        5.876789789567805,
        5.907339788473891,
        5.957889786663831,
        6.103209781460309,
        6.165769779220201,
        6.2330097768125166,
        6.2445497763993005,
        6.32385977355942,
        6.411749770412313,
        6.678919760845667,
        6.798129756577074,
        6.941799751432635,
        7.005209749162092,
        7.949049715365696,
        9.13319967296444,
        12.83202954051919,
        13.322119522970372
    ],
    "et": [
        -622.109436962
    ],
    "fc": [
        0.0679,
        0.2467,
        0.0996,
        0.8627,
        2.2386,
        0.5464,
        1.0802,
        0.8226,
        0.7691,
        1.6998,
        1.5841,
        15.8884,
        24.8377,
        4.3789,
        6.7756
    ],
    "gap": 0.1508099945998956,
    "homo": -0.2602999906793504,
    "id": "AG7_30651",
    "ir": [
        0.9751,
        1.5114,
        9.5009,
        1.869,
        4.0832,
        2.2038,
        10.6431,
        53.2856,
        43.3613,
        181.9596,
        49.1408,
        3.7353,
        295.4472,
        2.7486,
        3.932
    ],
    "lumo": -0.10948999607945478,
    "ma": [
        12.0,
        15.99491,
        14.00307,
        14.00307,
        31.97207,
        1.00783,
        1.00783
    ],
    "mr": [
        12.5385,
        5.5364,
        1.1181,
        9.3304,
        16.8194,
        3.4388,
        3.8131,
        1.9273,
        1.3684,
        2.7536,
        1.2787,
        10.1225,
        12.7691,
        1.038,
        1.0742
    ],
    "mu": 3.108958386662646,
    "mu_x": -0.3146,
    "mu_xx=": 3.1098,
    "mu_xxx=": -17.1976,
    "mu_xxy=": -13.6455,
    "mu_xxz=": 0.0055,
    "mu_xy=": 3.0056,
    "mu_xyy=": 0.9826,
    "mu_xyz=": -0.0003,
    "mu_xz=": -0.0019,
    "mu_xzz=": -3.7924,
    "mu_y": -3.093,
    "mu_yy=": -2.3551,
    "mu_yyy=": -5.93,
    "mu_yyz=": -0.0016,