{
    "A": 9.80808,
    "B": 1.24616,
    "C": 1.11206,
    "Cv": "18.310",
    "G": -520.253796,
    "H": -520.216236,
    "P": 1.0,
    "S": 0.0001259768572865502,
    "T": 298.15,
    "U": -520.21718,
    "U0": -520.222856,
    "alpha": 44.958333333333336,
    "alpha_xx": 92.018,
    "alpha_xy": -3.839,
    "alpha_xz": 53.371,
    "alpha_yy": 0.0,
    "alpha_yz": 0.0,
    "alpha_zz": 42.857,
    "bo": [
        0,
        1,
        0,
        0,
        0,
        1,
        1,
        0,
        1,
        0,
        2,
        0,
        0,
        0,
        0,
        0,
        0,
        2,
        0,
        1,
        1,
        0,
        0,
        0,
        0,
        0,
        1,
        0,
        0,
        0,
        0,
        1,
        0,
        0,
        1,
        0,
        0,
        0,
        0,
        0,
        1,
        0,
        0,
        0,
        0,
        0,
        0,
        0,
        1,
        0,
        0,
        0,
        0,
        0,
        0,
        0,
        0,
        0,
        0,
        1,
        0,
        0,
        0,
        0
    ],
    "coords": [
        1.123338,
        -0.280309,
        -0.372748,
        0.354964,
        0.763888,
        0.322499,
        -0.828103,
        0.337103,
        0.504157,
        -1.313265,
        -0.844378,
        0.13901,
        -2.231718,
        1.572061,
        1.479994,
        1.933308,
        -0.450412,
        0.216555,
        1.490685,
        0.17085,
        -1.205679,
        -0.529309,
        -1.268702,
        -0.290288
    ],
    "e ne": -1652.619468948,
    "e_k": 333.8872993483,
    "e_nn": 250.8554527494,
    "eigs": [
        -19.17945931323463,
        -14.356399485935562,
        -14.338099486590837,
        -10.307539630914452,
        -6.8423797549926,
        -4.844729826523126,
        -4.831299827004017,
        -4.830619827028366,
        -1.926789931006783,
        -1.9224199311632613,
        -1.921899931181881,
        -1.9103499315954555,
        -1.9103399315958136,
        -1.103699960479443,
        -0.9714799652138892,
        -0.8252599704496378,
        -0.7182199742824551,
        -0.6080599782269912,
        -0.5196499813927178,
        -0.5185199814331801,
        -0.4844999826513457,
        -0.43249998451332716,
        -0.3769999865006343,
        -0.36747998684152017,
        -0.2998699892624542,
        -0.2720299902593304,
        -0.2630299905815964,
        -0.2585299907427294,
        -0.042829998466371796,
        0.0025899999072589996,
        0.019609999297818138,
        0.08852999682997655,
        0.089829996783427,
        0.1149799958828725,
        0.14108999494794294,
        0.19600999298140406,
        0.21636999225236672,
        0.2516199909901581,
        0.26100999065392727,
        0.2614399906385301,
        0.27235999024751395,
        0.2844599898142452,
        0.3007399892313018,
        0.3049899890791206,
        0.3317299881216324,
        0.3658299869006023,
        0.39184998596889536,
        0.4052699854883609,
        0.445339984053561,
        0.4550799837047975,
        0.4571199836317506,
        0.46521998334171116,
        0.48998998245476344,
        0.5063599818685973,
        0.5556699801029377,
        0.5600999799443112,
        0.5701599795840893,
        0.6081199782248429,
        0.637669977166736,
        0.6431899769690796,
        0.6775899757373072,
        0.6989299749731787,
        0.7016999748739923,
        0.7980799714228813,
        0.8177799707174767,
        0.8262599704138305,
        0.8475199696525667,
        0.9228099669566322,
        0.9258599668474198,
        0.9370899664453034,
        0.9610499655873597,
        0.99535996435881,
        1.0148699636602088,
        1.032839963016751,
        1.0442499626081891,
        1.0493999624237818,
        1.0913599609213058,
        1.1098499602592282,
        1.1676399581899222,
        1.1957599571830198,
        1.2172199564145942,
        1.2706899544999761,
        1.2915699537523193,
        1.3145199529305405,
        1.3267799524915427,
        1.3465699517829155,
        1.3612799512561897,
        1.3917899501637079,
        1.398319949929886,
        1.4673699474573894,
        1.48309994689414,
        1.4941799464973946,
        1.5206199455506488,
        1.5457199446518843,
        1.5802199434165314,
        1.6455099410786704,
        1.6652499403718337,
        1.6696499402142815,
        1.7394699377142133,
        1.8448199339419105,
        1.8603899333843903,
        1.9255299310519,
        1.954429930017068,
        2.067829925956516,
        2.100169924798507,
        2.178389921997657,
        2.267299918814027,
        2.343149916098041,
        2.3600899154914643,
        2.4008899140305253,
        2.5039099103416533,
        2.5210699097271996,
        2.61376990640786,
        2.680709904010916,
        2.7960498998808982,
        2.812349899297238,
        2.839029898341899,
        2.865419897396943,
        2.9313998950343754,
        2.94164989466735,
        3.045579890945894,
        3.0744298899128517,
        3.075789889864154,
        3.0775398898014914,
        3.1061998887752527,
        3.1834698860084196,
        3.184049885987652,
        3.1966598855361212,
        3.250999883590351,
        3.2835598824244636,
        3.3040598816904136,
        3.326449880888687,
        3.378829879013099,
        3.425589877338748,
        3.439429876843174,
        3.4815698753342534,
        3.5473898729774143,
        3.555889872673052,
        3.6099998707355168,
        3.6704898685695313,
        3.6882598679332346,
        3.7371298661833308,
        3.7768998647592724,
        3.79795986400517,
        3.8156198633728122,
        3.8587498618284424,
        3.8777898611466703,
        3.883849860929678,
        3.9506798585366742,
        4.033459855572542,
        4.0796498539186015,
        4.146689851518079,
        4.186379850096884,
        4.252679847722858,
        4.274319846947988,
        4.334709844785583,
        4.375049843341114,
        4.393269842688705,
        4.536609837556081,
        4.560419836703509,
        4.669149832810177,
        4.69059983204211,
        4.721309830942467,
        4.821199827365672,
        4.8366698268117325,
        4.900919824511111,
        4.988489821375462,
        5.028769819933142,
        5.076179818235517,
        5.176189814654426,
        5.197429813893877,
        5.24005981236741,
        5.285969810723496,
        5.355299808240973,
        5.4730598040243015,
        5.516119802482438,
        5.54161980156935,
        5.61905979879643,
        5.639429798067035,
        5.770439793375916,
        5.772929793286756,
        5.823479791476696,
        5.896859788849152,
        5.909479788397264,
        5.97459978606549,
        6.198589778045005,
        6.333599773210657,
        6.381179771506943,
        6.589869764034311,
        6.5982597637338865,
        6.684649760640492,
        6.753689758168353,
        6.802689756413794,
        6.9796797500762535,
        7.159439743639527,
        7.3193497379135755,
        8.262289704149405,
        11.805229577286163,
        11.993659570538988,
        12.546439550745408,
        58.26160791380695
    ],
    "et": [
        -520.275183807
    ],
    "fc": [
        0.0183,
        0.1136,
        0.2295,
        0.6398,
        0.3289,
        1.1053,
        1.773,
        0.4748,
        5.7123,
        0.9015,
        4.5788,
        1.059,
        1.6524,
        2.6058,
        3.4624,
        7.1488,
        7.4052,
        8.0054
    ],
    "gap": 0.2156999922763576,
    "homo": -0.2585299907427294,
    "id": "AG7_30808",