{
    "A": 23.69221,
    "B": 1.89134,
    "C": 1.75152,
    "Cv": "15.417",
    "G": -622.086089,
    "H": -622.05186,
    "P": 1.0,
    "S": 0.00011480462854261976,
    "T": 298.15,
    "U": -622.052804,
    "U0": -622.05767,
    "alpha": 38.70666666666667,
    "alpha_xx": 88.882,
    "alpha_xy": -6.5,
    "alpha_xz": 43.866,
    "alpha_yy": -0.002,
    "alpha_yz": -0.001,
    "alpha_zz": 27.24,
    "bo": [
        0,
        2,
        1,
        0,
        0,
        1,
        0,
        2,
        0,
        0,
        0,
        0,
        0,
        0,
        1,
        0,
        0,
        2,
        0,
        0,
        0,
        0,
        0,
        2,
        0,
        1,
        0,
        0,
        0,
        0,
        0,
        1,
        0,
        0,
        1,
        1,
        0,
        0,
        0,
        0,
        0,
        0,
        0,
        0,
        0,
        0,
        1,
        0,
        0
    ],
    "coords": [
        1.210106,
        -0.886712,
        -0.634334,
        0.995141,
        -1.100659,
        -1.788395,
        0.392201,
        -0.081154,
        0.274316,
        -0.605087,
        0.388137,
        -0.299325,
        -1.591861,
        1.341932,
        0.739017,
        2.077948,
        -1.279172,
        -0.08561,
        -2.478447,
        1.617628,
        -0.235384
    ],
    "e ne": -1868.008477026,
    "e_disp": -0.0024852147000160585,
    "e_k": 619.7279274802,
    "e_nn": 198.4734996342,
    "eigs": [
        -88.9467368150542,
        -19.1492093143178,
        -14.426479483426183,
        -14.380969485055775,
        -10.296509631309407,
        -7.997439713632979,
        -5.961909786519884,
        -5.957879786664189,
        -5.953239786830335,
        -1.0957299607648279,
        -1.0503899623883324,
        -0.8230599705284141,
        -0.7020699748607436,
        -0.5678399796671623,
        -0.5113199816909929,
        -0.4859099826008573,
        -0.465919983316646,
        -0.4582399835916463,
        -0.3983999857343573,
        -0.39510998585216345,
        -0.30410998911063103,
        -0.2870299897222203,
        -0.2582899907513232,
        -0.1128799959580679,
        -0.02910999895764845,
        0.012759999543098392,
        0.016649999403807857,
        0.07463999732734043,
        0.16010999426688746,
        0.1847899933831624,
        0.1888499932377846,
        0.24243999131886945,
        0.2590199907251838,
        0.2638199905533086,
        0.28843998967173196,
        0.2932399894998568,
        0.3117999888352726,
        0.33874998787026495,
        0.3654999869124187,
        0.3671799868522624,
        0.39561998583390173,
        0.40848998537306136,
        0.4283199846630018,
        0.47637998294210127,
        0.48200998274050594,
        0.5044299819377055,
        0.5333499809021574,
        0.5438099805276126,
        0.5803999792174221,
        0.6222799777178111,
        0.6515899766682979,
        0.6661199761480173,
        0.7043399747794609,
        0.7114099745263031,
        0.7217799741549811,
        0.7854099718765604,
        0.8121099709205043,
        0.8247199704689738,
        0.8664499689747337,
        0.9058299675646408,
        0.938789966384431,
        0.951469965930394,
        0.9799999649088107,
        1.054809962230064,
        1.1275399596257962,
        1.1329899594306463,
        1.1503899588075988,
        1.1664899582311006,
        1.1763199578791146,
        1.2525799551484469,
        1.350309951648996,
        1.3602299512937874,
        1.3932599501110712,
        1.4796399470180335,
        1.4803699469918938,
        1.526709945332582,
        1.5415199448022754,
        1.5724299436954705,
        1.57439994362493,
        1.604279942555007,
        1.6687499402465078,
        1.7047999389556536,
        1.7251299382276906,
        1.7394399377152876,
        1.751269937291687,
        1.7877899359840028,
        1.8315899344156414,
        1.8707299330141423,
        1.9097699316162238,
        1.9395399305502397,
        1.9814299290502702,
        2.0033299282660897,
        2.016589927791284,
        2.0559499263819077,
        2.065129926053196,
        2.0778399255980853,
        2.1591899226851585,
        2.1908799215504238,
        2.343739916076914,
        2.413049913595108,
        2.494669910672513,
        2.518939909803469,
        2.5419599089791842,
        2.6279999058983208,
        2.6610299047156047,
        2.7057599031139428,
        2.8537598978144563,
        2.9008998961264987,
        2.9116698957408538,
        2.9214198953917325,
        2.983489893169171,
        2.989379892958266,
        3.124459888121411,
        3.1599998868488184,
        3.1788698861731337,
        3.2132898849406453,
        3.260759883240871,
        3.26879988295298,
        3.274359882753892,
        3.3091498815081537,
        3.366069879470001,
        3.4697298757582122,
        3.4863498751630937,
        3.5883498715107462,
        3.591339871403682,
        3.62594987016439,
        3.6347198698503598,
        3.746189865858916,
        3.7763598647786085,
        3.8142098634233013,
        3.8366398626201423,
        3.864899861608227,
        3.919709859645627,
        3.9530398584521684,
        3.957559858290319,
        4.0382698554003085,
        4.041359855289665,
        4.061749854559553,
        4.069719854274169,
        4.210799849222469,
        4.274049846957656,
        4.2921498463095435,
        4.3189498453499064,
        4.429489841391764,
        4.429819841379947,
        4.51827983821243,
        4.615529834730166,
        4.662739833039702,
        4.6652598329494674,
        4.693059831954024,
        4.73777983035272,
        4.793019828374722,
        4.810129827762059,
        4.81910982744051,
        4.917819823905967,
        4.981909821611074,
        5.02734981998399,
        5.044399819373475,
        5.1419198158815425,
        5.225099812903088,
        5.251599811954193,
        5.27389981115569,
        5.476749803892173,
        5.652279797606911,
        5.696619796019214,
        5.716029795324194,
        5.844549790722234,
        5.861929790099903,
        5.933249787546124,
        6.061789782943449,
        6.188169778418118,
        6.1913097783056825,
        6.329129773370716,
        6.401909770764657,
        6.790819756838826,
        6.792729756770434,
        7.007939749064338,
        7.061699747139335,
        7.600059727862098,
        9.913129645037223,
        12.475609553281641,
        13.102309530841183
    ],
    "et": [
        -622.094334522
    ],
    "fc": [
        0.056,
        0.2172,
        0.1388,
        0.8751,
        0.1363,
        2.6708,
        1.7408,
        3.204,
        1.0454,
        0.9013,
        1.3799,
        8.3308,
        19.5291,
        4.3587,
        5.7908
    ],
    "gap": 0.14540999479325528,
    "homo": -0.2582899907513232,
    "id": "AG7_17140",
    "ir": [
        16.2219,
        1.8096,
        5.5615,
        15.4243,
        11.2182,
        157.4662,
        83.7541,
        25.8057,
        0.3922,
        129.8972,
        78.2885,
        313.4027,
        179.6338,
        0.6659,
        89.6495
    ],
    "lumo": -0.1128799959580679,
    "ma": [
        12.0,
        15.99491,
        14.00307,
        14.00307,
        31.97207,
        1.00783,
        1.00783
    ],
    "mr": [
        3.6292,
        8.4843,
        4.165,
        13.0361,
        1.2471,
        11.1499,
        3.906,
        6.0078,
        1.7074,
        1.436,
        1.2349,
        6.1715,
        10.1458,
        1.0389,
        1.0905
    ],
    "mu": 2.0132604525992157,
    "mu_x": 1.8926,
    "mu_xx=": 1.7931,
    "mu_xxx=": 15.5935,
    "mu_xxy=": 4.804,
    "mu_xxz=": 0.004,
    "mu_xy=": -7.3691,
    "mu_xyy=": 2.1859,
    "mu_xyz=": -0.0024,
    "mu_xz=": -0.0005,
    "mu_xzz=": -4.6553,
    "mu_y": 0.6865,
    "mu_yy=": -1.3054,
    "mu_yyy=": -4.6371,
    "mu_yyz=": 0.0015,