{
    "A": 5.32166,
    "B": 3.87985,
    "C": 2.2439,
    "Cv": "20.116",
    "G": -643.174535,
    "H": -643.138476,
    "P": 1.0,
    "S": 0.00012094247861822216,
    "T": 298.15,
    "U": -643.13942,
    "U0": -643.145296,
    "alpha": 29.157666666666668,
    "alpha_xx": 60.067,
    "alpha_xy": -2.685,
    "alpha_xz": 52.719,
    "alpha_yy": 0.0,
    "alpha_yz": 0.0,
    "alpha_zz": 27.406,
    "bo": [
        0,
        2,
        0,
        1,
        1,
        0,
        0,
        0,
        2,
        0,
        1,
        0,
        0,
        0,
        0,
        0,
        0,
        1,
        0,
        0,
        0,
        1,
        0,
        0,
        1,
        0,
        0,
        0,
        0,
        0,
        1,
        0,
        1,
        0,
        0,
        0,
        0,
        0,
        0,
        1,
        0,
        0,
        1,
        0,
        0,
        0,
        0,
        0,
        0,
        0,
        0,
        1,
        0,
        0,
        0,
        0,
        0,
        0,
        0,
        0,
        1,
        0,
        0,
        0
    ],
    "coords": [
        0.529568,
        0.244882,
        -0.608096,
        0.029467,
        -0.825454,
        -0.134176,
        -1.341401,
        -0.69232,
        0.185172,
        1.833638,
        0.262162,
        -0.957814,
        -0.241202,
        1.80413,
        -0.902726,
        -1.560119,
        -1.566313,
        0.522081,
        2.190841,
        -0.618306,
        -0.770898,
        -1.440792,
        1.391219,
        -0.454346
    ],
    "e ne": -1973.769161894,
    "e_disp": -0.0032609135000143397,
    "e_k": 640.7368737868,
    "e_nn": 225.5294558099,
    "eigs": [
        -88.9095568163855,
        -19.179519313232483,
        -19.175109313390394,
        -14.360609485784813,
        -10.296849631297231,
        -7.962179714895544,
        -5.926419787790688,
        -5.922909787916371,
        -5.917709788102569,
        -1.1043699604554524,
        -1.0751399615021007,
        -0.864909969029877,
        -0.7701399724233382,
        -0.6263699775713589,
        -0.551109980266219,
        -0.49411998230687915,
        -0.46145998347634676,
        -0.45373998375277935,
        -0.4135199851929504,
        -0.37965998640538684,
        -0.3747999865794105,
        -0.29866998930542293,
        -0.2879199896903518,
        -0.2376899914889543,
        0.014669999474706381,
        0.015039999461457666,
        0.024029999139549715,
        0.02918999895478386,
        0.0684699975482717,
        0.13343999522186908,
        0.1876099932821857,
        0.19960999285249767,
        0.22914999179474896,
        0.26574999048420045,
        0.2873299897114781,
        0.3108199888703638,
        0.3198199885480978,
        0.3245399883790872,
        0.3533999873456874,
        0.366139986889502,
        0.38388998625392173,
        0.4303599845899549,
        0.43353998447608755,
        0.45199998381508416,
        0.4720399830975051,
        0.5061599818757588,
        0.521389981330413,
        0.5569499800571042,
        0.5751599794050526,
        0.6169699779079479,
        0.6271399775437874,
        0.6302599774320684,
        0.6497799767331092,
        0.6797699756592471,
        0.6833599755306988,
        0.7178199742967781,
        0.7339799737181315,
        0.7649199726102526,
        0.7871299718149716,
        0.8276299703647745,
        0.8589299692440048,
        0.9224999669677325,
        0.9440699661953683,
        0.9672099653667865,
        0.9923099644680224,
        1.0658999618329605,
        1.101419960561084,
        1.1786899577942511,
        1.1797099577577277,
        1.1936299572592894,
        1.2674099546174242,
        1.283559954039136,
        1.3156199528911525,
        1.4058499496602568,
        1.4171899492542013,
        1.4486999481259124,
        1.5045799461249985,
        1.5342299450633108,
        1.5346499450482718,
        1.5971599428099552,
        1.6074699424407815,
        1.639429941296379,
        1.6600999405562413,
        1.7017099390662982,
        1.7484199373937375,
        1.7836099361336772,
        1.7957699356982604,
        1.8235499347035324,
        1.8395699341298988,
        1.8483099338169426,
        1.8533699336357576,
        1.953219930060395,
        1.9710399294223084,
        1.9775499291892027,
        2.0028499282832772,
        2.0151599278424883,
        2.0526099265015043,
        2.106519924571131,
        2.117119924191573,
        2.1524599229261416,
        2.2245499203447907,
        2.2399799197922836,
        2.315679917081668,
        2.429799912995335,
        2.4469599123808807,
        2.468979911592404,
        2.4988399105231967,
        2.718319902664202,
        2.780509900437344,
        2.834799898493364,
        2.846029898091247,
        2.864149897442419,
        2.930409895069825,
        2.950899894336132,
        3.05261989069381,
        3.055329890596772,
        3.1365298876892163,
        3.18730988587092,
        3.200939885382866,
        3.2066298851791224,
        3.2156198848572144,
        3.282129882475668,
        3.2957998819861816,
        3.299469881854769,
        3.33772988048478,
        3.351249880000665,
        3.3748798791545376,
        3.4419998767511495,
        3.474399875590992,
        3.5543098727296276,
        3.55945987254522,
        3.605279870904528,
        3.6200098703770855,
        3.674679868419499,
        3.698029867583397,
        3.73971986609059,
        3.765119865181083,
        3.7778098647266876,
        3.786159864427697,
        3.9356598590745,
        3.950809858532019,
        3.970569857824466,
        3.9724398577575064,
        4.005029856590545,
        4.100749853163067,
        4.108439852887708,
        4.1375898518439245,
        4.178249850387998,
        4.196689849727711,
        4.24058984815577,
        4.297099846132297,
        4.384439843004883,
        4.428369841431867,
        4.579639836015292,
        4.622839834468414,
        4.698469831760306,
        4.734339830475897,
        4.8175898274949365,
        4.838549826744414,
        4.889359824925044,
        4.991219821277708,
        5.100759817355373,
        5.165769815027538,
        5.2235498129585896,
        5.242669812273954,
        5.361829808007152,
        5.462209804412811,
        5.478679803823064,
        5.486269803551287,
        5.692739796158146,
        5.791819792610355,
        5.810129791954723,
        5.841949790815333,
        5.9581297866552365,
        6.044789783552173,
        6.293839774634356,
        6.3776297716340595,
        6.389359771214039,
        6.533729766044535,
        6.567689764828517,
        6.582439764300359,
        6.609089763346093,
        6.66714976126712,
        6.705879759880301,
        6.707899759807971,
        6.743489758533588,
        6.940969751462355,
        7.036519748040964,
        7.157239743718303,
        7.188399742602545,
        7.304979738428126,
        7.365109736275031,
        8.474489696551089,
        11.507429587949588,
        12.100579566710467,
        12.38720955644701
    ],
    "et": [
        -643.194288225
    ],
    "fc": [
        0.0323,
        0.2697,
        0.0541,
        0.1857,
        0.5554,
        0.1293,
        1.7246,
        1.4923,
        1.564,
        0.6791,
        2.1857,
        1.946,
        1.7442,
        1.7383,
        12.6025,
        4.3698,
        8.7781,
        9.2228
    ],
    "gap": 0.2523599909636607,
    "homo": -0.2376899914889543,
    "id": "AG7_26671",
    "ir": [
        47.0511,
        0.8314,
        64.3144,
        27.9496,
        10.7111,
        82.6623,
        22.3983,
        4.5435,
        23.4539,
        37.5792,
        102.6044,
        365.5258,
        33.8476,
        5.7975,
        159.7329,
        7.9638,
        68.9681,
        100.8296
    ],
    "lumo": 0.014669999474706381,