{
    "A": 11.08825,
    "B": 4.80245,
    "C": 3.35107,
    "Cv": "15.788",
    "G": -283.150178,
    "H": -283.114471,
    "P": 1.0,
    "S": 0.00011976186483314491,
    "T": 298.15,
    "U": -283.115415,
    "U0": -283.120405,
    "alpha": 23.397999999999996,
    "alpha_xx": 48.726,
    "alpha_xy": -3.003,
    "alpha_xz": 38.844,
    "alpha_yy": -0.002,
    "alpha_yz": 0.002,
    "alpha_zz": 21.47,
    "bo": [
        0,
        2,
        0,
        0,
        0,
        1,
        1,
        0,
        2,
        0,
        1,
        0,
        0,
        0,
        0,
        0,
        0,
        1,
        0,
        2,
        1,
        0,
        0,
        0,
        0,
        0,
        2,
        0,
        0,
        0,
        0,
        0,
        0,
        0,
        1,
        0,
        0,
        0,
        0,
        1,
        1,
        0,
        0,
        0,
        0,
        0,
        0,
        0,
        1,
        0,
        0,
        0,
        0,
        0,
        0,
        0,
        0,
        0,
        0,
        0,
        1,
        0,
        0,
        0
    ],
    "coords": [
        1.353003,
        -0.300255,
        -0.109987,
        0.114021,
        -0.487384,
        -0.294005,
        -0.755649,
        0.420207,
        0.421561,
        -0.42484,
        1.308153,
        1.152718,
        -2.036391,
        0.134147,
        0.155277,
        1.731041,
        0.489649,
        0.541808,
        2.061247,
        -0.948031,
        -0.618461,
        -2.042432,
        -0.616486,
        -0.455312
    ],
    "e ne": -996.8492904992,
    "e_disp": -0.002949476300017295,
    "e_k": 281.5848958674,
    "e_nn": 166.2357359782,
    "eigs": [
        -19.184509313053802,
        -19.123979315221224,
        -14.350559486144675,
        -10.333719629977015,
        -10.251839632908919,
        -1.1245199597339346,
        -1.0407099627349472,
        -0.9460599661241117,
        -0.6899799752936544,
        -0.6188199778417044,
        -0.5565799800703529,
        -0.4945199822925562,
        -0.4748099829983188,
        -0.4624499834408975,
        -0.40338998555567873,
        -0.3640999869625489,
        -0.3368199879393731,
        -0.3308199881542171,
        -0.2821299898976763,
        -0.08027999712538707,
        0.039529998584536014,
        0.05365999807857835,
        0.05633999798261469,
        0.09536999658505435,
        0.13690999509761761,
        0.21081999245109742,
        0.2496499910606986,
        0.25972999069976066,
        0.26250999060021624,
        0.3134199887772647,
        0.33102998814669754,
        0.33315998807042796,
        0.3481299875343921,
        0.36887998679138984,
        0.39679998579164905,
        0.4344499844435029,
        0.44903998392107386,
        0.4675199832593543,
        0.5023799820111106,
        0.5353699808298266,
        0.5475299803944093,
        0.5778399793090889,
        0.5878899789492252,
        0.6007099784901752,
        0.6425599769916381,
        0.6527099766281936,
        0.6695199760262723,
        0.7051699747497407,
        0.7086099746265636,
        0.7504299731291009,
        0.7771499721723287,
        0.8279299703540323,
        0.8340099701363237,
        0.8827299683917903,
        0.9166499671772054,
        0.9261599668366777,
        1.0257999632688348,
        1.0288299631603384,
        1.0831999612134935,
        1.0889099610090338,
        1.0899999609700037,
        1.1621799583854302,
        1.2007099570057733,
        1.2474799553310645,
        1.303989953307592,
        1.3544999514989633,
        1.3702299509357139,
        1.3955799500279982,
        1.4222499490730165,
        1.482729946907389,
        1.5435799447285121,
        1.5581199442078737,
        1.6081499424164325,
        1.6617799404960854,
        1.7130599386598848,
        1.7289999380891161,
        1.7922699358235858,
        1.8504299337410313,
        1.9405999305122839,
        1.959099929849848,
        2.031329927263484,
        2.0407799269251043,
        2.0707199258530333,
        2.102659924709347,
        2.107329924542127,
        2.24587991958102,
        2.274699918549053,
        2.3549499156755145,
        2.4280399130583556,
        2.447009912379091,
        2.539099909081593,
        2.5665999080968915,
        2.5991399069317205,
        2.626619905947735,
        2.6620599046787228,
        2.662619904658671,
        2.7353499020544034,
        2.8702898972225612,
        2.8784598969300155,
        2.89882989620062,
        2.9192098954708667,
        2.9337198949513024,
        2.9394298947468425,
        2.9479598944414063,
        2.992189892857647,
        3.014289892066305,
        3.0490198908227164,
        3.103839888859758,
        3.110999888603378,
        3.113159888526034,
        3.160819886819456,
        3.219399884721862,
        3.285449882356788,
        3.295649881991553,
        3.300009881835433,
        3.3515198799909967,
        3.3731598792161264,
        3.376529879095455,
        3.40898987793315,
        3.4906098750105548,
        3.552659872788709,
        3.5599298725283903,
        3.572529872077218,
        3.6956898676671863,
        3.713899867015135,
        3.73608986622057,
        3.7765398647721633,
        3.786549864413732,
        3.8507398621152586,
        3.864659861616821,
        3.940269858909428,
        3.9576798582860224,
        3.9865798572511904,
        4.060019854621499,
        4.1172898525708135,
        4.149319851423905,
        4.155299851209778,
        4.20212984953292,
        4.309049845704399,
        4.3450198444164085,
        4.446329840788767,
        4.500409838852306,
        4.583269835885311,
        4.590079835641464,
        4.6831798323078,
        4.724529830827167,
        4.808119827834031,
        4.853739826200501,
        4.888109824969804,
        4.897359824638585,
        4.914629824020192,
        4.951359822704989,
        5.026459820015857,
        5.074939818279918,
        5.1240798165203465,
        5.178729814563475,
        5.184189814367967,
        5.239559812385314,
        5.318539809557251,
        5.373509807588921,
        5.396399806769292,
        5.471519804079445,
        5.502969802953305,
        5.603259799362186,
        5.627309798501019,
        5.732249794743398,
        5.757189793850363,
        5.868199789875391,
        5.923449787897035,
        6.01404978465289,
        6.213209777521501,
        6.238039776632405,
        6.31534977386414,
        6.357369772359517,
        6.430169769752743,
        6.436939769510326,
        6.600729763645444,
        6.629969762598436,
        6.733389758895242,
        6.748169758366009,
        6.813109756040681,
        6.8261897555723205,
        6.945959751283676,
        7.059529747217037,
        7.1770197430100335,
        7.372339736016145,
        7.421969734239026,
        8.964829678993318,
        10.334659629943356,
        12.194729563339205,
        13.000929534471332,
        13.51399951609966
    ],
    "et": [
        -283.175809183
    ],
    "fc": [
        0.0003,
        0.2399,
        0.7387,
        0.2797,
        0.2484,
        1.4008,
        2.7115,
        1.3871,
        1.0212,
        1.977,
        1.3934,
        2.2086,
        1.4762,
        11.1045,
        19.2223,
        5.7926,
        6.5747,
        8.8473
    ],
    "gap": 0.2018499927722892,
    "homo": -0.2821299898976763,
    "id": "AG7_10943",
    "ir": [
        9.2834,
        18.8161,
        2.5401,
        6.2264,
        107.0877,
        0.3345,
        34.2198,
        17.4562,
        13.6027,
        37.2416,
        7.9458,
        535.0585,
        66.4973,
        73.9383,
        264.9944,
        18.7928,
        7.7075,
        80.9663
    ],
    "lumo": -0.08027999712538707,
    "ma": [
        12.0,
        14.00307,
        12.0,
        15.99491,
        15.99491,
        1.00783,
        1.00783,
        1.00783
    ],