{
    "A": 5.23516,
    "B": 3.39036,
    "C": 2.05774,
    "Cv": "17.934",
    "G": -675.200481,
    "H": -675.164747,
    "P": 1.0,
    "S": 0.00011985242327665265,
    "T": 298.15,
    "U": -675.165691,
    "U0": -675.171163,
    "alpha": 27.44066666666667,
    "alpha_xx": 56.341,
    "alpha_xy": 6.599,
    "alpha_xz": 45.118,
    "alpha_yy": 0.0,
    "alpha_yz": 0.0,
    "alpha_zz": 25.981,
    "bo": [
        0,
        1,
        0,
        0,
        0,
        0,
        0,
        1,
        0,
        2,
        0,
        0,
        1,
        0,
        0,
        2,
        0,
        1,
        1,
        0,
        0,
        0,
        0,
        1,
        0,
        0,
        0,
        0,
        0,
        0,
        1,
        0,
        0,
        0,
        1,
        0,
        1,
        0,
        0,
        0,
        0,
        0,
        0,
        0,
        0,
        0,
        1,
        0,
        0
    ],
    "coords": [
        1.918793,
        -0.701572,
        4e-06,
        1.246895,
        0.46892,
        1e-06,
        -0.078746,
        0.484857,
        1e-06,
        -0.714133,
        1.669234,
        -1e-06,
        -1.207629,
        -0.869531,
        5e-06,
        1.865766,
        1.352391,
        1e-06,
        -0.244539,
        -1.808907,
        8e-06
    ],
    "e ne": -2037.403748631,
    "e_disp": -0.0034450393000042823,
    "e_k": 672.6940798654,
    "e_nn": 217.5281086046,
    "eigs": [
        -88.92053681599235,
        -24.71627911497586,
        -24.70789911527592,
        -10.298539631236718,
        -10.261649632557651,
        -7.972919714510975,
        -5.937399787397523,
        -5.933859787524281,
        -5.928029787733038,
        -1.2514199551899834,
        -1.2386699556465268,
        -0.8248099704657512,
        -0.7443599733464514,
        -0.6193699778220103,
        -0.5628099798472732,
        -0.5444199805057701,
        -0.49812998216329174,
        -0.48997998245512153,
        -0.46759998325648966,
        -0.4280099846741021,
        -0.3998399856827948,
        -0.3732899866334795,
        -0.3202099885341329,
        -0.23864999145457927,
        -0.0028999998961587257,
        0.00478999982848286,
        0.030309998914679646,
        0.06049999783365617,
        0.07609999727506173,
        0.17323999379673713,
        0.20578999263120834,
        0.23597999155018484,
        0.24896999108504755,
        0.2658499904806197,
        0.26944999035171335,
        0.2967499893741731,
        0.3038599891195829,
        0.3168899886530133,
        0.36789998682648106,
        0.3702799867412596,
        0.40669998543715646,
        0.4184499850164202,
        0.4379899843167449,
        0.4464999840120245,
        0.48025998280316884,
        0.5247699812093842,
        0.5900799788708072,
        0.5968699786276754,
        0.6058699783054093,
        0.659219976395088,
        0.6838099755145857,
        0.7256899740149743,
        0.7685999724784816,
        0.7939699715700493,
        0.7980899714225231,
        0.8134599708721644,
        0.852649969468875,
        0.8658399689965762,
        0.8683999689049094,
        0.9188399670987873,
        0.953089965872386,
        1.0079799639069216,
        1.0469299625122257,
        1.0921499608930179,
        1.1087199602996904,
        1.1601199584591935,
        1.1824499576596155,
        1.2038799568922642,
        1.2524799551520278,
        1.3478199517381562,
        1.471749947300553,
        1.4781399470717442,
        1.495769946440461,
        1.543079944746416,
        1.5907099430409126,
        1.632609941540585,
        1.6520199408455647,
        1.6764699399700753,
        1.7247399382416553,
        1.7528899372336788,
        1.8023499354626478,
        1.8088399352302582,
        1.8430499340052893,
        1.8479099338312657,
        1.89967993197752,
        1.9291699309215615,
        1.9306499308685667,
        1.9706399294366312,
        1.983629928971494,
        2.0330399272022537,
        2.0850199253409882,
        2.114879924271781,
        2.2453399196003563,
        2.250839919403416,
        2.271919918648597,
        2.2803399183470994,
        2.3228399168252873,
        2.352099915777565,
        2.386479914546509,
        2.4051099138794183,
        2.4693999115773644,
        2.4983399105411,
        2.576029907759228,
        2.6250499060039525,
        2.70662990308279,
        2.814709899212733,
        2.8182298990866914,
        2.8274398987569063,
        2.8818298968093448,
        2.88335989675456,
        2.9161898955790044,
        3.002299892495635,
        3.0277098915857703,
        3.087649889439479,
        3.08993988935748,
        3.135829887714282,
        3.1594098868699447,
        3.195809885566557,
        3.213859884920235,
        3.2427898838843285,
        3.299869881840446,
        3.372579879236895,
        3.4100098778966266,
        3.431839877114952,
        3.436649876942719,
        3.515369874123965,
        3.5406898732173238,
        3.6145698705718776,
        3.6678898686626304,
        3.720599866775226,
        3.777369864742443,
        3.81648986334166,
        3.899079860384332,
        3.9545198583991734,
        3.9613098581560418,
        4.0051198565873225,
        4.049359855003206,
        4.127909852190539,
        4.205009849429794,
        4.291479846333534,
        4.4072498421881185,
        4.407609842175228,
        4.583609835873137,
        4.662599833044715,
        4.731849830565056,
        4.807509827855874,
        4.894309824747798,
        4.9659498221825595,
        4.990949821287376,
        5.028679819936365,
        5.421129805883776,
        5.719729795191706,
        5.956699786706441,
        6.016109784579128,
        6.839949755079612,
        6.845829754869065,
        6.850449754703635,
        6.855629754518152,
        6.938489751551157,
        6.959939750783089,
        6.972509750332992,
        6.998499749402359,
        7.171879743194083,
        7.203259742070449,
        7.224919741294863,
        7.254279740243558,
        7.44445973343372,
        7.684329724844614,
        8.167719707535705,
        8.296509702924078,
        8.312099702365842,
        8.335589701524727,
        8.38147969988153,
        8.72415968761107,
        8.739969687044958,
        8.872719682291534,
        8.914079680810541,
        8.995339677900839,
        9.47774966062702,
        11.321829594595428,
        11.371809592805779,
        13.095769531075362
    ],
    "et": [
        -675.207085498
    ],
    "fc": [
        0.0169,
        0.264,
        0.3388,
        1.1159,
        0.5687,
        1.7043,
        1.6537,
        0.5032,
        0.6176,
        3.8705,
        7.5811,
        1.2943,
        14.9091,
        4.4216,
        6.7118
    ],
    "gap": 0.23574999155842055,
    "homo": -0.23864999145457927,
    "id": "AG7_25414",
    "ir": [
        22.301,
        5.361,
        1.4107,
        1.3751,
        5.0005,
        0.7641,
        13.4519,
        30.5096,
        34.6677,
        89.7693,
        189.7797,
        25.94,
        4.559,
        1.2516,
        7.3721
    ],
    "lumo": -0.0028999998961587257,
    "ma": [
        18.9984,
        12.0,
        12.0,
        18.9984,
        31.97207,
        1.00783,
        1.00783
    ],
    "mr": [
        1.0838,
        10.7694,
        5.2702,
        14.4023,
        4.1933,
        8.9253,
        6.4193,
        1.4471,
        1.1961,
        5.0069,
        9.0111,
        1.293,
        8.4173,
        1.0378,
        1.0939
    ],
    "mu": 0.6611769657209786,
    "mu_x": 0.5873,
    "mu_xx=": -0.7047,
    "mu_xxx=": 7.2475,
    "mu_xxy=": 7.6112,
    "mu_xxz=": 0.0,
    "mu_xy=": 2.9814,
    "mu_xyy=": 4.0644,
    "mu_xyz=": 0.0,
    "mu_xz=": 0.0,
    "mu_xzz=": 3.5365,
    "mu_y": -0.3037,
    "mu_yy=": 2.1764,
    "mu_yyy=": -2.5718,
    "mu_yyz=": 0.0,
    "mu_yz=": 0.0,
    "mu_yzz=": 2.7733,
    "mu_z": 0.0,