{
    "A": 19.34579,
    "B": 2.9601,
    "C": 2.56728,
    "Cv": "16.688",
    "G": -271.2077,
    "H": -271.173298,
    "P": 1.0,
    "S": 0.00011538487338587975,
    "T": 298.15,
    "U": -271.174242,
    "U0": -271.179358,
    "alpha": 33.75033333333334,
    "alpha_xx": 76.027,
    "alpha_xy": 3.041,
    "alpha_xz": 38.291,
    "alpha_yy": 0.0,
    "alpha_yz": 0.0,
    "alpha_zz": 25.224,
    "bo": [
        0,
        2,
        0,
        0,
        0,
        1,
        1,
        0,
        0,
        2,
        0,
        1,
        0,
        0,
        0,
        0,
        1,
        0,
        0,
        1,
        0,
        2,
        0,
        0,
        0,
        0,
        0,
        0,
        0,
        2,
        0,
        1,
        0,
        0,
        0,
        1,
        0,
        0,
        0,
        1,
        0,
        0,
        0,
        0,
        0,
        1,
        0,
        0,
        0,
        0,
        0,
        0,
        0,
        0,
        1,
        0,
        0,
        0,
        0,
        0,
        0,
        0,
        0,
        0,
        1,
        0,
        0,
        0,
        0,
        0,
        0,
        0,
        0,
        0,
        0,
        1,
        0,
        0,
        0,
        0,
        0
    ],
    "coords": [
        -2.246314,
        -0.100982,
        0.0,
        -0.936461,
        -0.332424,
        0.0,
        -0.027983,
        0.735024,
        0.0,
        1.207204,
        0.554535,
        0.0,
        1.816418,
        -0.658236,
        -1e-06,
        -2.629043,
        0.910392,
        0.0,
        -2.95304,
        -0.918271,
        0.0,
        -0.545533,
        -1.344877,
        0.0,
        1.938684,
        1.352604,
        0.0
    ],
    "e ne": -952.3241290262,
    "e_disp": -0.0035880637999810006,
    "e_k": 269.7370041027,
    "e_nn": 157.8366414684,
    "eigs": [
        -24.705639115356846,
        -14.330519486862254,
        -10.298569631235644,
        -10.212109634331544,
        -10.176409635609868,
        -1.2384399556547627,
        -0.9486699660306546,
        -0.7761499722081362,
        -0.6570299764735059,
        -0.5858399790226303,
        -0.5372299807632249,
        -0.5288799810622161,
        -0.4838799826735462,
        -0.43984998425014327,
        -0.41570998511453233,
        -0.38809998610317287,
        -0.37299998664386363,
        -0.2931399895034375,
        -0.26042999067469547,
        -0.045069998386163365,
        0.049649998222165766,
        0.06230999776884489,
        0.06795999756653345,
        0.08616999691448185,
        0.10503999623879742,
        0.1530299945204034,
        0.1695499939288662,
        0.2135399923537015,
        0.2516999909872935,
        0.26480999051785936,
        0.2950399894354036,
        0.3203199885301941,
        0.32379998840558455,
        0.35572998726225635,
        0.38383998625571214,
        0.40487998550232585,
        0.4266799847217259,
        0.42925998462934295,
        0.4435299841183722,
        0.47795998288552566,
        0.49035998244151474,
        0.4911099824146592,
        0.5182299814435642,
        0.5516999802450927,
        0.5722799795081778,
        0.6035899783870501,
        0.6230399776905974,
        0.6274699775319709,
        0.6327999773411178,
        0.6788699756914738,
        0.680069975648505,
        0.7609599727520495,
        0.7890099717476539,
        0.8230999705269817,
        0.8452699697331331,
        0.8909899680960216,
        0.8910499680938732,
        0.8972899678704356,
        0.9240999669104408,
        0.956649965744912,
        0.9684399653227435,
        0.9895399645672087,
        1.0222899633945184,
        1.0409699627256372,
        1.0597599620528177,
        1.0941199608224774,
        1.15350995869588,
        1.2161899564514762,
        1.2682999545855558,
        1.2842699540137126,
        1.2970899535546627,
        1.3091499531228261,
        1.339129952049322,
        1.384109950438708,
        1.3927599501289745,
        1.4560499478627285,
        1.4739499472217772,
        1.4838799468662103,
        1.5644699439804972,
        1.639429941296379,
        1.655359940725968,
        1.6823399397598864,
        1.8205499348109542,
        1.927639930976347,
        1.9355099306945431,
        1.965779929610655,
        2.0104199280122157,
        2.0556199263937236,
        2.067439925970481,
        2.132309923647659,
        2.197229921323047,
        2.219829920513801,
        2.2512899193873026,
        2.3449799160325133,
        2.373219915021314,
        2.3812599147334232,
        2.4040699139166573,
        2.436819912743968,
        2.4788999112371948,
        2.541529908994581,
        2.58179990755262,
        2.629949905828497,
        2.6399299054711394,
        2.7182299026674253,
        2.7552399013421955,
        2.778329900515404,
        2.801529899684674,
        2.8144398992224007,
        2.8378098983855837,
        2.854109897801924,
        2.864889897415921,
        2.881109896835126,
        2.922939895337305,
        2.954319894213671,
        2.974339893496808,
        3.0138898920806283,
        3.018649891910185,
        3.0384398912015578,
        3.0430798910354118,
        3.089439889375384,
        3.143939887423884,
        3.15320988709195,
        3.1731298863786677,
        3.200219885408647,
        3.202849885314474,
        3.2240698845546425,
        3.25893988330604,
        3.324089880973192,
        3.3554798798492,
        3.363749879553074,
        3.403739878121138,
        3.40597987804093,
        3.479929875392977,
        3.528189873664915,
        3.5470898729881566,
        3.570129872163155,
        3.593699871319177,
        3.622319870294371,
        3.6234898702524756,
        3.7182898668579405,
        3.7260998665782856,
        3.782899864544429,
        3.840199862492668,
        3.8493498621650306,
        3.885499860870596,
        3.8927398606113504,
        3.941999858847481,
        3.9981598568365415,
        4.00645985653934,
        4.02207985598003,
        4.066589854386245,
        4.105899852978659,
        4.119019852508867,
        4.256439847588222,
        4.304689845860518,
        4.353619844108466,
        4.422159841654231,
        4.429499841391405,
        4.527179837893745,
        4.611309834881273,
        4.622329834486676,
        4.678269832483615,
        4.6915598320077345,
        4.7256898307856305,
        4.751229829871111,
        4.807939827840476,
        4.853089826223775,
        4.874269825465376,
        4.917279823925303,
        4.934589823305477,
        4.962279822313972,
        4.988639821370091,
        5.068309818517321,
        5.08869981778721,
        5.1328998162045245,
        5.197819813879913,
        5.20693981355335,
        5.254369811855008,
        5.359459808092015,
        5.42399980578101,
        5.435229805378893,
        5.548509801322638,
        5.617819798840832,
        5.820789791573016,
        5.932339787578709,
        6.0473897834590735,
        6.05779978308632,
        6.131419780450184,
        6.554909765286135,
        6.852399754633811,
        6.856519754486284,
        6.974959750245264,
        7.015689748786832,
        7.2159397416164115,
        7.331089737493197,
        7.70018972427671,
        8.302839702697419,
        8.354319700854056,
        8.719359687782946,
        8.824399684021746,
        8.958169679231798,
        10.017949641283899,
        10.844729611679108,
        11.244479597365125,
        13.4856495171148,
        14.213689491045626
    ],
    "et": [
        -271.24544855
    ],