{
    "A": 22.91997,
    "B": 3.01525,
    "C": 2.66469,
    "Cv": "15.406",
    "G": -263.16403,
    "H": -263.131246,
    "P": 1.0,
    "S": 0.00010995807479473159,
    "T": 298.15,
    "U": -263.13219,
    "U0": -263.136712,
    "alpha": 32.425999999999995,
    "alpha_xx": 73.446,
    "alpha_xy": -4.653,
    "alpha_xz": 43.032,
    "alpha_yy": -0.01,
    "alpha_yz": 0.004,
    "alpha_zz": 23.842,
    "bo": [
        0,
        2,
        0,
        0,
        0,
        1,
        1,
        0,
        0,
        2,
        0,
        1,
        0,
        0,
        0,
        0,
        1,
        0,
        0,
        1,
        0,
        2,
        0,
        0,
        0,
        0,
        0,
        0,
        0,
        2,
        0,
        1,
        0,
        0,
        0,
        0,
        0,
        0,
        0,
        1,
        0,
        0,
        0,
        0,
        1,
        1,
        0,
        0,
        0,
        0,
        0,
        0,
        0,
        0,
        1,
        0,
        0,
        0,
        0,
        0,
        0,
        0,
        0,
        0,
        1,
        0,
        0,
        0,
        0,
        0,
        0,
        0,
        0,
        0,
        0,
        0,
        1,
        0,
        0,
        0,
        0
    ],
    "coords": [
        -1.472701,
        0.618985,
        -0.639883,
        -0.813851,
        -0.345278,
        -0.004619,
        0.591929,
        -0.564213,
        0.024674,
        1.27292,
        0.23475,
        -0.620564,
        2.604327,
        -0.049185,
        -0.535279,
        -0.96657,
        1.370454,
        -1.22851,
        -2.550231,
        0.665544,
        -0.574474,
        -1.334691,
        -1.089866,
        0.580921,
        2.668769,
        -0.841291,
        0.036634
    ],
    "e ne": -938.6561615915,
    "e_disp": -0.0029317197000011674,
    "e_k": 261.6873199705,
    "e_nn": 161.5482292518,
    "eigs": [
        -19.1910193128207,
        -14.43564948309783,
        -14.371019485412058,
        -10.21913963407982,
        -10.186599635244992,
        -1.1492399588487772,
        -0.9889599645879769,
        -0.7925499716208958,
        -0.6943699751364601,
        -0.6144799779971082,
        -0.5238299812430431,
        -0.4961699822334741,
        -0.47181998310538276,
        -0.4435799841165819,
        -0.40462998551127766,
        -0.37464998658478155,
        -0.3517599874044115,
        -0.27861999002336,
        -0.2661399904702356,
        -0.07756999722242494,
        0.04193999849824033,
        0.04847999826406035,
        0.05559999800911211,
        0.08189999706737919,
        0.11400999591760562,
        0.15689999438182897,
        0.18289999345083824,
        0.2267699918799704,
        0.2738999901923706,
        0.28505998979276076,
        0.28856998966707703,
        0.3513299874198086,
        0.3669399868608561,
        0.3704499867351724,
        0.37940998641433865,
        0.4189299849992328,
        0.43436998444636743,
        0.43856998429597666,
        0.48162998275411273,
        0.49009998245082464,
        0.4992499821231875,
        0.5024099820100363,
        0.5183199814403416,
        0.5491699803356853,
        0.5635799798197015,
        0.5693899796116609,
        0.6238399776619514,
        0.6306999774163132,
        0.6513599766765337,
        0.6763599757813502,
        0.6945699751292986,
        0.7308199738312827,
        0.739639973515462,
        0.7843299719152321,
        0.7957499715063123,
        0.8889099681705008,
        0.9240499669122312,
        0.9558099657749901,
        0.9589699656618389,
        0.9839499647673717,
        0.9842999647548392,
        1.0117899637704955,
        1.0477699624821477,
        1.0706699616621596,
        1.070859961655356,
        1.134539959375145,
        1.2037499568969192,
        1.2237799561796985,
        1.2415899555419696,
        1.25160995518318,
        1.2966599535700596,
        1.2978099535288812,
        1.345829951809413,
        1.383879950446944,
        1.4073499496065458,
        1.5146299457651344,
        1.540489944839157,
        1.5473699445928022,
        1.578899943463797,
        1.6517499408552327,
        1.6737099400689037,
        1.7707799365930854,
        1.8243199346759607,
        1.8476599338402175,
        1.8718699329733217,
        1.9275499309795694,
        1.997939928459091,
        2.0056899281815843,
        2.0143599278711344,
        2.110799924417875,
        2.1915399215267906,
        2.222769920408528,
        2.235959919936229,
        2.280379918345667,
        2.325129916743289,
        2.4333899128667866,
        2.480339911185632,
        2.5478899087668467,
        2.584339907461669,
        2.615139906358803,
        2.6545099049490686,
        2.7605499011520584,
        2.7751899006278387,
        2.793329899978294,
        2.8087298994268615,
        2.837499898396684,
        2.8523198978660194,
        2.878049896944696,
        2.8877398965977235,
        2.920999895406771,
        2.998489892632061,
        3.019669891873662,
        3.037749891226265,
        3.11666988840035,
        3.1360798877053297,
        3.1447498873948803,
        3.1858698859224823,
        3.199409885437651,
        3.2256798844969925,
        3.241559883928372,
        3.246329883757571,
        3.2852398823643076,
        3.286489882319548,
        3.335779880554605,
        3.36590987947573,
        3.462529876016025,
        3.4722098756694098,
        3.4946898748644606,
        3.5426798731460667,
        3.5905698714312537,
        3.613169870622008,
        3.6437098695284518,
        3.6471198694063487,
        3.684849868055338,
        3.7047898673413395,
        3.709689867165884,
        3.7400798660776986,
        3.7961698640692654,
        3.815159863389284,
        3.815469863378184,
        3.87212986134934,
        3.8826398609730046,
        3.9336798591453985,
        3.957649858287097,
        4.006479856538624,
        4.0156498562102705,
        4.029239855723649,
        4.037769855418213,
        4.1013398531419405,
        4.124719852304765,
        4.187529850055706,
        4.188149850033506,
        4.224049848748022,
        4.277659846828391,
        4.401539842392578,
        4.413209841974707,
        4.496869838979065,
        4.499029838901722,
        4.52777983787226,
        4.582319835919328,
        4.6246598344032455,
        4.641529833799176,
        4.659369833160373,
        4.703429831582701,
        4.723699830856887,
        4.772999829091585,
        4.7755698289995605,
        4.8251298272249485,
        4.852579826242037,
        4.889179824931488,
        4.889209824930415,
        4.960369822382365,
        4.96241982230896,
        5.0360698196717495,
        5.063049818705667,
        5.0833398179791365,
        5.1635198151081045,
        5.227889812803187,
        5.244759812199116,
        5.330019809146184,
        5.477889803851353,
        5.506379802831201,
        5.556629801031883,
        5.6286697984523215,
        5.8001097923135125,
        5.893079788984505,
        5.897719788818358,
        5.915699788174543,
        5.950079786943486,
        5.973699786097717,
        6.191699778291717,
        6.334919773163391,
        6.358049772335168,
        6.495219767423475,
        6.559429765124286,
        6.617909763030273,
        6.726589759138732,
        6.776119757365194,
        7.0827797463845155,
        7.18784974262224,
        7.323399737768555,
        8.690749688807394,
        10.844249611696297,
        11.449509590023549,
        12.992129534786436,
        14.074859496016758
    ],
    "et": [
        -263.202486439
    ],