{
    "A": 39.17616,
    "B": 2.31813,
    "C": 2.18862,
    "Cv": "16.915",
    "G": -271.192186,
    "H": -271.158193,
    "P": 1.0,
    "S": 0.00011401308066412709,
    "T": 298.15,
    "U": -271.159137,
    "U0": -271.16426,
    "alpha": 34.48133333333333,
    "alpha_xx": 78.373,
    "alpha_xy": 7.873,
    "alpha_xz": 41.171,
    "alpha_yy": -0.001,
    "alpha_yz": 0.0,
    "alpha_zz": 25.072,
    "bo": [
        0,
        2,
        0,
        0,
        0,
        1,
        1,
        0,
        0,
        2,
        0,
        1,
        0,
        0,
        0,
        0,
        0,
        0,
        0,
        1,
        0,
        2,
        0,
        0,
        0,
        1,
        0,
        0,
        0,
        2,
        0,
        1,
        0,
        0,
        0,
        1,
        0,
        0,
        0,
        1,
        0,
        0,
        0,
        0,
        0,
        1,
        0,
        0,
        0,
        0,
        0,
        0,
        0,
        0,
        1,
        0,
        0,
        0,
        0,
        0,
        0,
        0,
        0,
        0,
        0,
        1,
        0,
        0,
        0,
        0,
        0,
        0,
        0,
        0,
        0,
        1,
        0,
        0,
        0,
        0,
        0
    ],
    "coords": [
        2.329091,
        0.177569,
        -8.4e-05,
        1.229757,
        -0.457935,
        2.5e-05,
        0.041446,
        0.264054,
        2.1e-05,
        -1.112309,
        -0.397088,
        5.8e-05,
        -2.287599,
        0.245904,
        -1.1e-05,
        3.261622,
        -0.378119,
        0.000355,
        2.39176,
        1.27134,
        0.000249,
        0.050859,
        1.354101,
        -4.5e-05,
        -1.202922,
        -1.473996,
        1.3e-05
    ],
    "e ne": -945.5036387805,
    "e_disp": -0.0033103863999883743,
    "e_k": 269.718963339,
    "e_nn": 154.4438468855,
    "eigs": [
        -24.701529115504016,
        -14.333499486755551,
        -10.262539632525781,
        -10.219179634078387,
        -10.20869963445365,
        -1.2355999557564556,
        -0.9442999661871325,
        -0.7772999721669577,
        -0.6476999768075885,
        -0.59024997886472,
        -0.5392999806891037,
        -0.5168699814922623,
        -0.47365998303949725,
        -0.46495998335102107,
        -0.43759998433070973,
        -0.38266998629760673,
        -0.3817299863312656,
        -0.2746599901651571,
        -0.2526999909514862,
        -0.04791999828411246,
        0.0385899986181949,
        0.05144999815771257,
        0.07347999736887695,
        0.09247999668853757,
        0.10838999611884285,
        0.11576999585458471,
        0.16631999404452386,
        0.25607999083045735,
        0.26871999037785266,
        0.2700499903302289,
        0.29476998944507155,
        0.31991998854451703,
        0.3208399885115743,
        0.3534499873438971,
        0.375409986557568,
        0.3854599861977043,
        0.40758998540528796,
        0.4233799848398901,
        0.45476998371589783,
        0.4661299833091264,
        0.4910899824153754,
        0.4978999821715274,
        0.5058199818879333,
        0.5382399807270595,
        0.544449980504696,
        0.5764199793599354,
        0.6116299780991591,
        0.6377899771624392,
        0.6469899768330116,
        0.6676199760943063,
        0.7193599742416347,
        0.7737099722955061,
        0.8042299712026661,
        0.8223999705520469,
        0.8463899696930288,
        0.8626099691122339,
        0.8790599685232032,
        0.891219968087786,
        0.9056199675721603,
        0.9452699661523996,
        0.9865899646728402,
        0.9998899641966027,
        1.0452099625738143,
        1.0490999624345236,
        1.070449961670037,
        1.0779499614014822,
        1.1194999599136872,
        1.1725799580130338,
        1.227509956046137,
        1.2299199559598413,
        1.2498299552469172,
        1.2706299545021245,
        1.3688099509865606,
        1.3851799504003943,
        1.4342999486415378,
        1.4583199477814457,
        1.4909799466119782,
        1.5015699462327785,
        1.5826699433288036,
        1.6467299410349856,
        1.6844799396832586,
        1.7424199376085816,
        1.8035599354193212,
        1.9077599316881966,
        1.9322099308127072,
        1.9502999301649526,
        1.9898499287487723,
        2.056559926360065,
        2.0572599263349995,
        2.175139922114031,
        2.1771399220424166,
        2.247529919521938,
        2.256299919207908,
        2.296219917778479,
        2.3769599148873946,
        2.3862599145543864,
        2.4324999128986553,
        2.4659099117023318,
        2.4888599108805534,
        2.5431599089362154,
        2.5670999080789874,
        2.630789905798419,
        2.6337699056917128,
        2.6990899033527773,
        2.7139799028196063,
        2.740849901857463,
        2.751249901485067,
        2.8184798990777393,
        2.8360998984468146,
        2.850469897932263,
        2.8900198965160824,
        2.899559896174481,
        2.923279895325131,
        2.9461698945055006,
        2.9714998935985006,
        2.9987898926213186,
        3.0314298914525675,
        3.0427898910457962,
        3.0469298908975535,
        3.0973398890925057,
        3.1075298887276293,
        3.1451998873787668,
        3.1769298862426,
        3.1876698858580292,
        3.225579884500573,
        3.229389884364147,
        3.2527798835266135,
        3.2840398824072765,
        3.3359398805488754,
        3.3404098803888167,
        3.3960898783950646,
        3.4143198777422965,
        3.4217998774744576,
        3.494229874880932,
        3.5146598741493884,
        3.5557098726794973,
        3.595239871264033,
        3.6363998697902034,
        3.7052898673234362,
        3.7154798669585594,
        3.728309866499151,
        3.74153986602542,
        3.75601986550693,
        3.85826986184563,
        3.885379860874893,
        3.922979859528537,
        3.9483498586201047,
        3.958159858268835,
        3.9761998576228703,
        4.0141998562621914,
        4.047139855082698,
        4.079109853937938,
        4.160209851033963,
        4.225509848695744,
        4.281869846677642,
        4.305169845843332,
        4.34642984436592,
        4.48085983955234,
        4.509679838520373,
        4.5806098359805585,
        4.637689833936676,
        4.658609833187587,
        4.670109832775802,
        4.786709828600666,
        4.794249828330679,
        4.804459827965086,
        4.8265198271751775,
        4.865849825766874,
        4.87267982552231,
        4.906079824326345,
        4.962869822292847,
        4.979679821690925,
        5.036629819651697,
        5.042319819447953,
        5.052559819081286,
        5.172759814777244,
        5.218799813128674,
        5.278629810986321,
        5.297549810308848,
        5.404579806476388,
        5.4669998042412935,
        5.602019799406588,
        5.629299798429763,
        5.753369793987148,
        5.862619790075195,
        6.025519784242181,
        6.112079781142697,
        6.144019779999012,
        6.593909763889649,
        6.859279754387456,
        6.862689754265353,
        6.983469749940543,
        7.0493697475808395,
        7.242519740664653,
        7.388109735451462,
        7.693679724509815,
        8.31701970218967,
        8.370159700286868,
        8.74853968673809,
        8.869489682407192,
        8.969349678831472,
        9.98769964236707,
        10.908819609384217,
        11.427669590805582,
        13.374749521085832,
        14.003279498579847
    ],
    "et": [
        -271.229862136
    ],