{
    "A": 10.09732,
    "B": 9.73348,
    "C": 4.95603,
    "Cv": "12.075",
    "G": -245.998568,
    "H": -245.967925,
    "P": 1.0,
    "S": 0.00010277712560790795,
    "T": 298.15,
    "U": -245.968869,
    "U0": -245.972411,
    "alpha": 24.389,
    "alpha_xx": 48.499,
    "alpha_xy": 0.67,
    "alpha_xz": 43.096,
    "alpha_yy": 0.0,
    "alpha_yz": 0.0,
    "alpha_zz": 24.668,
    "bo": [
        0,
        2,
        0,
        0,
        1,
        1,
        0,
        0,
        2,
        0,
        1,
        0,
        0,
        0,
        1,
        0,
        0,
        1,
        0,
        1,
        0,
        0,
        0,
        0,
        0,
        0,
        1,
        0,
        2,
        0,
        0,
        1,
        1,
        0,
        0,
        2,
        0,
        0,
        0,
        0,
        1,
        0,
        0,
        0,
        0,
        0,
        0,
        0,
        0,
        1,
        0,
        0,
        0,
        0,
        0,
        0,
        0,
        0,
        0,
        1,
        0,
        0,
        0,
        0
    ],
    "coords": [
        -0.766829,
        -0.673057,
        -0.218146,
        -0.765804,
        0.67128,
        -0.337662,
        0.535199,
        1.082736,
        -0.447048,
        1.25252,
        -0.065387,
        -0.385303,
        0.544371,
        -1.132802,
        -0.25068,
        -1.601816,
        -1.343169,
        -0.111802,
        -1.520616,
        1.43469,
        -0.363225,
        2.322974,
        0.025709,
        -0.453538
    ],
    "e ne": -901.5836997458,
    "e_disp": -0.0023143481000147403,
    "e_k": 244.5723822868,
    "e_nn": 163.5051678547,
    "eigs": [
        -19.21297931203437,
        -14.31942948725936,
        -10.26159963255944,
        -10.235249633502965,
        -10.205039634584704,
        -1.1391699592093572,
        -0.9264299668270097,
        -0.7724199723416976,
        -0.6321699773636763,
        -0.6056999783114967,
        -0.5508999802737385,
        -0.4789199828511506,
        -0.46477998335746634,
        -0.4339399844617646,
        -0.405539985478693,
        -0.3289999882193865,
        -0.29745998934874984,
        -0.2587099907362841,
        -0.01029999963118444,
        0.04245999847962051,
        0.06119999780859103,
        0.07610999727470365,
        0.08588999692450791,
        0.11570999585673315,
        0.15763999435533158,
        0.18472999338531082,
        0.23641999153442964,
        0.26739999042511836,
        0.2769699900824421,
        0.30691998901001244,
        0.320879988510142,
        0.32358998841310416,
        0.34846998752221764,
        0.36354998698224295,
        0.39652998580131704,
        0.42423998480909575,
        0.4437199841115689,
        0.4628299834272907,
        0.48377998267712696,
        0.49329998233624117,
        0.5176099814657649,
        0.5515699802497477,
        0.5687799796335034,
        0.5710799795511466,
        0.5938599787354555,
        0.6381699771488324,
        0.6585799764180047,
        0.6627799762676139,
        0.724239974066895,
        0.7451299733188796,
        0.7472999732411778,
        0.8000499713523408,
        0.8766299686102151,
        0.8966199678944263,
        0.9304399666834223,
        0.9438799662021717,
        0.978059964978277,
        0.9790599649424697,
        0.9975699642796758,
        1.0023799641074425,
        1.091569960913786,
        1.1167199600132318,
        1.122129959819514,
        1.1937799572539185,
        1.2260999560966253,
        1.2290199559920678,
        1.2728499544226324,
        1.2968999535614658,
        1.3577199513836637,
        1.3896599502399773,
        1.458149947787533,
        1.466989947470996,
        1.5012999462424463,
        1.5060699460716453,
        1.581359943375711,
        1.586679943185216,
        1.6525699408258707,
        1.7957699356982604,
        1.795929935692531,
        1.8251299346469567,
        1.855239933568798,
        1.9079899316799611,
        2.0300499273093173,
        2.0303299272992916,
        2.10391992466423,
        2.1297199237404003,
        2.2186499205560537,
        2.2549099192576803,
        2.256239919210056,
        2.2719099186489555,
        2.4237099132134015,
        2.44710991237551,
        2.449269912298166,
        2.5197599097741072,
        2.556079908473585,
        2.598039906971109,
        2.607229906642039,
        2.707499903051638,
        2.7665599009368567,
        2.783129900343529,
        2.8020998996642636,
        2.825789898815988,
        2.872709897135908,
        2.888359896575523,
        2.9237398953086595,
        2.9421198946505207,
        2.9463798944979813,
        2.977629893379002,
        2.9939998927928366,
        3.018689891908753,
        3.034019891359826,
        3.0362798912789017,
        3.070259890062169,
        3.101839888931373,
        3.1303398879108637,
        3.1432398874489493,
        3.1644698866887593,
        3.194799885602723,
        3.2278598844189323,
        3.29708988193999,
        3.2998098818425947,
        3.347939880119187,
        3.354279879892169,
        3.385779878764238,
        3.3884498786686326,
        3.4389898768589298,
        3.4803398753782964,
        3.549629872897206,
        3.5911198714115597,
        3.6058898708826854,
        3.6284198700759465,
        3.684099868082193,
        3.7222498667161434,
        3.7423898659949835,
        3.760479865347229,
        3.8407298624736903,
        3.889409860730589,
        3.92553985943687,
        3.9617798581392125,
        3.9772298575859892,
        4.016949856163721,
        4.074579854100145,
        4.081099853866681,
        4.130289852105317,
        4.184879850150596,
        4.285159846559837,
        4.380719843138087,
        4.40164984238864,
        4.465229840112009,
        4.50841983856549,
        4.546239837211257,
        4.635399834018674,
        4.73684983038602,
        4.774549829036083,
        4.78381982870415,
        4.815919827554735,
        4.836169826829636,
        4.8511998262914515,
        4.926549823593369,
        4.936649823231715,
        4.993749821187116,
        5.038859819571846,
        5.092409817654365,
        5.1380698160194,
        5.286879810690912,
        5.300169810215031,
        5.315749809657154,
        5.3455498085900945,
        5.439149805238528,
        5.522169802265804,
        5.559239800938426,
        5.602689799382596,
        5.698269795960131,
        5.759239793776959,
        5.791629792617158,
        5.844099790738348,
        6.067849782726457,
        6.078479782345824,
        6.194689778184654,
        6.387009771298187,
        6.4602197686767315,
        6.670619761142869,
        6.762229757862557,
        6.786129757006763,
        6.930959751820786,
        7.205099742004563,
        7.318969737927182,
        9.107439673886836,
        10.877519610504987,
        11.23115959784208,
        13.026989533538192,
        13.792299506134478
    ],
    "et": [
        -246.030766663
    ],
    "fc": [
        0.7251,
        0.7489,
        0.4413,
        0.6431,
        0.6503,
        3.294,
        2.692,
        1.6416,
        2.1982,
        3.6705,
        1.386,
        1.1327,
        2.545,
        5.6199,
        7.4414,
        6.8155,
        6.8884,
        7.0597
    ],
    "gap": 0.24840999110509965,
    "homo": -0.2587099907362841,
    "id": "AG7_03503",
    "ir": [
        6.3712,
        25.5995,
        33.6437,
        20.8548,
        1.0938,
        19.8414,
        17.7538,
        31.9289,
        13.9045,
        11.2769,
        17.288,
        0.1166,
        4.1998,
        25.5852,
        12.2181,
        2.6619,
        0.4698,
        0.5123
    ],
    "lumo": -0.01029999963118444,
    "ma": [
        12.0,
        12.0,
        15.99491,
        12.0,
        14.00307,
        1.00783,
        1.00783,
        1.00783
    ],