{
    "A": 10.32552,
    "B": 3.88674,
    "C": 2.8749,
    "Cv": "16.940",
    "G": -308.366748,
    "H": -308.332487,
    "P": 1.0,
    "S": 0.00011491195706844922,
    "T": 298.15,
    "U": -308.333431,
    "U0": -308.33848,
    "alpha": 21.382333333333335,
    "alpha_xx": 38.844,
    "alpha_xy": 0.109,
    "alpha_xz": 42.549,
    "alpha_yy": -0.003,
    "alpha_yz": 0.0,
    "alpha_zz": 25.306,
    "bo": [
        0,
        1,
        0,
        0,
        1,
        1,
        1,
        0,
        0,
        1,
        0,
        2,
        1,
        0,
        0,
        0,
        0,
        0,
        0,
        2,
        0,
        0,
        0,
        0,
        0,
        1,
        0,
        0,
        1,
        0,
        0,
        0,
        0,
        0,
        0,
        1,
        1,
        0,
        0,
        0,
        0,
        0,
        0,
        0,
        0,
        1,
        0,
        0,
        0,
        0,
        0,
        0,
        0,
        0,
        1,
        0,
        0,
        0,
        0,
        0,
        0,
        0,
        0,
        0,
        0,
        1,
        0,
        0,
        0,
        0,
        0,
        0,
        0,
        0,
        0,
        1,
        0,
        0,
        0,
        0,
        0
    ],
    "coords": [
        -1.013223,
        0.021627,
        -0.176568,
        0.460848,
        -0.107942,
        0.113413,
        1.360404,
        0.760261,
        -0.02827,
        0.73157,
        -1.349517,
        0.576209,
        -1.295086,
        1.290047,
        -0.651258,
        -1.58976,
        -0.150806,
        0.734264,
        -1.311764,
        -0.711338,
        -0.928481,
        0.972728,
        1.629418,
        -0.385338,
        1.684283,
        -1.381751,
        0.74603
    ],
    "e ne": -1080.779410386,
    "e_disp": -0.00445128690000729,
    "e_k": 306.7508243836,
    "e_nn": 177.1941524282,
    "eigs": [
        -24.684409116117035,
        -19.17450931341188,
        -14.297339488050342,
        -10.280329631888767,
        -10.271209632215331,
        -1.2139799565306102,
        -1.0901299609653488,
        -0.9008399677433194,
        -0.7526499730496086,
        -0.6187499778442108,
        -0.5415599806081791,
        -0.5205599813601332,
        -0.517719981461826,
        -0.4945699822907658,
        -0.42488998478582096,
        -0.41526998513028757,
        -0.38045998637674094,
        -0.36269998701267925,
        -0.2902399896072788,
        -0.28983998962160173,
        0.01062999961936802,
        0.034249998773598744,
        0.04663999832994585,
        0.07983999714114229,
        0.10561999621802917,
        0.10727999615858899,
        0.19231999311353312,
        0.2277399918452373,
        0.24979999105532746,
        0.2998099892646026,
        0.3135999887708194,
        0.33890998786453574,
        0.34611998760636487,
        0.362049987035954,
        0.3805099863749506,
        0.41213998524236456,
        0.4151999851327941,
        0.434289984449232,
        0.4580599835980917,
        0.5089199817769305,
        0.5178099814586034,
        0.5196399813930759,
        0.5406899806393315,
        0.5656299797462965,
        0.5944399787146871,
        0.6218999777314177,
        0.6478299768029335,
        0.6504999767073278,
        0.7014599748825862,
        0.7317799737969076,
        0.7353599736687174,
        0.7807999720416321,
        0.8231599705248334,
        0.8609699691709579,
        0.8808899684576756,
        0.9146599672484621,
        0.9393799663633047,
        1.009509963852136,
        1.0175099635656775,
        1.0391699627900906,
        1.0618099619794124,
        1.0672699617839045,
        1.1144499600945144,
        1.1201599598900547,
        1.1824599576592574,
        1.2166499564350046,
        1.2521299551645604,
        1.271969954454143,
        1.2964099535790115,
        1.3780099506571328,
        1.4024799497809275,
        1.435809948587469,
        1.4530799479690761,
        1.5045799461249985,
        1.522789945472947,
        1.5479199445731084,
        1.6418199412107997,
        1.6926399393910707,
        1.7899499359066589,
        1.801099935507407,
        1.8806499326589337,
        1.8829399325769347,
        1.986119928882334,
        2.0201599276634523,
        2.054639926428815,
        2.1171799241894242,
        2.158949922693752,
        2.160699922631089,
        2.2589499191130185,
        2.268109918785023,
        2.318299916987853,
        2.3254799167307567,
        2.3495799158677997,
        2.3960099142052647,
        2.46101991187743,
        2.479839911203536,
        2.5803399076048987,
        2.5837999074810054,
        2.6500099051102013,
        2.7620499010983472,
        2.7805699004351956,
        2.789139900128327,
        2.8816798968147155,
        2.894789896345282,
        2.929119895116016,
        2.9624398939229155,
        2.9831898931799135,
        2.988549892987986,
        3.013489892094951,
        3.037939891219461,
        3.0659098902179305,
        3.0961198891361907,
        3.1367898876799063,
        3.1603298868370016,
        3.210869885027299,
        3.2188298847422727,
        3.2668498830228043,
        3.2834298824291186,
        3.3538998799057755,
        3.3723498792451307,
        3.394189878463098,
        3.4219698774683702,
        3.4417598767597433,
        3.4638198759698335,
        3.497969874747013,
        3.514709874147598,
        3.5450198730622775,
        3.5599298725283903,
        3.5964698712199903,
        3.6279898700913433,
        3.672349868502929,
        3.719719866806736,
        3.7447698659097624,
        3.7758098647983025,
        3.7902998642794543,
        3.865429861589249,
        3.872309861342895,
        3.905389860158388,
        3.915739859787782,
        4.002079856696177,
        4.030699855671371,
        4.059719854632243,
        4.076959854014923,
        4.107959852904896,
        4.152679851303592,
        4.177119850428461,
        4.212229849171265,
        4.256099847600398,
        4.28377984660925,
        4.359179843909377,
        4.454689840489419,
        4.586239835778963,
        4.611299834881631,
        4.696019831848034,
        4.748019829986053,
        4.769999829199007,
        4.826859827163002,
        4.855589826134258,
        4.887079825006684,
        4.9253498236363376,
        4.927299823566513,
        5.009049820639264,
        5.011499820551536,
        5.072759818357978,
        5.074489818296031,
        5.126149816446224,
        5.239839812375289,
        5.252589811918744,
        5.347329808526358,
        5.412549806191004,
        5.496399803188559,
        5.547959801342332,
        5.703479795773575,
        5.758019793820644,
        5.7629097936455445,
        5.859749790177963,
        5.894129788946906,
        5.92279978792031,
        6.041979783652791,
        6.169789779076257,
        6.401899770765016,
        6.467379768420352,
        6.584429764229102,
        6.693989760306051,
        6.747989758372454,
        6.756649758062363,
        6.874839753830294,
        6.88379975350946,
        6.979599750079117,
        7.027449748365736,
        7.035589748074265,
        7.204609742022109,
        7.2848697391482125,
        7.291299738917971,
        7.310489738230828,
        7.419899734313147,
        8.372259700211673,
        8.37254970020129,
        8.842869683360382,
        8.846849683217869,
        8.944239679730593,
        9.242619669046402,
        11.399259591822867,
        12.179649563879181,
        12.647279547134595,
        13.849389504090238
    ],
    "et": [
        -308.405598094
    ],