{
    "A": 35.0767,
    "B": 1.04549,
    "C": 1.01523,
    "Cv": "17.158",
    "G": -2761.514988,
    "H": -2761.478124,
    "P": 1.0,
    "S": 0.0001236424618470428,
    "T": 298.15,
    "U": -2761.479069,
    "U0": -2761.484647,
    "alpha": 45.31966666666667,
    "alpha_xx": 103.145,
    "alpha_xy": -4.01,
    "alpha_xz": 49.453,
    "alpha_yy": 0.004,
    "alpha_yz": 0.001,
    "alpha_zz": 32.81,
    "bo": [
        0,
        2,
        0,
        0,
        0,
        1,
        0,
        0,
        2,
        0,
        1,
        0,
        0,
        0,
        1,
        0,
        0,
        1,
        0,
        2,
        0,
        0,
        0,
        0,
        0,
        0,
        2,
        0,
        1,
        0,
        0,
        1,
        0,
        0,
        0,
        1,
        0,
        0,
        0,
        0,
        1,
        0,
        0,
        0,
        0,
        0,
        0,
        0,
        0,
        1,
        0,
        0,
        0,
        0,
        0,
        0,
        0,
        0,
        0,
        1,
        0,
        0,
        0,
        0
    ],
    "coords": [
        3.536285,
        -0.328477,
        -0.000188,
        2.468881,
        0.342427,
        -0.000248,
        1.175561,
        -0.235936,
        0.000271,
        0.195756,
        0.545311,
        0.000552,
        -1.597223,
        -0.091585,
        -0.000314,
        3.32061,
        -1.327615,
        8.9e-05,
        2.523769,
        1.434682,
        8e-06,
        0.233585,
        1.634608,
        -0.000144
    ],
    "e ne": -7133.080902595,
    "e_disp": -0.003451985900028376,
    "e_k": 2756.943527047,
    "e_nn": 272.4082930169,
    "eigs": [
        -482.88414270920464,
        -62.53231776088421,
        -56.34830798231713,
        -56.34515798242992,
        -56.344667982447476,
        -14.354659485997868,
        -14.317379487332763,
        -10.296859631296874,
        -10.260059632614585,
        -8.721009687723864,
        -6.549519765479137,
        -6.539319765844372,
        -6.537819765898083,
        -2.665009904573092,
        -2.6622899046704873,
        -2.66110990471274,
        -2.652939905005286,
        -2.6528899050070764,
        -0.9892099645790251,
        -0.9087399674604414,
        -0.8153999708026983,
        -0.6564799764932,
        -0.6093599781804417,
        -0.5514899802526123,
        -0.4790599828461376,
        -0.431569984546628,
        -0.4303299845910291,
        -0.34721998756697675,
        -0.3154599887042178,
        -0.3089999889355332,
        -0.2937999894798047,
        -0.29178998955177743,
        -0.07740999722815411,
        -0.021969999213312826,
        0.019059999317512174,
        0.04622999834462686,
        0.08063999711249643,
        0.08915999680741793,
        0.15151999457447243,
        0.2036799927067618,
        0.22303999201353175,
        0.23690999151688402,
        0.23846999146102457,
        0.2503899910342011,
        0.27284999022996836,
        0.29190998954748054,
        0.3082799889613144,
        0.3277099882655779,
        0.3300699881810726,
        0.3411799877832531,
        0.38003998639178005,
        0.38212998631694267,
        0.4056999854729638,
        0.40741998541137514,
        0.4370599843500457,
        0.4435799841165819,
        0.4748699829961704,
        0.5023499820121847,
        0.5108599817074643,
        0.5229899812731212,
        0.5303299810102955,
        0.5601099799439531,
        0.5715999795325267,
        0.6236599776683969,
        0.6239399776583708,
        0.6717899759449898,
        0.6906599752693053,
        0.7289999738964521,
        0.7437799733672197,
        0.7743399722729475,
        0.7746399722622052,
        0.8482399696267853,
        0.895299967941692,
        0.9110899673762941,
        0.9345099665376864,
        0.9405699663206939,
        1.0248299633035678,
        1.0490999624345236,
        1.0565299621684754,
        1.0756099614852712,
        1.110139960248844,
        1.1537499586872861,
        1.2319099558885849,
        1.2755399543263104,
        1.3099499530941803,
        1.352929951555181,
        1.3653499511104537,
        1.3710799509052778,
        1.4170299492599308,
        1.4657799475143232,
        1.4681699474287433,
        1.4914499465951487,
        1.5074399460225893,
        1.5383599449154266,
        1.5713299437348585,
        1.581919943355659,
        1.5822599433434845,
        1.5991899427372662,
        1.6876599395693912,
        1.694119939338076,
        1.71017993876301,
        1.7198399384171112,
        1.7415299376404503,
        1.7519199372684118,
        1.7653799367864451,
        1.8008699355156426,
        1.8618199333331855,
        1.8773499327770977,
        1.9234099311278117,
        1.9440299303894646,
        1.9915599286875418,
        2.0548199264223697,
        2.0980999248726286,
        2.100569924784184,
        2.1436699232408882,
        2.2975599177304966,
        2.382689914682219,
        2.4221199132703353,
        2.4708199115265175,
        2.553159908578142,
        2.5804499076009595,
        2.611809906478042,
        2.6149599063652484,
        2.662829904651151,
        2.706809903076345,
        2.83150989861117,
        2.840599898285681,
        2.862259897510094,
        2.875909897021325,
        2.880589896853746,
        2.891469896464162,
        2.9633698938896145,
        2.9863598930664037,
        2.999119892609502,
        3.0014998925242806,
        3.046889890898986,
        3.0744398899124943,
        3.088469889410117,
        3.139159887595043,
        3.153979887064378,
        3.177049886238303,
        3.1944698856145393,
        3.2980498819056154,
        3.3160198812621573,
        3.365949879474298,
        3.3994798782736773,
        3.4058398780459425,
        3.42466987737169,
        3.4466798765835716,
        3.464109875959449,
        3.519539873974649,
        3.571159872126274,
        3.590329871439847,
        3.614109870588349,
        3.6515298692484386,
        3.6971298676156237,
        3.772749864907873,
        3.8148298634011004,
        3.8412298624557866,
        3.8581298618506428,
        3.8923398606256736,
        3.9194298596556534,
        3.9403798589054895,
        4.047189855080908,
        4.108829852873743,
        4.125949852260721,
        4.211129849210653,
        4.297939846102218,
        4.339639844609053,
        4.417179841832551,
        4.476319839714906,
        4.552979836969915,
        4.6469898336036675,
        4.672699832683061,
        4.702319831622448,
        4.706649831467401,
        4.741759830210206,
        4.821059827370685,
        4.8212998273620915,
        4.86099982594054,
        4.896289824676899,
        4.9596298224088615,
        5.005419820769244,
        5.013109820493886,
        5.077409818191475,
        5.140909815917708,
        5.208299813504652,
        5.208349813502862,
        5.337299808885506,
        5.35143980837919,
        5.414259806129773,
        5.465789804284621,
        5.5576198009964335,
        5.6314497983527785,
        5.6422597979657,
        5.653399797566807,
        5.932699787565817,
        5.99888978519573,
        6.083369782170727,
        6.466159768464037,
        6.601049763633985,
        8.936019680024929,
        10.613469619959913,
        13.175779528210416,
        13.931639501145085
    ],
    "et": [
        -2761.53697883
    ],
    "fc": [
        0.0279,
        0.1136,
        0.0775,
        0.5877,
        0.7156,
        1.6723,
        0.7297,
        0.9203,
        2.9565,
        0.7794,
        1.1975,
        1.2106,
        1.3962,
        15.245,
        14.9521,
        5.9612,
        6.0964,
        7.4498
    ],
    "gap": 0.21437999232362331,
    "homo": -0.29178998955177743,
    "id": "AG7_11320",