{
    "A": 10.26627,
    "B": 4.55543,
    "C": 3.15532,
    "Cv": "17.051",
    "G": -263.182745,
    "H": -263.148561,
    "P": 1.0,
    "S": 0.00011465369780324955,
    "T": 298.15,
    "U": -263.149505,
    "U0": -263.154638,
    "alpha": 26.388,
    "alpha_xx": 54.881,
    "alpha_xy": -2.83,
    "alpha_xz": 49.604,
    "alpha_yy": -0.002,
    "alpha_yz": 0.003,
    "alpha_zz": 24.285,
    "bo": [
        0,
        2,
        0,
        0,
        0,
        1,
        0,
        0,
        0,
        2,
        0,
        1,
        0,
        0,
        0,
        1,
        0,
        0,
        0,
        1,
        0,
        2,
        0,
        0,
        0,
        1,
        0,
        0,
        0,
        2,
        0,
        1,
        0,
        0,
        0,
        0,
        0,
        0,
        0,
        1,
        0,
        0,
        0,
        0,
        1,
        1,
        0,
        0,
        0,
        0,
        0,
        0,
        0,
        0,
        0,
        1,
        0,
        0,
        0,
        0,
        0,
        0,
        0,
        0,
        0,
        1,
        0,
        0,
        0,
        0,
        0,
        0,
        0,
        0,
        0,
        0,
        1,
        0,
        0,
        0,
        0
    ],
    "coords": [
        -0.91476,
        0.958254,
        1.163112,
        -1.118057,
        -0.07459,
        0.451686,
        -0.215711,
        -0.762188,
        -0.494384,
        0.986719,
        -0.511345,
        -0.847787,
        1.53336,
        0.609253,
        -0.225735,
        0.024922,
        1.320457,
        1.017387,
        -2.098293,
        -0.550795,
        0.527012,
        -0.61828,
        -1.638623,
        -0.992351,
        2.420102,
        0.649677,
        -0.599139
    ],
    "e ne": -942.1371934663,
    "e_disp": -0.004146582999993598,
    "e_k": 261.7146994868,
    "e_nn": 163.135886811,
    "eigs": [
        -19.19523931266959,
        -14.394829484559486,
        -14.311229487552978,
        -10.22998963369131,
        -10.225709633844566,
        -1.1117199601922685,
        -0.9181799671224202,
        -0.876649968609499,
        -0.6832599755342795,
        -0.5935599787461976,
        -0.5529799801992593,
        -0.49020998244688574,
        -0.45879998357159424,
        -0.4415099841907031,
        -0.4218299848953914,
        -0.35259998737433335,
        -0.32386998840307807,
        -0.2820499899005409,
        -0.2618299906245652,
        -0.0737999973574186,
        0.019589999298534288,
        0.056039997993356884,
        0.06177999778782278,
        0.1025199963290319,
        0.10689999617219577,
        0.1196399957160103,
        0.20043999282277758,
        0.24441999124797092,
        0.28060998995210346,
        0.28324998985757205,
        0.299889989261738,
        0.3504799874502449,
        0.35613998724757534,
        0.3786999864397618,
        0.4084099853759259,
        0.4308399845727674,
        0.44474998407468724,
        0.44928998391212205,
        0.46082998349890536,
        0.47654998293601397,
        0.4848999826370228,
        0.5149399815613703,
        0.5215599813243258,
        0.5318599809555103,
        0.5545699801423256,
        0.5965599786387755,
        0.6166699779186902,
        0.6210199777629282,
        0.6809299756177107,
        0.6930799751826515,
        0.7208199741893561,
        0.7269799739687828,
        0.7668299725418606,
        0.7779699721429669,
        0.8192599706644819,
        0.8562899693385362,
        0.8950899679492117,
        0.9395999663554271,
        0.9560699657656802,
        0.9905399645314014,
        1.0109499638005737,
        1.0370399628663602,
        1.0892499609968593,
        1.120629959873225,
        1.1509699587868305,
        1.1638899583241997,
        1.20447995687078,
        1.236099955738552,
        1.275889954313778,
        1.281319954119344,
        1.3208899527024478,
        1.3765399507097698,
        1.4162899492864283,
        1.4373199485333998,
        1.4451499482530281,
        1.5110999458915346,
        1.5489899445347948,
        1.559289944165979,
        1.619939941994264,
        1.6400799412731044,
        1.644339941120565,
        1.777419936355325,
        1.807249935287192,
        1.867929933114403,
        1.9362099306694778,
        1.9935599286159273,
        2.0176799277522544,
        2.0574599263278386,
        2.059289926262311,
        2.144779923201142,
        2.1578699227324236,
        2.2098099208725905,
        2.253409919311391,
        2.2682699187792936,
        2.3824099146922446,
        2.417489913436123,
        2.459679911925412,
        2.479619911211414,
        2.571909907906754,
        2.6122099064637188,
        2.6722399043142047,
        2.697969903392882,
        2.788709900143724,
        2.7965998998612043,
        2.8100298993803112,
        2.839539898323637,
        2.893929896376076,
        2.90925989582715,
        2.9177598955227873,
        2.9685798937030587,
        2.97325989353548,
        3.033269891386682,
        3.0640998902827414,
        3.0863798894849546,
        3.0938098892189054,
        3.1289598879602782,
        3.138439887620825,
        3.2122898849764523,
        3.2152198848715368,
        3.2667498830263852,
        3.3115698814215007,
        3.317809881198063,
        3.319449881139338,
        3.3657498794814584,
        3.3962298783900513,
        3.41988987754285,
        3.421319877491645,
        3.5034498745507885,
        3.5148998741407946,
        3.5300998735965234,
        3.582279871728096,
        3.6443298695062514,
        3.6466098694246103,
        3.6788398682705403,
        3.7147198669857726,
        3.744689865912627,
        3.749859865727503,
        3.770289864995959,
        3.7945498641272732,
        3.8028998638282823,
        3.850709862116333,
        3.872019861353279,
        3.9045798601873924,
        3.9101998599861547,
        3.9659698579891796,
        3.982909857382603,
        4.018209856118604,
        4.029019855731527,
        4.033339855576839,
        4.146319851531326,
        4.156649851161436,
        4.204349849453426,
        4.225689848689298,
        4.328349845013317,
        4.386059842946875,
        4.436669841134667,
        4.460999840263474,
        4.506069838649638,
        4.6168598346825425,
        4.622149834493122,
        4.6616898330773,
        4.690699832038529,
        4.735249830443312,
        4.750299829904411,
        4.770489829181461,
        4.796739828241519,
        4.815229827579442,
        4.887789824981262,
        4.902539824453103,
        4.922409823741611,
        4.942119823035849,
        4.9777798217589595,
        5.055119818989619,
        5.078809818141344,
        5.186569814282746,
        5.216819813199573,
        5.236109812508849,
        5.336709808906631,
        5.3884398070543185,
        5.4405798051873235,
        5.5034798029350425,
        5.562369800826348,
        5.577819800273125,
        5.6065397992447386,
        5.645129797862933,
        5.716589795304142,
        5.860239790160418,
        5.9412197872607395,
        5.995039785333589,
        6.054039783220955,
        6.328669773387187,
        6.364219772114237,
        6.430559769738777,
        6.5138697667556675,
        6.550479765444762,
        6.621719762893847,
        6.705749759884957,
        6.786659756987785,
        7.1165597451749445,
        7.264909739862928,
        7.313709738115529,
        9.197859670649137,
        11.207569598686776,
        11.668409582185323,
        12.525749551486262,
        14.509479480454175
    ],
    "et": [
        -263.222327293
    ],