{
    "A": 8.52486,
    "B": 5.49018,
    "C": 3.33949,
    "Cv": "13.961",
    "G": -568.955782,
    "H": -568.923806,
    "P": 1.0,
    "S": 0.00010724802951529773,
    "T": 298.15,
    "U": -568.92475,
    "U0": -568.92865,
    "alpha": 32.318999999999996,
    "alpha_xx": 65.835,
    "alpha_xy": -0.538,
    "alpha_xz": 61.211,
    "alpha_yy": 0.0,
    "alpha_yz": 0.0,
    "alpha_zz": 31.122,
    "bo": [
        0,
        2,
        0,
        0,
        1,
        1,
        0,
        0,
        2,
        0,
        1,
        0,
        0,
        0,
        1,
        0,
        0,
        1,
        0,
        1,
        0,
        0,
        0,
        0,
        0,
        0,
        1,
        0,
        2,
        0,
        0,
        1,
        1,
        0,
        0,
        2,
        0,
        0,
        0,
        0,
        1,
        0,
        0,
        0,
        0,
        0,
        0,
        0,
        0,
        1,
        0,
        0,
        0,
        0,
        0,
        0,
        0,
        0,
        0,
        1,
        0,
        0,
        0,
        0
    ],
    "coords": [
        -0.646664,
        -0.660238,
        0.320164,
        -0.968301,
        0.610229,
        -0.045693,
        0.441942,
        1.426747,
        -0.611371,
        1.357318,
        -0.020483,
        -0.306723,
        0.671376,
        -1.011462,
        0.170131,
        -1.344978,
        -1.385941,
        0.70951,
        -1.927459,
        1.097506,
        -0.015162,
        2.416767,
        -0.056359,
        -0.510971
    ],
    "e ne": -1753.466669235,
    "e_disp": -0.00251350100000991,
    "e_k": 566.811143667,
    "e_nn": 205.0791946237,
    "eigs": [
        -88.92923681568082,
        -14.322569487146923,
        -10.238049633402703,
        -10.210299634396357,
        -10.208409634464035,
        -7.98046971424063,
        -5.943699787171936,
        -5.94023978729583,
        -5.938399787361715,
        -0.9681099653345601,
        -0.8030599712445607,
        -0.7464199732726883,
        -0.5995099785331439,
        -0.574299979435847,
        -0.5133399816186621,
        -0.43534998441127626,
        -0.4180999850289528,
        -0.4157199851141743,
        -0.37115998670974915,
        -0.29044998959975926,
        -0.2802099899664264,
        -0.25755999077746256,
        -0.033999998782550576,
        0.012139999565298942,
        0.034239998773956816,
        0.055539998011260555,
        0.07929999716047825,
        0.0900499967755494,
        0.09789999649446181,
        0.15803999434100865,
        0.2005999928170484,
        0.22136999207333005,
        0.25476999087736496,
        0.2570399907960823,
        0.2718999902639853,
        0.3081399889663275,
        0.3081699889652532,
        0.3239199884012877,
        0.35012998746277746,
        0.35513998728338264,
        0.38557998619340733,
        0.3866399861554516,
        0.3937899858994291,
        0.4029299855721501,
        0.4146799851514139,
        0.42867998465011126,
        0.45286998378393173,
        0.4656999833245236,
        0.4998499821017031,
        0.5187699814242283,
        0.5785499792836658,
        0.5856899790280015,
        0.6128599780551159,
        0.6174199778918346,
        0.6467099768430378,
        0.6840399755063498,
        0.7203499742061855,
        0.7268399739737958,
        0.7512399731000969,
        0.7773899721637352,
        0.8093799710182583,
        0.8344899701191362,
        0.8907499681046155,
        0.9235099669315672,
        0.9407099663156809,
        0.9620599655511943,
        0.9855899647086477,
        0.9983199642528202,
        1.002479964103862,
        1.0585599620957864,
        1.1065399603777506,
        1.1225399598048331,
        1.1408399591495588,
        1.1712899580592253,
        1.2150199564933706,
        1.248759955285231,
        1.2637199547495532,
        1.2981699535159907,
        1.3661299510825242,
        1.4173299492491886,
        1.4551799478938807,
        1.4676799474462892,
        1.487189946747688,
        1.4990699463222967,
        1.5375699449437144,
        1.5473999445917284,
        1.5768199435382766,
        1.5803999434100862,
        1.615329942159336,
        1.6734199400792877,
        1.73659993781698,
        1.782989936155878,
        1.8071699352900565,
        1.8363799342441243,
        1.8565799335208162,
        1.9119199315392381,
        1.9216699311901164,
        1.930209930884322,
        1.938779930577453,
        1.989809928750205,
        2.0743599257226943,
        2.118909924127478,
        2.1707699222705092,
        2.2023699211389975,
        2.235679919946255,
        2.2830699182493452,
        2.298929917681441,
        2.31874991697174,
        2.3881199144877843,
        2.462869911811186,
        2.4946099106746615,
        2.5209999097297056,
        2.5909599072246245,
        2.6605699047320757,
        2.6743099042400833,
        2.7514099014793376,
        2.7831799003417386,
        2.8067598994974015,
        2.819739899032622,
        2.868539897285224,
        2.8926098964233415,
        2.8989498961963234,
        2.9288898951242515,
        2.9814398932425763,
        3.0136898920877893,
        3.034769891332971,
        3.0370298912520464,
        3.041419891094852,
        3.0498398907933546,
        3.105699888793157,
        3.1244398881221267,
        3.1484498872623927,
        3.1669698865992415,
        3.1853598859407444,
        3.1910398857373585,
        3.2525498835348494,
        3.2623698831832213,
        3.279999882551938,
        3.3461798801822087,
        3.3707598793020646,
        3.3835698788433723,
        3.3944198784548627,
        3.415579877697179,
        3.4329198770762805,
        3.487759875112606,
        3.540989873206581,
        3.647009869410287,
        3.650639869280307,
        3.663799868809082,
        3.6939898677280585,
        3.7144598669950826,
        3.772809864905725,
        3.7856598644456003,
        3.8347798626867435,
        3.8546198619763268,
        3.8808498610371003,
        3.9016498602923075,
        3.9527398584629108,
        4.0323498556122885,
        4.0531398548678546,
        4.062369854537352,
        4.214369849094637,
        4.267309847198997,
        4.3148298454974325,
        4.34927984426387,
        4.414529841927441,
        4.443549840888312,
        4.50218983878857,
        4.606739835044913,
        4.703199831590937,
        4.723729830855812,
        4.817819827486701,
        4.825559827209552,
        4.858289826037577,
        4.8790698252935005,
        4.949609822767652,
        4.954389822596493,
        5.0628398187131864,
        5.091529817685874,
        5.139209815978582,
        5.1671198149791975,
        5.199979813802569,
        5.2467498121278595,
        5.342739808690713,
        5.470219804125994,
        5.505239802872022,
        5.560449800895098,
        5.650149797683181,
        5.820779791573375,
        6.032529783991172,
        6.102359781490745,
        6.212569777544418,
        9.247769668861991,
        10.573509621390775,
        12.690909545572323,
        13.306419523532547
    ],
    "et": [
        -568.983601528
    ],
    "fc": [
        0.5724,
        2.5746,
        0.9123,
        0.3928,
        2.7818,
        0.4617,
        1.9382,
        2.1436,
        0.6733,
        1.0996,
        1.1992,
        1.1611,
        2.2254,
        7.5414,
        6.6022,
        6.6084,
        6.6546,
        6.8553
    ],
    "gap": 0.22355999199491197,
    "homo": -0.25755999077746256,
    "id": "AG7_03502",
    "ir": [
        0.0007,
        1.3415,
        17.1103,
        20.9488,
        0.1506,
        43.9572,
        49.4968,
        7.0047,
        0.3842,
        7.1577,
        5.0704,
        12.2798,
        4.0645,
        23.1577,
        24.8756,
        4.4714,
        0.1057,
        1.149
    ],
    "lumo": -0.033999998782550576,