{
    "A": 38.18997,
    "B": 1.52137,
    "C": 1.46309,
    "Cv": "16.677",
    "G": -647.554387,
    "H": -647.519487,
    "P": 1.0,
    "S": 0.00011705517357032793,
    "T": 298.15,
    "U": -647.520431,
    "U0": -647.525632,
    "alpha": 42.452,
    "alpha_xx": 99.338,
    "alpha_xy": -4.115,
    "alpha_xz": 42.542,
    "alpha_yy": 0.004,
    "alpha_yz": 0.0,
    "alpha_zz": 28.014,
    "bo": [
        0,
        2,
        0,
        0,
        0,
        1,
        0,
        0,
        2,
        0,
        1,
        0,
        0,
        0,
        0,
        0,
        0,
        1,
        0,
        2,
        0,
        0,
        1,
        0,
        0,
        0,
        2,
        0,
        1,
        0,
        0,
        1,
        0,
        0,
        0,
        1,
        0,
        0,
        0,
        0,
        1,
        0,
        0,
        0,
        0,
        0,
        0,
        0,
        0,
        0,
        1,
        0,
        0,
        0,
        0,
        0,
        0,
        0,
        0,
        1,
        0,
        0,
        0,
        0
    ],
    "coords": [
        2.779842,
        -0.367904,
        0.0002,
        1.808195,
        0.415787,
        0.00019,
        0.57041,
        -0.24489,
        9.4e-05,
        -0.526105,
        0.511283,
        2.1e-05,
        -2.122457,
        -0.140553,
        -0.000164,
        3.626476,
        0.216022,
        -7.5e-05,
        0.557515,
        -1.32985,
        3.9e-05,
        -0.477559,
        1.589694,
        9e-06
    ],
    "e ne": -1905.980379229,
    "e_disp": -0.003418791599983706,
    "e_k": 645.2860446834,
    "e_nn": 187.7848579343,
    "eigs": [
        -101.58123636264641,
        -14.383509484964824,
        -14.36313948569422,
        -10.256489632742415,
        -10.220669634025034,
        -9.48661966030941,
        -7.249579740411853,
        -7.24125974070977,
        -7.240279740744862,
        -1.0429899626533068,
        -0.8959599679180592,
        -0.8050099711747365,
        -0.6787999756939803,
        -0.5825599791400783,
        -0.5240499812351656,
        -0.4804899827949331,
        -0.43894998428236986,
        -0.42902998463757863,
        -0.40488998550196775,
        -0.37749998648273064,
        -0.33117998814132643,
        -0.27339999021027434,
        -0.2477899911273002,
        -0.08219999705663698,
        0.016269999417414645,
        0.023839999146353107,
        0.05709999795540111,
        0.06574999764566766,
        0.09187999671002196,
        0.17050999389449115,
        0.19630999297066187,
        0.27001999033130314,
        0.27516999014689536,
        0.2787499900187051,
        0.2927199895184766,
        0.3258799883311054,
        0.33426998803068175,
        0.33968998783660603,
        0.3610799870706871,
        0.37570998654682575,
        0.39687998578878453,
        0.4157799851120258,
        0.427069984707761,
        0.43211998452693395,
        0.4396999842555143,
        0.44005998424262377,
        0.4760699829532016,
        0.4827199827150827,
        0.49543998225961344,
        0.5158399815291437,
        0.5523199802228922,
        0.5812199791880601,
        0.5932599787569398,
        0.6295399774578497,
        0.6445099769218139,
        0.660969976332425,
        0.6658299761584014,
        0.702949974829233,
        0.7552099729579419,
        0.7595799728014637,
        0.766889972539712,
        0.8969599678822519,
        0.9018499677071541,
        0.937559966428474,
        0.9690799652998269,
        0.985409964715093,
        1.0029599640866742,
        1.0530699622923687,
        1.0729999615787285,
        1.0800699613255706,
        1.1063899603831215,
        1.1279199596121896,
        1.16113995842267,
        1.264559954719475,
        1.3073599531869213,
        1.3180699528034248,
        1.38307995047559,
        1.3882399502908238,
        1.4019599497995474,
        1.4120599494378934,
        1.501489946235643,
        1.5289199452534479,
        1.617089942096315,
        1.6582099406239175,
        1.7160299385535371,
        1.7493899373590045,
        1.7679899366929879,
        1.8791399327130027,
        1.8827199325848125,
        1.8887199323699684,
        1.919309931274622,
        1.9347999307199664,
        1.969839929465277,
        1.9752299292722757,
        2.0156799278238693,
        2.0504499265788483,
        2.0638899260975974,
        2.066899925989817,
        2.0972699249023483,
        2.1772499220384773,
        2.2015199211694334,
        2.222889920404231,
        2.224219920356607,
        2.289389918023043,
        2.299059917676786,
        2.3179699169996693,
        2.380529914759562,
        2.390069914417961,
        2.4394199126508687,
        2.5199399097676616,
        2.528249909470103,
        2.6375899055549286,
        2.6848799038616002,
        2.7303699022327237,
        2.79361989996791,
        2.835769898458631,
        2.867769897312796,
        2.8874798966070334,
        2.8945398963542335,
        2.9169798955507167,
        2.919769895450815,
        2.9670598937574857,
        2.974809893479979,
        3.0624898903403914,
        3.0742298899200136,
        3.0938498892174735,
        3.1538998870672432,
        3.1915898857176646,
        3.2262398844769407,
        3.2284398843981643,
        3.2485798836770043,
        3.299769881844027,
        3.3328998806577297,
        3.3377198804851385,
        3.3792898789966275,
        3.392239878532923,
        3.443309876704242,
        3.4974398747659907,
        3.501829874608797,
        3.5706498721445357,
        3.5992998711186552,
        3.615299870545738,
        3.649029869337957,
        3.701599867455565,
        3.7375098661697237,
        3.7819798645773712,
        3.836949862609042,
        3.854289861988143,
        3.864999861604647,
        3.8824598609794503,
        3.9323098591944547,
        3.9457398587135617,
        3.95278985846112,
        3.9851898573009623,
        4.035939855483741,
        4.084509853744578,
        4.154219851248448,
        4.201789849545094,
        4.28969984639727,
        4.3559798440239605,
        4.413379841968619,
        4.429639841386392,
        4.4872598393231735,
        4.536279837567897,
        4.563109836607187,
        4.609859834933194,
        4.625279834381045,
        4.68457983225767,
        4.731199830588332,
        4.797649828208934,
        4.843609826563229,
        4.865589825776184,
        4.895249824714138,
        4.972059821963777,
        5.028059819958566,
        5.062669818719273,
        5.102959817276597,
        5.16857981492692,
        5.178559814569562,
        5.2699198112982035,
        5.31946980952395,
        5.446409804978567,
        5.5300698019829255,
        5.559979800911928,
        5.625199798576574,
        5.777669793117028,
        5.894539788932225,
        5.901949788666893,
        5.985279785683068,
        6.103599781446343,
        6.376569771672016,
        6.648199761945669,
        9.319449666295322,
        10.39648962772939,
        13.033649533299714,
        13.563909514312517
    ],
    "et": [
        -647.578717515
    ],
    "fc": [
        0.0516,
        0.1386,
        0.3975,
        0.8902,
        0.823,
        0.5604,
        2.5579,
        0.5942,
        0.8027,
        2.5358,
        1.0774,
        1.3028,
        1.8001,
        11.825,
        9.4304,
        6.3837,
        6.6488,
        6.9158
    ],
    "gap": 0.16558999407066322,
    "homo": -0.2477899911273002,
    "id": "AG7_19539",
    "ir": [
        0.1692,
        1.3171,
        0.2062,
        7.5395,
        16.0701,
        10.8663,
        88.8789,
        81.1822,
        0.2675,
        67.868,
        14.7795,
        3.5899,
        14.3028,
        67.1111,
        61.176,
        6.8571,
        3.2656,
        1.7255
    ],
    "lumo": -0.08219999705663698,