{
    "A": 11.0555,
    "B": 4.74468,
    "C": 3.31989,
    "Cv": "14.359",
    "G": -279.19457,
    "H": -279.162038,
    "P": 1.0,
    "S": 0.0001091128626530382,
    "T": 298.15,
    "U": -279.162983,
    "U0": -279.167322,
    "alpha": 25.739666666666665,
    "alpha_xx": 55.577,
    "alpha_xy": 0.745,
    "alpha_xz": 43.842,
    "alpha_yy": 0.0,
    "alpha_yz": 0.0,
    "alpha_zz": 21.642,
    "bo": [
        0,
        2,
        0,
        0,
        0,
        1,
        0,
        0,
        2,
        0,
        1,
        0,
        0,
        0,
        0,
        0,
        0,
        1,
        0,
        2,
        0,
        0,
        1,
        0,
        0,
        0,
        2,
        0,
        1,
        0,
        0,
        0,
        0,
        0,
        0,
        1,
        0,
        0,
        0,
        1,
        1,
        0,
        0,
        0,
        0,
        0,
        0,
        0,
        0,
        0,
        1,
        0,
        0,
        0,
        0,
        0,
        0,
        0,
        0,
        0,
        1,
        0,
        0,
        0
    ],
    "coords": [
        1.037278,
        -0.043363,
        -0.02376,
        0.347699,
        0.814563,
        -0.609507,
        -1.062879,
        0.677174,
        -0.515686,
        -1.839239,
        -0.163218,
        0.058097,
        -1.22762,
        -1.178164,
        0.750928,
        2.017801,
        0.219759,
        -0.203438,
        -1.587601,
        1.458183,
        -1.048938,
        -1.979339,
        -1.677535,
        1.091902
    ],
    "e ne": -984.4261578925,
    "e_disp": -0.0030427288999987923,
    "e_k": 277.6548915021,
    "e_nn": 165.0118221195,
    "eigs": [
        -19.191469312804585,
        -14.393299484614271,
        -14.38042948507511,
        -14.366179485585366,
        -10.237929633407001,
        -1.114899960078401,
        -1.0388799628004748,
        -0.8794399685095964,
        -0.7386599735505532,
        -0.6052899783261776,
        -0.532709980925074,
        -0.5071899818388773,
        -0.4501699838806115,
        -0.44039998423044924,
        -0.4184699850157041,
        -0.39762998576192893,
        -0.3138399887622257,
        -0.2807399899474485,
        -0.23273999166620063,
        -0.09084999674690351,
        0.0283799989837878,
        0.03930999859241362,
        0.05736999794573313,
        0.08464999696890901,
        0.13254999525373762,
        0.18045999353820816,
        0.2295299917811422,
        0.301109989218053,
        0.3122699888184432,
        0.34018998781870236,
        0.3682199868150227,
        0.38996998603621313,
        0.42477998478975976,
        0.43638998437403664,
        0.44384998410691395,
        0.4448299840718227,
        0.47709998291632005,
        0.4841999826620879,
        0.49129998240785583,
        0.5207499813533298,
        0.5348099808498786,
        0.5396799806754969,
        0.5744899794290435,
        0.5903999788593488,
        0.6316999773805059,
        0.6390799771162476,
        0.668489976063154,
        0.7370399736085611,
        0.7655199725887681,
        0.7661099725676417,
        0.814459970836357,
        0.8571099693091742,
        0.8981599678392831,
        0.9282699667611243,
        0.9455099661438057,
        0.9502799659730048,
        0.9662199654022358,
        1.0281599631843292,
        1.0512799623564637,
        1.1023999605259929,
        1.1728099580047981,
        1.1795999577616665,
        1.2333399558373803,
        1.2777299542478924,
        1.3275799524628968,
        1.3664499510710655,
        1.3765099507108438,
        1.4489399481173186,
        1.4600999477177086,
        1.4670999474670574,
        1.4723799472779946,
        1.5347399450450492,
        1.5870199431730418,
        1.6149899421715104,
        1.6859099396320543,
        1.7287799380969937,
        1.7476099374227416,
        1.7827099361659042,
        1.9161199313888473,
        1.981149929060296,
        1.9811799290592218,
        2.037349927047924,
        2.0685299259314514,
        2.0880099252339246,
        2.1579199227306334,
        2.2452699196028627,
        2.3482299159161393,
        2.41570991349986,
        2.4776699112812373,
        2.5450599088681813,
        2.6256199059835423,
        2.6378899055441862,
        2.694919903502094,
        2.819639899036203,
        2.8540498978040727,
        2.865989897376533,
        2.896869896270802,
        2.9253898952495776,
        2.964429893851659,
        2.9678498937291975,
        2.9941598927871063,
        3.0576898905122665,
        3.1250398881006425,
        3.1267098880408444,
        3.19602988555868,
        3.229139884373099,
        3.2668998830210136,
        3.274799882738136,
        3.3255198809219877,
        3.3421898803250794,
        3.3435098802778143,
        3.358399879744643,
        3.3754298791348436,
        3.4373098769190857,
        3.4721298756722745,
        3.4862398751670325,
        3.5546098727188853,
        3.615579870535712,
        3.6442198695101897,
        3.6563998690740567,
        3.6666698687063155,
        3.69051986785231,
        3.7583498654234986,
        3.760569865344006,
        3.7863298644216097,
        3.7989298639704367,
        3.863529861657283,
        3.8714998613718987,
        3.9293798592993703,
        3.9376098590046755,
        3.961769858139571,
        3.9894098571498553,
        4.013039856303728,
        4.034169855547119,
        4.0960898533299295,
        4.167469850774001,
        4.185749850119443,
        4.294319846231841,
        4.314099845523572,
        4.414549841926725,
        4.465659840096611,
        4.5663398364915295,
        4.585609835801522,
        4.6246598344032455,
        4.649609833509852,
        4.655789833288562,
        4.677699832504024,
        4.684549832258743,
        4.724669830822153,
        4.759469829576058,
        4.786179828619644,
        4.8121398276900855,
        4.820079827405776,
        4.826229827185561,
        4.902949824438422,
        4.9341098233226655,
        4.943229822996102,
        4.985269821490761,
        5.018769820291216,
        5.142329815866862,
        5.189139814190721,
        5.260249811644461,
        5.30347981009651,
        5.303979810078606,
        5.372909807610406,
        5.417069806029154,
        5.499579803074691,
        5.518279802405094,
        5.606639799241157,
        5.677019796721036,
        5.790259792666215,
        5.903449788613183,
        5.924789787849053,
        5.969479786248824,
        6.015899784586647,
        6.191949778282766,
        6.256499775971402,
        6.365139772081293,
        6.3964797709590915,
        6.5352397659904655,
        6.560149765098505,
        6.6940997603021115,
        6.728969759053511,
        6.767119757687461,
        7.113559745282366,
        7.298339738665887,
        7.340669737150163,
        8.98060967842828,
        9.977549642730516,
        11.58784958506996,
        12.735979543958484,
        13.410209519816103
    ],
    "et": [
        -279.222187085
    ],
    "fc": [
        0.0816,
        0.2808,
        0.2191,
        0.8174,
        0.2753,
        2.203,
        0.4918,
        4.2502,
        0.8638,
        3.435,
        1.4372,
        1.5133,
        1.7665,
        5.8999,
        8.5616,
        6.5478,
        6.7477,
        8.9812
    ],
    "gap": 0.1418899949192971,
    "homo": -0.23273999166620063,
    "id": "AG7_27665",
    "ir": [
        6.7892,
        0.8067,
        30.0767,
        0.1999,
        77.4645,
        40.4325,
        38.396,
        107.9431,
        5.5716,
        64.668,
        67.0,
        11.464,
        49.4024,
        16.3946,
        6.974,
        5.4799,
        9.5842,
        113.1893
    ],
    "lumo": -0.09084999674690351,
    "ma": [
        14.00307,
        14.00307,
        12.0,
        14.00307,
        15.99491,
        1.00783,
        1.00783,
        1.00783
    ],