{
    "A": 10.55967,
    "B": 4.6953,
    "C": 3.25014,
    "Cv": "16.485",
    "G": -259.382676,
    "H": -259.348865,
    "P": 1.0,
    "S": 0.00011340264967303119,
    "T": 298.15,
    "U": -259.349809,
    "U0": -259.354738,
    "alpha": 26.391000000000002,
    "alpha_xx": 55.073,
    "alpha_xy": -2.489,
    "alpha_xz": 46.88,
    "alpha_yy": -0.001,
    "alpha_yz": 0.0,
    "alpha_zz": 24.101,
    "bo": [
        0,
        2,
        0,
        0,
        0,
        1,
        0,
        0,
        0,
        2,
        0,
        1,
        0,
        0,
        0,
        0,
        0,
        0,
        0,
        1,
        0,
        2,
        1,
        0,
        0,
        0,
        0,
        0,
        0,
        2,
        0,
        0,
        0,
        1,
        0,
        0,
        0,
        0,
        1,
        0,
        0,
        0,
        0,
        1,
        1,
        1,
        0,
        0,
        0,
        0,
        0,
        0,
        0,
        0,
        0,
        0,
        0,
        1,
        0,
        0,
        0,
        0,
        0,
        0,
        0,
        0,
        0,
        1,
        0,
        0,
        0,
        0,
        0,
        0,
        0,
        0,
        1,
        0,
        0,
        0,
        0
    ],
    "coords": [
        -1.797972,
        -0.021823,
        -2e-05,
        -0.767003,
        -0.69547,
        -7.1e-05,
        0.457392,
        0.141469,
        3e-05,
        0.518264,
        1.404733,
        0.0,
        1.530939,
        -0.689407,
        -1.3e-05,
        -2.590516,
        -0.678536,
        0.000226,
        -0.424723,
        1.789808,
        7e-06,
        1.388487,
        -1.681349,
        4.2e-05,
        2.457358,
        -0.305816,
        1.7e-05
    ],
    "e ne": -939.5533237146,
    "e_disp": -0.0032822025000029953,
    "e_k": 257.9289942507,
    "e_nn": 166.7481624306,
    "eigs": [
        -14.390579484711665,
        -14.382399485004571,
        -14.335699486676774,
        -14.275039488848847,
        -10.265359632424806,
        -1.061439961992661,
        -0.9495399659995022,
        -0.8586299692547471,
        -0.7277199739422855,
        -0.5971599786172913,
        -0.5574299800399167,
        -0.47678998292742025,
        -0.46358998340007707,
        -0.4550599837055137,
        -0.4433199841258918,
        -0.35949998712726267,
        -0.2917199895542839,
        -0.2465499911717013,
        -0.24572999120106334,
        -0.0838599969971968,
        0.03951999858489408,
        0.045999998352862545,
        0.07423999734166337,
        0.09187999671002196,
        0.10872999610666835,
        0.17504999373192584,
        0.257769990769943,
        0.2686199903814334,
        0.28840998967280623,
        0.31115998885818935,
        0.3262699883171405,
        0.34404998768048606,
        0.37518998656544567,
        0.38113998635239194,
        0.4186899850078265,
        0.422299984878562,
        0.438659984292754,
        0.4642799833753701,
        0.48841998251098095,
        0.5060099818811299,
        0.5221499813031996,
        0.5235099812545015,
        0.5350899808398526,
        0.555349980114396,
        0.5595899799625729,
        0.586029979015827,
        0.6057699783089902,
        0.6243999776418993,
        0.6375399771713909,
        0.6570399764731478,
        0.7483699732028639,
        0.7553899729514965,
        0.7948699715378228,
        0.7999499713559216,
        0.8702499688386659,
        0.8775699685765561,
        0.8857199682847262,
        0.9510499659454331,
        0.9560499657663963,
        0.9799199649116753,
        1.0145199636727416,
        1.0364799628864125,
        1.072949961580519,
        1.1228799597926586,
        1.1417999591151837,
        1.2129799565664174,
        1.238799955641872,
        1.28404995402159,
        1.3204899527167706,
        1.3587299513474984,
        1.3676799510270228,
        1.3733299508247112,
        1.410149949506285,
        1.45579994787168,
        1.4834199468826816,
        1.4875499467347972,
        1.5434999447313769,
        1.6139699422080338,
        1.6204699419752862,
        1.6541099407707274,
        1.6686399402504466,
        1.6735099400760651,
        1.7552799371480992,
        1.7665199367456248,
        1.8110599351507661,
        1.8229199347260912,
        1.9603299298058048,
        1.9833499289815202,
        2.076889925632102,
        2.076979925628879,
        2.115799924238839,
        2.3834799146539307,
        2.464249911761772,
        2.4708099115268762,
        2.4999299104841666,
        2.532919909302882,
        2.670539904375077,
        2.682329903952908,
        2.803089899628815,
        2.8308698986340866,
        2.834949898487993,
        2.855929897736755,
        2.8810198968383487,
        2.9241498952939784,
        2.9494998943862627,
        2.9553598941764316,
        3.0207098918364217,
        3.0435498910185825,
        3.082119889637494,
        3.0897698893635672,
        3.13851988761796,
        3.149249887233747,
        3.1714798864377496,
        3.207769885138302,
        3.2298698843469595,
        3.2723198828269386,
        3.3141098813305496,
        3.3148098813054845,
        3.3601198796830545,
        3.3658098794793108,
        3.398879878295162,
        3.4072298779961705,
        3.432499877091319,
        3.4694698757675217,
        3.4750098755691496,
        3.5120398742432037,
        3.534899873424648,
        3.5699998721678106,
        3.580699871784672,
        3.6058398708844757,
        3.6250498701966167,
        3.7205098667784484,
        3.772559864914676,
        3.7896298643034454,
        3.7915598642343373,
        3.8058298637233663,
        3.8292598628844003,
        3.8557698619351486,
        3.875649861223298,
        3.9260498594186086,
        3.9336298591471888,
        3.9451598587343306,
        3.9838998573471542,
        4.016459856181267,
        4.0572898547192535,
        4.0821998538272934,
        4.105129853006231,
        4.130929852082401,
        4.180289850314951,
        4.193909849827255,
        4.304129845880571,
        4.327309845050557,
        4.363309843761493,
        4.433539841246743,
        4.449439840677407,
        4.527379837886583,
        4.561949836648724,
        4.576529836126653,
        4.595519835446671,
        4.610549834908487,
        4.631699834151163,
        4.674089832633289,
        4.678559832473231,
        4.7425698301812025,
        4.790479828465672,
        4.791559828427,
        4.842829826591158,
        4.8714698255656375,
        4.884749825090116,
        4.906329824317393,
        4.963289822277806,
        4.988309821381908,
        5.071399818406676,
        5.080869818067581,
        5.127929816382487,
        5.232709812630595,
        5.283639810806927,
        5.309489809881308,
        5.3414898087354725,
        5.3539298082900295,
        5.393769806863465,
        5.482089803700962,
        5.513789802565869,
        5.59247979974819,
        5.6280297984752385,
        5.705039795717716,
        5.705389795705184,
        5.758139793816347,
        5.772759793292843,
        5.80445979215775,
        5.894579788930793,
        5.951189786903741,
        6.016269784573399,
        6.070159782643741,
        6.098739781620368,
        6.163409779304707,
        6.31508977387345,
        6.515629766692647,
        6.7415697586023375,
        6.819859755798982,
        6.999179749378009,
        8.656769690024127,
        9.814089648583582,
        13.388849520580948,
        13.557749514533091,
        14.01387949820029
    ],
    "et": [
        -259.422038259
    ],