{
    "A": 49.21374,
    "B": 0.82662,
    "C": 0.81297,
    "Cv": "16.788",
    "G": -465.891652,
    "H": -465.854699,
    "P": 1.0,
    "S": 0.00012394096931088225,
    "T": 298.15,
    "U": -465.855643,
    "U0": -465.861077,
    "alpha": 54.86966666666667,
    "alpha_xx": 122.177,
    "alpha_xy": 0.969,
    "alpha_xz": 52.466,
    "alpha_yy": 0.0,
    "alpha_yz": 0.0,
    "alpha_zz": 42.432,
    "bo": [
        0,
        2,
        0,
        1,
        0,
        1,
        0,
        2,
        0,
        1,
        0,
        0,
        0,
        1,
        0,
        1,
        0,
        0,
        0,
        0,
        0,
        1,
        0,
        0,
        0,
        3,
        0,
        0,
        0,
        0,
        0,
        3,
        0,
        0,
        0,
        1,
        0,
        0,
        0,
        0,
        0,
        0,
        0,
        1,
        0,
        0,
        0,
        0,
        0
    ],
    "coords": [
        -0.075588,
        -0.485428,
        -0.291742,
        0.725571,
        0.577643,
        -0.350262,
        2.803933,
        0.461998,
        -0.162622,
        -1.487856,
        -0.362547,
        -0.424483,
        -2.634031,
        -0.288079,
        -0.529234,
        0.311903,
        -1.484799,
        -0.141245,
        0.356068,
        1.581211,
        -0.499752
    ],
    "e ne": -1403.650836655,
    "e_k": 279.7926396142,
    "e_nn": 191.9697865956,
    "eigs": [
        -14.328019486951774,
        -10.262889632513248,
        -10.24301963322474,
        -10.225029633868916,
        -6.862329754278244,
        -4.864199825825956,
        -4.85160982627677,
        -4.850709826308997,
        -1.9463499303063914,
        -1.942219930454276,
        -1.9415699304775504,
        -1.93071993086606,
        -1.9307099308664182,
        -0.9227699669580646,
        -0.8432299698061801,
        -0.7378499735795572,
        -0.6377699771631552,
        -0.5594699799668698,
        -0.48404998266745897,
        -0.4003699856638169,
        -0.39820998574116073,
        -0.37281998665030897,
        -0.3505499874477383,
        -0.3345499880206558,
        -0.28972998962554053,
        -0.2712899902858278,
        -0.07671999725286119,
        -0.059979997852275986,
        0.02745999901673055,
        0.05150999815556412,
        0.06004999784976947,
        0.08794999685074481,
        0.10943999608124513,
        0.16096999423609312,
        0.17163999385402884,
        0.19789999291372817,
        0.22177999205864904,
        0.23268999166799098,
        0.24683999116131716,
        0.25538999085516445,
        0.26928999035744244,
        0.28608998975587924,
        0.2994499892774932,
        0.30208998918296187,
        0.33504998800275204,
        0.353999987324203,
        0.3552099872808762,
        0.39584998582566605,
        0.39971998568709166,
        0.43989998424835286,
        0.4542399837348756,
        0.4630899834179808,
        0.49720998219623447,
        0.5138699815996843,
        0.5330799809118253,
        0.5619099798794999,
        0.5682599796521233,
        0.5825799791393622,
        0.609319978181874,
        0.6516199766672237,
        0.6520199766529008,
        0.7053399747436536,
        0.7087099746229829,
        0.7658799725758775,
        0.7708499723979151,
        0.8006999713290661,
        0.8744999686864847,
        0.8750599686664325,
        0.8965199678980071,
        0.9063699675453049,
        0.9119199673465741,
        0.9408299663113842,
        0.9642899654713439,
        1.0204599634600457,
        1.0252499632885288,
        1.0365199628849802,
        1.0714999616324392,
        1.0963199607437013,
        1.142859959077228,
        1.1513899587717913,
        1.1525499587302548,
        1.1790099577827926,
        1.210489956655578,
        1.2826799540706464,
        1.301099953411075,
        1.3260199525187564,
        1.3437099518853246,
        1.3559399514474009,
        1.3768399506990276,
        1.381009950549711,
        1.407719949593297,
        1.429629948808758,
        1.452409947993067,
        1.459509947738835,
        1.5423099447739876,
        1.6171999420923762,
        1.6793899398655179,
        1.7525499372458533,
        1.7825299361723492,
        1.8817599326191876,
        1.9824499290137467,
        2.017429927761206,
        2.063119926125169,
        2.11777992416794,
        2.2354399199548487,
        2.236129919930142,
        2.2648099189031874,
        2.2851399181752243,
        2.40070991403697,
        2.411569913648103,
        2.4368299127436095,
        2.4576199119991746,
        2.5378199091274265,
        2.5721899078967283,
        2.581719907555484,
        2.6062699066764146,
        2.638649905516973,
        2.7212499025592867,
        2.7387599019323003,
        2.755429901335392,
        2.805999899524615,
        2.823509898897629,
        2.8278998987404345,
        2.842269898225883,
        2.870029897231871,
        2.933209894969564,
        2.9366998948445966,
        2.9550898941861,
        2.9881798930012344,
        2.997769892657842,
        3.0123398921361297,
        3.064309890275222,
        3.125149888096704,
        3.148049887276716,
        3.193709885641753,
        3.2070698851633668,
        3.241149883943053,
        3.2888098822364746,
        3.3978998783302528,
        3.415849877687511,
        3.4489298765030045,
        3.468069875817652,
        3.500299874663582,
        3.5610098724897186,
        3.6097398707448267,
        3.636479869787339,
        3.7523898656369106,
        3.7687798650500284,
        3.812359863489544,
        3.888629860758519,
        3.896919860461676,
        3.959399858224434,
        3.966969857953372,
        3.997699856853013,
        4.0039698566285,
        4.085309853715931,
        4.220159848887313,
        4.225839848683927,
        4.352349844153942,
        4.39194984273597,
        4.414869841915266,
        4.452379840572133,
        4.524739837981115,
        4.540829837404974,
        4.583749835868123,
        4.669619832793348,
        4.680309832410567,
        4.713729831213886,
        4.858259826038651,
        4.9366898232302825,
        4.983099821568464,
        5.077729818180016,
        5.099929817385092,
        5.137359816044825,
        5.211589813386846,
        5.24840981206842,
        5.582789800095163,
        5.7111997954971425,
        5.828459791298374,
        6.070669782625479,
        6.074519782487621,
        6.352549772532107,
        8.41853969855451,
        10.690529617200601,
        13.453249518274959,
        15.312699451693005,
        58.244767914409955
    ],
    "et": [
        -465.901715908
    ],
    "fc": [
        0.0802,
        0.1007,
        0.357,
        0.9543,
        0.7792,
        1.5316,
        0.7958,
        0.5936,
        2.9542,
        1.0051,
        1.2953,
        10.3873,
        40.3799,
        6.4785,
        6.6231
    ],
    "gap": 0.1945699930329666,
    "homo": -0.2712899902858278,
    "id": "AG7_18532",
    "ir": [
        4.3687,
        7.6755,
        0.0732,
        4.8169,
        4.8127,
        22.4405,
        0.3127,
        46.3747,
        1.6859,
        27.3334,
        3.5042,
        59.9771,
        21.6966,
        1.7129,
        5.2006
    ],
    "lumo": -0.07671999725286119,
    "ma": [
        12.0,
        12.0,
        126.9004,
        12.0,
        14.00307,
        1.00783,
        1.00783
    ],
    "mr": [
        7.9539,
        8.102,
        9.8412,
        7.5637,
        5.9145,
        4.9449,
        2.0203,
        1.0826,
        5.042,
        1.1524,
        1.2675,
        6.6637,
        12.6246,
        1.09,
        1.0925
    ],
    "mu": 3.360223379479406,
    "mu_x": -3.332,
    "mu_xx=": -13.0523,
    "mu_xxx=": -186.3059,
    "mu_xxy=": 11.2298,
    "mu_xxz=": 0.0001,
    "mu_xy=": 1.6685,
    "mu_xyy=": -17.6053,
    "mu_xyz=": 0.0,
    "mu_xz=": 0.0,