{
    "A": 8.13831,
    "B": 3.27731,
    "C": 2.58975,
    "Cv": "16.702",
    "G": -663.036434,
    "H": -663.000743,
    "P": 1.0,
    "S": 0.00011970820056994421,
    "T": 298.15,
    "U": -663.001687,
    "U0": -663.007107,
    "alpha": 28.504333333333335,
    "alpha_xx": 47.706,
    "alpha_xy": 0.0,
    "alpha_xz": 35.136,
    "alpha_yy": 0.002,
    "alpha_yz": 0.0,
    "alpha_zz": 37.805,
    "bo": [
        0,
        2,
        0,
        0,
        0,
        0,
        0,
        2,
        0,
        1,
        0,
        0,
        0,
        1,
        0,
        1,
        0,
        1,
        2,
        2,
        0,
        0,
        0,
        1,
        0,
        0,
        0,
        0,
        0,
        0,
        2,
        0,
        0,
        0,
        0,
        0,
        0,
        2,
        0,
        0,
        0,
        0,
        0,
        1,
        0,
        0,
        0,
        0,
        0
    ],
    "coords": [
        1.930656,
        0.096862,
        -0.188923,
        0.957549,
        0.033452,
        0.489271,
        -0.73575,
        -0.027781,
        -0.294385,
        -0.327325,
        0.024486,
        -1.606251,
        -1.435227,
        1.20152,
        0.03572,
        -1.314431,
        -1.332922,
        -0.027651,
        0.924727,
        0.004384,
        1.592121
    ],
    "e ne": -2053.413522842,
    "e_disp": -0.0040125183999748515,
    "e_k": 660.4191967878,
    "e_nn": 242.395235481,
    "eigs": [
        -89.10801680927919,
        -19.20446931233909,
        -19.1534793141649,
        -19.153469314165264,
        -10.332199630031443,
        -8.135379708693714,
        -6.098799781618219,
        -6.0979897816472235,
        -6.097939781649013,
        -1.1409799591445458,
        -1.1227199597983877,
        -1.0346699629512237,
        -0.7490199731795891,
        -0.6564399764946324,
        -0.5500399803045328,
        -0.5323999809361742,
        -0.5076599818220477,
        -0.4858499826030058,
        -0.4577699836084758,
        -0.40466998550984534,
        -0.36050998709109733,
        -0.3571299872121261,
        -0.3439399876844249,
        -0.2980799893265493,
        -0.1004499964031531,
        -0.00371999986679671,
        0.012699999545246832,
        0.02651999905038945,
        0.07272999739573245,
        0.07866999718303688,
        0.1416699949271747,
        0.2149499923032131,
        0.24403999126157774,
        0.251089991009136,
        0.27881999001619856,
        0.3125099888098494,
        0.31935998856456915,
        0.3496899874785327,
        0.3931299859230619,
        0.3992599857035631,
        0.41649998508624453,
        0.47402998302624855,
        0.4896099824683702,
        0.5024399820089621,
        0.5396699806758549,
        0.5797499792406969,
        0.5852199790448308,
        0.5945099787121807,
        0.6207099777740285,
        0.6586599764151402,
        0.6609299763338574,
        0.6943899751357439,
        0.7208599741879237,
        0.7411199734624672,
        0.7895999717265274,
        0.8473699696579376,
        0.8625699691136661,
        0.8817999684250911,
        0.8914099680809826,
        0.9669799653750222,
        0.9852699647201061,
        1.0239399633354365,
        1.061499961990513,
        1.0829699612217292,
        1.1676199581906384,
        1.2667599546406991,
        1.3022499533698966,
        1.36340995117992,
        1.3635699511741908,
        1.383969950443721,
        1.3961499500075878,
        1.4273099488918313,
        1.484219946854036,
        1.5067499460472966,
        1.5579899442125285,
        1.564879943965816,
        1.6048499425345968,
        1.6146799421826106,
        1.6579299406339432,
        1.6867299396026922,
        1.752869937234395,
        1.7641599368301302,
        1.8260599346136561,
        1.8740499328952618,
        1.909509931625534,
        1.951329930128071,
        1.982129929025205,
        2.0400999269494537,
        2.073069925768886,
        2.096869924916671,
        2.118719924134281,
        2.1650199224764015,
        2.2202499204987625,
        2.274099918570537,
        2.28101991832275,
        2.3219399168575143,
        2.3514699158001235,
        2.4450599124489147,
        2.491419910788887,
        2.510949910089569,
        2.555839908482178,
        2.559299908358285,
        2.7221699025263444,
        2.73579990203829,
        2.8084698994361705,
        2.8756398970309927,
        2.888429896573016,
        2.953389894246972,
        3.055909890576004,
        3.078799889756374,
        3.179209886160959,
        3.185249885944683,
        3.2136798849266808,
        3.2535298834997577,
        3.2878498822708506,
        3.34317988028963,
        3.376099879110853,
        3.4579098761814544,
        3.5736898720356813,
        3.6220398703043966,
        3.674909868411263,
        3.7766398647685824,
        3.789689864301297,
        3.8213998631658463,
        3.8280298629284433,
        3.8725298613350168,
        3.9223398595514536,
        3.9260298594193244,
        3.9685798578957225,
        4.022719855957113,
        4.052319854897216,
        4.071059854226187,
        4.240259848167586,
        4.279769846752838,
        4.490629839202503,
        4.594259835491789,
        4.709219831375377,
        4.72962983064455,
        4.734469830471242,
        4.855319826143925,
        5.105119817199253,
        5.10551981718493,
        5.111019816987989,
        5.114459816864812,
        5.121179816624187,
        5.140169815944206,
        5.160569815213735,
        5.175549814677343,
        5.199349813825127,
        5.23548981253105,
        5.256219811788764,
        5.27835981099599,
        5.490579803396956,
        5.4932098033027845,
        5.5642298007597475,
        5.5750798003712365,
        5.610729799094706,
        5.688769796300301,
        5.737799794544668,
        6.108789781260504,
        6.114549781054254,
        6.244049776417204,
        6.25103977616691,
        6.251829776138623,
        6.278329775189729,
        6.298339774473223,
        6.334679773171984,
        6.43404976961381,
        6.584719764218718,
        6.661459761470864,
        6.7021897600124305,
        6.72496975919674,
        6.756209758078119,
        6.763559757814934,
        6.877709753727528,
        6.881939753576062,
        6.951819751073844,
        7.055739747352747,
        9.151749672300213,
        9.255829668573384,
        9.63760965490286,
        12.753309543337943
    ],
    "et": [
        -663.044035135
    ],
    "fc": [
        0.0327,
        0.0726,
        0.2014,
        0.738,
        1.8619,
        2.287,
        0.8137,
        0.7421,
        0.755,
        6.8044,
        1.2778,
        19.9775,
        19.353,
        3.6375,
        5.6255
    ],
    "gap": 0.19762999292339617,
    "homo": -0.2980799893265493,
    "id": "AG7_02370",
    "ir": [
        19.2534,
        0.8442,
        62.6731,
        22.4907,
        18.9863,
        6.5663,
        3.1098,
        31.5055,
        3.5937,
        132.6293,
        15.0657,
        211.8393,
        175.9147,
        62.4025,
        31.1927
    ],
    "lumo": -0.1004499964031531,
    "ma": [
        15.99491,
        12.0,
        31.97207,
        1.00783,
        15.99491,
        15.99491,
        1.00783
    ],
    "mr": [
        5.4096,
        3.1037,
        4.6709,
        10.7041,
        12.2707,
        6.6445,
        1.6791,
        1.2182,
        1.0979,
        9.0015,
        1.2299,
        18.7534,
        9.8142,
        1.0435,
        1.0946
    ],
    "mu": 1.7386206659303232,
    "mu_x": 1.7367,
    "mu_xx=": -3.9425,
    "mu_xxx=": -8.7739,
    "mu_xxy=": 0.0015,
    "mu_xxz=": 2.6369,
    "mu_xy=": -0.0002,
    "mu_xyy=": 7.3193,
    "mu_xyz=": -0.0002,
    "mu_xz=": 4.0608,
    "mu_xzz=": 0.7222,
    "mu_y": -0.0002,
    "mu_yy=": -2.6575,
    "mu_yyy=": -0.0012,
    "mu_yyz=": -1.1917,
    "mu_yz=": 0.0,