{
    "A": 43.12461,
    "B": 2.33579,
    "C": 2.21578,
    "Cv": "15.801",
    "G": -287.223222,
    "H": -287.189646,
    "P": 1.0,
    "S": 0.00011261445581096473,
    "T": 298.15,
    "U": -287.19059,
    "U0": -287.195492,
    "alpha": 31.144333333333336,
    "alpha_xx": 71.188,
    "alpha_xy": 5.193,
    "alpha_xz": 35.383,
    "alpha_yy": 0.0,
    "alpha_yz": 0.0,
    "alpha_zz": 22.245,
    "bo": [
        0,
        2,
        0,
        0,
        0,
        1,
        0,
        0,
        2,
        0,
        1,
        0,
        0,
        0,
        0,
        0,
        0,
        1,
        0,
        2,
        0,
        0,
        1,
        0,
        0,
        0,
        2,
        0,
        1,
        0,
        0,
        1,
        0,
        0,
        0,
        1,
        0,
        0,
        0,
        0,
        1,
        0,
        0,
        0,
        0,
        0,
        0,
        0,
        0,
        0,
        1,
        0,
        0,
        0,
        0,
        0,
        0,
        0,
        0,
        1,
        0,
        0,
        0,
        0
    ],
    "coords": [
        -2.26906,
        -0.288012,
        -4.5e-05,
        -1.245221,
        0.426211,
        -3.6e-05,
        -0.054634,
        -0.308348,
        2.9e-05,
        1.079736,
        0.386641,
        2.7e-05,
        2.270543,
        -0.211052,
        -6.4e-05,
        -3.072368,
        0.353894,
        6.2e-05,
        -0.088497,
        -1.39287,
        4.7e-05,
        1.130808,
        1.466646,
        2.4e-05
    ],
    "e ne": -984.6754334577,
    "e_disp": -0.0027462696999975833,
    "e_k": 285.6916945533,
    "e_nn": 154.8547860433,
    "eigs": [
        -24.71860911489243,
        -14.381889485022834,
        -14.358829485848549,
        -10.282989631793521,
        -10.214089634260647,
        -1.2542599550882907,
        -1.0399999627603707,
        -0.8233499705180298,
        -0.6959499750798844,
        -0.6038899783763079,
        -0.5603299799360754,
        -0.5049699819183695,
        -0.4907499824275499,
        -0.48315998269932753,
        -0.41994998496270924,
        -0.4188999850003069,
        -0.3904499860190257,
        -0.2782499900366088,
        -0.2451999912200412,
        -0.07362999736350585,
        0.025859999074022293,
        0.0582199979152969,
        0.0638499977137016,
        0.08892999681565361,
        0.10064999639599165,
        0.18515999336991365,
        0.2669899904397994,
        0.27204999025861426,
        0.29044998959975926,
        0.3050399890773302,
        0.33635998795584443,
        0.35065998744379956,
        0.38796998610782785,
        0.40339998555532064,
        0.4325599845111787,
        0.4356899843991018,
        0.44798998395867157,
        0.457199983628886,
        0.48890998249343537,
        0.5125299816476662,
        0.5269199811323986,
        0.5539499801645262,
        0.5713199795425529,
        0.5810399791945055,
        0.6229899776923877,
        0.6318399773754927,
        0.6572199764667026,
        0.7007699749072931,
        0.7365199736271809,
        0.782979971963572,
        0.8246599704711223,
        0.852909969459565,
        0.8573299693012966,
        0.9239499669158119,
        0.9312399666547764,
        0.965779965417991,
        0.9811599648672742,
        1.0141299636867063,
        1.0255599632774286,
        1.0852899611386564,
        1.1015699605557128,
        1.1050299604318194,
        1.1331999594231268,
        1.1883799574472782,
        1.2835999540377037,
        1.314749952922305,
        1.359429951322433,
        1.3733799508229207,
        1.398309949930244,
        1.4174999492431013,
        1.5073999460240217,
        1.5248399453995416,
        1.6093399423738217,
        1.645969941062199,
        1.6704799401845614,
        1.7213499383630422,
        1.754249937184981,
        1.8314499344206545,
        1.893799932188067,
        1.9389499305713656,
        1.9523399300919058,
        1.9758599292497172,
        2.0587499262816467,
        2.159839922661883,
        2.1958999213706707,
        2.2486999194800434,
        2.297749917723694,
        2.3586399155433853,
        2.3765899149006438,
        2.4094499137240146,
        2.5013999104315294,
        2.5030999103706573,
        2.600429906885529,
        2.6554199049164837,
        2.6749699042164505,
        2.7677299008949614,
        2.790509900079271,
        2.798539899791738,
        2.841019898270642,
        2.8680698973020538,
        2.8964698962851254,
        2.9027298960609715,
        2.9086198958500664,
        2.9775798933807924,
        3.0282398915667925,
        3.0643798902727153,
        3.0818498896471618,
        3.1413998875148343,
        3.151979887135993,
        3.1599898868491763,
        3.2199998847003783,
        3.2272898844393425,
        3.24855988367772,
        3.303689881703662,
        3.3203698811063957,
        3.33232988067814,
        3.380569878950794,
        3.4163398776699654,
        3.456039876248414,
        3.465889875895712,
        3.497319874770288,
        3.5730098720600303,
        3.622799870277183,
        3.6372398697601245,
        3.6490398693375985,
        3.6670398686930663,
        3.714649866988279,
        3.7921898642117786,
        3.8366198626208585,
        3.8481198622090744,
        3.870849861395173,
        3.899679860362848,
        3.936339859050151,
        3.944819858746505,
        3.9582398582659706,
        4.040119855334066,
        4.072389854178563,
        4.1111698527899545,
        4.166199850819476,
        4.264149847312148,
        4.338219844659898,
        4.408309842150163,
        4.412869841986881,
        4.445649840813116,
        4.529399837814252,
        4.5510298370397395,
        4.6090298349629135,
        4.6098698349328355,
        4.677359832516199,
        4.697269831803275,
        4.722279830907733,
        4.793439828359683,
        4.826629827171238,
        4.8429098265882935,
        4.867629825703137,
        4.906149824323839,
        4.9781598217453515,
        4.996379821092943,
        5.061989818743623,
        5.103869817244012,
        5.169719814886099,
        5.184559814354718,
        5.256499811778738,
        5.3211298094645105,
        5.436949805317305,
        5.534209801834683,
        5.627129798507465,
        5.745139794281841,
        5.857799790247787,
        5.898289788797948,
        5.983829785734989,
        6.095719781728506,
        6.111819781152008,
        6.363739772131423,
        6.644329762084244,
        6.843639754947483,
        6.84937975474195,
        6.973199750308285,
        7.0385497479682755,
        7.238109740822563,
        7.369049736133951,
        7.693719724508383,
        8.302669702703506,
        8.351939700939278,
        8.740189687037079,
        8.843299683344984,
        8.953559679396868,
        9.40212966333477,
        10.533569622820918,
        11.441759590301055,
        13.097529531012343,
        13.742959507901213
    ],
    "et": [
        -287.250159453
    ],
    "fc": [
        0.0787,
        0.1738,
        0.4361,
        1.4428,
        0.7574,
        0.5868,
        0.637,
        0.7828,
        2.1039,
        5.1846,
        1.3959,
        1.2747,
        1.8344,
        11.1759,
        9.6335,
        6.3842,
        6.6418,
        6.9196
    ],
    "gap": 0.17156999385653537,
    "homo": -0.2451999912200412,
    "id": "AG7_19537",
    "ir": [
        0.0335,
        1.9858,
        0.2976,
        10.7108,
        31.8678,
        38.809,
        59.8432,
        1.2428,
        55.0227,
        190.6901,
        6.3093,
        0.0988,
        16.8113,
        54.1039,
        140.4276,
        10.5565,
        1.9607,
        2.7761
    ],
    "lumo": -0.07362999736350585,
    "ma": [
        14.00307,
        14.00307,
        12.0,
        12.0,
        18.9984,
        1.00783,
        1.00783,
        1.00783
    ],