{
    "A": 43.17652,
    "B": 2.51778,
    "C": 2.37905,
    "Cv": "15.987",
    "G": -287.237546,
    "H": -287.203492,
    "P": 1.0,
    "S": 0.000114217675666698,
    "T": 298.15,
    "U": -287.204436,
    "U0": -287.209493,
    "alpha": 30.130333333333336,
    "alpha_xx": 67.921,
    "alpha_xy": -7.122,
    "alpha_xz": 35.47,
    "alpha_yy": -0.003,
    "alpha_yz": 0.001,
    "alpha_zz": 22.473,
    "bo": [
        0,
        2,
        0,
        0,
        0,
        1,
        1,
        0,
        2,
        0,
        1,
        0,
        0,
        0,
        0,
        0,
        0,
        1,
        0,
        2,
        0,
        0,
        0,
        0,
        0,
        0,
        2,
        0,
        1,
        0,
        0,
        1,
        0,
        0,
        0,
        1,
        0,
        0,
        0,
        0,
        1,
        0,
        0,
        0,
        0,
        0,
        0,
        0,
        1,
        0,
        0,
        0,
        0,
        0,
        0,
        0,
        0,
        0,
        0,
        1,
        0,
        0,
        0,
        0
    ],
    "coords": [
        -2.240389,
        -0.210727,
        0.000224,
        -1.169453,
        0.469285,
        0.000109,
        -0.01988,
        -0.346993,
        0.000119,
        1.023915,
        0.353285,
        -3.3e-05,
        2.20976,
        -0.241976,
        -5.1e-05,
        -2.243058,
        -1.299346,
        -8.3e-05,
        -3.179037,
        0.330729,
        -9e-05,
        1.081613,
        1.437278,
        -3.2e-05
    ],
    "e ne": -990.2742059133,
    "e_disp": -0.0023396087999856263,
    "e_k": 285.6866564632,
    "e_nn": 157.6344921651,
    "eigs": [
        -24.718159114908538,
        -14.361779485742918,
        -14.353649486034032,
        -10.30409963103763,
        -10.221679633988868,
        -1.2581299549497162,
        -1.0130599637250202,
        -0.8651099690227155,
        -0.6649899761884795,
        -0.6120299780848361,
        -0.5546499801394611,
        -0.5288699810625741,
        -0.49781998217439194,
        -0.447379983980514,
        -0.4301399845978325,
        -0.40709998542283354,
        -0.3643799869525228,
        -0.2900899896126499,
        -0.2635999905611862,
        -0.05026999819996522,
        0.011659999582486463,
        0.0629499977459282,
        0.06892999753180033,
        0.09762999650412978,
        0.1186899957500273,
        0.1606299942482676,
        0.19640999296708112,
        0.24283999130454653,
        0.2664099904605676,
        0.288989989652038,
        0.3157699886931175,
        0.3207199885158712,
        0.35874998715411827,
        0.40096998564233244,
        0.4178399850382627,
        0.44456998408113263,
        0.4665499832940874,
        0.47620998294818856,
        0.48952998247123486,
        0.5034799819717225,
        0.5420899805892012,
        0.5580199800187903,
        0.5627299798501377,
        0.5691199796213289,
        0.627179977542355,
        0.6696899760201852,
        0.7062999747092786,
        0.7189799742552415,
        0.7883799717702124,
        0.8305899702587848,
        0.8310399702426715,
        0.8622399691254826,
        0.8667799689629173,
        0.9020799676989184,
        0.9142599672627849,
        0.9168099671714763,
        0.9567299657420474,
        0.9846699647415904,
        1.0142799636813353,
        1.0492099624305848,
        1.057389962137681,
        1.0973799607057455,
        1.1466799589404437,
        1.2156699564700957,
        1.2745699543610438,
        1.2757299543195073,
        1.3379699520908588,
        1.3566199514230517,
        1.404729949700361,
        1.43949994845534,
        1.443309948318914,
        1.527699945297133,
        1.5464699446250292,
        1.6777099399256743,
        1.7113099387225479,
        1.7604099369644077,
        1.781499936209231,
        1.8807999326535625,
        1.9038599318278453,
        1.9317899308277462,
        1.9863299288748142,
        2.0429699268466868,
        2.0461699267321034,
        2.0596699262487044,
        2.2086299209148432,
        2.2307399201231433,
        2.2582299191388,
        2.3672899152336515,
        2.3967399141791255,
        2.4671299116586467,
        2.534109909260272,
        2.5743499078193848,
        2.615829906334096,
        2.631709905765476,
        2.6460899052505664,
        2.6487099051567506,
        2.7056399031182394,
        2.794469899937474,
        2.840219898299288,
        2.8698198972393905,
        2.905929895946388,
        2.90619989593672,
        2.9336398949541667,
        2.9360798948667965,
        2.962579893917902,
        2.969849893657583,
        2.9987898926213186,
        3.013539892093161,
        3.0482098908517203,
        3.1840798859865775,
        3.2119198849897015,
        3.2340898841958525,
        3.249309883650865,
        3.2532298835105,
        3.2702098829024915,
        3.3165698812424633,
        3.3445198802416485,
        3.3568598797997864,
        3.4143298777419386,
        3.4223098774561955,
        3.5180698740272853,
        3.5499798728846734,
        3.576869871921814,
        3.5953498712600944,
        3.638379869719305,
        3.7062898672876288,
        3.708309867215298,
        3.7861398644284128,
        3.786839864403348,
        3.8185998632661065,
        3.8712398613812082,
        3.8848698608931547,
        3.9100298599922416,
        3.979769857495038,
        3.9846198573213725,
        4.039499855356266,
        4.1057198529851044,
        4.168399850740701,
        4.168549850735329,
        4.220079848890178,
        4.480999839547327,
        4.488629839274117,
        4.555429836882188,
        4.62794983428544,
        4.684289832268053,
        4.6896198320772005,
        4.712949831241816,
        4.746649830035108,
        4.764829829384131,
        4.802469828036343,
        4.807559827854083,
        4.817029827514988,
        4.866629825738944,
        4.876509825385168,
        4.902139824467427,
        4.908679824233246,
        4.9465798228761475,
        5.023549820120057,
        5.068859818497627,
        5.113659816893458,
        5.161449815182226,
        5.219459813105042,
        5.305509810023821,
        5.335459808951391,
        5.396139806778601,
        5.453239804734004,
        5.540949801593341,
        5.551149801228106,
        5.653889797549261,
        5.668499797026116,
        5.948219787010087,
        6.011839784732025,
        6.1335997803721245,
        6.443679769268984,
        6.464969768506647,
        6.846499754845074,
        6.850949754685732,
        6.985209749878239,
        7.042329747832923,
        7.231419741062114,
        7.339589737188835,
        7.734789723037776,
        8.302789702699208,
        8.340819701337455,
        8.736389687173148,
        8.755479686489586,
        8.93249968015097,
        9.506149659610093,
        10.180419635466281,
        11.363349593108708,
        12.988619534912118,
        13.619759512312676
    ],
    "et": [
        -287.263342586
    ],
    "fc": [
        0.0227,
        0.1568,
        0.2225,
        1.0446,
        0.8346,
        0.4742,
        0.8525,
        3.6148,
        0.8814,
        2.5259,
        1.6903,
        1.4009,
        1.4594,
        10.345,
        13.5628,
        5.8886,
        6.4297,
        6.7106
    ],
    "gap": 0.213329992361221,
    "homo": -0.2635999905611862,
    "id": "AG7_25322",
    "ir": [
        22.6977,
        1.051,
        12.0226,
        10.6587,
        18.6674,
        0.2295,
        6.8424,
        8.0222,
        22.6242,
        117.2034,
        79.3769,
        15.8229,
        8.0992,
        63.8799,
        202.919,
        16.8978,
        9.1875,
        8.2781
    ],
    "lumo": -0.05026999819996522,
    "ma": [
        12.0,
        14.00307,
        14.00307,
        12.0,
        18.9984,
        1.00783,
        1.00783,
        1.00783
    ],