{
    "A": 3.71301,
    "B": 1.6982,
    "C": 1.16525,
    "Cv": "20.003",
    "G": -3141.489569,
    "H": -3141.450923,
    "P": 1.0,
    "S": 0.0001296193191345683,
    "T": 298.15,
    "U": -3141.451867,
    "U0": -3141.458098,
    "alpha": 41.378,
    "alpha_xx": 88.688,
    "alpha_xy": 1.92,
    "alpha_xz": 62.505,
    "alpha_yy": -0.001,
    "alpha_yz": 0.0,
    "alpha_zz": 35.447,
    "bo": [
        0,
        1,
        0,
        0,
        0,
        1,
        0,
        1,
        0,
        1,
        2,
        0,
        0,
        0,
        0,
        1,
        0,
        0,
        0,
        0,
        0,
        0,
        2,
        0,
        0,
        1,
        0,
        0,
        0,
        0,
        0,
        1,
        0,
        0,
        1,
        1,
        0,
        0,
        0,
        0,
        0,
        0,
        0,
        0,
        0,
        0,
        1,
        0,
        0
    ],
    "coords": [
        -1.375127,
        -1.122049,
        0.349437,
        -0.494045,
        -0.183553,
        -0.026364,
        -1.338535,
        1.291831,
        -1.023616,
        0.717132,
        -0.270103,
        0.244275,
        1.854803,
        0.904195,
        -0.21914,
        -2.25803,
        -0.878168,
        0.048959,
        2.893802,
        0.257847,
        0.340148
    ],
    "e ne": -8287.755358427,
    "e_disp": -0.003730136700028197,
    "e_k": 3135.927264851,
    "e_nn": 396.3983281763,
    "eigs": [
        -482.8797127093633,
        -88.92932681567758,
        -62.52771776104892,
        -56.3436979824822,
        -56.340407982600006,
        -56.34031798260323,
        -19.197399312592246,
        -14.350999486128922,
        -10.33025963010091,
        -8.716079687900395,
        -7.978639714306157,
        -6.544389765662828,
        -6.5338497660402375,
        -6.533639766047757,
        -5.944349787148662,
        -5.939569787319821,
        -5.932969787556149,
        -2.659779904760364,
        -2.6567499048688603,
        -2.656649904872441,
        -2.648189905175371,
        -2.648179905175729,
        -1.112859960151448,
        -0.9548399658097233,
        -0.8026699712585256,
        -0.7546699729772777,
        -0.6245699776358121,
        -0.5263299811535248,
        -0.4916199823963975,
        -0.4619899834573688,
        -0.4436199841151496,
        -0.39131998598787326,
        -0.35545998727192435,
        -0.31478998872820874,
        -0.31405998875434804,
        -0.29179998955141934,
        -0.23987999141053623,
        -0.04519999838150841,
        -0.005619999798762771,
        0.0016599999405598224,
        0.02501999910410045,
        0.03819999863215976,
        0.17434999375699095,
        0.18597999334055165,
        0.2125799923880765,
        0.22373999198846664,
        0.2349899915856341,
        0.2643999905325404,
        0.28086998994279355,
        0.28593998976125035,
        0.29331998949699223,
        0.29476998944507155,
        0.30752998898817,
        0.31408998875327376,
        0.32351998841561064,
        0.3637899869736492,
        0.3709899867158364,
        0.37464998658478155,
        0.41207998524451295,
        0.4133299851997537,
        0.4412199842010872,
        0.46174998346596263,
        0.46765998325434127,
        0.5201199813758884,
        0.5645299797856846,
        0.5776599793155343,
        0.6170299779057994,
        0.6270099775484422,
        0.6549299765487014,
        0.6643699762106802,
        0.6874999753824564,
        0.7234599740948247,
        0.7575799728730783,
        0.7779899721422506,
        0.7934499715886691,
        0.8042599712015919,
        0.8480599696332307,
        0.8517199695021758,
        0.9077199674969649,
        0.9208799670257405,
        0.9783599649675347,
        1.0567299621613138,
        1.1312099594943834,
        1.1737299579718554,
        1.2235899561865016,
        1.250129955236175,
        1.31409995294558,
        1.3484099517170303,
        1.3995099498872752,
        1.43534994860394,
        1.450769948051791,
        1.4734399472400388,
        1.4819699469346022,
        1.4952799464580064,
        1.5049899461103173,
        1.5147899457594056,
        1.5200899455696266,
        1.5389499448943003,
        1.5805899434032828,
        1.5968199428221297,
        1.6291299416651945,
        1.6560099407026936,
        1.6846399396775293,
        1.6900399394841699,
        1.7210299383745005,
        1.7331299379412317,
        1.7497499373461138,
        1.780689936238235,
        1.7991299355779473,
        1.8143199350340342,
        1.8300699344700686,
        1.849249933783284,
        1.8989399320040175,
        1.9092399316352018,
        1.9302699308821734,
        1.9426599304385208,
        1.9529199300711375,
        1.9791999291301205,
        1.9933899286220145,
        2.0610299262000065,
        2.10007992480173,
        2.1134699243222697,
        2.172619922204266,
        2.201989921152604,
        2.2575799191620742,
        2.3571999155949475,
        2.4030899139517494,
        2.516159909903014,
        2.5471799087922697,
        2.5826099075236155,
        2.6906299036557075,
        2.6964699034465927,
        2.7850199002758527,
        2.8963698962887063,
        2.9555598941692702,
        2.970619893630011,
        3.028499891557483,
        3.0563898905588163,
        3.1204498882649983,
        3.1230398881722574,
        3.204579885252527,
        3.213739884924532,
        3.261859883201483,
        3.2829998824445155,
        3.3006398818128746,
        3.3146398813115714,
        3.3687998793722462,
        3.3815198789167775,
        3.4582698761685644,
        3.5532698727668675,
        3.595109871268688,
        3.6157998705278347,
        3.6802698682193355,
        3.7304298664232394,
        3.7514098656720014,
        3.826949862967116,
        3.8878798607853744,
        3.919669859647059,
        3.972309857762161,
        4.035429855502002,
        4.044889855163264,
        4.073709854131297,
        4.16361985091186,
        4.169339850707042,
        4.214479849090699,
        4.369559843537697,
        4.477999839654749,
        4.5319498377229435,
        4.619849834575478,
        4.723089830878729,
        4.826749827166941,
        4.873019825510136,
        4.8991998245727,
        5.085139817914683,
        5.20948981346204,
        5.229009812763081,
        5.279259810963763,
        5.334869808972517,
        5.516579802465967,
        5.591409799786503,
        5.810939791925719,
        5.821779791537567,
        5.865109789986035,
        6.091439781881761,
        6.388909771230153,
        6.556159765241376,
        6.563469764979624,
        6.721739759312397,
        6.72434975921894,
        6.796999756617536,
        7.159069743652775,
        7.320499737872397,
        7.948289715392909,
        12.05834956822261,
        12.953199536180415
    ],
    "et": [
        -3141.49272585
    ],
    "fc": [
        0.1884,
        0.046,
        0.0523,
        0.0685,
        0.5826,
        0.6987,
        2.3034,
        1.7852,
        2.8147,
        0.714,
        4.6902,
        1.2343,
        17.9619,
        4.3652,
        9.0789
    ],
    "gap": 0.19467999302902783,
    "homo": -0.23987999141053623,
    "id": "AG7_35708",
    "ir": [
        3.1656,
        24.1663,
        4.596,
        94.2079,
        11.6788,
        4.3651,
        34.5458,
        1.2755,
        154.7229,
        19.4105,
        174.3579,
        314.2154,
        341.7017,
        1.9614,
        102.6465
    ],
    "lumo": -0.04519999838150841,
    "ma": [
        15.99491,
        12.0,
        78.91834,
        14.00307,
        31.97207,
        1.00783,
        1.00783
    ],