{
    "A": 128.66116,
    "B": 24.74749,
    "C": 23.88857,
    "Cv": "8.810",
    "G": -115.678818,
    "H": -115.651774,
    "P": 1.0,
    "S": 9.07060204595124e-05,
    "T": 298.15,
    "U": -115.652718,
    "U0": -115.656058,
    "alpha": 12.592333333333334,
    "alpha_xx": 20.53,
    "alpha_xy": -0.673,
    "alpha_xz": 18.693,
    "alpha_yy": 0.0,
    "alpha_yz": 0.0,
    "alpha_zz": 17.247,
    "bo": [
        0,
        1,
        1,
        1,
        1,
        0,
        1,
        0,
        0,
        0,
        0,
        1,
        1,
        0,
        0,
        0,
        0,
        0,
        1,
        0,
        0,
        0,
        0,
        0,
        1,
        0,
        0,
        0,
        0,
        0,
        0,
        1,
        0,
        0,
        0,
        0
    ],
    "coords": [
        -0.666575,
        -0.019292,
        0.0,
        0.747219,
        0.118174,
        -2e-06,
        -1.082151,
        0.987298,
        -5e-06,
        -1.035205,
        -0.540858,
        0.890076,
        -1.035206,
        -0.540866,
        -0.890072,
        1.139109,
        -0.759164,
        1e-06
    ],
    "e ne": -352.0643906756,
    "e_disp": -0.0011104272000039828,
    "e_k": 115.0519044136,
    "e_nn": 40.2830537927,
    "eigs": [
        -19.120229315355502,
        -10.21025963439779,
        -1.014969963656628,
        -0.6809499756169946,
        -0.505719981891514,
        -0.43766998432820325,
        -0.42385998482270254,
        -0.33563998798162575,
        -0.27425999017948005,
        0.03275999882695167,
        0.0688099975360972,
        0.11423999590936992,
        0.11464999589468892,
        0.15817999433599556,
        0.2595899907047736,
        0.275759990125769,
        0.3470799875719898,
        0.388899986074527,
        0.4463399840177537,
        0.4601099835246867,
        0.46431998337393776,
        0.5057999818886495,
        0.5297399810314217,
        0.5320799809476326,
        0.6434799769586955,
        0.678429975707229,
        0.6909099752603535,
        0.7478699732207676,
        0.8747099686789651,
        0.9068499675281173,
        0.9803399648966362,
        0.9942599643981981,
        1.0461699625394394,
        1.0571399621466329,
        1.0704899616686048,
        1.1645799582994925,
        1.2292899559824,
        1.2693999545461678,
        1.3105599530723377,
        1.322779952634772,
        1.3523899515745168,
        1.372659950848702,
        1.5102399459223288,
        1.8150599350075367,
        1.8983499320251438,
        1.913979931465475,
        1.9959899285289153,
        2.048939926632917,
        2.1791699219697276,
        2.1983499212829427,
        2.275609918516468,
        2.47352991142948,
        2.5993299069249174,
        2.7168999027150487,
        2.7783599005143302,
        2.794269899944635,
        2.8279198987397183,
        2.9008398961286472,
        2.918219895506316,
        2.96048989399274,
        2.970359893639321,
        2.984599893129425,
        3.046419890915815,
        3.1698198864971903,
        3.2834698824276862,
        3.308489881531787,
        3.365309879497214,
        3.3698598793342907,
        3.4243598773827912,
        3.4424098767364684,
        3.4825798752980877,
        3.502049874600919,
        3.567419872260193,
        3.6834098681069003,
        3.7031798673989895,
        3.769369865028902,
        3.8082198636377864,
        3.8126198634802346,
        3.9268698593892464,
        3.9269398593867404,
        3.9557298583558467,
        4.085469853710203,
        4.107589852918145,
        4.113609852702585,
        4.225409848699324,
        4.243779848041544,
        4.301559845972596,
        4.401679842387566,
        4.617189834670726,
        4.642579833761578,
        4.695839831854479,
        4.774619829033577,
        4.883109825148839,
        4.9465798228761475,
        4.992009821249421,
        5.083189817984508,
        5.172709814779036,
        5.180989814482551,
        5.196949813911065,
        5.355069808249209,
        5.5062598028354985,
        5.743049794356679,
        5.791299792628974,
        5.831909791174839,
        5.974349786074442,
        6.163979779284296,
        6.478029768039003,
        6.646969761989712,
        6.684949760629748,
        6.723189759260476,
        6.840839755047743,
        6.92017975220679,
        7.087919746200468,
        7.378499735795571,
        11.424679590912644,
        12.954909536119183
    ],
    "et": [
        -115.707085783
    ],
    "fc": [
        0.0607,
        2.224,
        0.9149,
        1.023,
        1.4278,
        1.4649,
        1.3782,
        1.401,
        5.4261,
        5.9536,
        6.1991,
        9.2056
    ],
    "gap": 0.30701998900643174,
    "homo": -0.27425999017948005,
    "id": "AG7_00009",
    "ir": [
        110.7484,
        117.7532,
        1.3374,
        0.5398,
        27.0511,
        4.3239,
        1.9216,
        3.9038,
        63.7076,
        68.3642,
        30.4985,
        25.1208
    ],
    "lumo": 0.03275999882695167,
    "ma": [
        12.0,
        15.99491,
        1.00783,
        1.00783,
        1.00783,
        1.00783
    ],
    "mr": [
        1.0708,
        3.4594,
        1.3161,
        1.2683,
        1.2821,
        1.1345,
        1.0481,
        1.045,
        1.0365,
        1.1051,
        1.0966,
        1.0665
    ],
    "mu": 1.6096833228930465,
    "mu_x": -0.7402,
    "mu_xx=": 0.1098,
    "mu_xxx=": 4.7635,
    "mu_xxy=": -2.1851,
    "mu_xxz=": 0.0,
    "mu_xy=": -2.1689,
    "mu_xyy=": 1.9533,
    "mu_xyz=": 0.0,
    "mu_xz=": 0.0,
    "mu_xzz=": 0.5759,
    "mu_y": -1.4294,
    "mu_yy=": 0.7083,
    "mu_yyy=": -0.4061,
    "mu_yyz=": 0.0,
    "mu_yz=": 0.0,
    "mu_yzz=": -0.5342,
    "mu_z": 0.0,
    "mu_zz=": -0.8181,
    "mu_zzz=": 0.0,
    "na": 6,
    "ne": 18,
    "ne_down": 9,
    "ne_up": 9,
    "ni": 2,
    "oemga": [
        310.0549,
        1044.5941,
        1086.2436,
        1170.0485,
        1374.8185,
        1480.4171,
        1493.9836,
        1508.5183,
        2980.7855,
        3023.8874,
        3097.5612,
        3827.5818
    ],
    "oemga0": 3827.5818,
    "qa": [
        -0.060169,
        -0.349636,
        0.097044,
        0.056176,
        0.056176,
        0.200409
    ],
    "r2": 84.5303,