{
    "A": 80.89679,
    "B": 19.99168,
    "C": 19.9914,
    "Cv": "10.073",
    "G": -79.749707,
    "H": -79.722171,
    "P": 1.0,
    "S": 9.235619654535564e-05,
    "T": 298.15,
    "U": -79.723115,
    "U0": -79.726598,
    "alpha": 18.544333333333334,
    "alpha_xx": 29.452,
    "alpha_xy": 0.0,
    "alpha_xz": 26.182,
    "alpha_yy": 0.0,
    "alpha_yz": 0.0,
    "alpha_zz": 26.181,
    "bo": [
        0,
        1,
        1,
        1,
        1,
        0,
        0,
        0,
        1,
        0,
        0,
        0,
        0,
        1,
        1,
        1,
        1,
        0,
        0,
        0,
        0,
        0,
        0,
        0,
        1,
        0,
        0,
        0,
        0,
        0,
        0,
        0,
        1,
        0,
        0,
        0,
        0,
        0,
        0,
        0,
        0,
        1,
        0,
        0,
        0,
        0,
        0,
        0,
        0,
        1,
        0,
        0,
        0,
        0,
        0,
        0,
        0,
        1,
        0,
        0,
        0,
        0,
        0,
        0
    ],
    "coords": [
        0.763784,
        3e-06,
        1.7e-05,
        -0.763785,
        -3e-06,
        -1.7e-05,
        1.161317,
        -0.045103,
        1.015427,
        1.161317,
        0.901973,
        -0.468576,
        1.161309,
        -0.856835,
        -0.546753,
        -1.161318,
        -0.901973,
        0.468576,
        -1.16131,
        0.856835,
        0.546753,
        -1.161318,
        0.045103,
        -1.015427
    ],
    "e ne": -268.5701052857,
    "e_disp": -0.0017975211000020863,
    "e_k": 79.24158637852,
    "e_nn": 42.2471999196,
    "eigs": [
        -10.157689636280182,
        -10.157459636288417,
        -0.7509899731090488,
        -0.6143899780003308,
        -0.43327998448539745,
        -0.43326998448575554,
        -0.36725998684939776,
        -0.3421299877492361,
        -0.3421199877495942,
        0.042009998495733815,
        0.08118999709280238,
        0.10449999625813337,
        0.10450999625777532,
        0.13004999534325595,
        0.13004999534325595,
        0.20577999263156638,
        0.2542899908945525,
        0.2732299902163615,
        0.2732399902160035,
        0.2759799901178914,
        0.27598999011753333,
        0.4428199841437955,
        0.4428299841434374,
        0.44715998398839163,
        0.46067998350427647,
        0.48919998248305124,
        0.48920998248269315,
        0.4993299821203229,
        0.5458699804538495,
        0.5458899804531333,
        0.625139977615402,
        0.6605699763467481,
        0.7765099721952455,
        0.7765299721945293,
        0.8556799693603787,
        0.922299966974894,
        0.94355996621363,
        0.943569966213272,
        1.0363499628910673,
        1.0542699622493998,
        1.0542699622493998,
        1.0818899612604012,
        1.08395996118628,
        1.0839799611855638,
        1.1429799590729313,
        1.1641699583141736,
        1.1641799583138155,
        1.2523499551566828,
        1.2846999539983155,
        1.2847099539979574,
        1.3693199509682987,
        1.3693199509682987,
        1.3837899504501665,
        1.3837999504498084,
        1.5175599456602191,
        1.5513299444510056,
        1.551369944449573,
        1.5663199439142534,
        2.1580899227245465,
        2.158099922724188,
        2.2466699195527324,
        2.3116699172252555,
        2.3116699172252555,
        2.3700299151355395,
        2.401059914024438,
        2.5267499095238133,
        2.5267799095227397,
        2.55776990841307,
        2.729139902276767,
        2.729139902276767,
        2.7358699020357835,
        2.7710899007746495,
        2.858129897657979,
        2.8638598974528024,
        2.8638698974524446,
        2.9194998954604827,
        2.919509895460124,
        2.9902098929285454,
        3.047259890885737,
        3.0472698908853793,
        3.0681898901362894,
        3.068199890135932,
        3.0970298891036063,
        3.097039889103248,
        3.2416798839240752,
        3.2417398839219267,
        3.315289881288297,
        3.3479598801184713,
        3.4288598772216576,
        3.4288998772202257,
        3.4468698765767676,
        3.465449875911468,
        3.465499875909677,
        3.5493498729072317,
        3.5755498719690793,
        3.5755598719687214,
        3.72736986653281,
        3.7274198665310196,
        3.768079865075093,
        3.7680898650747348,
        3.779009864683719,
        3.8045798637681254,
        3.9262898594100144,
        3.926309859409298,
        4.003979856628143,
        4.0059598565572445,
        4.005979856556528,
        4.0106298563900245,
        4.0844598537463686,
        4.109629852845098,
        4.109659852844024,
        4.1514198513487095,
        4.274509846941184,
        4.308059845739848,
        4.308079845739132,
        4.31538984547738,
        4.349879844242385,
        4.3498898442420275,
        4.512699838412234,
        4.8094698277856915,
        4.809479827785333,
        4.8176198274938615,
        4.833499826925241,
        4.8335098269248835,
        4.839659826704668,
        4.854409826176509,
        4.980929821646165,
        4.9809698216447345,
        5.281449810885346,
        5.326679809265778,
        5.333569809019067,
        5.34645980855751,
        5.346549808554287,
        5.353619808301129,
        5.353739808296832,
        5.426829805679674,
        5.446349804980715,
        5.446359804980357,
        5.877439789544531,
        5.877499789542383,
        5.904489788575942,
        5.904549788573795,
        13.102929530818983,
        13.181069528020997
    ],
    "et": [
        -79.8009570539
    ],
    "fc": [
        0.0565,
        0.4324,
        0.4337,
        2.0077,
        1.2891,
        1.2919,
        1.4052,
        1.4786,
        1.3563,
        1.3568,
        1.4169,
        1.4182,
        5.5709,
        5.5808,
        6.1061,
        6.1062,
        6.2159,
        6.216
    ],
    "gap": 0.384129986245328,
    "homo": -0.3421199877495942,
    "id": "AG7_00002",
    "ir": [
        0.0,
        3.8284,
        3.8315,
        0.0,
        0.0,
        0.0,
        0.9545,
        0.0,
        0.0,
        0.0,
        8.5505,
        8.5508,
        60.8503,
        0.0,
        0.0,
        0.0,
        68.1645,
        68.1817
    ],
    "lumo": 0.042009998495733815,
    "ma": [
        12.0,
        12.0,
        1.00783,
        1.00783,
        1.00783,
        1.00783,
        1.00783,
        1.00783
    ],
    "mr": [
        1.0078,
        1.0584,
        1.0584,
        3.4335,
        1.4685,
        1.4693,
        1.1984,
        1.2329,
        1.018,
        1.0178,
        1.0618,
        1.0617,
        1.034,
        1.0358,
        1.1013,
        1.1012,
        1.1024,
        1.1024
    ],
    "mu": 0.0,
    "mu_x": 0.0,
    "mu_xx=": -0.4508,
    "mu_xxx=": 0.0,
    "mu_xxy=": 0.0,
    "mu_xxz=": 0.0,
    "mu_xy=": 0.0,
    "mu_xyy=": 0.0,
    "mu_xyz=": 0.0,
    "mu_xz=": 0.0002,
    "mu_xzz=": 0.0,
    "mu_y": 0.0,
    "mu_yy=": 0.2256,
    "mu_yyy=": 0.0,
    "mu_yyz=": 0.0,
    "mu_yz=": 0.0001,
    "mu_yzz=": 0.0,
    "mu_z": 0.0,
    "mu_zz=": 0.2252,
    "mu_zzz=": 0.0,
    "na": 8,
    "ne": 18,
    "ne_down": 9,
    "ne_up": 9,
    "ni": 2,
    "oemga": [
        308.492,
        832.702,
        833.9203,
        996.2211,
        1220.5823,
        1221.5965,
        1410.7026,
        1426.7332,
        1503.7395,
        1504.1738,
        1504.9748,
        1505.6641,
        3024.0079,
        3024.0548,
        3067.6012,
        3067.7319,
        3093.5457,
        3093.6019
    ],
    "oemga0": 3093.6019,
    "qa": [
        -0.281688,
        -0.281688,
        0.093902,
        0.093887,
        0.093899,
        0.093887,
        0.093899,
        0.093902
    ],
    "r2": 110.0521,