{
    "A": 103.96695,
    "B": 22.74525,
    "C": 21.86721,
    "Cv": "9.547",
    "G": -95.794702,
    "H": -95.767408,
    "P": 1.0,
    "S": 9.15445245681627e-05,
    "T": 298.15,
    "U": -95.768352,
    "U0": -95.771779,
    "alpha": 15.338333333333333,
    "alpha_xx": 25.322,
    "alpha_xy": 0.0,
    "alpha_xz": 22.448,
    "alpha_yy": -0.269,
    "alpha_yz": 0.0,
    "alpha_zz": 20.962,
    "bo": [
        0,
        1,
        1,
        1,
        1,
        0,
        0,
        1,
        0,
        0,
        0,
        0,
        1,
        1,
        1,
        0,
        0,
        0,
        0,
        0,
        0,
        1,
        0,
        0,
        0,
        0,
        0,
        0,
        1,
        0,
        0,
        0,
        0,
        0,
        0,
        0,
        1,
        0,
        0,
        0,
        0,
        0,
        0,
        1,
        0,
        0,
        0,
        0,
        0
    ],
    "coords": [
        0.708712,
        1e-06,
        0.018894,
        -0.749585,
        2e-06,
        -0.116558,
        1.116738,
        -0.877251,
        -0.485117,
        1.085267,
        -3e-06,
        1.050684,
        1.116738,
        0.877256,
        -0.48511,
        -1.145845,
        -0.810888,
        0.343282,
        -1.145845,
        0.81089,
        0.343285
    ],
    "e ne": -306.8327005422,
    "e_disp": -0.0012804567000017641,
    "e_k": 95.23683841657,
    "e_nn": 41.9908585642,
    "eigs": [
        -14.288909488352198,
        -10.183239635365304,
        -0.8701199688433208,
        -0.6564599764939162,
        -0.485549982613748,
        -0.43645998437153016,
        -0.39943998569711775,
        -0.3652099869228028,
        -0.23579999155663017,
        0.03601999871021976,
        0.0738699973549121,
        0.09547999658111556,
        0.11682999581662894,
        0.13276999524586,
        0.18612999333518052,
        0.27418999018198653,
        0.281759989910925,
        0.3211799884993999,
        0.3475499875551604,
        0.41307998520870565,
        0.45336998376602805,
        0.4655399833302528,
        0.46628998330339727,
        0.47403998302589045,
        0.5369799807721767,
        0.5420599805902755,
        0.5614099798974035,
        0.5932699787565817,
        0.6130899780468804,
        0.7469099732551425,
        0.8346599701130488,
        0.862989969098627,
        0.8730299687391214,
        0.9603999656106346,
        0.9752199650799698,
        1.0078899639101442,
        1.0313199630711782,
        1.1103699602406083,
        1.1599299584659966,
        1.167809958183835,
        1.1983799570892046,
        1.2309499559229597,
        1.2694499545443771,
        1.3112599530472726,
        1.32686995248832,
        1.3865099503527705,
        1.3870899503320022,
        1.5035899461604476,
        1.5533799443776004,
        1.6265699417568615,
        1.6464999410432213,
        1.761439936927526,
        1.7890899359374535,
        2.162349922572007,
        2.1649399224792663,
        2.3010499176055297,
        2.441249912585341,
        2.490839910809655,
        2.5280099094786963,
        2.7084099030190534,
        2.737759901968108,
        2.767859900890307,
        2.8052098995529033,
        2.8595398976074904,
        2.877419896967255,
        2.9213198953953134,
        2.965299893820507,
        2.977779893373631,
        2.9930098928282853,
        3.0558198905792264,
        3.1494798872255116,
        3.2573898833615416,
        3.292819882092888,
        3.314189881327685,
        3.3248498809459788,
        3.366919879439564,
        3.381389878921432,
        3.413189877782759,
        3.4137898777612743,
        3.4356998769767357,
        3.496769874789982,
        3.5026398745797924,
        3.583309871691215,
        3.6446898694933605,
        3.684299868075032,
        3.689179867900292,
        3.798429863988341,
        3.847799862220532,
        3.8692798614513904,
        3.875959861212198,
        3.914409859835406,
        3.9265698593999887,
        3.9516998585001506,
        4.030229855688201,
        4.1152598526435025,
        4.122989852366712,
        4.136329851889042,
        4.245049847996069,
        4.284289846590989,
        4.332499844864716,
        4.351809844173277,
        4.4162098418672855,
        4.4546098404922825,
        4.55886983675901,
        4.588909835683358,
        4.786399828611767,
        4.840869826661342,
        4.915149824001571,
        4.944309822957431,
        4.994729821152024,
        5.028889819928846,
        5.069569818472203,
        5.158379815292154,
        5.199059813835512,
        5.286679810698073,
        5.320239809496378,
        5.384099807209722,
        5.409449806302006,
        5.533889801846142,
        5.691139796215437,
        5.758519793802739,
        5.759849793755116,
        5.862509790079135,
        5.9021597886593735,
        6.043189783609464,
        6.116649780979058,
        6.126579780623492,
        6.826719755553342,
        12.258789561045386,
        13.12325953009102
    ],
    "et": [
        -95.8355411737
    ],
    "fc": [
        0.0568,
        0.5299,
        0.5986,
        2.2003,
        1.1211,
        1.4403,
        1.4506,
        1.3917,
        1.4015,
        1.7675,
        5.4584,
        5.8886,
        6.1815,
        7.5196,
        8.1747
    ],
    "gap": 0.27181999026684994,
    "homo": -0.23579999155663017,
    "id": "AG7_00006",
    "ir": [
        33.6492,
        155.4611,
        0.0873,
        8.4571,
        6.8526,
        0.0643,
        1.7844,
        6.5255,
        3.3758,
        19.2459,
        94.6151,
        37.4934,
        33.2389,
        0.7216,
        0.1297
    ],
    "lumo": 0.03601999871021976,
    "ma": [
        12.0,
        14.00307,
        1.00783,
        1.00783,
        1.00783,
        1.00783,
        1.00783
    ],
    "mr": [
        1.0302,
        1.2591,
        1.0521,
        3.3646,
        1.3866,
        1.3445,
        1.1576,
        1.0542,
        1.0341,
        1.0812,
        1.0587,
        1.0743,
        1.103,
        1.0491,
        1.0928
    ],
    "mu": 1.2751827672925948,
    "mu_x": 0.1815,
    "mu_xx=": 0.0733,
    "mu_xxx=": -3.1433,
    "mu_xxy=": 0.0,
    "mu_xxz=": 1.9316,
    "mu_xy=": 0.0,
    "mu_xyy=": -2.0712,
    "mu_xyz=": 0.0,
    "mu_xz=": -1.9555,
    "mu_xzz=": 0.3636,
    "mu_y": 0.0,
    "mu_yy=": 1.2822,
    "mu_yyy=": 0.0,
    "mu_yyz=": 0.2762,
    "mu_yz=": 0.0,
    "mu_yzz=": 0.0,
    "mu_z": 1.2622,
    "mu_zz=": -1.3555,
    "mu_zzz=": 1.3032,
    "na": 7,
    "ne": 18,
    "ne_down": 9,
    "ne_up": 9,
    "ni": 2,
    "oemga": [
        306.0093,
        845.1753,
        982.6543,
        1053.5517,
        1171.4248,
        1348.4233,
        1458.3744,
        1496.8494,
        1516.6878,
        1665.6875,
        2958.2152,
        3050.1145,
        3084.1788,
        3487.8893,
        3563.1596
    ],
    "oemga0": 3563.1596,
    "qa": [
        -0.179275,
        -0.332059,
        0.093602,
        0.05941,
        0.093602,
        0.132361,
        0.132361
    ],
    "r2": 95.5392,