{
    "A": 4.38587,
    "B": 2.51451,
    "C": 1.59832,
    "Cv": "22.987",
    "G": -339.37564,
    "H": -339.33517,
    "P": 1.0,
    "S": 0.00013573704511142277,
    "T": 298.15,
    "U": -339.336114,
    "U0": -339.342993,
    "alpha": 44.603,
    "alpha_xx": 101.191,
    "alpha_xy": 4.434,
    "alpha_xz": 74.904,
    "alpha_yy": -0.122,
    "alpha_yz": 0.135,
    "alpha_zz": 32.74,
    "bo": [],
    "coords": [
        0.622402,
        -0.818803,
        0.038228,
        1.446844,
        0.322038,
        -0.127512,
        1.093136,
        1.590698,
        -0.245034,
        0.945868,
        2.695418,
        -0.359268,
        -1.55624,
        1.189516,
        0.005909,
        -1.748852,
        -0.010147,
        0.125927,
        -0.719739,
        -1.023446,
        0.14539,
        1.233678,
        -1.71351,
        0.088265,
        2.51958,
        0.207389,
        -0.176514,
        -2.78186,
        -0.393747,
        0.236801,
        -1.054817,
        -2.045406,
        0.267808
    ],
    "e ne": -1313.350814856,
    "e_disp": -0.006873957499976768,
    "e_k": 337.4697977056,
    "e_nn": 260.6243096944,
    "et": [
        -339.419569337
    ],
    "fc": [
        0.0004,
        0.1907,
        0.2394,
        0.0602,
        0.8848,
        0.3859,
        0.3516,
        0.4345,
        1.8634,
        0.4329,
        2.1901,
        2.7245,
        0.7519,
        1.8644,
        1.0412,
        1.4075,
        1.1836,
        1.5528,
        1.6813,
        2.6912,
        8.5531,
        12.838,
        39.196,
        5.3395,
        6.3133,
        6.4659,
        6.548
    ],
    "id": "AG7_21078",
    "ir": [
        1.3576,
        11.0783,
        0.652,
        9.8031,
        2.9039,
        7.4671,
        4.7147,
        52.6089,
        5.6997,
        9.7455,
        44.399,
        2.7755,
        0.7018,
        49.1888,
        2.5836,
        4.7731,
        54.8802,
        63.4065,
        80.9358,
        30.5785,
        319.133,
        88.9785,
        505.9491,
        177.829,
        5.0945,
        11.56,
        2.2981
    ],
    "m_a": [
        12.0,
        12.0,
        14.00307,
        14.00307,
        15.99491,
        12.0,
        12.0,
        1.00783,
        1.00783,
        1.00783,
        1.00783
    ],
    "mr": [
        5.0293,
        10.252,
        10.6671,
        2.3938,
        8.9588,
        3.0723,
        1.9737,
        2.2462,
        7.5726,
        1.2665,
        4.9934,
        5.3813,
        1.2978,
        3.0592,
        1.6713,
        1.6509,
        1.1787,
        1.3319,
        1.395,
        2.0473,
        5.749,
        7.2281,
        13.449,
        1.0831,
        1.0852,
        1.0908,
        1.0868
    ],
    "mu": 3.5271860781648594,
    "mu_x": -0.1087,
    "mu_xx=": 3.8692,
    "mu_xxx=": 3.2541,
    "mu_xxy=": 3.5327,
    "mu_xxz=": 0.1199,
    "mu_xy=": -2.344,
    "mu_xyy=": -1.8297,
    "mu_xyz=": -0.0173,
    "mu_xz=": -0.0792,
    "mu_xzz=": -2.7566,
    "mu_y": 3.5255,
    "mu_yy=": -1.5564,
    "mu_yyy=": 11.891,
    "mu_yyz=": 0.0363,
    "mu_yz=": 0.0897,
    "mu_yzz=": -5.221,
    "mu_z": -0.0087,
    "mu_zz=": -2.3128,
    "mu_zzz=": 0.0482,
    "na": 11,
    "ne": 50,
    "ne_down": 25,
    "ne_up": 25,
    "ni": 7,
    "oemga": [
        12.0467,
        177.6934,
        195.1729,
        206.5377,
        409.432,
        461.7315,
        549.8458,
        573.001,
        646.2532,
        761.6275,
        862.7854,
        926.9837,
        991.6376,
        1017.0424,
        1028.2834,
        1202.901,
        1305.4917,
        1406.6771,
        1430.246,
        1493.6623,
        1589.0614,
        1736.25,
        2224.0787,
        2892.6589,
        3142.3547,
        3171.8977,
        3197.7905
    ],
    "oemga0": 3197.7905,
    "qa": [
        -0.051167,
        -0.16179,
        0.182695,
        -0.00742,
        -0.32467,
        0.114061,
        -0.176537,
        0.126097,
        0.135398,
        0.05436,
        0.108974
    ],
    "r2": 705.2308,