{
    "A": 5.90288,
    "B": 1.66855,
    "C": 1.30084,
    "Cv": "21.631",
    "G": -662.351884,
    "H": -662.315035,
    "P": 1.0,
    "S": 0.00012359215160179354,
    "T": 298.15,
    "U": -662.31598,
    "U0": -662.32184,
    "alpha": 50.440666666666665,
    "alpha_xx": 111.427,
    "alpha_xy": -2.068,
    "alpha_xz": 74.436,
    "alpha_yy": 0.0,
    "alpha_yz": -0.001,
    "alpha_zz": 39.895,
    "bo": [],
    "coords": [
        -1.307942,
        0.553483,
        -0.013893,
        -0.02752,
        1.025441,
        -0.169465,
        1.006842,
        0.085279,
        -0.074718,
        0.792911,
        -1.209653,
        0.15407,
        -0.448644,
        -1.657742,
        0.303507,
        -1.46813,
        -0.812359,
        0.223744,
        2.688658,
        0.611842,
        -0.263456,
        -2.16493,
        1.210813,
        -0.072261,
        0.18142,
        2.069842,
        -0.356242,
        -2.447392,
        -1.253993,
        0.35638,
        3.194728,
        -0.622953,
        -0.087666
    ],
    "e ne": -2213.871997666,
    "e_disp": -0.00601018809999232,
    "e_k": 659.6831516283,
    "e_nn": 326.4609897122,
    "et": [
        -662.396790498
    ],
    "fc": [
        0.088,
        0.237,
        0.0501,
        0.3562,
        1.2725,
        0.6315,
        2.0201,
        2.5839,
        0.9667,
        0.6485,
        0.5467,
        0.718,
        0.8175,
        4.3154,
        2.4595,
        1.6711,
        6.5805,
        1.2378,
        1.6201,
        2.9761,
        2.3079,
        7.1508,
        7.5184,
        4.3758,
        6.437,
        6.506,
        6.6053
    ],
    "id": "AG7_37844",
    "ir": [
        1.3599,
        8.294,
        20.1183,
        0.1836,
        1.1599,
        0.8869,
        0.141,
        11.7983,
        8.8248,
        24.5835,
        10.9689,
        0.0055,
        0.081,
        7.8169,
        1.0616,
        22.6771,
        63.38,
        1.7655,
        18.854,
        14.7421,
        56.7126,
        0.1309,
        41.1129,
        3.1865,
        1.609,
        8.5453,
        7.6231
    ],
    "m_a": [
        12.0,
        12.0,
        12.0,
        14.00307,
        14.00307,
        12.0,
        31.97207,
        1.00783,
        1.00783,
        1.00783,
        1.00783
    ],
    "mr": [
        5.1742,
        5.255,
        1.0503,
        4.142,
        11.9275,
        4.4136,
        8.3242,
        7.7869,
        2.7765,
        1.6501,
        1.1442,
        1.3477,
        1.3465,
        6.9766,
        3.7282,
        2.3047,
        8.31,
        1.5043,
        1.8262,
        2.5487,
        1.8657,
        4.8716,
        4.9294,
        1.0378,
        1.088,
        1.0915,
        1.0987
    ],
    "mu": 3.1977234855440524,
    "mu_x": -0.6836,
    "mu_xx=": 4.4099,
    "mu_xxx=": -10.2964,
    "mu_xxy=": -1.4444,
    "mu_xxz=": 0.0024,
    "mu_xy=": -5.986,
    "mu_xyy=": 6.7105,
    "mu_xyz=": -0.0002,
    "mu_xz=": 0.0002,
    "mu_xzz=": -0.7865,
    "mu_y": 3.1238,
    "mu_yy=": -1.5386,
    "mu_yyy=": 16.0007,
    "mu_yyz=": 0.0002,
    "mu_yz=": -0.001,
    "mu_yzz=": -2.159,
    "mu_z": 0.0003,
    "mu_zz=": -2.8714,
    "mu_zzz=": -0.0002,
    "na": 11,
    "ne": 58,
    "ne_down": 29,
    "ne_up": 29,
    "ni": 7,
    "oemga": [
        169.9227,
        276.6926,
        284.6784,
        382.0287,
        425.5237,
        492.8005,
        641.7844,
        750.4662,
        768.7152,
        816.7075,
        900.5688,
        950.9361,
        1015.1228,
        1024.6147,
        1058.1586,
        1109.3633,
        1159.3195,
        1181.7571,
        1227.0589,
        1407.8046,
        1448.972,
        1578.4027,
        1608.9429,
        2675.1199,
        3168.8727,
        3180.643,
        3194.4091
    ],
    "oemga0": 3194.4091,
    "qa": [
        -0.089388,
        -0.103143,
        0.061369,
        -0.122499,
        -0.093068,
        -0.078417,
        -0.077855,
        0.12953,
        0.126316,
        0.133295,
        0.113861
    ],
    "r2": 855.3517,