{
    "A": 5.86885,
    "B": 2.69843,
    "C": 1.84851,
    "Cv": "20.730",
    "G": -323.381868,
    "H": -323.346651,
    "P": 1.0,
    "S": 0.00011811839678010643,
    "T": 298.15,
    "U": -323.347595,
    "U0": -323.352962,
    "alpha": 39.318333333333335,
    "alpha_xx": 83.666,
    "alpha_xy": -4.202,
    "alpha_xz": 72.603,
    "alpha_yy": 0.001,
    "alpha_yz": 0.0,
    "alpha_zz": 34.288,
    "bo": [],
    "coords": [
        -1.314176,
        0.774166,
        -0.007791,
        0.01121,
        1.158976,
        0.118492,
        0.988045,
        0.170097,
        0.082261,
        0.586764,
        -1.156288,
        -0.078722,
        -0.685092,
        -1.525053,
        -0.199933,
        -1.618366,
        -0.574477,
        -0.164878,
        2.294585,
        0.539286,
        0.205549,
        -2.105173,
        1.511784,
        0.015158,
        0.299544,
        2.193934,
        0.242608,
        1.332212,
        -1.948188,
        -0.109919,
        -2.646206,
        -0.902287,
        -0.265925,
        2.856653,
        -0.241951,
        0.163101
    ],
    "e ne": -1303.834942679,
    "e_disp": -0.0059469869000281506,
    "e_k": 321.5247240337,
    "e_nn": 274.7804499956,
    "et": [
        -323.445646597
    ],
    "fc": [
        0.1203,
        0.0854,
        0.384,
        0.3546,
        0.5771,
        1.3885,
        1.863,
        0.6646,
        0.6561,
        3.0215,
        0.6701,
        0.7499,
        0.7968,
        2.4269,
        1.6923,
        1.0722,
        1.2771,
        1.247,
        3.7306,
        3.1011,
        1.3706,
        3.0778,
        3.1257,
        8.6361,
        8.9735,
        6.1851,
        6.3774,
        6.4903,
        6.5889,
        9.0788
    ],
    "id": "AG7_07620",
    "ir": [
        0.3073,
        106.6457,
        12.4029,
        4.0657,
        0.1565,
        6.3504,
        4.4459,
        27.7023,
        30.1754,
        8.2944,
        2.4195,
        1.5751,
        0.3558,
        7.9424,
        1.9284,
        7.755,
        101.2925,
        32.8881,
        115.7356,
        4.6919,
        21.096,
        102.8167,
        18.9144,
        22.2965,
        12.8893,
        35.6844,
        10.0267,
        14.244,
        6.2531,
        61.21
    ],
    "m_a": [
        12.0,
        12.0,
        12.0,
        12.0,
        14.00307,
        12.0,
        15.99491,
        1.00783,
        1.00783,
        1.00783,
        1.00783,
        1.00783
    ],
    "mr": [
        3.9064,
        1.1019,
        4.0808,
        3.3144,
        3.589,
        7.6747,
        7.8264,
        2.1357,
        1.6369,
        7.2672,
        1.3855,
        1.4212,
        1.3587,
        3.8524,
        2.5336,
        1.4171,
        1.5309,
        1.4027,
        3.8228,
        3.0473,
        1.2261,
        2.4081,
        2.2887,
        5.5737,
        5.691,
        1.0895,
        1.0889,
        1.0907,
        1.0962,
        1.0659
    ],
    "mu": 1.3052350746129986,
    "mu_x": 1.1236,
    "mu_xx=": 2.5509,
    "mu_xxx=": 9.0731,
    "mu_xxy=": -7.2452,
    "mu_xxz=": -0.0026,
    "mu_xy=": -7.786,
    "mu_xyy=": 12.7166,
    "mu_xyz=": 0.0002,
    "mu_xz=": 0.0001,
    "mu_xzz=": 4.347,
    "mu_y": 0.6642,
    "mu_yy=": 0.6055,
    "mu_yyy=": 8.8931,
    "mu_yyz=": 0.0014,
    "mu_yz=": 0.0002,
    "mu_yzz=": -1.1619,
    "mu_z": 0.0,
    "mu_zz=": -3.1564,
    "mu_zzz=": -0.0008,
    "na": 12,
    "ne": 50,
    "ne_down": 25,
    "ne_up": 25,
    "ni": 7,
    "oemga": [
        228.6304,
        362.6926,
        399.6369,
        426.1108,
        522.4034,
        554.1384,
        635.6256,
        726.7744,
        824.7657,
        840.0487,
        906.0203,
        946.306,
        997.6732,
        1034.028,
        1064.7332,
        1133.2506,
        1189.9093,
        1228.3561,
        1286.99,
        1314.2391,
        1377.4124,
        1472.8285,
        1522.493,
        1621.666,
        1635.9248,
        3104.0821,
        3152.9135,
        3178.0402,
        3194.0196,
        3802.1626
    ],
    "oemga0": 3802.1626,
    "qa": [
        -0.086788,
        -0.136323,
        0.208504,
        -0.151949,
        -0.147785,
        -0.081486,
        -0.276985,
        0.121374,
        0.119638,
        0.104491,
        0.115857,
        0.211453
    ],
    "r2": 636.2592,