{
    "A": 6.42182,
    "B": 1.6429,
    "C": 1.30822,
    "Cv": "18.379",
    "G": -739.815088,
    "H": -739.779196,
    "P": 1.0,
    "S": 0.00012038235787351945,
    "T": 298.15,
    "U": -739.78014,
    "U0": -739.785362,
    "alpha": 41.45333333333333,
    "alpha_xx": 90.007,
    "alpha_xy": -4.369,
    "alpha_xz": 63.617,
    "alpha_yy": -0.001,
    "alpha_yz": 0.002,
    "alpha_zz": 34.354,
    "bo": [],
    "coords": [
        -2.196652,
        -0.023175,
        -5.5e-05,
        -0.454586,
        -0.036243,
        2e-06,
        0.249043,
        1.173428,
        3.6e-05,
        1.571122,
        1.177273,
        1e-05,
        2.223637,
        0.015981,
        -8.5e-05,
        1.504636,
        -1.096996,
        -0.000194,
        0.166866,
        -1.18479,
        -9.2e-05,
        -0.250386,
        2.132336,
        0.000161,
        2.059462,
        -2.026594,
        -5.8e-05
    ],
    "e ne": -2396.661320308,
    "e_disp": -0.0047434882999937145,
    "e_k": 736.9847335646,
    "e_nn": 325.9307960519,
    "et": [
        -739.839830534
    ],
    "fc": [
        0.1199,
        0.4723,
        0.3792,
        1.8837,
        0.7437,
        3.0173,
        3.3165,
        2.1161,
        0.7395,
        0.7968,
        5.6411,
        3.1702,
        2.6669,
        4.6315,
        8.1196,
        1.3381,
        2.3607,
        9.8989,
        9.1153,
        6.524,
        6.5777
    ],
    "id": "AG7_41358",
    "ir": [
        5.6963,
        0.6611,
        21.4011,
        9.2417,
        0.4628,
        1.1068,
        55.3041,
        1.6231,
        7.5042,
        0.1335,
        23.8227,
        35.4021,
        26.0671,
        61.892,
        81.3896,
        2.8417,
        4.4901,
        176.4418,
        20.8028,
        9.336,
        0.7075
    ],
    "m_a": [
        34.96885,
        12.0,
        12.0,
        14.00307,
        14.00307,
        12.0,
        14.00307,
        1.00783,
        1.00783
    ],
    "mr": [
        8.2762,
        8.5893,
        4.4066,
        17.9638,
        4.8759,
        11.4565,
        9.154,
        5.5635,
        1.4438,
        1.3684,
        9.4278,
        4.7394,
        3.3815,
        5.747,
        8.3907,
        1.2869,
        1.8827,
        7.1009,
        6.3052,
        1.0929,
        1.0938
    ],
    "mu": 1.314585128472097,
    "mu_x": -1.3086,
    "mu_xx=": -4.5174,
    "mu_xxx=": -31.8508,
    "mu_xxy=": -12.3156,
    "mu_xxz=": -0.0002,
    "mu_xy=": -6.2846,
    "mu_xyy=": -0.455,
    "mu_xyz=": -0.0005,
    "mu_xz=": -0.0001,
    "mu_xzz=": -1.5914,
    "mu_y": -0.1253,
    "mu_yy=": 2.344,
    "mu_yyy=": 0.6704,
    "mu_yyz=": 0.0008,
    "mu_yz=": 0.0,
    "mu_yzz=": -0.2537,
    "mu_z": 0.0001,
    "mu_zz=": 2.1734,
    "mu_zzz=": 0.0,
    "na": 9,
    "ne": 58,
    "ne_down": 29,
    "ne_up": 29,
    "ni": 7,
    "oemga": [
        156.8287,
        305.5049,
        382.1561,
        421.8748,
        508.7852,
        668.5896,
        784.1715,
        803.4623,
        932.3667,
        994.1195,
        1007.7449,
        1065.5059,
        1156.9633,
        1169.5401,
        1281.5704,
        1328.4152,
        1458.8359,
        1538.1979,
        1566.4328,
        3183.0397,
        3194.7647
    ],
    "oemga0": 3194.7647,
    "qa": [
        -0.060076,
        0.101556,
        -0.053301,
        -0.079476,
        -0.097624,
        0.03149,
        -0.135939,
        0.155562,
        0.137809
    ],
    "r2": 811.1163,
    "rn": [
        0.0,
        0.0,
        0.19,
        0.0,
        0.0,
        -0.3,
        0.0,
        0.0,
        -0.38,
        0.0,
        0.0,
        0.08,
        0.0,
        0.0,
        0.41,
        0.0,
        0.0,
        -0.01,
        0.0,
        0.0,
        -0.32,
        0.0,
        0.0,
        -0.68,
        0.0,
        0.0,
        -0.01,
        0.05,
        0.25,
        0.0,
        0.03,
        -0.35,
        0.0,
        -0.19,
        -0.25,
        0.0,
        -0.24,
        0.05,
        0.0,
        -0.05,
        0.14,
        0.0,
        0.17,
        0.01,
        0.0,
        0.14,
        -0.3,
        0.0,
        -0.44,
        -0.38,
        0.0,
        0.37,
        0.13,
        0.0,
        0.0,
        0.0,
        0.02,
        0.0,
        0.0,
        0.0,
        0.0,
        0.0,
        0.23,
        0.0,
        0.0,
        -0.27,
        0.0,
        0.0,
        0.05,
        0.0,
        0.0,
        0.24,
        0.0,
        0.0,
        -0.3,
        0.0,
        0.0,
        0.47,
        0.0,
        0.0,
        0.71,
        0.56,
        -0.05,
        0.0,
        0.02,
        0.1,
        0.0,
        -0.16,
        0.14,
        0.0,
        -0.21,
        0.09,
        0.0,
        -0.41,
        -0.03,
        0.0,
        -0.37,
        -0.06,
        0.0,
        -0.3,
        -0.08,
        0.0,
        -0.27,
        0.09,
        0.0,
        -0.31,
        -0.02,
        0.0,
        0.0,
        0.0,
        -0.05,
        0.0,
        0.0,
        0.44,
        0.0,
        0.0,
        -0.01,
        0.0,
        0.0,
        -0.2,
        0.0,
        0.0,
        0.24,
        0.0,
        0.0,
        -0.17,
        0.0,
        0.0,
        -0.07,
        0.0,
        0.0,
        -0.52,
        0.0,
        0.0,
        -0.63,
        -0.07,
        -0.03,
        0.0,
        0.08,
        -0.17,
        0.0,
        0.35,
        -0.09,
        0.0,
        0.37,
        0.41,
        0.0,
        -0.07,
        0.14,
        0.0,
        -0.23,
        0.17,
        0.0,
        -0.3,
        -0.4,
        0.0,
        0.05,
        -0.26,
        0.0,
        -0.01,
        0.31,
        0.0,
        -0.11,
        0.0,
        0.0,
        0.39,
        0.04,
        0.0,
        0.01,
        0.4,
        0.0,
        -0.02,
        0.17,
        0.0,
        -0.35,
        -0.1,
        0.0,
        0.14,
        -0.35,
        0.0,
        0.16,
        -0.15,
        0.0,
        -0.15,
        0.33,
        0.0,
        0.38,
        -0.23,
        0.0,
        0.0,
        0.0,
        -0.01,
        0.0,
        0.0,
        0.32,
        0.0,
        0.0,
        -0.21,
        0.0,
        0.0,
        0.25,
        0.0,
        0.0,
        -0.26,
        0.0,
        0.0,
        0.21,
        0.0,
        0.0,
        -0.24,
        0.0,
        0.0,
        -0.62,
        0.0,
        0.0,
        0.48,
        0.0,
        0.0,
        0.0,
        0.0,
        0.0,
        -0.08,
        0.0,
        0.0,
        0.16,
        0.0,
        0.0,
        -0.01,
        0.0,
        0.0,
        -0.04,
        0.0,
        0.0,
        0.07,
        0.0,
        0.0,
        -0.01,
        0.0,
        0.0,
        -0.92,
        0.0,
        0.0,
        -0.34,
        0.0,
        0.0,
        0.0,
        0.0,
        0.0,
        0.0,
        0.0,
        0.0,
        -0.06,
        0.0,
        0.0,
        -0.01,
        0.0,
        0.0,
        -0.02,
        0.0,
        0.0,
        0.17,
        0.0,
        0.0,
        -0.03,
        0.0,
        0.0,
        0.39,
        0.0,
        0.0,
        -0.9,
        0.02,
        0.0,
        0.0,
        -0.11,
        -0.1,
        0.0,
        -0.12,
        0.35,
        0.0,
        -0.18,
        0.24,
        0.0,
        0.49,
        -0.23,
        0.0,
        0.17,
        -0.06,
        0.0,
        -0.28,
        -0.17,
        0.0,
        -0.3,
        0.3,
        0.0,
        -0.22,
        -0.31,
        0.0,
        0.01,
        0.0,
        0.0,
        -0.08,
        -0.11,
        0.0,
        0.04,
        -0.19,
        0.0,
        0.03,
        0.32,
        0.0,
        -0.07,
        -0.19,
        0.0,
        0.05,
        -0.12,
        0.0,
        0.05,
        0.28,
        0.0,
        -0.52,
        -0.49,
        0.0,
        -0.29,
        -0.33,
        0.0,
        -0.01,
