{
    "A": 6.29037,
    "B": 6.01842,
    "C": 3.0757,
    "Cv": "15.487",
    "G": -264.18045,
    "H": -264.147902,
    "P": 1.0,
    "S": 0.00010916652691604825,
    "T": 298.15,
    "U": -264.148847,
    "U0": -264.153073,
    "alpha": 32.645,
    "alpha_xx": 67.762,
    "alpha_xy": 0.001,
    "alpha_xz": 62.176,
    "alpha_yy": 0.0,
    "alpha_yz": 0.0,
    "alpha_zz": 30.173,
    "bo": [],
    "coords": [
        0.696288,
        0.803838,
        0.028259,
        -0.680712,
        0.817301,
        -0.021186,
        -1.322204,
        -0.418575,
        -0.049238,
        -0.679327,
        -1.583306,
        -0.030818,
        0.648778,
        -1.596285,
        0.016892,
        1.313915,
        -0.444332,
        0.045488,
        1.281506,
        1.713205,
        0.052905,
        -1.248357,
        1.737916,
        -0.03787,
        -2.402251,
        -0.491472,
        -0.088397,
        2.392361,
        -0.538291,
        0.083966
    ],
    "e ne": -1031.583184877,
    "e_disp": -0.0039741164000020035,
    "e_k": 262.6278050342,
    "e_nn": 208.5243942352,
    "et": [
        -264.229058653
    ],
    "fc": [
        0.2478,
        0.3465,
        1.8646,
        1.8839,
        0.3919,
        1.8957,
        0.6699,
        0.8242,
        4.1755,
        0.838,
        4.438,
        1.3324,
        1.6536,
        2.367,
        1.1252,
        1.4298,
        2.2567,
        2.5886,
        7.0908,
        7.5009,
        6.4005,
        6.4306,
        6.5073,
        6.6055
    ],
    "id": "AG7_22767",
    "ir": [
        8.865,
        0.0,
        0.0868,
        3.3623,
        40.3279,
        0.0,
        0.0,
        0.0229,
        7.699,
        0.0,
        1.0663,
        1.7211,
        11.71,
        0.0141,
        0.0011,
        2.6696,
        17.5806,
        1.1837,
        3.9193,
        5.6135,
        9.4788,
        0.3455,
        19.1924,
        8.3182
    ],
    "m_a": [
        12.0,
        12.0,
        12.0,
        14.00307,
        14.00307,
        12.0,
        1.00783,
        1.00783,
        1.00783,
        1.00783
    ],
    "mr": [
        2.9636,
        4.1026,
        7.823,
        6.8837,
        1.1351,
        5.2485,
        1.2608,
        1.4257,
        6.9658,
        1.3407,
        6.6865,
        1.9078,
        2.3586,
        2.9008,
        1.3637,
        1.4033,
        1.8354,
        2.0053,
        4.6701,
        4.9092,
        1.088,
        1.0901,
        1.0926,
        1.0994
    ],
    "mu": 4.102300121882844,
    "mu_x": -0.001,
    "mu_xx=": 4.7602,
    "mu_xxx=": -0.0035,
    "mu_xxy=": 4.6463,
    "mu_xxz=": 0.0003,
    "mu_xy=": 0.0019,
    "mu_xyy=": -0.0023,
    "mu_xyz=": -0.0003,
    "mu_xz=": 0.0001,
    "mu_xzz=": 0.0005,
    "mu_y": 4.1023,
    "mu_yy=": -3.3467,
    "mu_yyy=": 17.7858,
    "mu_yyz=": -0.0001,
    "mu_yz=": -0.0002,
    "mu_yzz=": -1.9705,
    "mu_z": 0.0,
    "mu_zz=": -1.4135,
    "mu_zzz=": 0.0,
    "na": 10,
    "ne": 42,
    "ne_down": 21,
    "ne_up": 21,
    "ni": 6,
    "oemga": [
        376.7174,
        378.6313,
        636.0293,
        681.546,
        765.4726,
        782.9592,
        949.6496,
        990.5365,
        1008.6612,
        1029.9786,
        1061.3783,
        1088.7403,
        1090.825,
        1176.8366,
        1183.4121,
        1315.0227,
        1444.5922,
        1480.1852,
        1605.3126,
        1610.3699,
        3159.803,
        3164.1839,
        3179.4272,
        3193.4101
    ],
    "oemga0": 3193.4101,
    "qa": [
        -0.097307,
        -0.097312,
        -0.065396,
        -0.096339,
        -0.096336,
        -0.065396,
        0.127993,
        0.127995,
        0.13105,
        0.131048
    ],
    "r2": 412.428,
    "rn": [
        0.0,
        0.0,
        0.1,
        0.0,
        0.0,
        0.1,
        0.0,
        0.0,
        -0.24,
        0.0,
        0.0,
        0.14,
        0.0,
        0.0,
        0.14,
        0.0,
        0.0,
        -0.24,
        0.0,
        0.0,
        0.3,
        0.0,
        0.0,
        0.3,
        0.0,
        0.0,
        -0.57,
        0.0,
        0.0,
        -0.57,
        0.0,
        0.0,
        0.26,
        0.0,
        0.0,
        -0.26,
        0.0,
        0.0,
        0.02,
        0.0,
        0.0,
        0.24,
        0.0,
        0.0,
        -0.24,
        0.0,
        0.0,
        -0.02,
        0.0,
        0.0,
        0.59,
        0.0,
        0.0,
        -0.59,
        0.0,
        0.0,
        0.15,
        0.0,
        0.0,
        -0.15,
        0.26,
        0.28,
        0.0,
        0.26,
        -0.28,
        0.0,
        -0.01,
        -0.18,
        0.0,
        -0.22,
        -0.25,
        0.0,
        -0.22,
        0.25,
        0.0,
        -0.01,
        0.18,
        0.0,
        0.06,
        0.4,
        0.0,
        0.06,
        -0.4,
        0.0,
        -0.04,
        0.2,
        0.0,
        -0.04,
        -0.2,
        0.0,
        -0.03,
        0.26,
        0.0,
        0.03,
        0.26,
        0.0,
        0.37,
        0.0,
        0.0,
        0.01,
        -0.23,
        0.0,
        -0.01,
        -0.23,
        0.0,
        -0.37,
        0.0,
        0.0,
        0.31,
        0.04,
        0.0,
        -0.31,
        0.04,
        0.0,
        0.36,
        0.1,
        0.0,
        -0.36,
        0.1,
        0.0,
        0.0,
        0.0,
        0.07,
        0.0,
        0.0,
        0.07,
        0.0,
        0.0,
        0.04,
        0.0,
        0.0,
        -0.02,
        0.0,
        0.0,
        -0.02,
        0.0,
        0.0,
        0.04,
        0.0,
        0.0,
        -0.58,
        0.0,
        0.0,
        -0.58,
        0.0,
        0.0,
        -0.4,
        0.0,
        0.0,
        -0.4,
        0.0,
        0.0,
        -0.21,
        0.0,
        0.0,
        0.21,
        0.0,
        0.0,
        -0.23,
        0.0,
        0.0,
        0.29,
        0.0,
        0.0,
        -0.29,
        0.0,
        0.0,
        0.23,
        0.0,
        0.0,
        -0.33,
        0.0,
        0.0,
        0.33,
        0.0,
        0.0,
        -0.46,
        0.0,
        0.0,
        0.46,
        0.0,
        0.0,
        -0.05,
        0.0,
        0.0,
        0.05,
        0.0,
        0.0,
        0.09,
        0.0,
        0.0,
        0.0,
        0.0,
        0.0,
        0.0,
        0.0,
        0.0,
        -0.09,
        0.0,
        0.0,
        0.39,
        0.0,
        0.0,
        -0.39,
        0.0,
        0.0,
        -0.58,
        0.0,
        0.0,
        0.58,
        0.0,
        0.0,
        -0.08,
        0.0,
        0.0,
        -0.08,
        0.0,
        0.0,
        0.11,
        0.0,
        0.0,
        -0.02,
        0.0,
        0.0,
        -0.02,
        0.0,
        0.0,
        0.11,
        0.0,
        0.0,
        0.38,
        0.0,
        0.0,
        0.38,
        0.0,
        0.0,
        -0.58,
        0.0,
        0.0,
        -0.58,
        -0.03,
        -0.22,
        0.0,
        0.03,
        -0.22,
        0.0,
        0.27,
        0.03,
        0.0,
        0.29,
        0.2,
        0.0,
        -0.29,
        0.2,
        0.0,
        -0.27,
        0.03,
        0.0,
        0.12,
        -0.35,
        0.0,
        -0.12,
        -0.35,
        0.0,
        0.31,
        -0.14,
        0.0,
        -0.31,
        -0.14,
        0.0,
        0.0,
        0.0,
        -0.11,
        0.0,
        0.0,
        0.11,
        0.0,
        0.0,
        -0.06,
        0.0,
        0.0,
        -0.01,
        0.0,
        0.0,
        0.01,
        0.0,
        0.0,
        0.06,
        0.0,
        0.0,
        0.58,
        0.0,
        0.0,
        -0.58,
        0.0,
        0.0,
        0.39,
        0.0,
        0.0,
        -0.39,
        0.1,
        0.28,
        0.0,
        0.1,
        -0.28,
        0.0,
        -0.17,
        0.0,
        0.0,
        0.09,
