{
    "A": 5.89472,
    "B": 0.74577,
    "C": 0.66201,
    "Cv": "20.620",
    "G": -543.27887,
    "H": -543.240456,
    "P": 1.0,
    "S": 0.00012884118732178046,
    "T": 298.15,
    "U": -543.241401,
    "U0": -543.247162,
    "alpha": 62.614666666666665,
    "alpha_xx": 136.083,
    "alpha_xy": 2.914,
    "alpha_xz": 86.502,
    "alpha_yy": 0.0,
    "alpha_yz": 0.0,
    "alpha_zz": 51.761,
    "bo": [],
    "coords": [
        -1.030509,
        0.859135,
        0.136537,
        0.33858,
        1.094664,
        0.125711,
        1.184628,
        0.006586,
        -0.033797,
        0.641534,
        -1.267521,
        -0.175758,
        -0.671565,
        -1.489638,
        -0.164889,
        -1.485594,
        -0.445064,
        -0.01171,
        3.287374,
        0.265199,
        -0.063217,
        -1.729999,
        1.675261,
        0.258116,
        0.731195,
        2.095199,
        0.238171,
        1.282057,
        -2.131836,
        -0.301575,
        -2.547702,
        -0.661985,
        -0.007589
    ],
    "e ne": -1910.97760754,
    "e_k": 356.7067760956,
    "e_nn": 355.7885245862,
    "et": [
        -543.325246848
    ],
    "fc": [
        0.0622,
        0.1466,
        0.4438,
        0.2886,
        0.5221,
        1.7955,
        2.163,
        0.69,
        0.5803,
        0.7175,
        0.7639,
        0.8476,
        4.3379,
        3.0209,
        1.4425,
        1.1594,
        1.3328,
        5.2677,
        1.3811,
        2.5694,
        2.5281,
        8.5966,
        7.8622,
        6.3756,
        6.4455,
        6.5089,
        6.6056
    ],
    "id": "AG7_11492",
    "ir": [
        0.0536,
        0.5377,
        0.5509,
        3.0544,
        0.2386,
        6.7242,
        13.7118,
        26.7052,
        20.7884,
        0.3693,
        0.3032,
        0.0182,
        63.8219,
        0.6625,
        22.346,
        4.5564,
        1.537,
        0.1514,
        6.9286,
        26.3326,
        20.7622,
        3.2936,
        10.9556,
        14.7696,
        4.0519,
        9.2152,
        5.35
    ],
    "m_a": [
        12.0,
        12.0,
        12.0,
        12.0,
        14.00307,
        12.0,
        126.9004,
        1.00783,
        1.00783,
        1.00783,
        1.00783
    ],
    "mr": [
        4.5384,
        5.4391,
        10.4941,
        2.9737,
        4.3015,
        7.8729,
        7.4185,
        2.2357,
        1.4977,
        1.3517,
        1.3722,
        1.4097,
        7.0988,
        4.5969,
        2.0303,
        1.5184,
        1.516,
        5.5872,
        1.2682,
        2.0922,
        1.9215,
        5.751,
        5.1966,
        1.0885,
        1.0919,
        1.091,
        1.0958
    ],
    "mu": 1.9454589021616469,
    "mu_x": 0.4415,
    "mu_xx=": 2.6386,
    "mu_xxx=": -70.2321,
    "mu_xxy=": 20.1225,
    "mu_xxz=": 0.0004,
    "mu_xy=": 6.5512,
    "mu_xyy=": -28.8765,
    "mu_xyz=": -0.0003,
    "mu_xz=": 0.0001,
    "mu_xzz=": -28.8979,
    "mu_y": 1.8947,
    "mu_yy=": 0.5127,
    "mu_yyy=": 8.6451,
    "mu_yyz=": 0.0,
    "mu_yz=": -0.0001,
    "mu_yzz=": -1.2031,
    "mu_z": 0.0,
    "mu_zz=": -3.1513,
    "mu_zzz=": 0.0,
    "na": 11,
    "ne": 66,
    "ne_down": 33,
    "ne_up": 33,
    "ni": 7,
    "oemga": [
        152.5446,
        213.8809,
        267.9178,
        405.8235,
        453.9022,
        622.1638,
        703.4721,
        723.7578,
        810.956,
        949.1467,
        972.0221,
        1010.1991,
        1018.4118,
        1056.1205,
        1098.1137,
        1138.3942,
        1221.5156,
        1264.9995,
        1359.5448,
        1443.746,
        1494.3405,
        1592.8201,
        1602.4667,
        3152.9319,
        3165.2336,
        3182.0599,
        3198.7191
    ],
    "oemga0": 3198.7191,
    "qa": [
        -0.081619,
        -0.125341,
        0.00361,
        -0.080995,
        -0.144509,
        -0.063987,
        -0.020586,
        0.125399,
        0.130496,
        0.133309,
        0.124222
    ],
    "r2": 1265.1506,