{
    "A": 6.1497,
    "B": 1.63946,
    "C": 1.29439,
    "Cv": "21.185",
    "G": -662.388828,
    "H": -662.352093,
    "P": 1.0,
    "S": 0.00012320979372806138,
    "T": 298.15,
    "U": -662.353038,
    "U0": -662.358821,
    "alpha": 48.818999999999996,
    "alpha_xx": 106.508,
    "alpha_xy": -0.744,
    "alpha_xz": 77.592,
    "alpha_yy": 0.0,
    "alpha_yz": -0.001,
    "alpha_zz": 39.949,
    "bo": [],
    "coords": [
        -0.045012,
        -1.132787,
        -0.225092,
        -1.374984,
        -0.788519,
        -0.074307,
        -1.775557,
        0.457548,
        0.20124,
        -0.803997,
        1.355518,
        0.322443,
        0.507269,
        1.145729,
        0.199557,
        0.88471,
        -0.101152,
        -0.074614,
        2.612138,
        -0.447387,
        -0.250716,
        0.255879,
        -2.146549,
        -0.447498,
        -2.153343,
        -1.536592,
        -0.177443,
        -1.103665,
        2.373313,
        0.545907,
        2.996562,
        0.820879,
        -0.019477
    ],
    "e ne": -2215.270666482,
    "e_disp": -0.005960892500013415,
    "e_k": 659.7163586184,
    "e_nn": 327.1350467429,
    "et": [
        -662.434737687
    ],
    "fc": [
        0.1391,
        0.245,
        0.054,
        0.2527,
        1.3259,
        0.5541,
        2.2654,
        2.5577,
        1.7239,
        0.5669,
        0.5515,
        0.8097,
        5.7185,
        0.9045,
        1.2431,
        5.0196,
        1.6829,
        6.2757,
        1.8937,
        1.9144,
        2.4929,
        9.4348,
        7.6807,
        4.398,
        6.3655,
        6.4161,
        6.5848
    ],
    "id": "AG7_22386",
    "ir": [
        0.7483,
        2.9942,
        19.4876,
        2.5944,
        0.2222,
        10.1097,
        11.9961,
        42.4041,
        9.553,
        15.7163,
        12.2593,
        0.0514,
        12.8481,
        0.0255,
        2.1001,
        51.2286,
        3.9482,
        5.3147,
        35.2522,
        58.5045,
        59.503,
        63.8416,
        246.3161,
        2.2646,
        19.8392,
        18.7772,
        3.5772
    ],
    "m_a": [
        12.0,
        12.0,
        14.00307,
        12.0,
        14.00307,
        12.0,
        31.97207,
        1.00783,
        1.00783,
        1.00783,
        1.00783
    ],
    "mr": [
        8.6343,
        5.2143,
        1.0485,
        3.0233,
        12.8558,
        3.4955,
        8.3065,
        7.736,
        4.7496,
        1.3423,
        1.1422,
        1.4079,
        9.6974,
        1.4647,
        1.7346,
        6.2627,
        1.9798,
        7.0341,
        1.8216,
        1.6259,
        1.9227,
        6.4464,
        5.0801,
        1.0379,
        1.0899,
        1.0921,
        1.0945
    ],
    "mu": 1.321158783038587,
    "mu_x": 0.822,
    "mu_xx=": -3.0227,
    "mu_xxx=": 25.0056,
    "mu_xxy=": -6.5542,
    "mu_xxz=": 0.0036,
    "mu_xy=": -2.1796,
    "mu_xyy=": -6.024,
    "mu_xyz=": -0.0054,
    "mu_xz=": 0.001,
    "mu_xzz=": -1.5768,
    "mu_y": 1.0343,
    "mu_yy=": 4.9209,
    "mu_yyy=": 4.8684,
    "mu_yyz=": 0.0005,
    "mu_yz=": -0.0007,
    "mu_yzz=": -1.5227,
    "mu_z": 0.0002,
    "mu_zz=": -1.8981,
    "mu_zzz=": 0.0004,
    "na": 11,
    "ne": 58,
    "ne_down": 29,
    "ne_up": 29,
    "ni": 7,
    "oemga": [
        165.3591,
        282.3898,
        295.5596,
        376.6687,
        418.3947,
        518.7021,
        680.356,
        749.1073,
        784.8851,
        846.6367,
        905.2477,
        987.9956,
        1000.4372,
        1023.7783,
        1102.8587,
        1166.3516,
        1201.1389,
        1230.555,
        1328.342,
        1413.6369,
        1483.4202,
        1576.1007,
        1601.9216,
        2681.7576,
        3148.4918,
        3157.7926,
        3195.5522
    ],
    "oemga0": 3195.5522,
    "qa": [
        -0.127499,
        -0.040582,
        -0.18185,
        0.040955,
        -0.201761,
        0.090237,
        -0.068115,
        0.126184,
        0.133143,
        0.117792,
        0.111495
    ],
    "r2": 856.0137,