{
    "A": 6.13697,
    "B": 2.7046,
    "C": 1.89928,
    "Cv": "19.095",
    "G": -319.490067,
    "H": -319.455014,
    "P": 1.0,
    "S": 0.00011756833808487301,
    "T": 298.15,
    "U": -319.455958,
    "U0": -319.461133,
    "alpha": 39.81466666666666,
    "alpha_xx": 81.166,
    "alpha_xy": 0.976,
    "alpha_xz": 67.568,
    "alpha_yy": 0.003,
    "alpha_yz": 0.0,
    "alpha_zz": 38.275,
    "bo": [],
    "coords": [
        -1.858158,
        -0.059852,
        0.076789,
        -0.388523,
        0.21697,
        -0.01352,
        0.577288,
        -0.77677,
        0.080675,
        1.884915,
        -0.358462,
        -0.023285,
        2.20961,
        0.926021,
        -0.20365,
        1.252523,
        1.826495,
        -0.285621,
        -0.022611,
        1.493907,
        -0.194142,
        -2.171313,
        -0.748801,
        -0.710311,
        -2.106821,
        -0.524142,
        1.033179,
        -2.415244,
        0.868289,
        -0.022276,
        0.31884,
        -1.817328,
        0.22682,
        2.719494,
        -1.046327,
        0.035344
    ],
    "e ne": -1298.930613374,
    "e_disp": -0.005814607299953423,
    "e_k": 317.6164408589,
    "e_nn": 277.7083516598,
    "et": [
        -319.551465275
    ],
    "fc": [
        0.0014,
        0.0739,
        0.2849,
        0.1977,
        0.4527,
        1.0101,
        2.4337,
        1.8538,
        2.3469,
        0.5585,
        1.9471,
        2.0073,
        0.8436,
        2.1405,
        1.0891,
        1.467,
        1.8614,
        2.4127,
        3.398,
        1.4989,
        2.7264,
        1.4824,
        1.3561,
        5.7675,
        8.6196,
        5.6223,
        6.1553,
        6.3698,
        6.4176,
        6.5463
    ],
    "id": "AG7_39250",
    "ir": [
        0.0045,
        0.0409,
        0.9394,
        2.5301,
        1.0912,
        3.7996,
        2.2275,
        1.7442,
        4.9698,
        10.0803,
        5.2784,
        6.2357,
        0.0475,
        10.7703,
        5.1341,
        1.5227,
        1.2486,
        0.881,
        4.6766,
        3.1883,
        25.0842,
        7.8325,
        7.3427,
        1.1677,
        96.4521,
        7.2148,
        8.6433,
        4.296,
        6.3202,
        10.7275
    ],
    "m_a": [
        12.0,
        12.0,
        12.0,
        12.0,
        14.00307,
        14.00307,
        14.00307,
        1.00783,
        1.00783,
        1.00783,
        1.00783,
        1.00783
    ],
    "mr": [
        1.0478,
        3.9593,
        4.1667,
        2.7119,
        3.3039,
        5.5585,
        8.5933,
        4.8358,
        5.6362,
        1.2812,
        3.5299,
        3.2864,
        1.3771,
        3.4334,
        1.6327,
        2.0358,
        2.314,
        2.5517,
        3.2496,
        1.2763,
        2.2924,
        1.151,
        1.0433,
        3.9596,
        5.6524,
        1.0382,
        1.0998,
        1.1001,
        1.089,
        1.0973
    ],
    "mu": 5.117623023435783,
    "mu_x": -2.865,
    "mu_xx=": -0.3154,
    "mu_xxx=": -18.7323,
    "mu_xxy=": 7.8299,
    "mu_xxz=": -0.0012,
    "mu_xy=": 2.959,
    "mu_xyy=": 0.508,
    "mu_xyz=": 0.0033,
    "mu_xz=": -0.0018,
    "mu_xzz=": -0.3549,
    "mu_y": 4.2405,
    "mu_yy=": -0.5329,
    "mu_yyy=": 15.6042,
    "mu_yyz=": -0.0025,
    "mu_yz=": -0.0007,
    "mu_yzz=": -1.3161,
    "mu_z": 0.0004,
    "mu_zz=": 0.8483,
    "mu_zzz=": 0.0059,
    "na": 12,
    "ne": 50,
    "ne_down": 25,
    "ne_up": 25,
    "ni": 7,
    "oemga": [
        -48.139,
        177.9903,
        340.6724,
        351.7619,
        482.2557,
        555.3627,
        693.3113,
        806.631,
        840.6759,
        860.1497,
        967.5928,
        1018.1585,
        1019.6824,
        1028.6632,
        1064.0367,
        1105.9337,
        1168.4655,
        1266.8092,
        1332.2101,
        1411.8379,
        1420.7856,
        1478.4802,
        1485.2709,
        1572.3173,
        1608.7928,
        3031.8031,
        3082.0246,
        3134.817,
        3162.5769,
        3182.1424
    ],
    "oemga0": 3182.1424,
    "qa": [
        -0.283336,
        0.122667,
        -0.152518,
        -0.054037,
        -0.104963,
        -0.026089,
        -0.104412,
        0.106677,
        0.106627,
        0.1198,
        0.133794,
        0.135791
    ],
    "r2": 638.4737,