{
    "A": 6.0637,
    "B": 1.56535,
    "C": 1.24417,
    "Cv": "19.884",
    "G": -707.744965,
    "H": -707.708947,
    "P": 1.0,
    "S": 0.00012080496394436615,
    "T": 298.15,
    "U": -707.709891,
    "U0": -707.715245,
    "alpha": 45.025,
    "alpha_xx": 96.955,
    "alpha_xy": 0.0,
    "alpha_xz": 78.815,
    "alpha_yy": 0.0,
    "alpha_yz": 0.0,
    "alpha_zz": 38.12,
    "bo": [],
    "coords": [
        -2.243851,
        5e-06,
        0.0,
        -0.497227,
        2e-06,
        0.0,
        0.198734,
        -1.199027,
        0.0,
        1.587923,
        -1.1372,
        0.0,
        2.283319,
        -2e-06,
        -1e-06,
        1.587926,
        1.137198,
        -1e-06,
        0.198738,
        1.199029,
        -1e-06,
        -0.318514,
        -2.147074,
        1e-06,
        2.165498,
        -2.054946,
        0.0,
        2.165505,
        2.054942,
        -2e-06,
        -0.318507,
        2.147078,
        -1e-06
    ],
    "e ne": -2306.471635476,
    "e_disp": -0.0064468950000105,
    "e_k": 705.0820063852,
    "e_nn": 318.8589396172,
    "et": [
        -707.794321488
    ],
    "fc": [
        0.162,
        0.3247,
        0.2349,
        1.4003,
        0.5342,
        1.8817,
        2.3133,
        1.2107,
        0.5616,
        0.5596,
        0.7718,
        4.1886,
        0.8772,
        1.8101,
        1.1232,
        2.0764,
        1.1783,
        10.7943,
        1.4692,
        2.3201,
        2.738,
        7.5743,
        11.4235,
        6.3508,
        6.3867,
        6.6178,
        6.6273
    ],
    "id": "AG7_14263",
    "ir": [
        2.1961,
        1.3425,
        0.0,
        1.9026,
        18.0724,
        0.0047,
        56.2624,
        0.606,
        40.7178,
        0.0,
        0.4235,
        1.6732,
        0.0,
        10.5206,
        0.2952,
        30.5319,
        5.0973,
        0.1144,
        0.5711,
        20.4553,
        30.5783,
        117.875,
        26.7529,
        28.7533,
        6.1899,
        3.3821,
        0.0277
    ],
    "m_a": [
        34.96885,
        12.0,
        12.0,
        12.0,
        14.00307,
        12.0,
        12.0,
        1.00783,
        1.00783,
        1.00783,
        1.00783
    ],
    "mr": [
        7.8791,
        6.1004,
        2.5868,
        14.0485,
        3.499,
        6.9813,
        7.6668,
        3.6602,
        1.3719,
        1.2446,
        1.3478,
        6.9872,
        1.4629,
        2.5739,
        1.5452,
        2.816,
        1.2862,
        11.4007,
        1.364,
        1.9014,
        2.028,
        4.9972,
        7.5352,
        1.0882,
        1.0922,
        1.0932,
        1.0946
    ],
    "mu": 0.6155,
    "mu_x": 0.6155,
    "mu_xx=": -6.1731,
    "mu_xxx=": 29.6806,
    "mu_xxy=": 0.0,
    "mu_xxz=": 0.0,
    "mu_xy=": 0.0,
    "mu_xyy=": -4.6457,
    "mu_xyz=": 0.0,
    "mu_xz=": 0.0,
    "mu_xzz=": 3.8393,
    "mu_y": 0.0,
    "mu_yy=": 7.5138,
    "mu_yyy=": 0.0,
    "mu_yyz=": 0.0,
    "mu_yz=": 0.0,
    "mu_yzz=": 0.0,
    "mu_z": 0.0,
    "mu_zz=": -1.3407,
    "mu_zzz=": 0.0,
    "na": 11,
    "ne": 58,
    "ne_down": 29,
    "ne_up": 29,
    "ni": 7,
    "oemga": [
        186.7859,
        300.5481,
        392.6272,
        411.3186,
        509.0359,
        676.3712,
        715.6281,
        749.2636,
        833.5591,
        873.5515,
        985.8923,
        1008.6937,
        1008.839,
        1092.538,
        1110.7024,
        1118.7094,
        1246.9583,
        1267.6697,
        1352.0963,
        1439.1081,
        1513.7595,
        1603.923,
        1604.0869,
        3147.265,
        3150.4406,
        3205.3676,
        3205.6409
    ],
    "oemga0": 3205.6409,
    "qa": [
        -0.10611,
        0.063624,
        -0.10304,
        -0.058684,
        -0.156947,
        -0.058684,
        -0.10304,
        0.136974,
        0.124467,
        0.124467,
        0.136974
    ],
    "r2": 871.8643,
    "rn": [
        0.0,
        0.0,
        0.19,
        0.0,
        0.0,
        -0.33,
        0.0,
        0.0,
        -0.35,
        0.0,
        0.0,
        0.05,
        0.0,
        0.0,
        0.37,
        0.0,
        0.0,
        0.05,
        0.0,
        0.0,
        -0.35,
        0.0,
        0.0,
        -0.44,
        0.0,
        0.0,
        0.2,
        0.0,
        0.0,
        0.2,
        0.0,
        0.0,
        -0.44,
        0.0,
        0.22,
        0.0,
        0.0,
        -0.3,
        0.0,
        -0.14,
        -0.24,
        0.0,
        -0.16,
        0.02,
        0.0,
        0.0,
        0.12,
        0.0,
        0.16,
        0.02,
        0.0,
        0.14,
        -0.24,
        0.0,
        -0.31,
        -0.33,
        0.0,
        -0.32,
        0.11,
        0.0,
        0.32,
        0.11,
        0.0,
        0.31,
        -0.33,
        0.0,
        0.0,
        0.0,
        0.0,
        0.0,
        0.0,
        0.0,
        0.0,
        0.0,
        0.19,
        0.0,
        0.0,
        -0.19,
        0.0,
        0.0,
        0.0,
        0.0,
        0.0,
        0.19,
        0.0,
        0.0,
        -0.19,
        0.0,
        0.0,
        0.4,
        0.0,
        0.0,
        -0.52,
        0.0,
        0.0,
        0.52,
        0.0,
        0.0,
        -0.4,
        0.48,
        0.0,
        0.0,
        0.09,
        0.0,
        0.0,
        -0.19,
        0.11,
        0.0,
        -0.26,
        0.09,
        0.0,
        -0.42,
        0.0,
        0.0,
        -0.26,
        -0.09,
        0.0,
        -0.19,
        -0.11,
        0.0,
        -0.38,
        0.0,
        0.0,
        -0.14,
        0.01,
        0.0,
        -0.14,
        -0.01,
        0.0,
        -0.38,
        0.0,
        0.0,
        0.0,
        0.0,
        -0.03,
        0.0,
        0.0,
        0.36,
        0.0,
        0.0,
        -0.06,
        0.0,
        0.0,
        -0.13,
        0.0,
        0.0,
        0.21,
        0.0,
        0.0,
        -0.13,
        0.0,
        0.0,
        -0.06,
        0.0,
        0.0,
        -0.43,
        0.0,
        0.0,
        -0.46,
        0.0,
        0.0,
        -0.46,
        0.0,
        0.0,
        -0.43,
        0.0,
        -0.02,
        0.0,
        0.0,
        -0.15,
        0.0,
        0.27,
        -0.21,
        0.0,
        0.27,
        0.25,
        0.0,
        0.0,
        0.13,
        0.0,
        -0.27,
        0.25,
        0.0,
        -0.27,
        -0.21,
        0.0,
        0.1,
        -0.3,
        0.0,
        0.22,
        0.28,
        0.0,
        -0.22,
        0.28,
        0.0,
        -0.1,
        -0.3,
        0.0,
        -0.14,
        0.0,
        0.0,
        0.35,
        0.0,
        0.0,
        0.11,
        0.26,
        0.0,
        0.1,
        0.24,
        0.0,
        -0.33,
        0.0,
        0.0,
        0.1,
        -0.24,
        0.0,
        0.11,
        -0.26,
        0.0,
        -0.14,
        0.13,
        0.0,
        0.43,
        0.03,
        0.0,
        0.43,
        -0.03,
        0.0,
        -0.14,
        -0.13,
        0.0,
        0.0,
        0.0,
        0.0,
        0.0,
        0.0,
        -0.23,
        0.0,
        0.0,
        0.16,
        0.0,
        0.0,
        -0.19,
        0.0,
        0.0,
        0.23,
        0.0,
        0.0,
        -0.19,
        0.0,
        0.0,
        0.16,
        0.0,
        0.0,
        0.49,
        0.0,
        0.0,
        -0.38,
        0.0,
        0.0,
        -0.38,
        0.0,
        0.0,
        0.49,
        0.0,
        0.0,
        0.01,
        0.0,
        0.0,
        -0.1,
        0.0,
        0.0,
        0.08,
        0.0,
        0.0,
        0.06,
        0.0,
        0.0,
        -0.04,
        0.0,
        0.0,
        0.06,
        0.0,
        0.0,
        0.08,
        0.0,
        0.0,
        -0.54,
        0.0,
        0.0,
        -0.44,
        0.0,
        0.0,
        -0.44,
        0.0,
