{
    "A": 5.89178,
    "B": 0.9959,
    "C": 0.8519,
    "Cv": "20.365",
    "G": -2821.665936,
    "H": -2821.628546,
    "P": 1.0,
    "S": 0.00012540667449256884,
    "T": 298.15,
    "U": -2821.62949,
    "U0": -2821.635088,
    "alpha": 52.50133333333333,
    "alpha_xx": 115.603,
    "alpha_xy": 2.819,
    "alpha_xz": 78.4,
    "alpha_yy": 0.0,
    "alpha_yz": 0.0,
    "alpha_zz": 41.901,
    "bo": [],
    "coords": [
        1.019594,
        0.094662,
        0.248531,
        2.92273,
        0.063111,
        0.097144,
        3.631037,
        1.259856,
        0.065395,
        4.957496,
        1.298729,
        -0.038876,
        5.616784,
        0.142306,
        -0.114629,
        4.987204,
        -1.096285,
        -0.089971,
        3.603383,
        -1.141719,
        0.018698,
        3.111491,
        2.208293,
        0.125862,
        6.695284,
        0.21048,
        -0.1987,
        5.565446,
        -2.008122,
        -0.154317,
        3.071351,
        -2.082011,
        0.041662
    ],
    "e ne": -7596.163232654,
    "e_disp": -0.006952840199971888,
    "e_k": 2816.697004906,
    "e_nn": 434.6142892643,
    "et": [
        -2821.7135815
    ],
    "fc": [
        0.0754,
        0.2106,
        0.6996,
        0.3021,
        0.5331,
        1.8096,
        2.2627,
        0.6897,
        0.5854,
        0.7132,
        0.77,
        0.8437,
        3.9759,
        2.8637,
        1.5551,
        1.1687,
        1.3489,
        4.8155,
        1.3781,
        2.6318,
        2.5789,
        8.491,
        8.0965,
        6.3741,
        6.4473,
        6.5122,
        6.6121
    ],
    "id": "AG7_11491",
    "ir": [
        0.0001,
        0.5818,
        2.8507,
        2.9593,
        0.2728,
        6.4431,
        14.1369,
        27.952,
        22.6988,
        0.5232,
        0.696,
        0.0343,
        52.9188,
        0.4912,
        33.5959,
        5.0302,
        1.5535,
        0.2136,
        4.8716,
        28.8757,
        24.592,
        3.5696,
        10.1758,
        14.0261,
        4.9656,
        9.4229,
        3.6146
    ],
    "m_a": [
        78.91834,
        12.0,
        12.0,
        14.00307,
        12.0,
        12.0,
        12.0,
        1.00783,
        1.00783,
        1.00783,
        1.00783
    ],
    "mr": [
        4.5353,
        5.7399,
        11.7028,
        3.0363,
        4.2082,
        7.8851,
        7.522,
        2.2365,
        1.4995,
        1.3513,
        1.3847,
        1.4043,
        6.4299,
        4.336,
        2.1577,
        1.5167,
        1.5262,
        5.0677,
        1.2617,
        2.1313,
        1.9517,
        5.6368,
        5.3214,
        1.0888,
        1.0922,
        1.0915,
        1.0958
    ],
    "mu": 2.02054488938009,
    "mu_x": 0.6442,
    "mu_xx=": 1.3922,
    "mu_xxx=": -46.7841,
    "mu_xxy=": 14.5984,
    "mu_xxz=": 0.0002,
    "mu_xy=": 5.6734,
    "mu_xyy=": -22.8983,
    "mu_xyz=": -0.0001,
    "mu_xz=": 0.0,
    "mu_xzz=": -21.1963,
    "mu_y": 1.9151,
    "mu_yy=": 1.1628,
    "mu_yyy=": 8.7393,
    "mu_yyz=": 0.0001,
    "mu_yz=": 0.0001,
    "mu_yzz=": -1.1886,
    "mu_z": 0.0,
    "mu_zz=": -2.555,
    "mu_zzz=": 0.0,
    "na": 11,
    "ne": 76,
    "ne_down": 38,
    "ne_up": 38,
    "ni": 7,
    "oemga": [
        167.9755,
        249.5273,
        318.5287,
        410.9652,
        463.6956,
        624.1076,
        714.534,
        723.4551,
        814.0095,
        946.4822,
        971.5306,
        1009.7716,
        1024.445,
        1058.7446,
        1106.0132,
        1143.6214,
        1224.8133,
        1269.9717,
        1361.5665,
        1447.6847,
        1497.5612,
        1598.9608,
        1606.9841,
        3152.1815,
        3165.2889,
        3182.229,
        3200.1659
    ],
    "oemga0": 3200.1659,
    "qa": [
        -0.0609,
        0.022785,
        -0.073945,
        -0.145703,
        -0.064853,
        -0.082231,
        -0.115486,
        0.136721,
        0.12447,
        0.125552,
        0.133589
    ],
    "r2": 1196.2159,