{
    "A": 6.48872,
    "B": 6.48859,
    "C": 3.24433,
    "Cv": "14.236",
    "G": -280.271363,
    "H": -280.238983,
    "P": 1.0,
    "S": 0.00010860305215491933,
    "T": 298.15,
    "U": -280.239928,
    "U0": -280.244041,
    "alpha": 28.40833333333333,
    "alpha_xx": 57.012,
    "alpha_xy": 0.0,
    "alpha_xz": 57.011,
    "alpha_yy": 0.0,
    "alpha_yz": 0.0,
    "alpha_zz": 28.213,
    "bo": [],
    "coords": [
        1.130552,
        -0.460366,
        0.414522,
        0.116297,
        -1.319584,
        0.335967,
        -1.020802,
        -0.785023,
        -0.104923,
        -1.197913,
        0.487803,
        -0.453747,
        -0.109757,
        1.24539,
        -0.330818,
        1.081617,
        0.831785,
        0.096594,
        2.079973,
        -0.846993,
        0.768574,
        -1.878044,
        -1.44426,
        -0.187144,
        -0.201924,
        2.291248,
        -0.602722
    ],
    "e ne": -1077.556718969,
    "e_disp": -0.0031359458000110862,
    "e_k": 278.6293838073,
    "e_nn": 212.3923459201,
    "et": [
        -280.309124094
    ],
    "fc": [
        0.2429,
        0.2433,
        2.5178,
        2.5183,
        0.6325,
        1.0802,
        8.2742,
        0.9661,
        0.9664,
        4.871,
        10.1658,
        1.91,
        1.9064,
        1.297,
        2.3629,
        2.3683,
        7.6421,
        7.6706,
        6.3972,
        6.3983,
        6.4607
    ],
    "id": "AG7_14547",
    "ir": [
        0.0,
        0.0,
        16.901,
        16.9261,
        32.4944,
        0.0098,
        0.0,
        0.0,
        0.0,
        0.0,
        0.0,
        0.8155,
        0.8544,
        0.0002,
        72.1256,
        71.7706,
        135.6302,
        136.0186,
        24.7261,
        24.7389,
        0.0362
    ],
    "m_a": [
        12.0,
        14.00307,
        12.0,
        14.00307,
        12.0,
        14.00307,
        1.00783,
        1.00783,
        1.00783
    ],
    "mr": [
        3.3347,
        3.3359,
        8.9185,
        8.9167,
        1.8592,
        2.0078,
        13.7801,
        1.4921,
        1.4918,
        6.1318,
        12.7096,
        2.2707,
        2.2637,
        1.1218,
        1.932,
        1.9347,
        5.1137,
        5.1306,
        1.0903,
        1.0903,
        1.0973
    ],
    "mu": 0.0001414213562373095,
    "mu_x": -0.0001,
    "mu_xx=": -0.3558,
    "mu_xxx=": -5.7947,
    "mu_xxy=": -14.2642,
    "mu_xxz=": 0.0003,
    "mu_xy=": 0.0,
    "mu_xyy=": 5.7942,
    "mu_xyz=": 0.0,
    "mu_xz=": -0.0001,
    "mu_xzz=": -0.0002,
    "mu_y": 0.0,
    "mu_yy=": -0.3562,
    "mu_yyy=": 14.264,
    "mu_yyz=": 0.0001,
    "mu_yz=": -0.0002,
    "mu_yzz=": 0.0001,
    "mu_z": 0.0001,
    "mu_zz=": 0.712,
    "mu_zzz=": 0.0,
    "na": 9,
    "ne": 42,
    "ne_down": 21,
    "ne_up": 21,
    "ni": 6,
    "oemga": [
        351.6381,
        351.7996,
        692.2058,
        692.3456,
        759.8455,
        955.5679,
        1009.5161,
        1048.3165,
        1048.5973,
        1161.161,
        1165.1446,
        1194.8601,
        1195.549,
        1400.8552,
        1440.781,
        1441.3832,
        1592.6208,
        1592.9693,
        3155.7079,
        3156.0131,
        3161.2056
    ],
    "oemga0": 3161.2056,
    "qa": [
        0.057633,
        -0.184573,
        0.057656,
        -0.184616,
        0.057676,
        -0.1846,
        0.12696,
        0.126931,
        0.126934
    ],
    "r2": 385.3122,
    "rn": [
        0.0,
        0.0,
        0.07,
        0.0,
        0.0,
        0.19,
        0.0,
        0.0,
        -0.22,
        0.0,
        0.0,
        0.08,
        0.0,
        0.0,
        0.15,
        0.0,
        0.0,
        -0.27,
        0.0,
        0.0,
        0.22,
        0.0,
        0.0,
        -0.72,
        0.0,
        0.0,
        0.49,
        0.0,
        0.0,
        0.22,
        0.0,
        0.0,
        -0.2,
        0.0,
        0.0,
        -0.05,
        0.0,
        0.0,
        0.26,
        0.0,
        0.0,
        -0.17,
        0.0,
        0.0,
        -0.06,
        0.0,
        0.0,
        0.7,
        0.0,
        0.0,
        -0.16,
        0.0,
        0.0,
        -0.54,
        0.12,
        0.33,
        0.0,
        0.38,
        -0.16,
        0.0,
        0.06,
        -0.14,
        0.0,
        -0.15,
        -0.38,
        0.0,
        -0.32,
        0.15,
        0.0,
        -0.08,
        0.19,
        0.0,
        -0.09,
        0.36,
        0.0,
        -0.1,
        0.24,
        0.0,
        -0.2,
        0.32,
        0.0,
        -0.1,
        0.21,
        0.0,
        -0.07,
        0.28,
        0.0,
        0.36,
        0.15,
        0.0,
        0.15,
        -0.25,
        0.0,
        0.08,
        -0.22,
        0.0,
        -0.43,
        -0.18,
        0.0,
        0.25,
        0.17,
        0.0,
        0.37,
        0.16,
        0.0,
        0.3,
        0.06,
        0.0,
        0.0,
        0.0,
        -0.09,
        0.0,
        0.0,
        0.12,
        0.0,
        0.0,
        -0.09,
        0.0,
        0.0,
        0.12,
        0.0,
        0.0,
        -0.09,
        0.0,
        0.0,
        0.12,
        0.0,
        0.0,
        -0.56,
        0.0,
        0.0,
        -0.56,
        0.0,
        0.0,
        -0.56,
        0.0,
        0.0,
        0.15,
        0.0,
        0.0,
        -0.09,
        0.0,
        0.0,
        0.15,
        0.0,
        0.0,
        -0.09,
        0.0,
        0.0,
        0.15,
        0.0,
        0.0,
        -0.09,
        0.0,
        0.0,
        -0.55,
        0.0,
        0.0,
        -0.55,
        0.0,
        0.0,
        -0.55,
        -0.01,
        -0.07,
        0.0,
        0.45,
        -0.35,
        0.0,
        0.06,
        0.03,
        0.0,
        0.07,
        0.56,
        0.0,
        -0.05,
        0.04,
        0.0,
        -0.53,
        -0.22,
        0.0,
        -0.01,
        -0.07,
        0.0,
        0.07,
        0.03,
        0.0,
        -0.06,
        0.04,
        0.0,
        0.0,
        0.0,
        -0.02,
        0.0,
        0.0,
        -0.03,
        0.0,
        0.0,
        0.15,
        0.0,
        0.0,
        0.0,
        0.0,
        0.0,
        -0.13,
        0.0,
        0.0,
        0.03,
        0.0,
        0.0,
        0.11,
        0.0,
        0.0,
        -0.74,
        0.0,
        0.0,
        0.63,
        0.0,
        0.0,
        -0.17,
        0.0,
        0.0,
        0.02,
        0.0,
        0.0,
        0.06,
        0.0,
        0.0,
        -0.03,
        0.0,
        0.0,
        0.1,
        0.0,
        0.0,
        0.01,
        0.0,
        0.0,
        0.79,
        0.0,
        0.0,
        -0.3,
        0.0,
        0.0,
        -0.49,
        0.05,
        0.39,
        0.0,
        0.03,
        -0.03,
        0.0,
        -0.36,
        -0.15,
        0.0,
        0.01,
        0.04,
        0.0,
        0.31,
        -0.24,
        0.0,
        -0.04,
        -0.02,
        0.0,
        0.06,
        0.42,
        0.0,
        -0.39,
        -0.16,
        0.0,
        0.34,
        -0.25,
        0.0,
        0.45,
        -0.05,
        0.0,
        -0.22,
        -0.29,
        0.0,
        -0.17,
        0.41,
        0.0,
        0.36,
        -0.04,
        0.0,
        -0.28,
        -0.36,
        0.0,
        -0.14,
        0.33,
        0.0,
        -0.04,
        0.01,
        0.0,
        0.02,
        -0.05,
        0.0,
        0.01,
        0.02,
        0.0,
        -0.09,
        0.14,
        0.0,
        -0.03,
        -0.07,
        0.0,
        0.17,
        0.01,
        0.0,
        -0.04,
        0.09,
        0.0,
        -0.07,
        -0.14,
        0.0,
        0.11,
        0.02,
        0.0,
        -0.47,
        0.2,
        0.0,
        0.25,
        -0.16,
        0.0,
        -0.42,
        -0.61,
        0.0,
        0.13,
        0.09,
        0.0,
