{
    "A": 5.71946,
    "B": 0.74164,
    "C": 0.65651,
    "Cv": "21.609",
    "G": -527.228471,
    "H": -527.189915,
    "P": 1.0,
    "S": 0.00012931745765544658,
    "T": 298.15,
    "U": -527.190859,
    "U0": -527.19673,
    "alpha": 64.48100000000001,
    "alpha_xx": 140.073,
    "alpha_xy": 0.0,
    "alpha_xz": 94.115,
    "alpha_yy": 0.0,
    "alpha_yz": 0.0,
    "alpha_zz": 53.37,
    "bo": [],
    "coords": [
        -1.477886,
        0.025622,
        -0.037313,
        -0.800721,
        -1.188265,
        -0.044234,
        0.589981,
        -1.220025,
        -0.00928,
        1.293342,
        -0.022365,
        0.032654,
        0.63069,
        1.19899,
        0.040098,
        -0.760287,
        1.215327,
        0.004825,
        3.416206,
        -0.059578,
        0.086243,
        -2.55911,
        0.044396,
        -0.064616,
        -1.351392,
        -2.119334,
        -0.076919,
        1.113219,
        -2.165187,
        -0.01478,
        1.185336,
        2.125533,
        0.072804,
        -1.279379,
        2.164886,
        0.010517
    ],
    "e ne": -1866.05186943,
    "e_k": 340.7423104289,
    "e_nn": 352.3811395758,
    "et": [
        -527.286633254
    ],
    "fc": [
        0.0648,
        0.1354,
        0.415,
        0.2887,
        0.4282,
        1.4944,
        1.7984,
        0.6841,
        0.481,
        0.5321,
        0.6873,
        0.7857,
        0.7772,
        3.9277,
        3.2063,
        1.3767,
        1.1574,
        0.9288,
        0.981,
        5.4413,
        1.4869,
        2.6263,
        2.6963,
        7.9568,
        8.6581,
        6.4101,
        6.4657,
        6.5468,
        6.5857,
        6.6119
    ],
    "id": "AG7_10746",
    "ir": [
        0.6547,
        0.1142,
        0.283,
        0.0,
        7.1976,
        0.1787,
        17.9382,
        19.8789,
        51.086,
        0.0,
        1.0092,
        0.0,
        0.0487,
        17.0284,
        25.4939,
        9.243,
        3.7125,
        0.0186,
        0.0304,
        0.0842,
        2.4457,
        9.1263,
        34.1291,
        27.7383,
        1.9506,
        0.1253,
        9.6734,
        12.3069,
        6.8252,
        4.9676
    ],
    "m_a": [
        12.0,
        12.0,
        12.0,
        12.0,
        12.0,
        12.0,
        126.9004,
        1.00783,
        1.00783,
        1.00783,
        1.00783,
        1.00783
    ],
    "mr": [
        4.7803,
        4.825,
        9.9316,
        2.8782,
        3.3838,
        6.438,
        6.816,
        2.3246,
        1.4456,
        1.2482,
        1.3505,
        1.3726,
        1.2964,
        6.4494,
        5.0693,
        2.0047,
        1.6323,
        1.123,
        1.1446,
        5.3725,
        1.3867,
        2.0502,
        2.0116,
        5.1901,
        5.6031,
        1.0855,
        1.089,
        1.0933,
        1.0934,
        1.0961
    ],
    "mu": 1.6785000029788502,
    "mu_x": 1.6785,
    "mu_xx=": 4.1515,
    "mu_xxx=": -63.5636,
    "mu_xxy=": -0.0021,
    "mu_xxz=": 0.0,
    "mu_xy=": 0.0006,
    "mu_xyy=": -16.7416,
    "mu_xyz=": 0.0001,
    "mu_xz=": 0.0,
    "mu_xzz=": -33.2374,
    "mu_y": -0.0001,
    "mu_yy=": 2.147,
    "mu_yyy=": 0.0003,
    "mu_yyz=": 0.0,
    "mu_yz=": 0.0,
    "mu_yzz=": -0.0002,
    "mu_z": 0.0,
    "mu_zz=": -6.2986,
    "mu_zzz=": 0.0,
    "na": 12,
    "ne": 66,
    "ne_down": 33,
    "ne_up": 33,
    "ni": 7,
    "oemga": [
        151.7304,
        218.2009,
        266.3154,
        412.6039,
        463.434,
        627.6622,
        669.1974,
        706.7401,
        751.4606,
        850.563,
        929.4099,
        985.644,
        1008.7176,
        1016.6768,
        1036.1098,
        1079.626,
        1097.035,
        1184.7762,
        1206.0925,
        1311.1099,
        1349.0336,
        1474.5181,
        1508.3065,
        1613.0782,
        1619.4605,
        3165.8045,
        3174.4525,
        3188.0245,
        3197.3212,
        3199.7899
    ],
    "oemga0": 3199.7899,
    "qa": [
        -0.113124,
        -0.084271,
        -0.13789,
        0.023808,
        -0.137904,
        -0.084265,
        -0.046207,
        0.111187,
        0.111896,
        0.122432,
        0.122438,
        0.1119
    ],
    "r2": 1297.9659,