{
    "A": 5.73248,
    "B": 5.73243,
    "C": 2.86623,
    "Cv": "17.092",
    "G": -232.11125,
    "H": -232.078476,
    "P": 1.0,
    "S": 0.0001099245346302788,
    "T": 298.15,
    "U": -232.07942,
    "U0": -232.083801,
    "alpha": 37.066,
    "alpha_xx": 77.369,
    "alpha_xy": -0.001,
    "alpha_xz": 77.366,
    "alpha_yy": 0.0,
    "alpha_yz": 0.0,
    "alpha_zz": 33.829,
    "bo": [],
    "coords": [
        0.084931,
        -1.388492,
        0.002057,
        -1.159909,
        -0.767806,
        -0.013331,
        -1.24483,
        0.620676,
        -0.015391,
        -0.084928,
        1.388493,
        -0.002043,
        1.15991,
        0.767803,
        0.013346,
        1.244829,
        -0.620674,
        0.015405,
        0.15103,
        -2.468845,
        0.003629,
        -2.062467,
        -1.365158,
        -0.023722,
        -2.213415,
        1.1036,
        -0.027396,
        -0.151028,
        2.468847,
        -0.003643,
        2.062465,
        1.365155,
        0.023707,
        2.213412,
        -1.103597,
        0.027382
    ],
    "e ne": -946.0945863871,
    "e_disp": -0.005084536699996534,
    "e_k": 230.7248520784,
    "e_nn": 204.0049358798,
    "et": [
        -232.1841471
    ],
    "fc": [
        0.2887,
        0.2893,
        1.4031,
        1.4034,
        0.3046,
        1.1048,
        0.5517,
        0.5529,
        0.7914,
        0.7919,
        3.654,
        0.774,
        4.0726,
        1.1463,
        1.1451,
        0.9347,
        0.98,
        0.9806,
        5.5613,
        1.4142,
        2.6898,
        2.6997,
        8.1399,
        8.1679,
        6.3504,
        6.411,
        6.4116,
        6.5203,
        6.521,
        6.5899
    ],
    "id": "AG7_04744",
    "ir": [
        0.0001,
        0.0,
        0.0,
        0.0,
        103.5981,
        0.0,
        0.0,
        0.0,
        0.0,
        0.0006,
        0.0,
        0.0,
        0.0001,
        4.6298,
        4.6627,
        0.0001,
        0.0,
        0.0,
        0.0002,
        0.0,
        7.9958,
        7.9202,
        0.0,
        0.0,
        0.0008,
        0.0,
        0.0,
        39.8019,
        39.7945,
        0.0
    ],
    "m_a": [
        12.0,
        12.0,
        12.0,
        12.0,
        12.0,
        12.0,
        1.00783,
        1.00783,
        1.00783,
        1.00783,
        1.00783,
        1.00783
    ],
    "mr": [
        2.8656,
        2.8636,
        6.1261,
        6.1241,
        1.0848,
        3.5577,
        1.2476,
        1.2476,
        1.3767,
        1.3763,
        6.0364,
        1.2587,
        6.5249,
        1.7247,
        1.7205,
        1.1276,
        1.1427,
        1.1432,
        5.2978,
        1.2476,
        1.9841,
        1.9896,
        5.1619,
        5.1765,
        1.0842,
        1.0876,
        1.0876,
        1.0947,
        1.0946,
        1.099
    ],
    "mu": 0.0001,
    "mu_x": 0.0,
    "mu_xx=": 2.4763,
    "mu_xxx=": 0.0,
    "mu_xxy=": 0.0,
    "mu_xxz=": 0.0002,
    "mu_xy=": -0.0004,
    "mu_xyy=": 0.0,
    "mu_xyz=": 0.0,
    "mu_xz=": 0.0,
    "mu_xzz=": 0.0,
    "mu_y": 0.0,
    "mu_yy=": 2.476,
    "mu_yyy=": 0.0,
    "mu_yyz=": 0.0002,
    "mu_yz=": 0.0,
    "mu_yzz=": 0.0,
    "mu_z": 0.0001,
    "mu_zz=": -4.9523,
    "mu_zzz=": 0.0001,
    "na": 12,
    "ne": 42,
    "ne_down": 21,
    "ne_up": 21,
    "ni": 6,
    "oemga": [
        413.5035,
        414.0962,
        623.4804,
        623.6486,
        690.3701,
        726.0061,
        866.373,
        867.278,
        987.7734,
        988.2521,
        1013.6033,
        1021.5944,
        1029.2515,
        1062.1185,
        1062.8602,
        1186.1511,
        1206.4774,
        1206.5895,
        1334.7996,
        1387.0568,
        1516.9134,
        1517.5949,
        1635.99,
        1636.4871,
        3152.9537,
        3163.0811,
        3163.2216,
        3179.5694,
        3179.7692,
        3190.1629
    ],
    "oemga0": 3190.1629,
    "qa": [
        -0.104263,
        -0.104495,
        -0.10447,
        -0.104263,
        -0.104494,
        -0.104469,
        0.104424,
        0.10442,
        0.104383,
        0.104424,
        0.10442,
        0.104383
    ],
    "r2": 457.0843,