{
    "A": 5.8048,
    "B": 1.59884,
    "C": 1.25357,
    "Cv": "22.420",
    "G": -646.329096,
    "H": -646.291222,
    "P": 1.0,
    "S": 0.00012703001844743136,
    "T": 298.15,
    "U": -646.292166,
    "U0": -646.298372,
    "alpha": 52.294999999999995,
    "alpha_xx": 115.142,
    "alpha_xy": -1.719,
    "alpha_xz": 81.397,
    "alpha_yy": 0.021,
    "alpha_yz": 0.059,
    "alpha_zz": 41.722,
    "bo": [],
    "coords": [
        -1.124655,
        0.852142,
        0.388707,
        0.250409,
        0.931432,
        0.223888,
        0.941775,
        -0.205325,
        -0.186495,
        0.205162,
        -1.372555,
        -0.412158,
        -1.112425,
        -1.45055,
        -0.256109,
        -1.763963,
        -0.355389,
        0.137742,
        2.700641,
        -0.261294,
        -0.443069,
        -1.691814,
        1.7169,
        0.706046,
        0.77245,
        1.860757,
        0.411155,
        0.707655,
        -2.279543,
        -0.731919,
        -2.837085,
        -0.449152,
        0.256651,
        2.951849,
        1.012577,
        -0.094439
    ],
    "e ne": -2167.726116996,
    "e_disp": -0.00701479679997874,
    "e_k": 643.7417271885,
    "e_nn": 322.5114374954,
    "et": [
        -646.385693014
    ],
    "fc": [
        0.0058,
        0.0713,
        0.2332,
        0.3055,
        1.0738,
        0.5268,
        1.8502,
        0.6373,
        2.4298,
        0.6238,
        0.5782,
        0.6943,
        0.7612,
        0.8226,
        3.0296,
        2.6202,
        1.9072,
        1.1727,
        1.4093,
        4.1687,
        1.3958,
        2.695,
        2.6159,
        7.4636,
        8.3564,
        4.4059,
        6.3238,
        6.3756,
        6.442,
        6.5656
    ],
    "id": "AG7_15088",
    "ir": [
        13.3289,
        0.8827,
        0.4602,
        2.1265,
        0.9106,
        0.8187,
        5.346,
        28.4335,
        6.4324,
        20.2938,
        7.3848,
        0.361,
        0.6029,
        0.0106,
        20.8487,
        3.4532,
        45.1897,
        4.5759,
        0.0475,
        5.7093,
        5.1744,
        26.543,
        21.5597,
        10.0152,
        6.3272,
        0.9364,
        15.1182,
        7.712,
        10.8772,
        13.5858
    ],
    "m_a": [
        12.0,
        12.0,
        12.0,
        12.0,
        14.00307,
        12.0,
        31.97207,
        1.00783,
        1.00783,
        1.00783,
        1.00783,
        1.00783
    ],
    "mr": [
        1.1295,
        3.5932,
        5.1375,
        3.0978,
        10.417,
        3.987,
        7.8573,
        2.0541,
        7.6245,
        1.6182,
        1.1242,
        1.3449,
        1.4109,
        1.3952,
        4.8015,
        3.952,
        2.5446,
        1.4976,
        1.5844,
        4.3588,
        1.2568,
        2.179,
        1.9608,
        4.9385,
        5.4788,
        1.0386,
        1.09,
        1.0891,
        1.0899,
        1.0966
    ],
    "mu": 2.70101971484845,
    "mu_x": 0.4221,
    "mu_xx=": 1.2136,
    "mu_xxx=": -5.2336,
    "mu_xxy=": 16.1223,
    "mu_xxz=": 0.1274,
    "mu_xy=": -1.953,
    "mu_xyy=": 10.6329,
    "mu_xyz=": 0.1375,
    "mu_xz=": 0.0525,
    "mu_xzz=": -0.3521,
    "mu_y": 2.6678,
    "mu_yy=": 2.3301,
    "mu_yyy=": 9.6452,
    "mu_yyz=": 0.0147,
    "mu_yz=": 0.0472,
    "mu_yzz=": -1.108,
    "mu_z": 0.0135,
    "mu_zz=": -3.5437,
    "mu_zzz=": 0.0096,
    "na": 12,
    "ne": 58,
    "ne_down": 29,
    "ne_up": 29,
    "ni": 7,
    "oemga": [
        93.1547,
        183.4594,
        277.553,
        409.1274,
        418.2851,
        473.567,
        632.1904,
        725.6509,
        735.4468,
        808.8996,
        934.2616,
        936.0799,
        956.9108,
        1000.3579,
        1034.8648,
        1060.7895,
        1127.8789,
        1152.8333,
        1228.7099,
        1274.0687,
        1372.9357,
        1448.8452,
        1504.7489,
        1601.5902,
        1608.9477,
        2683.3381,
        3137.9428,
        3152.0597,
        3167.3047,
        3187.7334
    ],
    "oemga0": 3187.7334,
    "qa": [
        -0.08519,
        -0.128688,
        0.03679,
        -0.076746,
        -0.147769,
        -0.077153,
        -0.074137,
        0.120714,
        0.10647,
        0.118073,
        0.119757,
        0.08788
    ],
    "r2": 893.4308,