{
    "A": 5.96744,
    "B": 2.85082,
    "C": 1.92919,
    "Cv": "19.572",
    "G": -339.414146,
    "H": -339.379305,
    "P": 1.0,
    "S": 0.00011685728660080008,
    "T": 298.15,
    "U": -339.380249,
    "U0": -339.385382,
    "alpha": 37.27133333333333,
    "alpha_xx": 79.641,
    "alpha_xy": 1.659,
    "alpha_xz": 65.174,
    "alpha_yy": 0.002,
    "alpha_yz": 0.0,
    "alpha_zz": 32.171,
    "bo": [],
    "coords": [
        -1.249621,
        0.377132,
        0.10574,
        -0.026907,
        0.399118,
        0.728052,
        1.045405,
        -0.114101,
        -0.0104,
        0.927591,
        -0.600274,
        -1.236879,
        -0.259898,
        -0.618487,
        -1.834281,
        -1.316501,
        -0.147059,
        -1.189709,
        2.276352,
        -0.125248,
        0.535103,
        -2.1386,
        0.751546,
        0.595028,
        0.125828,
        0.783506,
        1.726201,
        -2.250902,
        -0.192037,
        -1.7337,
        2.867254,
        -0.514096,
        -0.127153
    ],
    "e ne": -1349.524837657,
    "e_disp": -0.005089382300013767,
    "e_k": 337.476763474,
    "e_nn": 278.5527968645,
    "et": [
        -339.466120078
    ],
    "fc": [
        0.13,
        0.3763,
        0.427,
        0.229,
        1.485,
        0.402,
        2.0432,
        0.909,
        0.7544,
        3.1183,
        0.7035,
        0.802,
        4.1961,
        1.5167,
        1.2817,
        1.5128,
        1.7802,
        1.9191,
        2.2973,
        3.0299,
        3.4782,
        7.7849,
        8.7491,
        6.45,
        6.5387,
        6.6348,
        8.7173
    ],
    "id": "AG7_32389",
    "ir": [
        2.1588,
        0.8329,
        22.9633,
        47.1795,
        3.241,
        60.1011,
        0.1254,
        4.736,
        39.8073,
        11.1367,
        0.0232,
        0.2169,
        6.2864,
        4.1153,
        25.0583,
        62.3382,
        7.4476,
        124.3821,
        31.9069,
        151.5456,
        65.6315,
        16.539,
        57.2421,
        2.6769,
        11.8695,
        2.7238,
        78.1235
    ],
    "m_a": [
        12.0,
        12.0,
        12.0,
        14.00307,
        14.00307,
        12.0,
        15.99491,
        1.00783,
        1.00783,
        1.00783,
        1.00783
    ],
    "mr": [
        4.793,
        3.9953,
        4.2642,
        1.5177,
        7.5234,
        1.9829,
        8.2735,
        2.6037,
        1.8461,
        7.218,
        1.3479,
        1.3309,
        6.6342,
        2.2776,
        1.7349,
        1.8501,
        2.1044,
        2.0136,
        2.1581,
        2.4404,
        2.6706,
        5.1007,
        5.5704,
        1.0884,
        1.0928,
        1.0973,
        1.0639
    ],
    "mu": 2.7569330387225586,
    "mu_x": 0.2856,
    "mu_xx=": 4.2175,
    "mu_xxx=": -4.3507,
    "mu_xxy=": -6.7588,
    "mu_xxz=": 0.0008,
    "mu_xy=": 5.3657,
    "mu_xyy=": -7.4167,
    "mu_xyz=": 0.0005,
    "mu_xz=": 0.0007,
    "mu_xzz=": -4.2217,
    "mu_y": 2.7421,
    "mu_yy=": -2.34,
    "mu_yyy=": 17.001,
    "mu_yyz=": 0.0001,
    "mu_yz=": -0.0013,
    "mu_yzz=": -1.9302,
    "mu_z": 0.0001,
    "mu_zz=": -1.8775,
    "mu_zzz=": 0.0006,
    "na": 11,
    "ne": 50,
    "ne_down": 25,
    "ne_up": 25,
    "ni": 7,
    "oemga": [
        214.5642,
        399.8283,
        412.2705,
        506.0796,
        578.798,
        586.6251,
        647.4274,
        769.7819,
        832.8277,
        856.2996,
        941.1816,
        1011.3073,
        1036.0995,
        1063.1128,
        1119.7904,
        1178.0657,
        1198.242,
        1271.8525,
        1344.1647,
        1451.6352,
        1486.7833,
        1609.4915,
        1632.7334,
        3171.4136,
        3186.7642,
        3203.4782,
        3729.1204
    ],
    "oemga0": 3729.1204,
    "qa": [
        -0.091774,
        -0.136196,
        0.20945,
        -0.138709,
        -0.094699,
        -0.087021,
        -0.270198,
        0.12907,
        0.133881,
        0.129739,
        0.216455
    ],
    "r2": 604.7779,