{
    "A": 6.35559,
    "B": 0.75543,
    "C": 0.67517,
    "Cv": "19.539",
    "G": -575.323779,
    "H": -575.285362,
    "P": 1.0,
    "S": 0.00012885124937105912,
    "T": 298.15,
    "U": -575.286306,
    "U0": -575.292011,
    "alpha": 57.50566666666666,
    "alpha_xx": 124.577,
    "alpha_xy": -2.326,
    "alpha_xz": 76.097,
    "alpha_yy": 0.0,
    "alpha_yz": 0.0,
    "alpha_zz": 47.94,
    "bo": [],
    "coords": [
        0.140991,
        0.81617,
        0.011617,
        -1.166904,
        0.442349,
        0.236867,
        -1.544644,
        -0.840161,
        0.293874,
        -0.654283,
        -1.788098,
        0.132283,
        0.628444,
        -1.504373,
        -0.089238,
        1.018878,
        -0.244381,
        -0.1486,
        3.081607,
        0.098451,
        -0.50563,
        0.451176,
        1.84901,
        -0.035289,
        -1.955263,
        1.171031,
        0.379266
    ],
    "e ne": -1999.306697901,
    "e_k": 388.5821855327,
    "e_nn": 361.9467788735,
    "et": [
        -575.344469776
    ],
    "fc": [
        0.0811,
        0.2266,
        0.5219,
        0.2812,
        0.7696,
        2.4117,
        2.804,
        2.925,
        0.563,
        6.306,
        5.9156,
        0.8463,
        1.559,
        4.3437,
        1.6497,
        3.1493,
        2.4401,
        7.6675,
        6.4275,
        6.4743,
        6.6653
    ],
    "id": "AG7_40332",
    "ir": [
        0.5784,
        1.7265,
        2.3805,
        0.9613,
        1.2681,
        1.944,
        50.5575,
        1.0263,
        12.8977,
        23.6084,
        22.6116,
        0.0007,
        2.8081,
        76.1891,
        12.7136,
        15.6896,
        64.9643,
        53.5426,
        158.8418,
        6.0657,
        0.8792
    ],
    "m_a": [
        12.0,
        12.0,
        14.00307,
        14.00307,
        14.00307,
        12.0,
        126.9004,
        1.00783,
        1.00783
    ],
    "mr": [
        7.7782,
        7.9551,
        12.9934,
        4.1702,
        5.9063,
        8.976,
        9.126,
        7.7218,
        1.2882,
        11.9206,
        9.8833,
        1.3882,
        2.2141,
        5.8733,
        2.0399,
        3.2018,
        2.0955,
        5.4406,
        4.5101,
        1.0913,
        1.0961
    ],
    "mu": 4.330251304485688,
    "mu_x": 1.255,
    "mu_xx=": -2.8477,
    "mu_xxx=": 117.7461,
    "mu_xxy=": 24.5067,
    "mu_xxz=": 0.0003,
    "mu_xy=": -9.3393,
    "mu_xyy=": 21.7201,
    "mu_xyz=": -0.0003,
    "mu_xz=": -0.0002,
    "mu_xzz=": 22.6324,
    "mu_y": 4.1444,
    "mu_yy=": 1.3493,
    "mu_yyy=": 16.5743,
    "mu_yyz=": 0.0002,
    "mu_yz=": 0.0002,
    "mu_yzz=": -2.0415,
    "mu_z": 0.0,
    "mu_zz=": 1.4984,
    "mu_zzz=": -0.0001,
    "na": 9,
    "ne": 66,
    "ne_down": 33,
    "ne_up": 33,
    "ni": 7,
    "oemga": [
        133.0103,
        219.8847,
        261.1075,
        338.2809,
        470.2793,
        675.2954,
        722.1392,
        801.8197,
        861.2486,
        947.5503,
        1007.9165,
        1017.2338,
        1093.1719,
        1120.3831,
        1171.5617,
        1292.0603,
        1405.8205,
        1546.5989,
        1555.2572,
        3173.2547,
        3212.6666
    ],
    "oemga0": 3212.6666,
    "qa": [
        -0.131268,
        -0.032511,
        -0.095097,
        -0.013134,
        -0.112505,
        0.030721,
        0.051965,
        0.157797,
        0.144032
    ],
    "r2": 1204.6237,
    "rn": [
        0.0,
        0.0,
        -0.36,
        0.0,
        0.0,
        0.12,
        0.0,
        0.0,
        0.4,
        0.0,
        0.0,
        0.01,
        0.0,
        0.0,
        -0.33,
        0.0,
        0.0,
        -0.35,
        0.0,
        0.0,
        0.05,
        0.0,
        0.0,
        -0.58,
        0.0,
        0.0,
        0.34,
        -0.19,
        0.26,
        0.0,
        -0.18,
        -0.05,
        0.0,
        0.05,
        -0.16,
        0.0,
        0.29,
        -0.02,
        0.0,
        0.22,
        0.28,
        0.0,
        0.03,
        0.39,
        0.0,
        -0.02,
        -0.07,
        0.0,
        -0.41,
        0.37,
        0.0,
        -0.36,
        -0.19,
        0.0,
        0.35,
        -0.01,
        0.0,
        0.37,
        0.04,
        0.0,
        0.37,
        0.04,
        0.0,
        0.29,
        -0.02,
        0.0,
        0.25,
        -0.1,
        0.0,
        0.2,
        -0.06,
        0.0,
        -0.19,
        0.01,
        0.0,
        0.46,
        -0.07,
        0.0,
        0.37,
        0.04,
        0.0,
        0.0,
        0.0,
        0.22,
        0.0,
        0.0,
        -0.25,
        0.0,
        0.0,
        0.07,
        0.0,
        0.0,
        0.25,
        0.0,
        0.0,
        -0.28,
        0.0,
        0.0,
        -0.05,
        0.0,
        0.0,
        0.0,
        0.0,
        0.0,
        0.55,
        0.0,
        0.0,
        -0.66,
        0.0,
        0.0,
        0.06,
        0.0,
        0.0,
        0.16,
        0.0,
        0.0,
        -0.28,
        0.0,
        0.0,
        0.23,
        0.0,
        0.0,
        0.11,
        0.0,
        0.0,
        -0.5,
        0.0,
        0.0,
        0.01,
        0.0,
        0.0,
        0.51,
        0.0,
        0.0,
        0.56,
        -0.3,
        -0.22,
        0.0,
        -0.33,
        0.31,
        0.0,
        0.05,
        0.17,
        0.0,
        0.21,
        0.22,
        0.0,
        0.3,
        -0.29,
        0.0,
        -0.01,
        -0.16,
        0.0,
        0.0,
        0.0,
        0.0,
        -0.06,
        -0.35,
        0.0,
        -0.3,
        0.34,
        0.0,
        0.06,
        -0.38,
        0.0,
        -0.01,
        -0.24,
        0.0,
        -0.39,
        0.04,
        0.0,
        0.1,
        0.25,
        0.0,
        0.06,
        0.22,
        0.0,
        0.45,
        0.02,
        0.0,
        -0.02,
        0.0,
        0.0,
        -0.31,
        -0.2,
        0.0,
        0.42,
        0.09,
        0.0,
        0.0,
        0.0,
        0.24,
        0.0,
        0.0,
        -0.23,
        0.0,
        0.0,
        0.31,
        0.0,
        0.0,
        -0.33,
        0.0,
        0.0,
        0.32,
        0.0,
        0.0,
        -0.36,
        0.0,
        0.0,
        0.0,
        0.0,
        0.0,
        0.38,
        0.0,
        0.0,
        -0.55,
        0.0,
        0.0,
        0.11,
        0.0,
        0.0,
        0.1,
        0.0,
        0.0,
        -0.04,
        0.0,
        0.0,
        0.01,
        0.0,
        0.0,
        -0.01,
        0.0,
        0.0,
        -0.05,
        0.0,
        0.0,
        0.0,
        0.0,
        0.0,
        -0.8,
        0.0,
        0.0,
        -0.57,
        0.14,
        -0.17,
        0.0,
        -0.2,
        -0.09,
        0.0,
        0.01,
        0.3,
        0.0,
        0.57,
        -0.19,
        0.0,
        -0.51,
        -0.04,
        0.0,
        -0.14,
        0.16,
        0.0,
        0.01,
        0.0,
        0.0,
        0.27,
        -0.24,
        0.0,
        -0.02,
        0.08,
        0.0,
        -0.23,
        -0.35,
        0.0,
        0.04,
        -0.07,
        0.0,
        0.51,
        -0.07,
        0.0,
        -0.07,
        0.2,
        0.0,
        -0.18,
        0.4,
        0.0,
        -0.09,
        -0.14,
        0.0,
        0.0,
        0.0,
        0.0,
        -0.24,
        -0.38,
        0.0,
        -0.15,
        -0.24,
        0.0,
        0.0,
        0.0,
        -0.12,
        0.0,
        0.0,
        0.14,
        0.0,
        0.0,
        -0.01,
        0.0,
        0.0,
        -0.02,
        0.0,
        0.0,
        0.01,
        0.0,
        0.0,
        0.01,
        0.0,
        0.0,
        0.0,
        0.0,
        0.0,
        0.58,
        0.0,
        0.0,
        -0.79,
        0.06,
        -0.05,
        0.0,
        -0.08,
        0.18,
