{
    "A": 6.02324,
    "B": 1.65737,
    "C": 1.29973,
    "Cv": "19.343",
    "G": -723.763395,
    "H": -723.727445,
    "P": 1.0,
    "S": 0.00012057689082662108,
    "T": 298.15,
    "U": -723.728389,
    "U0": -723.733696,
    "alpha": 44.48499999999999,
    "alpha_xx": 97.286,
    "alpha_xy": 0.31,
    "alpha_xz": 67.198,
    "alpha_yy": 0.0,
    "alpha_yz": 0.0,
    "alpha_zz": 36.169,
    "bo": [],
    "coords": [
        2.202109,
        -0.002684,
        1e-06,
        0.455143,
        -0.003839,
        4e-06,
        -0.224571,
        1.214686,
        3e-06,
        -1.597468,
        1.137606,
        0.0,
        -2.169002,
        -0.135311,
        -1e-06,
        -1.457162,
        -1.254986,
        0.0,
        -0.126257,
        -1.185786,
        2e-06,
        0.311428,
        2.152051,
        4e-06,
        -2.215113,
        2.025383,
        -1e-06,
        -3.242751,
        -0.272815,
        -3e-06
    ],
    "e ne": -2352.817716462,
    "e_disp": -0.005513199299969074,
    "e_k": 721.0201396973,
    "e_nn": 322.9507671638,
    "et": [
        -723.800002916
    ],
    "fc": [
        0.0945,
        0.4441,
        0.3642,
        1.5908,
        0.6387,
        2.0007,
        2.6854,
        1.0399,
        0.6229,
        0.7336,
        0.8321,
        4.3876,
        2.6967,
        1.5854,
        2.8664,
        1.5732,
        1.6202,
        2.9372,
        2.3434,
        7.9681,
        7.4608,
        6.4535,
        6.5518,
        6.6578
    ],
    "id": "AG7_36339",
    "ir": [
        0.9711,
        2.0523,
        0.3323,
        7.805,
        0.8753,
        0.2477,
        24.5792,
        8.3751,
        28.8643,
        0.0092,
        0.1426,
        7.3011,
        4.5315,
        35.867,
        83.309,
        2.4235,
        13.3992,
        31.7021,
        55.7546,
        0.0677,
        30.552,
        3.1285,
        8.2153,
        0.9173
    ],
    "m_a": [
        34.96885,
        12.0,
        12.0,
        12.0,
        12.0,
        14.00307,
        14.00307,
        1.00783,
        1.00783,
        1.00783
    ],
    "mr": [
        5.1774,
        7.8247,
        4.1305,
        14.7811,
        4.423,
        8.4428,
        8.0243,
        3.0082,
        1.564,
        1.3432,
        1.3576,
        7.1189,
        4.0868,
        2.2291,
        3.6379,
        1.9154,
        1.8383,
        2.5135,
        1.9028,
        5.3792,
        4.9385,
        1.0891,
        1.0937,
        1.0967
    ],
    "mu": 4.399895595352235,
    "mu_x": 1.723,
    "mu_xx=": 3.6068,
    "mu_xxx=": 6.7803,
    "mu_xxy=": 6.4908,
    "mu_xxz=": 0.0,
    "mu_xy=": 3.3478,
    "mu_xyy=": -4.212,
    "mu_xyz=": 0.0,
    "mu_xz=": 0.0,
    "mu_xzz=": -3.8768,
    "mu_y": 4.0485,
    "mu_yy=": -2.3943,
    "mu_yyy=": 18.0262,
    "mu_yyz=": 0.0,
    "mu_yz=": 0.0,
    "mu_yzz=": -1.9439,
    "mu_z": 0.0,
    "mu_zz=": -1.2125,
    "mu_zzz=": 0.0,
    "na": 10,
    "ne": 58,
    "ne_down": 29,
    "ne_up": 29,
    "ni": 7,
    "oemga": [
        175.9715,
        310.3726,
        386.8286,
        427.3939,
        495.0539,
        634.2001,
        753.6616,
        765.9815,
        822.2132,
        962.7697,
        1019.9065,
        1022.7793,
        1058.2815,
        1098.7009,
        1156.4352,
        1180.7046,
        1223.0635,
        1408.3205,
        1445.7658,
        1585.5975,
        1601.2831,
        3171.389,
        3188.6792,
        3209.8916
    ],
    "oemga0": 3209.8916,
    "qa": [
        -0.082504,
        0.079752,
        -0.093555,
        -0.0911,
        -0.066158,
        -0.085758,
        -0.078719,
        0.145093,
        0.133845,
        0.139103
    ],
    "r2": 833.0798,
    "rn": [
        0.0,
        0.0,
        0.15,
        0.0,
        0.0,
        -0.23,
        0.0,
        0.0,
        -0.28,
        0.0,
        0.0,
        0.07,
        0.0,
        0.0,
        0.3,
        0.0,
        0.0,
        -0.01,
        0.0,
        0.0,
        -0.26,
        0.0,
        0.0,
        -0.46,
        0.0,
        0.0,
        0.16,
        0.0,
        0.0,
        0.66,
        0.0,
        0.25,
        0.0,
        0.01,
        -0.34,
        0.0,
        -0.18,
        -0.25,
        0.0,
        -0.2,
        0.04,
        0.0,
        0.01,
        0.13,
        0.0,
        0.21,
        0.0,
        0.0,
        0.14,
        -0.27,
        0.0,
        -0.38,
        -0.37,
        0.0,
        -0.37,
        0.16,
        0.0,
        0.03,
        0.31,
        0.0,
        0.0,
        0.0,
        0.0,
        0.0,
        0.0,
        0.04,
        0.0,
        0.0,
        0.23,
        0.0,
        0.0,
        -0.29,
        0.0,
        0.0,
        0.07,
        0.0,
        0.0,
        0.21,
        0.0,
        0.0,
        -0.27,
        0.0,
        0.0,
        0.5,
        0.0,
        0.0,
        -0.64,
        0.0,
        0.0,
        0.29,
        0.51,
        -0.01,
        0.0,
        0.03,
        0.02,
        0.0,
        -0.21,
        0.1,
        0.0,
        -0.27,
        0.08,
        0.0,
        -0.39,
        0.01,
        0.0,
        -0.28,
        -0.06,
        0.0,
        -0.21,
        -0.1,
        0.0,
        -0.38,
        0.01,
        0.0,
        -0.17,
        0.0,
        0.0,
        -0.39,
        0.04,
        0.0,
        0.0,
        0.0,
        -0.04,
        0.0,
        0.0,
        0.41,
        0.0,
        0.0,
        -0.05,
        0.0,
        0.0,
        -0.09,
        0.0,
        0.0,
        0.22,
        0.0,
        0.0,
        -0.25,
        0.0,
        0.0,
        -0.01,
        0.0,
        0.0,
        -0.56,
        0.0,
        0.0,
        -0.51,
        0.0,
        0.0,
        0.35,
        0.0,
        -0.02,
        0.0,
        -0.03,
        -0.15,
        0.0,
        0.27,
        -0.25,
        0.0,
        0.31,
        0.27,
        0.0,
        0.0,
        0.18,
        0.0,
        -0.25,
        0.28,
        0.0,
        -0.25,
        -0.25,
        0.0,
        0.1,
        -0.35,
        0.0,
        0.15,
        0.39,
        0.0,
        -0.06,
        -0.25,
        0.0,
        -0.11,
        -0.01,
        0.0,
        0.33,
        -0.03,
        0.0,
        0.1,
        0.32,
        0.0,
        0.09,
        0.32,
        0.0,
        -0.31,
        0.01,
        0.0,
        0.09,
        -0.28,
        0.0,
        0.02,
        -0.24,
        0.0,
        -0.21,
        0.14,
        0.0,
        0.49,
        0.04,
        0.0,
        -0.3,
        0.13,
        0.0,
        0.0,
        0.0,
        0.0,
        0.0,
        0.0,
        0.18,
        0.0,
        0.0,
        -0.08,
        0.0,
        0.0,
        0.19,
        0.0,
        0.0,
        -0.14,
        0.0,
        0.0,
        0.19,
        0.0,
        0.0,
        -0.2,
        0.0,
        0.0,
        -0.65,
        0.0,
        0.0,
        -0.17,
        0.0,
        0.0,
        -0.62,
        0.0,
        0.0,
        0.01,
        0.0,
        0.0,
        -0.14,
        0.0,
        0.0,
        0.13,
        0.0,
        0.0,
        0.05,
        0.0,
        0.0,
        0.08,
        0.0,
        0.0,
        -0.04,
        0.0,
        0.0,
        0.04,
        0.0,
        0.0,
        -0.48,
        0.0,
        0.0,
        -0.73,
        0.0,
        0.0,
        -0.43,
        0.0,
        0.0,
        0.0,
        0.0,
        0.0,
        0.02,
        0.0,
        0.0,
        -0.11,
        0.0,
        0.0,
        -0.01,
        0.0,
        0.0,
        0.14,
        0.0,
        0.0,
        -0.01,
        0.0,
        0.0,
        -0.01,
        0.0,
        0.0,
        0.62,
        0.0,
        0.0,
        -0.06,
        0.0,
        0.0,
        -0.76,
        0.0,
        0.0,
        0.0,
        0.0,
        0.0,
        0.0,
        0.0,
        0.0,
        0.09,
        0.0,
