{
    "A": 6.06792,
    "B": 2.91233,
    "C": 1.96785,
    "Cv": "19.098",
    "G": -339.452018,
    "H": -339.417278,
    "P": 1.0,
    "S": 0.00011651853094079937,
    "T": 298.15,
    "U": -339.418223,
    "U0": -339.423277,
    "alpha": 36.69433333333333,
    "alpha_xx": 77.955,
    "alpha_xy": 1.367,
    "alpha_xz": 64.752,
    "alpha_yy": 0.0,
    "alpha_yz": 0.0,
    "alpha_zz": 32.128,
    "bo": [],
    "coords": [
        -1.442043,
        0.149221,
        0.068965,
        -0.827336,
        -0.808806,
        0.865357,
        0.487159,
        -1.012953,
        0.865333,
        1.185546,
        -0.233648,
        0.04556,
        0.715128,
        0.716559,
        -0.764111,
        -0.603859,
        0.898403,
        -0.742732,
        2.512095,
        -0.434352,
        0.040676,
        -2.510686,
        0.301712,
        0.08129,
        -1.407605,
        -1.439131,
        1.53062,
        -0.993343,
        1.669385,
        -1.398341,
        2.884944,
        0.193609,
        -0.592617
    ],
    "e ne": -1353.356038676,
    "e_disp": -0.004809733499996582,
    "e_k": 337.5081593512,
    "e_nn": 280.4057626911,
    "et": [
        -339.504982938
    ],
    "fc": [
        0.1279,
        0.4171,
        0.5308,
        0.2916,
        0.2659,
        1.9189,
        1.9391,
        0.5216,
        2.437,
        3.2323,
        5.7037,
        0.8405,
        0.8596,
        1.6711,
        1.1441,
        1.1782,
        4.2716,
        1.7661,
        2.1321,
        3.9043,
        3.4749,
        8.2871,
        8.762,
        6.3631,
        6.3849,
        6.6492,
        8.9197
    ],
    "id": "AG7_14503",
    "ir": [
        4.1654,
        0.7186,
        17.2602,
        40.9444,
        57.2164,
        0.7738,
        7.9346,
        11.8923,
        41.5842,
        14.2391,
        1.9345,
        0.2649,
        0.2519,
        1.0885,
        21.7336,
        80.6709,
        28.8444,
        114.9768,
        0.1054,
        330.8175,
        53.1362,
        149.4584,
        158.6728,
        14.6213,
        19.4249,
        6.1422,
        91.7205
    ],
    "m_a": [
        12.0,
        12.0,
        14.00307,
        12.0,
        14.00307,
        12.0,
        15.99491,
        1.00783,
        1.00783,
        1.00783,
        1.00783
    ],
    "mr": [
        6.0445,
        3.9933,
        4.3944,
        1.7692,
        1.3861,
        9.0577,
        7.7,
        1.3385,
        5.946,
        6.9326,
        9.5599,
        1.4053,
        1.4298,
        2.3542,
        1.5898,
        1.3865,
        4.5779,
        1.6171,
        1.9129,
        3.0636,
        2.64,
        5.3986,
        5.5945,
        1.0906,
        1.0917,
        1.0955,
        1.0643
    ],
    "mu": 2.541333549536542,
    "mu_x": -2.0719,
    "mu_xx=": 4.4938,
    "mu_xxx=": 8.0695,
    "mu_xxy=": 10.8725,
    "mu_xxz=": -0.0015,
    "mu_xy=": 4.0366,
    "mu_xyy=": -5.7313,
    "mu_xyz=": -0.0005,
    "mu_xz=": -0.0005,
    "mu_xzz=": 5.4328,
    "mu_y": 1.4716,
    "mu_yy=": -2.2049,
    "mu_yyy=": 2.1667,
    "mu_yyz=": 0.0011,
    "mu_yz=": 0.0003,
    "mu_yzz=": -0.0689,
    "mu_z": -0.0002,
    "mu_zz=": -2.2888,
    "mu_zzz=": 0.0002,
    "na": 11,
    "ne": 50,
    "ne_down": 25,
    "ne_up": 25,
    "ni": 7,
    "oemga": [
        189.541,
        421.0548,
        452.7918,
        528.9113,
        570.632,
        599.6478,
        653.7826,
        813.2303,
        834.0393,
        889.5805,
        1006.2957,
        1007.5599,
        1010.1656,
        1097.6263,
        1105.1869,
        1200.9604,
        1258.4483,
        1361.485,
        1375.3966,
        1470.7224,
        1494.6453,
        1614.1171,
        1630.3986,
        3146.785,
        3150.7033,
        3209.5514,
        3771.602
    ],
    "oemga0": 3771.602,
    "qa": [
        -0.147042,
        -0.035085,
        -0.171059,
        0.241873,
        -0.231467,
        -0.036645,
        -0.221558,
        0.127568,
        0.132345,
        0.130242,
        0.210828
    ],
    "r2": 596.8019,