{
    "A": 10.18155,
    "B": 1.46411,
    "C": 1.29039,
    "Cv": "23.893",
    "G": -376.538436,
    "H": -376.498499,
    "P": 1.0,
    "S": 0.0001339493543518665,
    "T": 298.15,
    "U": -376.499444,
    "U0": -376.506719,
    "alpha": 42.46633333333333,
    "alpha_xx": 92.614,
    "alpha_xy": 6.055,
    "alpha_xz": 49.473,
    "alpha_yy": 0.009,
    "alpha_yz": 0.005,
    "alpha_zz": 34.776,
    "bo": [],
    "coords": [
        -2.044793,
        0.081236,
        -0.055588,
        -0.738287,
        0.660547,
        0.088572,
        0.291446,
        -0.213673,
        0.012771,
        1.550858,
        0.495085,
        0.171833,
        2.652238,
        -0.204973,
        0.122883,
        3.588548,
        -0.823873,
        0.077609,
        0.166823,
        -1.404199,
        -0.162326,
        -2.144629,
        -0.403302,
        -1.025685,
        -2.740765,
        0.910539,
        0.029735,
        -2.227369,
        -0.653043,
        0.727449,
        1.645932,
        1.555656,
        0.327833
    ],
    "e ne": -1440.270368543,
    "e_disp": -0.0061660284999902615,
    "e_k": 374.4550190785,
    "e_nn": 279.43427926,
    "et": [
        -376.582887429
    ],
    "fc": [
        0.0256,
        0.0089,
        0.0833,
        0.0727,
        0.2281,
        0.5984,
        1.3817,
        0.1946,
        1.1731,
        1.7192,
        3.6934,
        2.8833,
        3.9238,
        1.039,
        1.3315,
        1.7358,
        3.1062,
        3.1373,
        1.5924,
        1.3552,
        1.4039,
        20.6288,
        39.7352,
        5.6262,
        6.3301,
        6.4542,
        6.7554
    ],
    "id": "AG7_17058",
    "ir": [
        1.8669,
        0.9737,
        0.0653,
        5.9068,
        15.5751,
        5.4334,
        0.631,
        41.8575,
        0.0033,
        10.1617,
        29.3837,
        4.0175,
        23.4744,
        0.8282,
        136.1949,
        62.4346,
        321.3302,
        364.2979,
        67.8895,
        8.0703,
        4.5955,
        251.1075,
        490.4944,
        33.4616,
        19.9636,
        15.1865,
        9.1611
    ],
    "m_a": [
        12.0,
        15.99491,
        12.0,
        12.0,
        14.00307,
        14.00307,
        15.99491,
        1.00783,
        1.00783,
        1.00783,
        1.00783
    ],
    "mr": [
        5.1038,
        1.0959,
        7.3679,
        3.7847,
        4.6368,
        6.3231,
        9.642,
        1.3318,
        6.1176,
        5.3509,
        10.9917,
        5.4184,
        6.3941,
        1.2746,
        1.626,
        2.0313,
        3.5541,
        2.6778,
        1.2429,
        1.0453,
        1.0588,
        11.3228,
        13.5275,
        1.0295,
        1.1068,
        1.1063,
        1.0896
    ],
    "mu": 2.5354874462319863,
    "mu_x": -0.9717,
    "mu_xx=": 3.5766,
    "mu_xxx=": -34.6667,
    "mu_xxy=": -4.1622,
    "mu_xxz=": -0.0013,
    "mu_xy=": -3.0127,
    "mu_xyy=": 3.6927,
    "mu_xyz=": 0.0009,
    "mu_xz=": -0.005,
    "mu_xzz=": -1.9329,
    "mu_y": -2.3419,
    "mu_yy=": -2.9275,
    "mu_yyy=": -7.248,
    "mu_yyz=": -0.0014,
    "mu_yz=": 0.0037,
    "mu_yzz=": 2.1936,
    "mu_z": 0.0003,
    "mu_zz=": -0.6491,
    "mu_zzz=": 0.0008,
    "na": 11,
    "ne": 52,
    "ne_down": 26,
    "ne_up": 26,
    "ni": 7,
    "oemga": [
        92.2502,
        117.6951,
        138.5143,
        180.5145,
        288.9316,
        400.7851,
        493.1713,
        497.9453,
        570.4964,
        738.464,
        755.1871,
        950.3558,
        1020.5613,
        1176.2715,
        1178.914,
        1204.3103,
        1217.9368,
        1410.1511,
        1474.6412,
        1483.4029,
        1500.2036,
        1758.467,
        2232.824,
        3045.5979,
        3115.6938,
        3146.7341,
        3243.8718
    ],
    "oemga0": 3243.8718,
    "qa": [
        -0.089407,
        -0.245568,
        0.321738,
        -0.243257,
        0.171249,
        -0.020263,
        -0.344248,
        0.095158,
        0.107424,
        0.095205,
        0.151968
    ],
    "r2": 851.3498,