{
    "A": 6.57345,
    "B": 1.71625,
    "C": 1.36093,
    "Cv": "17.863",
    "G": -755.839511,
    "H": -755.80352,
    "P": 1.0,
    "S": 0.00012071440550047709,
    "T": 298.15,
    "U": -755.804464,
    "U0": -755.80969,
    "alpha": 39.013,
    "alpha_xx": 84.734,
    "alpha_xy": -2.924,
    "alpha_xz": 55.979,
    "alpha_yy": 0.0,
    "alpha_yz": 0.0,
    "alpha_zz": 32.305,
    "bo": [],
    "coords": [
        1.101841,
        -0.118996,
        0.04931,
        2.828224,
        -0.047107,
        0.050887,
        3.396149,
        1.142719,
        0.050043,
        4.721142,
        1.076216,
        0.051247,
        5.437476,
        -0.048882,
        0.053068,
        4.783746,
        -1.192748,
        0.05371,
        3.464468,
        -1.219074,
        0.052676,
        5.276854,
        2.006172,
        0.05066
    ],
    "e ne": -2443.669901487,
    "e_disp": -0.003745572100001482,
    "e_k": 752.9233253646,
    "e_nn": 330.4606148981,
    "et": [
        -755.85125843
    ],
    "fc": [
        0.1466,
        0.7628,
        0.332,
        2.321,
        0.9073,
        3.2219,
        3.9922,
        3.5962,
        6.5707,
        0.8854,
        8.0176,
        4.0611,
        6.1894,
        5.7397,
        2.1068,
        15.0285,
        6.0322,
        6.5061
    ],
    "id": "AG7_41357",
    "ir": [
        0.0068,
        0.401,
        10.2763,
        7.1368,
        1.2384,
        5.4106,
        58.4312,
        9.1194,
        49.0772,
        0.6177,
        6.3012,
        5.5701,
        146.8603,
        8.9266,
        129.2393,
        261.5902,
        52.9675,
        6.4907
    ],
    "m_a": [
        34.96885,
        12.0,
        14.00307,
        12.0,
        14.00307,
        14.00307,
        14.00307,
        1.00783
    ],
    "mr": [
        15.0333,
        12.4764,
        5.2835,
        20.2814,
        5.7911,
        11.3836,
        10.5123,
        8.6384,
        13.0294,
        1.4874,
        13.1963,
        5.2315,
        7.1188,
        6.058,
        1.8625,
        11.3931,
        4.3128,
        1.094
    ],
    "mu": 2.3021311821874963,
    "mu_x": 0.2446,
    "mu_xx=": -0.7623,
    "mu_xxx=": 27.644,
    "mu_xxy=": 11.0428,
    "mu_xxz=": 0.0001,
    "mu_xy=": -5.4046,
    "mu_xyy=": -3.448,
    "mu_xyz=": -0.0006,
    "mu_xz=": 0.0003,
    "mu_xzz=": 0.9717,
    "mu_y": 2.2891,
    "mu_yy=": -2.1193,
    "mu_yyy=": 8.62,
    "mu_yyz=": 0.0004,
    "mu_yz=": 0.0002,
    "mu_yzz=": -0.6133,
    "mu_z": -0.0001,
    "mu_zz=": 2.8815,
    "mu_zzz=": 0.0001,
    "na": 8,
    "ne": 58,
    "ne_down": 29,
    "ne_up": 29,
    "ni": 7,
    "oemga": [
        128.6611,
        322.124,
        326.5656,
        440.7238,
        515.6735,
        693.0945,
        802.8481,
        840.5764,
        925.165,
        1005.1154,
        1015.4774,
        1147.8484,
        1214.7768,
        1268.1044,
        1385.6199,
        1496.2762,
        1540.7518,
        3177.0507
    ],
    "oemga0": 3177.0507,
    "qa": [
        -0.030982,
        0.17327,
        -0.147545,
        0.058699,
        -0.111465,
        0.012065,
        -0.096868,
        0.142826
    ],
    "r2": 774.5742,
    "rn": [
        0.0,
        0.0,
        0.25,
        0.0,
        0.0,
        -0.33,
        0.0,
        0.0,
        -0.47,
        0.0,
        0.0,
        0.03,
        0.0,
        0.0,
        0.6,
        0.0,
        0.0,
        0.02,
        0.0,
        0.0,
        -0.5,
        0.0,
        0.0,
        0.03,
        0.04,
        0.31,
        0.0,
        0.01,
        -0.43,
        0.0,
        0.2,
        -0.34,
        0.0,
        0.23,
        0.03,
        0.0,
        -0.04,
        0.17,
        0.0,
        -0.3,
        0.04,
        0.0,
        -0.2,
        -0.32,
        0.0,
        0.45,
        0.18,
        0.0,
        0.0,
        0.0,
        0.0,
        0.0,
        0.0,
        -0.01,
        0.0,
        0.0,
        0.31,
        0.0,
        0.0,
        -0.27,
        0.0,
        0.0,
        0.01,
        0.0,
        0.0,
        0.29,
        0.0,
        0.0,
        -0.29,
        0.0,
        0.0,
        -0.81,
        0.6,
        -0.03,
        0.0,
        0.01,
        0.06,
        0.0,
        -0.29,
        -0.1,
        0.0,
        -0.36,
        -0.07,
        0.0,
        -0.44,
        -0.03,
        0.0,
        -0.27,
        0.08,
        0.0,
        -0.18,
        0.14,
        0.0,
        -0.28,
        -0.02,
        0.0,
        0.0,
        0.0,
        -0.06,
        0.0,
        0.0,
        0.47,
        0.0,
        0.0,
        -0.04,
        0.0,
        0.0,
        -0.17,
        0.0,
        0.0,
        0.27,
        0.0,
        0.0,
        -0.26,
        0.0,
        0.0,
        -0.01,
        0.0,
        0.0,
        -0.77,
        0.04,
        0.03,
        0.0,
        -0.05,
        0.13,
        0.0,
        0.31,
        0.38,
        0.0,
        0.3,
        -0.25,
        0.0,
        0.03,
        -0.23,
        0.0,
        -0.33,
        -0.31,
        0.0,
        -0.33,
        0.21,
        0.0,
        0.07,
        -0.42,
        0.0,
        0.13,
        0.0,
        0.0,
        -0.38,
        -0.04,
        0.0,
        -0.14,
        0.29,
        0.0,
        -0.12,
        0.35,
        0.0,
        0.39,
        0.04,
        0.0,
        -0.08,
        -0.21,
        0.0,
        -0.02,
        -0.38,
        0.0,
        -0.48,
        0.13,
        0.0,
        0.0,
        0.0,
        -0.02,
        0.0,
        0.0,
        0.48,
        0.0,
        0.0,
        -0.29,
        0.0,
        0.0,
        0.21,
        0.0,
        0.0,
        -0.27,
        0.0,
        0.0,
        0.29,
        0.0,
        0.0,
        -0.33,
        0.0,
        0.0,
        0.61,
        0.02,
        0.02,
        0.0,
        0.0,
        0.32,
        0.0,
        0.26,
        -0.06,
        0.0,
        -0.24,
        -0.13,
        0.0,
        -0.17,
        0.39,
        0.0,
        0.45,
        -0.33,
        0.0,
        -0.39,
        -0.23,
        0.0,
        0.17,
        0.15,
        0.0,
        0.0,
        0.0,
        0.0,
        0.0,
        0.0,
        -0.03,
        0.0,
        0.0,
        -0.03,
        0.0,
        0.0,
        0.2,
        0.0,
        0.0,
        -0.05,
        0.0,
        0.0,
        0.0,
        0.0,
        0.0,
        0.0,
        0.0,
        0.0,
        -0.98,
        0.03,
        0.01,
        0.0,
        -0.17,
        0.01,
        0.0,
        -0.19,
        -0.42,
        0.0,
        -0.01,
        -0.12,
        0.0,
        0.58,
        0.04,
        0.0,
        0.11,
        0.05,
        0.0,
        -0.4,
        0.42,
        0.0,
        -0.13,
        -0.2,
        0.0,
        0.01,
        0.0,
        0.0,
        -0.05,
        0.0,
        0.0,
        0.02,
        0.15,
        0.0,
        -0.01,
        -0.32,
        0.0,
        0.07,
        0.0,
        0.0,
        0.07,
        0.38,
        0.0,
        -0.09,
        -0.22,
        0.0,
        -0.48,
        -0.65,
        0.0,
        -0.05,
        0.0,
        0.0,
        0.55,
        0.16,
        0.0,
        -0.1,
        -0.01,
        0.0,
        -0.15,
        -0.03,
        0.0,
        0.19,
        0.14,
        0.0,
        -0.27,
        -0.1,
        0.0,
        -0.01,
        -0.11,
        0.0,
        -0.61,
        -0.32,
        0.0,
        -0.01,
        0.01,
        0.0,
        0.2,
        -0.29,
        0.0,
        0.19,
        0.08,
        0.0,
        -0.22,
        0.27,
        0.0,
        -0.02,
        -0.23,
        0.0,
        0.16,
        0.07,
        0.0,
        -0.22,
        0.08,
        0.0,
        -0.76,
        -0.03,
        0.0,
        0.0,
        0.0,
        0.0,
        -0.1,
        -0.06,
        0.0,
        0.1,
        -0.05,
        0.0,
        -0.01,
