{
    "A": 5.98695,
    "B": 1.66107,
    "C": 1.30031,
    "Cv": "21.368",
    "G": -662.380266,
    "H": -662.343397,
    "P": 1.0,
    "S": 0.00012365923193031778,
    "T": 298.15,
    "U": -662.344342,
    "U0": -662.350188,
    "alpha": 50.951666666666675,
    "alpha_xx": 112.79,
    "alpha_xy": 3.586,
    "alpha_xz": 75.077,
    "alpha_yy": 0.001,
    "alpha_yz": 0.002,
    "alpha_zz": 40.064,
    "bo": [],
    "coords": [
        -1.660919,
        0.300641,
        0.158081,
        -1.072146,
        -0.954353,
        0.13483,
        0.246551,
        -1.11491,
        0.007114,
        0.973071,
        -0.008972,
        -0.09752,
        0.379995,
        1.262542,
        -0.074645,
        -0.929089,
        1.413853,
        0.052552,
        2.736571,
        -0.138249,
        -0.270419,
        -2.732479,
        0.417552,
        0.26248,
        -1.667554,
        -1.855925,
        0.22029,
        0.981598,
        2.160305,
        -0.160992,
        2.744401,
        -1.482485,
        -0.231771
    ],
    "e ne": -2214.924191333,
    "e_disp": -0.0058793031000163865,
    "e_k": 659.7093269642,
    "e_nn": 326.9721521548,
    "et": [
        -662.425722361
    ],
    "fc": [
        0.0742,
        0.0408,
        0.2498,
        0.3807,
        1.2025,
        0.7659,
        2.292,
        2.8295,
        1.0669,
        0.6125,
        0.5436,
        0.7439,
        0.8448,
        3.4437,
        2.2935,
        2.4369,
        1.8037,
        4.8597,
        1.5104,
        2.0507,
        2.6567,
        12.0679,
        7.07,
        4.4079,
        6.3814,
        6.3699,
        6.5073
    ],
    "id": "AG7_22843",
    "ir": [
        0.0115,
        17.7963,
        1.9618,
        13.8388,
        2.0247,
        2.4241,
        0.183,
        9.6343,
        3.2174,
        18.3746,
        12.9788,
        0.1556,
        0.0109,
        26.2395,
        15.0163,
        126.3215,
        0.9993,
        6.7409,
        15.1491,
        40.9793,
        29.1651,
        38.0299,
        10.7009,
        1.7,
        12.1124,
        5.7998,
        27.4094
    ],
    "m_a": [
        12.0,
        12.0,
        14.00307,
        12.0,
        12.0,
        14.00307,
        31.97207,
        1.00783,
        1.00783,
        1.00783,
        1.00783
    ],
    "mr": [
        4.7408,
        1.0552,
        5.5479,
        3.702,
        11.2879,
        5.3612,
        9.7331,
        8.0001,
        3.013,
        1.4091,
        1.1422,
        1.3865,
        1.4548,
        5.5735,
        3.3722,
        3.0596,
        2.1501,
        5.5077,
        1.4691,
        1.7154,
        2.0216,
        8.3913,
        4.6968,
        1.038,
        1.091,
        1.0883,
        1.0971
    ],
    "mu": 0.9846898039484313,
    "mu_x": 0.3256,
    "mu_xx=": 2.9908,
    "mu_xxx=": 5.7308,
    "mu_xxy=": 18.4396,
    "mu_xxz=": 0.0082,
    "mu_xy=": 3.1812,
    "mu_xyy=": -6.9698,
    "mu_xyz=": -0.0054,
    "mu_xz=": -0.0014,
    "mu_xzz=": 0.9715,
    "mu_y": 0.9293,
    "mu_yy=": -0.5633,
    "mu_yyy=": 1.9553,
    "mu_yyz=": -0.0009,
    "mu_yz=": 0.0026,
    "mu_yzz=": 0.1701,
    "mu_z": 0.0004,
    "mu_zz=": -2.4275,
    "mu_zzz=": 0.0,
    "na": 11,
    "ne": 58,
    "ne_down": 29,
    "ne_up": 29,
    "ni": 7,
    "oemga": [
        163.0052,
        256.1688,
        276.4504,
        417.7928,
        425.2121,
        492.4065,
        632.1971,
        774.7827,
        775.249,
        858.9404,
        898.785,
        954.2733,
        992.792,
        1024.0577,
        1074.3976,
        1162.6778,
        1193.2347,
        1223.7501,
        1321.0107,
        1424.4258,
        1493.4737,
        1562.3397,
        1598.4035,
        2684.6303,
        3150.8338,
        3151.8329,
        3172.8466
    ],
    "oemga0": 3172.8466,
    "qa": [
        -0.060646,
        -0.051759,
        -0.175498,
        0.074113,
        -0.059973,
        -0.146835,
        -0.077789,
        0.129722,
        0.130759,
        0.129361,
        0.108544
    ],
    "r2": 855.1944,