{
    "A": 6.20643,
    "B": 2.69998,
    "C": 1.90354,
    "Cv": "18.733",
    "G": -319.515314,
    "H": -319.480376,
    "P": 1.0,
    "S": 0.00011718262619490531,
    "T": 298.15,
    "U": -319.48132,
    "U0": -319.486424,
    "alpha": 39.784,
    "alpha_xx": 80.861,
    "alpha_xy": -4.406,
    "alpha_xz": 67.407,
    "alpha_yy": -0.001,
    "alpha_yz": 0.004,
    "alpha_zz": 38.492,
    "bo": [],
    "coords": [
        2.349572,
        -0.041428,
        -4.1e-05,
        0.851655,
        -0.031775,
        0.000105,
        0.111924,
        1.161223,
        -9e-06,
        -1.210184,
        1.17818,
        -9e-05,
        -1.861443,
        0.015016,
        2.9e-05,
        -1.135331,
        -1.09465,
        0.000343,
        0.198877,
        -1.186399,
        0.000239,
        2.740944,
        0.475621,
        0.878561,
        2.712264,
        -1.066276,
        -1e-06,
        2.740794,
        0.4755,
        -0.878782,
        0.598318,
        2.129842,
        -0.000101,
        -1.694224,
        -2.022893,
        0.000134
    ],
    "e ne": -1300.14967736,
    "e_disp": -0.005678572400029225,
    "e_k": 317.6366587612,
    "e_nn": 278.2992699577,
    "et": [
        -319.57757659
    ],
    "fc": [
        0.0019,
        0.0732,
        0.1963,
        0.3548,
        0.4355,
        1.067,
        2.6572,
        1.5039,
        2.5413,
        0.66,
        1.1315,
        0.816,
        2.5554,
        1.1227,
        2.4071,
        3.3443,
        2.881,
        5.405,
        1.3669,
        1.5227,
        1.7097,
        2.1668,
        1.3511,
        6.7061,
        8.5236,
        5.6194,
        6.1494,
        6.3669,
        6.415,
        6.4623
    ],
    "id": "AG7_23530",
    "ir": [
        0.2235,
        1.9658,
        0.2682,
        22.1298,
        1.4226,
        3.2415,
        1.4634,
        1.4007,
        2.1543,
        2.8932,
        24.861,
        0.0058,
        0.7371,
        4.9311,
        18.0302,
        6.7964,
        5.6823,
        36.1695,
        3.445,
        11.3677,
        21.5653,
        4.5881,
        7.075,
        34.2395,
        64.0286,
        4.6308,
        7.3379,
        5.536,
        13.0431,
        12.8224
    ],
    "m_a": [
        12.0,
        12.0,
        12.0,
        14.00307,
        14.00307,
        12.0,
        14.00307,
        1.00783,
        1.00783,
        1.00783,
        1.00783,
        1.00783
    ],
    "mr": [
        1.0477,
        3.9488,
        2.7321,
        4.3443,
        3.165,
        5.6874,
        9.5055,
        3.9739,
        5.8334,
        1.3226,
        2.0056,
        1.389,
        4.1117,
        1.6796,
        3.5427,
        4.1521,
        3.0878,
        5.2996,
        1.2968,
        1.2974,
        1.3494,
        1.6863,
        1.0433,
        4.6279,
        5.7025,
        1.038,
        1.0995,
        1.1006,
        1.092,
        1.0922
    ],
    "mu": 3.343334978730071,
    "mu_x": -3.3426,
    "mu_xx=": -1.36,
    "mu_xxx=": -22.6874,
    "mu_xxy=": -7.4619,
    "mu_xxz=": -0.0009,
    "mu_xy=": -6.1761,
    "mu_xyy=": 0.365,
    "mu_xyz=": -0.0006,
    "mu_xz=": -0.0011,
    "mu_xzz=": -0.3825,
    "mu_y": -0.0701,
    "mu_yy=": 0.0987,
    "mu_yyy=": 0.139,
    "mu_yyz=": 0.0005,
    "mu_yz=": -0.0007,
    "mu_yzz=": 0.4372,
    "mu_z": -0.0001,
    "mu_zz=": 1.2613,
    "mu_zzz=": 0.0006,
    "na": 12,
    "ne": 50,
    "ne_down": 25,
    "ne_up": 25,
    "ni": 7,
    "oemga": [
        -55.3969,
        177.3984,
        349.2002,
        372.2971,
        483.2883,
        564.2916,
        688.8148,
        801.4459,
        859.886,
        920.275,
        978.5472,
        998.5165,
        1027.0591,
        1065.1214,
        1073.879,
        1169.2224,
        1258.4124,
        1315.6837,
        1337.5504,
        1411.4004,
        1466.4698,
        1476.7578,
        1482.518,
        1568.2543,
        1592.7838,
        3031.2481,
        3081.0403,
        3133.4252,
        3157.6505,
        3169.0081
    ],
    "oemga0": 3169.0081,
    "qa": [
        -0.281093,
        0.117684,
        -0.093384,
        -0.090475,
        -0.102399,
        0.019598,
        -0.161323,
        0.108708,
        0.114955,
        0.10871,
        0.132501,
        0.126518
    ],
    "r2": 636.7758,