{
    "A": 3.17059,
    "B": 1.95561,
    "C": 1.33891,
    "Cv": "23.093",
    "G": -678.370205,
    "H": -678.330299,
    "P": 1.0,
    "S": 0.00013384537984265392,
    "T": 298.15,
    "U": -678.331243,
    "U0": -678.338198,
    "alpha": 47.467666666666666,
    "alpha_xx": 91.383,
    "alpha_xy": 8.219,
    "alpha_xz": 88.977,
    "alpha_yy": -1.873,
    "alpha_yz": 0.51,
    "alpha_zz": 52.893,
    "bo": [],
    "coords": [
        -0.579498,
        -1.596159,
        -0.124296,
        -1.481363,
        -0.605198,
        -0.037198,
        -1.370269,
        0.669383,
        -0.098377,
        -0.236561,
        1.517117,
        0.082809,
        0.955963,
        1.066443,
        0.40575,
        1.971074,
        0.689205,
        0.695179,
        0.563003,
        -1.808818,
        -1.298847,
        -0.735117,
        -2.377303,
        0.62019,
        -2.28777,
        1.230369,
        -0.26543,
        -0.30936,
        2.590461,
        0.01292
    ],
    "e ne": -2229.07599873,
    "e_disp": -0.007541640300019026,
    "e_k": 675.667134668,
    "e_nn": 315.0411036131,
    "et": [
        -678.400881618
    ],
    "fc": [
        0.0558,
        0.0391,
        0.092,
        0.1292,
        0.2791,
        0.829,
        0.2929,
        0.5028,
        1.7858,
        2.4218,
        2.1956,
        0.8051,
        1.0423,
        1.3135,
        2.1485,
        1.5102,
        1.4516,
        2.2984,
        2.0608,
        15.855,
        39.412,
        6.0218,
        6.1728,
        6.6574
    ],
    "id": "AG7_29836",
    "ir": [
        2.1042,
        2.1488,
        3.1514,
        9.5135,
        3.568,
        22.7849,
        22.4079,
        24.7967,
        23.5374,
        57.4626,
        8.7285,
        20.7453,
        27.584,
        15.3893,
        68.7972,
        68.183,
        62.3272,
        131.2353,
        73.8475,
        380.2657,
        332.4172,
        22.7334,
        21.9001,
        5.9983
    ],
    "m_a": [
        12.0,
        14.00307,
        12.0,
        12.0,
        14.00307,
        14.00307,
        31.97207,
        1.00783,
        1.00783,
        1.00783
    ],
    "mr": [
        12.1527,
        5.9147,
        7.1306,
        3.4576,
        3.8203,
        7.1747,
        1.7456,
        2.8787,
        8.3788,
        6.313,
        4.6883,
        1.6785,
        1.9638,
        2.2869,
        2.8022,
        1.6946,
        1.3247,
        1.9589,
        1.6421,
        9.5149,
        13.4857,
        1.0851,
        1.0872,
        1.0885
    ],
    "mu": 4.655289392723078,
    "mu_x": 4.4328,
    "mu_xx=": 1.9435,
    "mu_xxx=": 29.6365,
    "mu_xxy=": 5.2979,
    "mu_xxz=": -3.4918,
    "mu_xy=": 0.2134,
    "mu_xyy=": 7.9285,
    "mu_xyz=": -2.7707,
    "mu_xz=": -3.9651,
    "mu_xzz=": 0.4083,
    "mu_y": 1.3995,
    "mu_yy=": -1.9993,
    "mu_yyy=": 3.1514,
    "mu_yyz=": -6.66,
    "mu_yz=": -0.7061,
    "mu_yzz=": 0.0952,
    "mu_z": 0.2518,
    "mu_zz=": 0.0557,
    "mu_zzz=": 5.1446,
    "na": 10,
    "ne": 58,
    "ne_down": 29,
    "ne_up": 29,
    "ni": 7,
    "oemga": [
        88.2909,
        105.9167,
        147.9544,
        251.8838,
        352.1567,
        442.8466,
        533.6723,
        544.4848,
        601.4427,
        806.9105,
        891.5499,
        902.2927,
        949.1114,
        987.3372,
        1140.753,
        1229.8761,
        1363.7374,
        1411.1595,
        1459.4329,
        1681.7321,
        2227.1634,
        3069.0837,
        3104.2532,
        3221.8495
    ],
    "oemga0": 3221.8495,
    "qa": [
        -0.07515,
        -0.131786,
        0.006403,
        -0.162728,
        0.167527,
        0.006885,
        -0.245078,
        0.137633,
        0.144276,
        0.152018
    ],
    "r2": 853.8653,
    "rn": [
        0.06,
        -0.19,
        0.03,
        0.04,
        -0.21,
        -0.06,
        0.03,
        -0.06,
        -0.03,
        0.15,
        0.03,
        0.01,
        0.27,
        0.04,
        0.08,
        0.4,
        0.05,
        0.15,
        -0.42,
        0.14,
        -0.08,
        0.43,
        -0.38,
        0.21,
        -0.07,
        -0.02,
        -0.04,
        0.14,
        0.11,
        0.01,
        0.11,
        -0.16,
        0.11,
        0.08,
        -0.09,
        0.23,
        -0.04,
        -0.03,
        -0.03,
        -0.13,
        -0.05,
        -0.3,
        -0.06,
        0.04,
        -0.02,
        -0.11,
        0.16,
        0.29,
        0.07,
        0.05,
        -0.12,
        0.17,
        -0.37,
        0.15,
        -0.1,
        0.0,
        -0.01,
        -0.26,
        -0.14,
        -0.59,
        -0.2,
        0.19,
        0.01,
        -0.09,
        0.12,
        0.12,
        -0.13,
        -0.07,
        0.01,
        -0.23,
        -0.14,
        -0.09,
        0.01,
        -0.14,
        0.02,
        0.44,
        -0.19,
        0.06,
        0.08,
        0.1,
        -0.04,
        -0.46,
        0.3,
        -0.12,
        -0.05,
        -0.13,
        -0.06,
        -0.32,
        -0.13,
        -0.27,
        0.22,
        -0.14,
        0.08,
        -0.09,
        0.09,
        -0.13,
        -0.08,
        0.06,
        -0.08,
        -0.11,
        -0.02,
        0.11,
        -0.13,
        -0.02,
        0.09,
        0.06,
        -0.1,
        -0.04,
        0.05,
        0.06,
        -0.02,
        0.65,
        -0.47,
        0.31,
        -0.04,
        0.02,
        -0.16,
        -0.08,
        -0.07,
        0.16,
        0.09,
        0.0,
        -0.16,
        0.03,
        0.13,
        -0.06,
        0.16,
        0.14,
        0.24,
        -0.09,
        -0.03,
        -0.09,
        -0.13,
        -0.01,
        -0.06,
        0.09,
        0.0,
        0.07,
        -0.07,
        -0.09,
        0.02,
        0.21,
        -0.09,
        -0.09,
        0.41,
        0.19,
        0.64,
        -0.14,
        -0.15,
        -0.24,
        -0.03,
        -0.04,
        0.06,
        -0.27,
        0.16,
        -0.18,
        -0.1,
        -0.08,
        0.2,
        0.03,
        -0.07,
        -0.05,
        0.39,
        -0.17,
        -0.21,
        -0.16,
        0.02,
        0.13,
        0.05,
        0.07,
        0.02,
        0.27,
        -0.25,
        0.21,
        0.14,
        -0.09,
        0.44,
        -0.06,
        0.34,
        -0.07,
        0.02,
        0.0,
        -0.03,
        0.0,
        0.05,
        0.02,
        0.0,
        0.02,
        0.01,
        0.0,
        0.0,
        0.03,
        0.12,
        0.03,
        0.15,
        -0.06,
        -0.04,
        -0.09,
        -0.02,
        -0.02,
        -0.01,
        0.01,
        -0.03,
        -0.03,
        -0.03,
        -0.02,
        -0.13,
        -0.41,
        -0.19,
        -0.85,
        -0.05,
        -0.01,
        0.05,
        -0.02,
        -0.1,
        -0.09,
        0.02,
        -0.01,
        0.03,
        0.12,
        0.06,
        0.21,
        -0.14,
        -0.03,
        -0.19,
        0.05,
        0.04,
        0.08,
        0.03,
        0.03,
        0.01,
        -0.04,
        0.07,
        0.04,
        -0.1,
        -0.01,
        -0.1,
        -0.34,
        -0.24,
        -0.8,
        0.17,
        0.04,
        -0.11,
        0.08,
        0.34,
        0.33,
        -0.11,
        0.04,
        -0.23,
        0.04,
        0.07,
        0.26,
        0.07,
        -0.17,
        -0.25,
        -0.02,
        -0.02,
        0.14,
        -0.1,
        -0.12,
        -0.05,
        0.06,
        -0.19,
        -0.15,
        -0.07,
        -0.1,
        -0.56,
        -0.04,
        0.17,
        0.12,
        0.02,
        0.02,
        -0.04,
        0.12,
        -0.27,
        -0.05,
        0.01,
        0.42,
        -0.03,
        -0.28,
        0.08,
        0.07,
        0.17,
        -0.17,
        -0.06,
        -0.07,
        -0.13,
        0.08,
