{
    "A": 5.72013,
    "B": 1.56776,
    "C": 1.23051,
    "Cv": "20.915",
    "G": -691.694743,
    "H": -691.658552,
    "P": 1.0,
    "S": 0.00012138520878762612,
    "T": 298.15,
    "U": -691.659496,
    "U0": -691.664977,
    "alpha": 40.66133333333334,
    "alpha_xx": 39.724,
    "alpha_xy": 0.0,
    "alpha_xz": 106.451,
    "alpha_yy": 0.0,
    "alpha_yz": 0.0,
    "alpha_zz": 82.26,
    "bo": [],
    "coords": [
        -2.256724,
        -1e-06,
        4e-06,
        -0.502069,
        0.0,
        2e-06,
        0.178185,
        1.210375,
        1e-06,
        1.568586,
        1.202569,
        -1e-06,
        2.266472,
        0.0,
        -2e-06,
        1.568586,
        -1.202568,
        -2e-06,
        0.178186,
        -1.210375,
        1e-06,
        -0.372713,
        2.139812,
        2e-06,
        2.104369,
        2.142608,
        -2e-06,
        3.34808,
        1e-06,
        -4e-06,
        2.10437,
        -2.142608,
        -3e-06,
        -0.372712,
        -2.139813,
        1e-06
    ],
    "e ne": -2262.148538782,
    "e_disp": -0.00706457239999736,
    "e_k": 689.1181813362,
    "e_nn": 315.7396579366,
    "et": [
        -691.755885432
    ],
    "fc": [
        0.1068,
        0.3079,
        1.1998,
        0.3015,
        0.436,
        1.5095,
        0.6479,
        2.0488,
        0.5202,
        0.5287,
        0.7066,
        0.7817,
        0.7768,
        3.8286,
        2.0059,
        1.9149,
        1.1425,
        0.9526,
        0.986,
        4.2813,
        1.5864,
        2.7269,
        2.773,
        8.1784,
        8.9399,
        6.4124,
        6.4711,
        6.5506,
        6.5947,
        6.6193
    ],
    "id": "AG7_10748",
    "ir": [
        0.1011,
        0.1118,
        4.6462,
        0.0,
        7.7756,
        0.2463,
        23.5159,
        24.9524,
        52.5015,
        0.0,
        2.9284,
        0.0,
        0.1276,
        2.2205,
        19.6663,
        39.7538,
        4.5312,
        0.1007,
        0.0478,
        0.0515,
        0.5433,
        5.9439,
        42.9836,
        23.067,
        2.9764,
        0.0687,
        9.2267,
        14.4979,
        6.6618,
        1.257
    ],
    "m_a": [
        34.96885,
        12.0,
        12.0,
        12.0,
        12.0,
        12.0,
        12.0,
        1.00783,
        1.00783,
        1.00783,
        1.00783,
        1.00783
    ],
    "mr": [
        5.1298,
        5.8003,
        11.8309,
        2.9213,
        3.1735,
        6.4771,
        2.1947,
        6.8944,
        1.5198,
        1.2469,
        1.3874,
        1.3635,
        1.2973,
        6.2422,
        3.107,
        2.6829,
        1.5934,
        1.1357,
        1.1453,
        4.185,
        1.4748,
        2.109,
        2.0514,
        5.2652,
        5.7377,
        1.0858,
        1.0894,
        1.0935,
        1.0937,
        1.0961
    ],
    "mu": 1.7824,
    "mu_x": 0.0,
    "mu_xx=": -4.3509,
    "mu_xxx=": 0.0,
    "mu_xxy=": 6.7706,
    "mu_xxz=": 0.0,
    "mu_xy=": 0.0,
    "mu_xyy=": 0.0,
    "mu_xyz=": 0.0,
    "mu_xz=": 0.0,
    "mu_xzz=": 0.0,
    "mu_y": -1.7824,
    "mu_yy=": 0.3136,
    "mu_yyy=": -3.4457,
    "mu_yyz=": 0.0,
    "mu_yz=": 0.0,
    "mu_yzz=": -0.6791,
    "mu_z": 0.0,
    "mu_zz=": 4.0373,
    "mu_zzz=": 0.0,
    "na": 12,
    "ne": 58,
    "ne_down": 29,
    "ne_up": 29,
    "ni": 7,
    "oemga": [
        188.002,
        300.1839,
        414.8795,
        418.5277,
        482.8974,
        628.9362,
        707.8226,
        710.188,
        762.2163,
        848.326,
        929.7617,
        986.4025,
        1008.1059,
        1020.3036,
        1046.8037,
        1100.6386,
        1103.156,
        1193.1132,
        1208.8001,
        1317.6894,
        1351.1801,
        1481.3763,
        1514.7143,
        1623.6865,
        1626.1922,
        3165.9239,
        3175.274,
        3188.6582,
        3199.1084,
        3201.4887
    ],
    "oemga0": 3201.4887,
    "qa": [
        -0.128532,
        0.076997,
        -0.116132,
        -0.089778,
        -0.113161,
        -0.089778,
        -0.116132,
        0.121359,
        0.111379,
        0.111041,
        0.111379,
        0.121359
    ],
    "r2": 898.3641,