{
    "A": 6.2155,
    "B": 2.79687,
    "C": 1.9289,
    "Cv": "19.135",
    "G": -339.452834,
    "H": -339.41808,
    "P": 1.0,
    "S": 0.00011656548717095698,
    "T": 298.15,
    "U": -339.419024,
    "U0": -339.424094,
    "alpha": 35.69366666666667,
    "alpha_xx": 74.882,
    "alpha_xy": -0.13,
    "alpha_xz": 67.777,
    "alpha_yy": 0.001,
    "alpha_yz": 0.0,
    "alpha_zz": 32.198,
    "bo": [],
    "coords": [
        0.16825,
        -1.100185,
        0.24305,
        -1.19677,
        -0.90714,
        0.189248,
        -1.759607,
        0.280885,
        -0.076455,
        -0.912118,
        1.278284,
        -0.288467,
        0.42128,
        1.216804,
        -0.263804,
        0.95074,
        0.030556,
        0.001246,
        2.289313,
        -0.069253,
        0.034521,
        0.615389,
        -2.059106,
        0.457302,
        -1.876334,
        -1.733425,
        0.365159,
        -1.341044,
        2.250099,
        -0.505522,
        2.6409,
        0.81248,
        -0.156279
    ],
    "e ne": -1351.183354226,
    "e_disp": -0.004985793999992438,
    "e_k": 337.5106130749,
    "e_nn": 279.3487023952,
    "et": [
        -339.505817836
    ],
    "fc": [
        0.1858,
        0.2777,
        0.4519,
        0.2266,
        1.5354,
        0.3735,
        2.2488,
        1.4202,
        0.6954,
        2.5895,
        0.8101,
        5.8684,
        0.9007,
        1.1316,
        1.4641,
        1.6994,
        3.6084,
        3.2778,
        1.4858,
        3.0076,
        3.2843,
        8.4275,
        9.1303,
        6.3815,
        6.4207,
        6.6506,
        8.7813
    ],
    "id": "AG7_11737",
    "ir": [
        0.3872,
        0.0006,
        13.8443,
        94.4042,
        2.8611,
        19.4017,
        6.3988,
        9.921,
        31.2914,
        31.1193,
        0.2911,
        16.3123,
        0.106,
        1.1439,
        123.8843,
        32.0671,
        83.4363,
        34.4458,
        5.3148,
        52.2847,
        116.329,
        217.3124,
        147.0733,
        22.0789,
        14.1798,
        2.2136,
        82.922
    ],
    "m_a": [
        12.0,
        12.0,
        14.00307,
        12.0,
        14.00307,
        12.0,
        15.99491,
        1.00783,
        1.00783,
        1.00783,
        1.00783
    ],
    "mr": [
        7.136,
        3.0918,
        4.312,
        1.3838,
        8.2729,
        1.8154,
        7.9598,
        3.7653,
        1.6084,
        5.6363,
        1.4082,
        9.865,
        1.4571,
        1.6291,
        1.8389,
        1.9912,
        3.6957,
        3.0827,
        1.322,
        2.4931,
        2.4492,
        5.4927,
        5.7598,
        1.0899,
        1.0925,
        1.0947,
        1.0642
    ],
    "mu": 1.3344925215226948,
    "mu_x": 1.2007,
    "mu_xx=": -2.458,
    "mu_xxx=": 29.2964,
    "mu_xxy=": -8.7532,
    "mu_xxz=": 0.0007,
    "mu_xy=": -2.6845,
    "mu_xyy=": -2.7499,
    "mu_xyz=": 0.0007,
    "mu_xz=": 0.0004,
    "mu_xzz=": 3.3462,
    "mu_y": 0.5824,
    "mu_yy=": 3.8147,
    "mu_yyy=": 5.3023,
    "mu_yyz=": 0.0,
    "mu_yz=": 0.0003,
    "mu_yzz=": -1.4147,
    "mu_z": 0.0002,
    "mu_zz=": -1.3566,
    "mu_zzz=": -0.0003,
    "na": 11,
    "ne": 50,
    "ne_down": 25,
    "ne_up": 25,
    "ni": 7,
    "oemga": [
        210.2291,
        390.4395,
        421.7393,
        527.2169,
        561.2484,
        590.9465,
        692.4625,
        800.1275,
        856.615,
        883.0602,
        988.1484,
        1004.8107,
        1024.2855,
        1085.7675,
        1162.4798,
        1203.56,
        1287.3162,
        1343.3718,
        1381.1639,
        1430.9224,
        1508.6465,
        1613.7291,
        1640.2641,
        3152.3725,
        3158.266,
        3211.1749,
        3742.3968
    ],
    "oemga0": 3742.3968,
    "qa": [
        -0.166562,
        -0.042744,
        -0.193063,
        0.042048,
        -0.219753,
        0.234015,
        -0.253073,
        0.135135,
        0.132649,
        0.116942,
        0.214405
    ],
    "r2": 603.0864,