{
    "A": 6.11075,
    "B": 1.65072,
    "C": 1.29965,
    "Cv": "19.026",
    "G": -723.793316,
    "H": -723.757431,
    "P": 1.0,
    "S": 0.00012035887975853596,
    "T": 298.15,
    "U": -723.758375,
    "U0": -723.763631,
    "alpha": 45.041333333333334,
    "alpha_xx": 98.894,
    "alpha_xy": -5.029,
    "alpha_xz": 67.639,
    "alpha_yy": 0.0,
    "alpha_yz": 0.0,
    "alpha_zz": 36.23,
    "bo": [],
    "coords": [
        2.208393,
        -0.022826,
        4e-06,
        0.457515,
        -0.032068,
        1.4e-05,
        -0.227067,
        1.186091,
        3e-06,
        -1.552474,
        1.214037,
        -1e-05,
        -2.184978,
        0.038111,
        -1.3e-05,
        -1.487841,
        -1.161007,
        -6e-06,
        -0.152313,
        -1.194501,
        5e-06,
        0.306487,
        2.127706,
        1e-05,
        -3.267843,
        0.057158,
        -2.8e-05,
        -2.002015,
        -2.114491,
        -1e-05
    ],
    "e ne": -2354.041496948,
    "e_disp": -0.005360336199998983,
    "e_k": 721.0482871213,
    "e_nn": 323.5387861965,
    "et": [
        -723.830589626
    ],
    "fc": [
        0.0812,
        0.4326,
        1.6082,
        0.3901,
        0.7947,
        2.2694,
        1.0865,
        2.8838,
        0.6203,
        0.7424,
        0.8687,
        3.5343,
        2.4149,
        2.2534,
        1.6932,
        6.447,
        1.4702,
        2.0828,
        2.6292,
        13.6343,
        7.3108,
        6.3902,
        6.4944,
        6.5293
    ],
    "id": "AG7_15835",
    "ir": [
        0.0284,
        0.0501,
        10.8744,
        14.6026,
        3.4968,
        0.2004,
        3.3794,
        23.3247,
        20.4243,
        0.3274,
        0.0176,
        35.6484,
        17.8255,
        146.8975,
        4.5529,
        2.9533,
        6.0192,
        55.5624,
        28.6038,
        29.8308,
        2.2419,
        1.1992,
        31.8451,
        1.3556
    ],
    "m_a": [
        34.96885,
        12.0,
        12.0,
        14.00307,
        12.0,
        12.0,
        14.00307,
        1.00783,
        1.00783,
        1.00783
    ],
    "mr": [
        4.7798,
        7.8374,
        15.1473,
        3.6658,
        5.4687,
        9.7453,
        3.0978,
        8.187,
        1.3936,
        1.3632,
        1.4773,
        5.7031,
        3.559,
        2.891,
        2.0258,
        7.296,
        1.4372,
        1.7523,
        2.0116,
        9.4133,
        4.8743,
        1.088,
        1.0939,
        1.0963
    ],
    "mu": 1.535972922938422,
    "mu_x": 1.5331,
    "mu_xx=": 2.4265,
    "mu_xxx=": 3.9368,
    "mu_xxy=": -10.5272,
    "mu_xxz=": 0.0002,
    "mu_xy=": -5.864,
    "mu_xyy=": -4.2882,
    "mu_xyz=": -0.0001,
    "mu_xz=": 0.0,
    "mu_xzz=": -3.6903,
    "mu_y": -0.0939,
    "mu_yy=": -1.6125,
    "mu_yyy=": -0.4895,
    "mu_yyz=": 0.0,
    "mu_yz=": -0.0001,
    "mu_yzz=": -0.0516,
    "mu_z": 0.0,
    "mu_zz=": -0.814,
    "mu_zzz=": 0.0,
    "na": 10,
    "ne": 58,
    "ne_down": 29,
    "ne_up": 29,
    "ni": 7,
    "oemga": [
        169.8518,
        306.0733,
        424.495,
        424.9772,
        496.6175,
        628.6782,
        771.5542,
        773.1996,
        869.1779,
        961.3969,
        999.0052,
        1025.5871,
        1073.158,
        1150.1913,
        1191.0556,
        1224.6481,
        1317.6669,
        1420.3459,
        1489.4243,
        1567.9099,
        1595.5254,
        3157.3395,
        3174.3495,
        3179.3388
    ],
    "oemga0": 3179.3388,
    "qa": [
        -0.091008,
        0.096091,
        -0.050398,
        -0.143227,
        -0.051137,
        -0.049206,
        -0.128567,
        0.146133,
        0.134919,
        0.136402
    ],
    "r2": 832.3644,
    "rn": [
        0.0,
        0.0,
        0.14,
        0.0,
        0.0,
        -0.23,
        0.0,
        0.0,
        -0.28,
        0.0,
        0.0,
        0.05,
        0.0,
        0.0,
        0.29,
        0.0,
        0.0,
        0.0,
        0.0,
        0.0,
        -0.24,
        0.0,
        0.0,
        -0.5,
        0.0,
        0.0,
        0.68,
        0.0,
        0.0,
        -0.01,
        0.04,
        0.25,
        0.0,
        0.03,
        -0.33,
        0.0,
        -0.18,
        -0.24,
        0.0,
        -0.22,
        0.04,
        0.0,
        -0.04,
        0.13,
        0.0,
        0.17,
        0.0,
        0.0,
        0.14,
        -0.28,
        0.0,
        -0.4,
        -0.37,
        0.0,
        -0.04,
        0.31,
        0.0,
        0.37,
        0.11,
        0.0,
        0.52,
        -0.04,
        0.0,
        0.0,
        0.07,
        0.0,
        -0.16,
        0.11,
        0.0,
        -0.2,
        0.09,
        0.0,
        -0.38,
        -0.02,
        0.0,
        -0.34,
        -0.05,
        0.0,
        -0.28,
        -0.08,
        0.0,
        -0.26,
        0.05,
        0.0,
        -0.38,
        -0.11,
        0.0,
        -0.27,
        -0.01,
        0.0,
        0.0,
        0.0,
        0.02,
        0.0,
        0.0,
        -0.09,
        0.0,
        0.0,
        0.2,
        0.0,
        0.0,
        -0.19,
        0.0,
        0.0,
        -0.01,
        0.0,
        0.0,
        0.26,
        0.0,
        0.0,
        -0.26,
        0.0,
        0.0,
        0.57,
        0.0,
        0.0,
        -0.08,
        0.0,
        0.0,
        0.67,
        0.0,
        0.0,
        -0.04,
        0.0,
        0.0,
        0.45,
        0.0,
        0.0,
        0.06,
        0.0,
        0.0,
        -0.29,
        0.0,
        0.0,
        0.25,
        0.0,
        0.0,
        -0.09,
        0.0,
        0.0,
        -0.14,
        0.0,
        0.0,
        -0.34,
        0.0,
        0.0,
        0.45,
        0.0,
        0.0,
        -0.55,
        -0.06,
        -0.03,
        0.0,
        0.04,
        -0.16,
        0.0,
        0.29,
        -0.14,
        0.0,
        0.34,
        0.38,
        0.0,
        -0.04,
        0.16,
        0.0,
        -0.23,
        0.19,
        0.0,
        -0.26,
        -0.35,
        0.0,
        0.05,
        -0.28,
        0.0,
        -0.04,
        -0.3,
        0.0,
        0.05,
        0.35,
        0.0,
        0.0,
        0.0,
        0.0,
        0.0,
        0.0,
        0.21,
        0.0,
        0.0,
        -0.13,
        0.0,
        0.0,
        0.17,
        0.0,
        0.0,
        -0.14,
        0.0,
        0.0,
        0.18,
        0.0,
        0.0,
        -0.19,
        0.0,
        0.0,
        -0.64,
        0.0,
        0.0,
        -0.63,
        0.0,
        0.0,
        0.11,
        -0.1,
        0.0,
        0.0,
        0.35,
        0.04,
        0.0,
        0.01,
        0.36,
        0.0,
        0.01,
        0.22,
        0.0,
        -0.33,
        -0.08,
        0.0,
        0.12,
        -0.37,
        0.0,
        0.12,
        -0.16,
        0.0,
        -0.14,
        0.27,
        0.0,
        -0.34,
        -0.06,
        0.0,
        0.31,
        -0.28,
        0.0,
        0.0,
        0.0,
        0.01,
        0.0,
        0.0,
        -0.1,
        0.0,
        0.0,
        0.08,
        0.0,
        0.0,
        -0.04,
        0.0,
        0.0,
        0.1,
        0.0,
        0.0,
        0.07,
        0.0,
        0.0,
        0.02,
        0.0,
        0.0,
        -0.33,
        0.0,
        0.0,
        -0.67,
        0.0,
        0.0,
        -0.64,
        0.0,
        0.0,
        0.0,
        0.0,
        0.0,
        -0.04,
        0.0,
        0.0,
        0.16,
        0.0,
        0.0,
        -0.01,
        0.0,
        0.0,
        -0.04,
        0.0,
        0.0,
        -0.06,
        0.0,
        0.0,
        0.01,
        0.0,
        0.0,
        -0.87,
        0.0,
        0.0,
        0.23,
        0.0,
        0.0,
        0.4,
        0.0,
        0.0,
        0.0,
        0.0,
        0.0,
        -0.02,
        0.0,
