{
    "A": 6.02911,
    "B": 2.64379,
    "C": 1.83788,
    "Cv": "20.573",
    "G": -323.385373,
    "H": -323.350236,
    "P": 1.0,
    "S": 0.00011785007546543748,
    "T": 298.15,
    "U": -323.35118,
    "U0": -323.356498,
    "alpha": 37.901,
    "alpha_xx": 79.385,
    "alpha_xy": -1.572,
    "alpha_xz": 75.993,
    "alpha_yy": 0.0,
    "alpha_yz": 0.0,
    "alpha_zz": 34.318,
    "bo": [],
    "coords": [
        -0.434738,
        -1.203996,
        0.00465,
        -1.610472,
        -0.470167,
        -0.024925,
        -1.665795,
        0.864613,
        -0.040054,
        -0.499872,
        1.509828,
        -0.025253,
        0.738275,
        0.881368,
        0.004353,
        0.772325,
        -0.510587,
        0.019736,
        1.924805,
        -1.22763,
        0.048763,
        -0.442169,
        -2.284698,
        0.015928,
        -2.563684,
        -0.987403,
        -0.037149,
        -0.549928,
        2.593385,
        -0.037635,
        1.651152,
        1.465012,
        0.015084,
        2.680103,
        -0.629724,
        0.056501
    ],
    "e ne": -1303.663602946,
    "e_disp": -0.005958701700023994,
    "e_k": 321.5293399737,
    "e_nn": 274.703319985,
    "et": [
        -323.449438631
    ],
    "fc": [
        0.1848,
        0.1611,
        0.1368,
        0.4047,
        1.4382,
        0.4711,
        1.9151,
        0.9953,
        0.6344,
        2.4238,
        0.5858,
        0.7542,
        0.8608,
        4.5107,
        1.2107,
        1.1159,
        1.2237,
        1.2235,
        5.4566,
        3.1088,
        1.3913,
        2.9917,
        3.1711,
        9.088,
        8.6731,
        6.3145,
        6.3532,
        6.4544,
        6.5873,
        9.0831
    ],
    "id": "AG7_09801",
    "ir": [
        0.5095,
        38.5045,
        66.3262,
        9.7165,
        0.2208,
        18.4525,
        0.0557,
        0.0383,
        37.5315,
        46.0002,
        13.6241,
        0.2724,
        0.0641,
        16.2532,
        0.0879,
        4.9416,
        117.9892,
        21.2362,
        79.3402,
        6.0929,
        22.6823,
        25.0439,
        35.079,
        134.8328,
        88.3594,
        20.2631,
        20.5216,
        14.5163,
        4.1702,
        59.8769
    ],
    "m_a": [
        12.0,
        12.0,
        14.00307,
        12.0,
        12.0,
        12.0,
        15.99491,
        1.00783,
        1.00783,
        1.00783,
        1.00783,
        1.00783
    ],
    "mr": [
        6.0772,
        1.753,
        1.4028,
        4.0558,
        8.6577,
        2.7105,
        7.0207,
        2.9875,
        1.5671,
        5.72,
        1.3539,
        1.3481,
        1.4444,
        7.5273,
        1.7632,
        1.5388,
        1.4742,
        1.3431,
        5.4463,
        3.0668,
        1.2305,
        2.3773,
        2.2957,
        5.8416,
        5.4712,
        1.0875,
        1.0902,
        1.0945,
        1.0935,
        1.0659
    ],
    "mu": 2.69286319741646,
    "mu_x": -2.3818,
    "mu_xx=": -3.3376,
    "mu_xxx=": -32.8782,
    "mu_xxy=": 11.6433,
    "mu_xxz=": -0.0004,
    "mu_xy=": -4.3747,
    "mu_xyy=": -2.1698,
    "mu_xyz=": 0.0002,
    "mu_xz=": 0.0002,
    "mu_xzz=": -3.5024,
    "mu_y": 1.2564,
    "mu_yy=": 6.2291,
    "mu_yyy=": 0.3702,
    "mu_yyz=": 0.0002,
    "mu_yz=": -0.0001,
    "mu_yzz=": -0.02,
    "mu_z": 0.0,
    "mu_zz=": -2.8915,
    "mu_zzz=": -0.0003,
    "na": 12,
    "ne": 50,
    "ne_down": 25,
    "ne_up": 25,
    "ni": 7,
    "oemga": [
        227.1837,
        394.8919,
        406.8182,
        411.5457,
        530.9943,
        543.1086,
        680.4265,
        751.9645,
        828.9345,
        848.0568,
        856.9478,
        974.4569,
        1005.7522,
        1008.5007,
        1079.5668,
        1109.4297,
        1186.924,
        1243.4329,
        1304.0261,
        1311.6845,
        1385.3293,
        1461.4836,
        1531.1806,
        1624.9597,
        1640.2956,
        3139.2733,
        3144.925,
        3163.6423,
        3197.5303,
        3803.0792
    ],
    "oemga0": 3803.0792,
    "qa": [
        -0.121033,
        -0.064542,
        -0.17012,
        -0.072638,
        -0.171869,
        0.197791,
        -0.270577,
        0.125231,
        0.119496,
        0.118897,
        0.097156,
        0.212207
    ],
    "r2": 637.812,