{
    "A": 5.92491,
    "B": 2.70079,
    "C": 1.85515,
    "Cv": "18.886",
    "G": -347.424006,
    "H": -347.389366,
    "P": 1.0,
    "S": 0.0001161831292974155,
    "T": 298.15,
    "U": -347.39031,
    "U0": -347.395276,
    "alpha": 35.286,
    "alpha_xx": 73.763,
    "alpha_xy": -2.651,
    "alpha_xz": 69.072,
    "alpha_yy": 0.0,
    "alpha_yz": 0.0,
    "alpha_zz": 32.095,
    "bo": [],
    "coords": [
        2.23375,
        -0.029558,
        5e-06,
        0.891486,
        -0.022178,
        -4e-06,
        0.243278,
        1.207459,
        -1e-06,
        -1.141401,
        1.180401,
        -1e-06,
        -1.797288,
        -0.048545,
        -2e-06,
        -1.029606,
        -1.202489,
        0.0,
        0.309012,
        -1.192397,
        0.0,
        0.809734,
        2.126906,
        0.0,
        -1.702575,
        2.105411,
        1e-06,
        -2.87626,
        -0.10931,
        0.0,
        -1.496209,
        -2.180444,
        1e-06
    ],
    "e ne": -1361.950233249,
    "e_disp": -0.0049933102000068175,
    "e_k": 345.497462681,
    "e_nn": 274.2949079898,
    "et": [
        -347.475878593
    ],
    "fc": [
        0.1597,
        0.388,
        0.8163,
        0.4551,
        1.8952,
        1.7422,
        0.7665,
        0.6901,
        2.8613,
        0.6262,
        0.805,
        4.1568,
        0.8017,
        1.3521,
        1.1603,
        0.954,
        3.5082,
        4.7993,
        1.6788,
        2.9006,
        3.0597,
        9.2912,
        9.6752,
        6.3996,
        6.4778,
        6.5973,
        6.6446
    ],
    "id": "AG7_10869",
    "ir": [
        0.0058,
        3.446,
        0.3313,
        4.0247,
        5.0811,
        2.8723,
        7.1378,
        58.4202,
        27.6257,
        1.2011,
        0.592,
        6.4648,
        0.0218,
        5.7122,
        1.8324,
        6.21,
        121.8311,
        1.88,
        2.6348,
        73.4853,
        81.33,
        67.7219,
        66.3911,
        11.8716,
        6.4281,
        11.3277,
        1.1716
    ],
    "m_a": [
        18.9984,
        12.0,
        12.0,
        12.0,
        12.0,
        12.0,
        14.00307,
        1.00783,
        1.00783,
        1.00783,
        1.00783
    ],
    "mr": [
        5.5583,
        3.5837,
        7.3374,
        2.7349,
        10.222,
        7.3134,
        2.2813,
        1.8277,
        6.6763,
        1.3361,
        1.4046,
        6.9118,
        1.3246,
        2.0275,
        1.562,
        1.1747,
        3.6168,
        4.7579,
        1.6175,
        2.2791,
        2.2821,
        5.9785,
        6.1374,
        1.0897,
        1.0893,
        1.0946,
        1.0962
    ],
    "mu": 3.2225786972547312,
    "mu_x": 2.6439,
    "mu_xx=": 0.2685,
    "mu_xxx=": -0.3762,
    "mu_xxy=": 1.1431,
    "mu_xxz=": 0.0,
    "mu_xy=": -2.325,
    "mu_xyy=": 0.943,
    "mu_xyz=": 0.0,
    "mu_xz=": 0.0,
    "mu_xzz=": -8.4767,
    "mu_y": 1.8425,
    "mu_yy=": 1.8148,
    "mu_yyy=": 6.9516,
    "mu_yyz=": 0.0,
    "mu_yz=": 0.0,
    "mu_yzz=": -1.3424,
    "mu_z": 0.0,
    "mu_zz=": -2.0833,
    "mu_zzz=": -0.0001,
    "na": 11,
    "ne": 50,
    "ne_down": 25,
    "ne_up": 25,
    "ni": 7,
    "oemga": [
        220.8285,
        428.6772,
        434.5506,
        531.4571,
        560.9588,
        635.8718,
        755.1692,
        800.5331,
        852.8759,
        891.9085,
        986.2551,
        1010.3177,
        1013.5377,
        1063.8666,
        1122.8615,
        1174.0753,
        1283.0874,
        1308.4399,
        1327.2379,
        1469.7432,
        1508.4853,
        1624.0976,
        1635.7241,
        3157.1088,
        3176.9889,
        3198.4109,
        3207.5049
    ],
    "oemga0": 3207.5049,
    "qa": [
        -0.161333,
        0.237674,
        -0.190809,
        -0.098873,
        -0.108096,
        -0.053801,
        -0.132504,
        0.138128,
        0.12136,
        0.125346,
        0.122909
    ],
    "r2": 614.7977,