{
    "A": 5.89461,
    "B": 1.59434,
    "C": 1.25492,
    "Cv": "19.935",
    "G": -707.743851,
    "H": -707.707814,
    "P": 1.0,
    "S": 0.00012086869025646418,
    "T": 298.15,
    "U": -707.708758,
    "U0": -707.714127,
    "alpha": 46.66166666666667,
    "alpha_xx": 101.95,
    "alpha_xy": 2.723,
    "alpha_xz": 74.619,
    "alpha_yy": 0.0,
    "alpha_yz": 0.0,
    "alpha_zz": 38.035,
    "bo": [],
    "coords": [
        -2.237184,
        0.010248,
        -5e-06,
        -0.488811,
        0.017527,
        -2e-06,
        0.210127,
        1.214458,
        -1e-06,
        1.597003,
        1.153059,
        2e-06,
        2.212987,
        -0.092751,
        4e-06,
        1.536649,
        -1.242032,
        4e-06,
        0.207202,
        -1.187155,
        0.0,
        -0.315629,
        2.158676,
        -3e-06,
        2.189044,
        2.058155,
        2e-06,
        3.293896,
        -0.172559,
        7e-06,
        -0.330529,
        -2.127577,
        1e-06
    ],
    "e ne": -2306.928072569,
    "e_disp": -0.006433753299972977,
    "e_k": 705.0797408736,
    "e_nn": 319.0683086932,
    "et": [
        -707.793177095
    ],
    "fc": [
        0.0973,
        0.3253,
        0.315,
        1.2897,
        0.5476,
        1.8278,
        0.6845,
        2.4827,
        0.5966,
        0.7095,
        0.7782,
        0.8394,
        3.3217,
        2.4927,
        1.8056,
        1.1439,
        1.3388,
        4.8976,
        1.3861,
        2.7037,
        2.6494,
        8.6013,
        8.2928,
        6.3764,
        6.4437,
        6.5153,
        6.6147
    ],
    "id": "AG7_11493",
    "ir": [
        0.0375,
        1.0014,
        2.7857,
        6.0859,
        0.2193,
        5.9886,
        28.5413,
        15.0326,
        24.0689,
        0.6723,
        1.158,
        0.0517,
        37.6319,
        1.2256,
        51.3934,
        7.6723,
        1.7033,
        0.3556,
        3.2184,
        31.6284,
        27.3311,
        3.4415,
        9.233,
        14.3078,
        6.1637,
        9.4525,
        3.3538
    ],
    "m_a": [
        34.96885,
        12.0,
        12.0,
        12.0,
        12.0,
        14.00307,
        12.0,
        1.00783,
        1.00783,
        1.00783,
        1.00783
    ],
    "mr": [
        4.6725,
        6.3729,
        3.1022,
        12.3225,
        4.1083,
        7.8944,
        2.2129,
        7.7369,
        1.5151,
        1.3496,
        1.4004,
        1.3995,
        5.2962,
        3.7572,
        2.4532,
        1.4858,
        1.5176,
        5.1348,
        1.2741,
        2.1843,
        2.0001,
        5.6667,
        5.4346,
        1.0888,
        1.0922,
        1.0914,
        1.096
    ],
    "mu": 2.022605967557695,
    "mu_x": 0.6229,
    "mu_xx=": 0.3451,
    "mu_xxx=": 2.6416,
    "mu_xxy=": 8.482,
    "mu_xxz=": 0.0,
    "mu_xy=": 4.515,
    "mu_xyy=": -8.4293,
    "mu_xyz=": 0.0,
    "mu_xz=": 0.0,
    "mu_xzz=": -4.5222,
    "mu_y": 1.9243,
    "mu_yy=": 1.6267,
    "mu_yyy=": 8.682,
    "mu_yyz=": 0.0,
    "mu_yz=": 0.0,
    "mu_yzz=": -1.2173,
    "mu_z": 0.0,
    "mu_zz=": -1.9718,
    "mu_zzz=": 0.0,
    "na": 11,
    "ne": 58,
    "ne_down": 29,
    "ne_up": 29,
    "ni": 7,
    "oemga": [
        188.0136,
        294.3465,
        415.173,
        421.4671,
        475.6558,
        626.8761,
        724.5609,
        737.9889,
        817.4901,
        944.6256,
        971.1958,
        1008.9263,
        1031.7538,
        1061.1581,
        1117.6728,
        1143.1165,
        1223.6313,
        1272.3519,
        1358.8701,
        1449.4283,
        1499.4183,
        1605.0651,
        1609.3164,
        3152.7926,
        3164.3697,
        3183.1394,
        3200.5965
    ],
    "oemga0": 3200.5965,
    "qa": [
        -0.11161,
        0.076035,
        -0.108046,
        -0.086841,
        -0.065145,
        -0.146641,
        -0.070981,
        0.129603,
        0.125731,
        0.124005,
        0.133889
    ],
    "r2": 868.2101,