{
    "A": 5.99208,
    "B": 2.88972,
    "C": 1.95054,
    "Cv": "21.164",
    "G": -319.570617,
    "H": -319.535041,
    "P": 1.0,
    "S": 0.00011932248868035781,
    "T": 298.15,
    "U": -319.535985,
    "U0": -319.541555,
    "alpha": 41.43733333333333,
    "alpha_xx": 89.642,
    "alpha_xy": 0.0,
    "alpha_xz": 67.921,
    "alpha_yy": -0.072,
    "alpha_yz": 0.001,
    "alpha_zz": 34.742,
    "bo": [],
    "coords": [
        2.297588,
        -0.15358,
        -0.118151,
        0.941986,
        -0.063214,
        -0.045779,
        0.251678,
        -1.213891,
        -0.119385,
        -1.07102,
        -1.100807,
        -0.08919,
        -1.723096,
        0.121012,
        0.014889,
        -0.904962,
        1.240355,
        0.095825,
        0.420772,
        1.170114,
        0.069224,
        2.712006,
        -1.061568,
        -0.011331,
        2.833839,
        0.659487,
        0.124636,
        -1.630652,
        -2.028856,
        -0.147894,
        -2.79975,
        0.195623,
        0.038314,
        -1.32829,
        2.235325,
        0.18894
    ],
    "e ne": -1304.936034732,
    "e_disp": -0.0054452347000051304,
    "e_k": 317.7119010338,
    "e_nn": 280.2453106422,
    "et": [
        -319.635089554
    ],
    "fc": [
        0.1021,
        0.0675,
        0.2452,
        0.3947,
        0.1757,
        0.4557,
        1.4014,
        1.9168,
        0.4603,
        4.0446,
        2.6562,
        1.0245,
        2.7203,
        0.8258,
        1.0459,
        1.6979,
        0.9679,
        6.5316,
        1.4859,
        2.2441,
        2.9456,
        3.5126,
        8.7519,
        2.9933,
        4.3324,
        6.3194,
        6.3359,
        6.6387,
        7.9906,
        9.0683
    ],
    "id": "AG7_13880",
    "ir": [
        7.1664,
        264.5922,
        14.6802,
        0.7025,
        2.4448,
        2.1156,
        0.8516,
        6.8125,
        22.4765,
        25.6163,
        2.1416,
        0.867,
        2.6794,
        0.0001,
        2.0454,
        0.1544,
        2.6534,
        18.5481,
        2.8876,
        1.6364,
        1.1401,
        248.4957,
        113.3532,
        5.0707,
        527.7344,
        16.8083,
        31.0329,
        7.9224,
        72.4449,
        48.8504
    ],
    "m_a": [
        14.00307,
        12.0,
        14.00307,
        12.0,
        12.0,
        12.0,
        14.00307,
        1.00783,
        1.00783,
        1.00783,
        1.00783,
        1.00783
    ],
    "mr": [
        5.3383,
        1.1964,
        2.5057,
        3.8442,
        1.0945,
        2.6833,
        6.6248,
        7.6116,
        1.2149,
        9.964,
        5.7083,
        1.7297,
        4.586,
        1.3795,
        1.6556,
        2.4038,
        1.2519,
        7.0102,
        1.4145,
        1.9887,
        2.2798,
        2.7045,
        5.8301,
        1.9365,
        2.7253,
        1.09,
        1.0915,
        1.0951,
        1.0446,
        1.1046
    ],
    "mu": 0.5136442932613969,
    "mu_x": 0.0398,
    "mu_xx=": 8.3452,
    "mu_xxx=": -23.7044,
    "mu_xxy=": 0.0,
    "mu_xxz=": 4.5338,
    "mu_xy=": -0.0003,
    "mu_xyy=": 3.8277,
    "mu_xyz=": 0.0,
    "mu_xz=": -1.5783,
    "mu_xzz=": -2.6091,
    "mu_y": -0.0001,
    "mu_yy=": -3.7094,
    "mu_yyy=": -0.0003,
    "mu_yyz=": 0.3911,
    "mu_yz=": 0.001,
    "mu_yzz=": 0.0,
    "mu_z": 0.5121,
    "mu_zz=": -4.6358,
    "mu_zzz=": 0.3311,
    "na": 12,
    "ne": 50,
    "ne_down": 25,
    "ne_up": 25,
    "ni": 7,
    "oemga": [
        180.136,
        309.4381,
        407.4966,
        417.4546,
        521.9461,
        536.8794,
        599.1872,
        653.7679,
        801.9264,
        830.037,
        888.6865,
        1002.6402,
        1003.384,
        1007.9903,
        1035.5112,
        1094.908,
        1145.5219,
        1257.5424,
        1335.2442,
        1383.907,
        1480.854,
        1484.7415,
        1596.2057,
        1619.7365,
        1642.6134,
        3136.9502,
        3138.8113,
        3207.6207,
        3603.1695,
        3732.7471
    ],
    "oemga0": 3732.7471,
    "qa": [
        -0.214339,
        0.204325,
        -0.216667,
        -0.040758,
        -0.1581,
        -0.040768,
        -0.216675,
        0.157231,
        0.157227,
        0.123856,
        0.120804,
        0.123863
    ],
    "r2": 616.0179,