{
    "A": 6.52848,
    "B": 0.75355,
    "C": 0.67557,
    "Cv": "19.162",
    "G": -591.345764,
    "H": -591.307074,
    "P": 1.0,
    "S": 0.00012976689585808427,
    "T": 298.15,
    "U": -591.308018,
    "U0": -591.31379,
    "alpha": 55.687999999999995,
    "alpha_xx": 121.283,
    "alpha_xy": 1.034,
    "alpha_xz": 70.197,
    "alpha_yy": 0.0,
    "alpha_yz": 0.0,
    "alpha_zz": 45.781,
    "bo": [],
    "coords": [
        0.199993,
        0.900261,
        -0.022817,
        0.707652,
        -0.400218,
        -0.0209,
        -0.100836,
        -1.42673,
        0.027742,
        -1.423702,
        -1.193614,
        0.075406,
        -1.900947,
        0.014569,
        0.073822,
        -1.102728,
        1.083102,
        0.024899,
        2.792974,
        -0.758294,
        -0.096187,
        0.827594,
        1.780924,
        -0.061965
    ],
    "e ne": -2041.805900089,
    "e_k": 404.523586087,
    "e_nn": 364.3196793553,
    "et": [
        -591.35333326
    ],
    "fc": [
        0.0483,
        0.2442,
        0.6928,
        0.5011,
        0.7446,
        3.1078,
        3.5398,
        3.4058,
        5.6099,
        0.754,
        5.9222,
        3.8236,
        4.5317,
        4.7059,
        2.2643,
        13.523,
        5.9778,
        6.5396
    ],
    "id": "AG7_41419",
    "ir": [
        3.9274,
        1.6167,
        2.612,
        3.9557,
        0.3015,
        0.9026,
        34.6522,
        0.3024,
        1.2918,
        1.7862,
        18.2315,
        55.9653,
        18.6761,
        116.5856,
        4.904,
        104.3325,
        61.8307,
        0.2861
    ],
    "m_a": [
        12.0,
        12.0,
        14.00307,
        14.00307,
        14.00307,
        14.00307,
        126.9004,
        1.00783
    ],
    "mr": [
        7.3878,
        8.8162,
        17.5299,
        8.1777,
        7.0551,
        12.3305,
        10.4898,
        8.6549,
        13.7274,
        1.3939,
        9.0301,
        5.7265,
        5.8826,
        5.4953,
        2.1148,
        10.3538,
        4.3839,
        1.0943
    ],
    "mu": 3.8657182126999374,
    "mu_x": 3.2013,
    "mu_xx=": -6.5064,
    "mu_xxx=": 138.4907,
    "mu_xxy=": -1.512,
    "mu_xxz=": 0.0002,
    "mu_xy=": -1.7441,
    "mu_xyy=": 32.8971,
    "mu_xyz=": 0.0,
    "mu_xz=": 0.0,
    "mu_xzz=": 19.5766,
    "mu_y": 2.1669,
    "mu_yy=": 1.2928,
    "mu_yyy=": 10.007,
    "mu_yyz=": 0.0,
    "mu_yz=": 0.0,
    "mu_yzz=": -0.9886,
    "mu_z": 0.0,
    "mu_zz=": 5.2136,
    "mu_zzz=": 0.0,
    "na": 8,
    "ne": 66,
    "ne_down": 33,
    "ne_up": 33,
    "ni": 7,
    "oemga": [
        105.3211,
        216.808,
        258.987,
        322.5014,
        423.2341,
        654.0527,
        756.7973,
        817.2475,
        832.8329,
        958.1339,
        1055.0449,
        1064.55,
        1143.4531,
        1205.5951,
        1348.0408,
        1488.8884,
        1521.3039,
        3184.7964
    ],
    "oemga0": 3184.7964,
    "qa": [
        -0.029326,
        0.002243,
        -0.092731,
        -0.021425,
        -0.020176,
        -0.078205,
        0.080539,
        0.15908
    ],
    "r2": 1182.9142,
    "rn": [
        0.0,
        0.0,
        0.36,
        0.0,
        0.0,
        0.3,
        0.0,
        0.0,
        0.32,
        0.0,
        0.0,
        0.01,
        0.0,
        0.0,
        -0.42,
        0.0,
        0.0,
        -0.1,
        0.0,
        0.0,
        -0.05,
        0.0,
        0.0,
        0.7,
        -0.24,
        0.27,
        0.0,
        0.01,
        0.42,
        0.0,
        0.2,
        0.3,
        0.0,
        0.25,
        -0.03,
        0.0,
        -0.01,
        -0.17,
        0.0,
        -0.26,
        -0.06,
        0.0,
        0.01,
        -0.07,
        0.0,
        -0.5,
        0.39,
        0.0,
        0.34,
        0.05,
        0.0,
        0.24,
        0.03,
        0.0,
        0.35,
        -0.04,
        0.0,
        0.42,
        -0.02,
        0.0,
        0.42,
        0.0,
        0.0,
        0.37,
        0.03,
        0.0,
        -0.23,
        0.0,
        0.0,
        0.4,
        0.02,
        0.0,
        0.0,
        0.0,
        -0.3,
        0.0,
        0.0,
        -0.03,
        0.0,
        0.0,
        0.41,
        0.0,
        0.0,
        -0.36,
        0.0,
        0.0,
        -0.1,
        0.0,
        0.0,
        0.41,
        0.0,
        0.0,
        0.0,
        0.0,
        0.0,
        -0.66,
        0.0,
        0.0,
        -0.05,
        0.0,
        0.0,
        0.59,
        0.0,
        0.0,
        -0.07,
        0.0,
        0.0,
        -0.26,
        0.0,
        0.0,
        0.24,
        0.0,
        0.0,
        -0.18,
        0.0,
        0.0,
        -0.02,
        0.0,
        0.0,
        -0.69,
        0.35,
        0.12,
        0.0,
        0.07,
        0.22,
        0.0,
        -0.39,
        0.39,
        0.0,
        -0.16,
        -0.21,
        0.0,
        -0.07,
        -0.07,
        0.0,
        0.32,
        -0.47,
        0.0,
        -0.01,
        0.01,
        0.0,
        -0.04,
        0.31,
        0.0,
        0.0,
        0.48,
        0.0,
        -0.43,
        0.0,
        0.0,
        -0.04,
        -0.15,
        0.0,
        -0.2,
        -0.32,
        0.0,
        0.29,
        -0.21,
        0.0,
        0.13,
        0.26,
        0.0,
        0.02,
        0.0,
        0.0,
        0.28,
        0.36,
        0.0,
        0.0,
        0.0,
        -0.25,
        0.0,
        0.0,
        0.33,
        0.0,
        0.0,
        -0.31,
        0.0,
        0.0,
        0.34,
        0.0,
        0.0,
        -0.36,
        0.0,
        0.0,
        0.32,
        0.0,
        0.0,
        0.0,
        0.0,
        0.0,
        -0.62,
        0.06,
        -0.07,
        0.0,
        -0.31,
        0.14,
        0.0,
        -0.42,
        -0.2,
        0.0,
        0.51,
        -0.2,
        0.0,
        0.24,
        0.46,
        0.0,
        -0.26,
        -0.14,
        0.0,
        0.02,
        0.0,
        0.0,
        -0.02,
        -0.06,
        0.0,
        0.0,
        0.0,
        -0.17,
        0.0,
        0.0,
        0.06,
        0.0,
        0.0,
        0.0,
        0.0,
        0.0,
        -0.01,
        0.0,
        0.0,
        0.03,
        0.0,
        0.0,
        0.01,
        0.0,
        0.0,
        0.0,
        0.0,
        0.0,
        0.98,
        -0.2,
        -0.31,
        0.0,
        -0.19,
        -0.15,
        0.0,
        -0.18,
        0.39,
        0.0,
        0.02,
        0.2,
        0.0,
        0.42,
        -0.22,
        0.0,
        0.02,
        0.06,
        0.0,
        0.0,
        0.0,
        0.0,
        0.24,
        -0.54,
        0.0,
        -0.14,
        0.11,
        0.0,
        -0.16,
        0.01,
        0.0,
        0.11,
        -0.16,
        0.0,
        -0.11,
        0.3,
        0.0,
        0.17,
        0.1,
        0.0,
        0.12,
        -0.35,
        0.0,
        0.0,
        0.0,
        0.0,
        -0.7,
        0.37,
        0.0,
        -0.11,
        -0.08,
        0.0,
        0.33,
        0.04,
        0.0,
        0.01,
        0.03,
        0.0,
        -0.27,
        -0.24,
        0.0,
        0.29,
        0.19,
        0.0,
        -0.12,
        0.04,
        0.0,
        -0.01,
        0.0,
        0.0,
        -0.75,
        0.21,
        0.0,
        -0.04,
        -0.22,
        0.0,
        -0.28,
        0.18,
        0.0,
        0.3,
        0.12,
        0.0,
        -0.13,
        -0.18,
        0.0,
        -0.05,
        0.21,
        0.0,
        0.09,
        -0.06,
        0.0,
        0.0,
        0.0,
        0.0,
        0.58,
        -0.55,
        0.0,
        -0.08,
        -0.08,
        0.0,
        -0.07,
        -0.06,
        0.0,
        -0.01,
        0.05,
        0.0,
        0.1,
        -0.07,
        0.0,
        -0.09,
        0.03,
